experiment,condition_id,replicate,diagnostic,key,value
2A_decay,leak_rate=1|n_units=200|rho=0.5|sigma_u=0,0,esp_convergence,d_initial,0.33219632345309513
2A_decay,leak_rate=1|n_units=200|rho=0.5|sigma_u=0,0,esp_convergence,d_tail,0.0
2A_decay,leak_rate=1|n_units=200|rho=0.5|sigma_u=0,0,esp_convergence,converged,1.0
2A_decay,leak_rate=1|n_units=200|rho=0.5|sigma_u=0,0,esp_convergence,decay_rate_per_step,-0.7465992931009098
2A_decay,leak_rate=1|n_units=200|rho=0.5|sigma_u=0,0,esp_convergence,n_pairs,10.0
2A_decay,leak_rate=1|n_units=200|rho=0.5|sigma_u=0,0,esp_convergence,n_fit_points,32.0
2A_decay,leak_rate=1|n_units=200|rho=0.5|sigma_u=0,0,conditional_lyapunov,lyapunov_per_step,-0.6937274488641167
2A_decay,leak_rate=1|n_units=200|rho=0.5|sigma_u=0,0,conditional_lyapunov,lyapunov_per_time,-0.6937274488641167
2A_decay,leak_rate=1|n_units=200|rho=0.5|sigma_u=0,0,conditional_lyapunov,n_intervals,2799.0
2A_decay,leak_rate=1|n_units=200|rho=0.5|sigma_u=0,0,conditional_lyapunov,max_observed_growth,0.535817791993488
2A_decay,leak_rate=1|n_units=200|rho=0.5|sigma_u=0,0,autocorrelation_time,tau_1e,1.5274314249988423
2A_decay,leak_rate=1|n_units=200|rho=0.5|sigma_u=0,0,autocorrelation_time,tau_censored,1.5274314249988423
2A_decay,leak_rate=1|n_units=200|rho=0.5|sigma_u=0,0,autocorrelation_time,tau_integrated,1.9992415590529728
2A_decay,leak_rate=1|n_units=200|rho=0.5|sigma_u=0,0,autocorrelation_time,max_lag,200.0
2A_decay,leak_rate=1|n_units=200|rho=0.8|sigma_u=0,0,esp_convergence,d_initial,0.4904671716712286
2A_decay,leak_rate=1|n_units=200|rho=0.8|sigma_u=0,0,esp_convergence,d_tail,0.0
2A_decay,leak_rate=1|n_units=200|rho=0.8|sigma_u=0,0,esp_convergence,converged,1.0
2A_decay,leak_rate=1|n_units=200|rho=0.8|sigma_u=0,0,esp_convergence,decay_rate_per_step,-0.23235771918668596
2A_decay,leak_rate=1|n_units=200|rho=0.8|sigma_u=0,0,esp_convergence,n_pairs,10.0
2A_decay,leak_rate=1|n_units=200|rho=0.8|sigma_u=0,0,esp_convergence,n_fit_points,120.0
2A_decay,leak_rate=1|n_units=200|rho=0.8|sigma_u=0,0,conditional_lyapunov,lyapunov_per_step,-0.22372381961839571
2A_decay,leak_rate=1|n_units=200|rho=0.8|sigma_u=0,0,conditional_lyapunov,lyapunov_per_time,-0.22372381961839571
2A_decay,leak_rate=1|n_units=200|rho=0.8|sigma_u=0,0,conditional_lyapunov,n_intervals,2799.0
2A_decay,leak_rate=1|n_units=200|rho=0.8|sigma_u=0,0,conditional_lyapunov,max_observed_growth,0.8573084671895808
2A_decay,leak_rate=1|n_units=200|rho=0.8|sigma_u=0,0,autocorrelation_time,tau_1e,4.508020598403941
2A_decay,leak_rate=1|n_units=200|rho=0.8|sigma_u=0,0,autocorrelation_time,tau_censored,4.508020598403941
2A_decay,leak_rate=1|n_units=200|rho=0.8|sigma_u=0,0,autocorrelation_time,tau_integrated,4.99737222230856
2A_decay,leak_rate=1|n_units=200|rho=0.8|sigma_u=0,0,autocorrelation_time,max_lag,200.0
2A_decay,leak_rate=1|n_units=200|rho=0.95|sigma_u=0,0,esp_convergence,d_initial,0.5568398499551425
2A_decay,leak_rate=1|n_units=200|rho=0.95|sigma_u=0,0,esp_convergence,d_tail,1.7184868146044464e-66
2A_decay,leak_rate=1|n_units=200|rho=0.95|sigma_u=0,0,esp_convergence,converged,1.0
2A_decay,leak_rate=1|n_units=200|rho=0.95|sigma_u=0,0,esp_convergence,decay_rate_per_step,-0.05147169067620476
2A_decay,leak_rate=1|n_units=200|rho=0.95|sigma_u=0,0,esp_convergence,n_pairs,10.0
2A_decay,leak_rate=1|n_units=200|rho=0.95|sigma_u=0,0,esp_convergence,n_fit_points,566.0
2A_decay,leak_rate=1|n_units=200|rho=0.95|sigma_u=0,0,conditional_lyapunov,lyapunov_per_step,-0.05187356269174279
2A_decay,leak_rate=1|n_units=200|rho=0.95|sigma_u=0,0,conditional_lyapunov,lyapunov_per_time,-0.05187356269174279
2A_decay,leak_rate=1|n_units=200|rho=0.95|sigma_u=0,0,conditional_lyapunov,n_intervals,2799.0
2A_decay,leak_rate=1|n_units=200|rho=0.95|sigma_u=0,0,conditional_lyapunov,max_observed_growth,1.018053804787627
2A_decay,leak_rate=1|n_units=200|rho=0.95|sigma_u=0,0,autocorrelation_time,tau_1e,19.4942478861996
2A_decay,leak_rate=1|n_units=200|rho=0.95|sigma_u=0,0,autocorrelation_time,tau_censored,19.4942478861996
2A_decay,leak_rate=1|n_units=200|rho=0.95|sigma_u=0,0,autocorrelation_time,tau_integrated,19.93295685191559
2A_decay,leak_rate=1|n_units=200|rho=0.95|sigma_u=0,0,autocorrelation_time,max_lag,200.0
2A_decay,leak_rate=1|n_units=200|rho=1.2|sigma_u=0,0,esp_convergence,d_initial,0.6509192081967499
2A_decay,leak_rate=1|n_units=200|rho=1.2|sigma_u=0,0,esp_convergence,d_tail,0.7351707544360406
2A_decay,leak_rate=1|n_units=200|rho=1.2|sigma_u=0,0,esp_convergence,converged,0.0
2A_decay,leak_rate=1|n_units=200|rho=1.2|sigma_u=0,0,esp_convergence,decay_rate_per_step,8.281130534226746e-06
2A_decay,leak_rate=1|n_units=200|rho=1.2|sigma_u=0,0,esp_convergence,n_pairs,10.0
2A_decay,leak_rate=1|n_units=200|rho=1.2|sigma_u=0,0,esp_convergence,n_fit_points,2990.0
2A_decay,leak_rate=1|n_units=200|rho=1.2|sigma_u=0,0,conditional_lyapunov,lyapunov_per_step,-0.0005578672443587939
2A_decay,leak_rate=1|n_units=200|rho=1.2|sigma_u=0,0,conditional_lyapunov,lyapunov_per_time,-0.0005578672443587939
2A_decay,leak_rate=1|n_units=200|rho=1.2|sigma_u=0,0,conditional_lyapunov,n_intervals,2799.0
2A_decay,leak_rate=1|n_units=200|rho=1.2|sigma_u=0,0,conditional_lyapunov,max_observed_growth,1.071639736378225
2A_decay,leak_rate=1|n_units=200|rho=1.2|sigma_u=0,0,autocorrelation_time,tau_1e,0.34360501305459507
2A_decay,leak_rate=1|n_units=200|rho=1.2|sigma_u=0,0,autocorrelation_time,tau_censored,0.34360501305459507
2A_decay,leak_rate=1|n_units=200|rho=1.2|sigma_u=0,0,autocorrelation_time,tau_integrated,1.0
2A_decay,leak_rate=1|n_units=200|rho=1.2|sigma_u=0,0,autocorrelation_time,max_lag,200.0
2A_decay,leak_rate=1|n_units=200|rho=1.5|sigma_u=0,0,esp_convergence,d_initial,0.7412191652863538
2A_decay,leak_rate=1|n_units=200|rho=1.5|sigma_u=0,0,esp_convergence,d_tail,0.9442118702994546
2A_decay,leak_rate=1|n_units=200|rho=1.5|sigma_u=0,0,esp_convergence,converged,0.0
2A_decay,leak_rate=1|n_units=200|rho=1.5|sigma_u=0,0,esp_convergence,decay_rate_per_step,2.204090624432048e-05
2A_decay,leak_rate=1|n_units=200|rho=1.5|sigma_u=0,0,esp_convergence,n_pairs,10.0
2A_decay,leak_rate=1|n_units=200|rho=1.5|sigma_u=0,0,esp_convergence,n_fit_points,2990.0
2A_decay,leak_rate=1|n_units=200|rho=1.5|sigma_u=0,0,conditional_lyapunov,lyapunov_per_step,0.03012383661164452
2A_decay,leak_rate=1|n_units=200|rho=1.5|sigma_u=0,0,conditional_lyapunov,lyapunov_per_time,0.03012383661164452
2A_decay,leak_rate=1|n_units=200|rho=1.5|sigma_u=0,0,conditional_lyapunov,n_intervals,2799.0
2A_decay,leak_rate=1|n_units=200|rho=1.5|sigma_u=0,0,conditional_lyapunov,max_observed_growth,1.2787287009093082
2A_decay,leak_rate=1|n_units=200|rho=1.5|sigma_u=0,0,autocorrelation_time,tau_1e,0.6057791401756835
2A_decay,leak_rate=1|n_units=200|rho=1.5|sigma_u=0,0,autocorrelation_time,tau_censored,0.6057791401756835
2A_decay,leak_rate=1|n_units=200|rho=1.5|sigma_u=0,0,autocorrelation_time,tau_integrated,1.0
2A_decay,leak_rate=1|n_units=200|rho=1.5|sigma_u=0,0,autocorrelation_time,max_lag,200.0
2A_decay,leak_rate=1|n_units=200|rho=0.5|sigma_u=0,1,esp_convergence,d_initial,0.3210026755846333
2A_decay,leak_rate=1|n_units=200|rho=0.5|sigma_u=0,1,esp_convergence,d_tail,0.0
2A_decay,leak_rate=1|n_units=200|rho=0.5|sigma_u=0,1,esp_convergence,converged,1.0
2A_decay,leak_rate=1|n_units=200|rho=0.5|sigma_u=0,1,esp_convergence,decay_rate_per_step,-0.7318317694439828
2A_decay,leak_rate=1|n_units=200|rho=0.5|sigma_u=0,1,esp_convergence,n_pairs,10.0
2A_decay,leak_rate=1|n_units=200|rho=0.5|sigma_u=0,1,esp_convergence,n_fit_points,33.0
2A_decay,leak_rate=1|n_units=200|rho=0.5|sigma_u=0,1,conditional_lyapunov,lyapunov_per_step,-0.6939023731199442
2A_decay,leak_rate=1|n_units=200|rho=0.5|sigma_u=0,1,conditional_lyapunov,lyapunov_per_time,-0.6939023731199442
2A_decay,leak_rate=1|n_units=200|rho=0.5|sigma_u=0,1,conditional_lyapunov,n_intervals,2799.0
2A_decay,leak_rate=1|n_units=200|rho=0.5|sigma_u=0,1,conditional_lyapunov,max_observed_growth,0.5428212447870169
2A_decay,leak_rate=1|n_units=200|rho=0.5|sigma_u=0,1,autocorrelation_time,tau_1e,0.7530189461342028
2A_decay,leak_rate=1|n_units=200|rho=0.5|sigma_u=0,1,autocorrelation_time,tau_censored,0.7530189461342028
2A_decay,leak_rate=1|n_units=200|rho=0.5|sigma_u=0,1,autocorrelation_time,tau_integrated,1.160551587614502
2A_decay,leak_rate=1|n_units=200|rho=0.5|sigma_u=0,1,autocorrelation_time,max_lag,200.0
2A_decay,leak_rate=1|n_units=200|rho=0.8|sigma_u=0,1,esp_convergence,d_initial,0.4720894196225172
2A_decay,leak_rate=1|n_units=200|rho=0.8|sigma_u=0,1,esp_convergence,d_tail,0.0
2A_decay,leak_rate=1|n_units=200|rho=0.8|sigma_u=0,1,esp_convergence,converged,1.0
2A_decay,leak_rate=1|n_units=200|rho=0.8|sigma_u=0,1,esp_convergence,decay_rate_per_step,-0.23487056546062812
2A_decay,leak_rate=1|n_units=200|rho=0.8|sigma_u=0,1,esp_convergence,n_pairs,10.0
2A_decay,leak_rate=1|n_units=200|rho=0.8|sigma_u=0,1,esp_convergence,n_fit_points,120.0
2A_decay,leak_rate=1|n_units=200|rho=0.8|sigma_u=0,1,conditional_lyapunov,lyapunov_per_step,-0.22389874387420816
2A_decay,leak_rate=1|n_units=200|rho=0.8|sigma_u=0,1,conditional_lyapunov,lyapunov_per_time,-0.22389874387420816
2A_decay,leak_rate=1|n_units=200|rho=0.8|sigma_u=0,1,conditional_lyapunov,n_intervals,2799.0
2A_decay,leak_rate=1|n_units=200|rho=0.8|sigma_u=0,1,conditional_lyapunov,max_observed_growth,0.8685139916592269
2A_decay,leak_rate=1|n_units=200|rho=0.8|sigma_u=0,1,autocorrelation_time,tau_1e,0.8414255051021902
2A_decay,leak_rate=1|n_units=200|rho=0.8|sigma_u=0,1,autocorrelation_time,tau_censored,0.8414255051021902
2A_decay,leak_rate=1|n_units=200|rho=0.8|sigma_u=0,1,autocorrelation_time,tau_integrated,1.2487504181944322
2A_decay,leak_rate=1|n_units=200|rho=0.8|sigma_u=0,1,autocorrelation_time,max_lag,200.0
2A_decay,leak_rate=1|n_units=200|rho=0.95|sigma_u=0,1,esp_convergence,d_initial,0.534636318598647
2A_decay,leak_rate=1|n_units=200|rho=0.95|sigma_u=0,1,esp_convergence,d_tail,3.755317233730987e-66
2A_decay,leak_rate=1|n_units=200|rho=0.95|sigma_u=0,1,esp_convergence,converged,1.0
2A_decay,leak_rate=1|n_units=200|rho=0.95|sigma_u=0,1,esp_convergence,decay_rate_per_step,-0.05151889587923309
2A_decay,leak_rate=1|n_units=200|rho=0.95|sigma_u=0,1,esp_convergence,n_pairs,10.0
2A_decay,leak_rate=1|n_units=200|rho=0.95|sigma_u=0,1,esp_convergence,n_fit_points,582.0
2A_decay,leak_rate=1|n_units=200|rho=0.95|sigma_u=0,1,conditional_lyapunov,lyapunov_per_step,-0.05204848694755692
2A_decay,leak_rate=1|n_units=200|rho=0.95|sigma_u=0,1,conditional_lyapunov,lyapunov_per_time,-0.05204848694755692
2A_decay,leak_rate=1|n_units=200|rho=0.95|sigma_u=0,1,conditional_lyapunov,n_intervals,2799.0
2A_decay,leak_rate=1|n_units=200|rho=0.95|sigma_u=0,1,conditional_lyapunov,max_observed_growth,1.0313603650962662
2A_decay,leak_rate=1|n_units=200|rho=0.95|sigma_u=0,1,autocorrelation_time,tau_1e,0.8835969917114405
2A_decay,leak_rate=1|n_units=200|rho=0.95|sigma_u=0,1,autocorrelation_time,tau_censored,0.8835969917114405
2A_decay,leak_rate=1|n_units=200|rho=0.95|sigma_u=0,1,autocorrelation_time,tau_integrated,1.284605352034748
2A_decay,leak_rate=1|n_units=200|rho=0.95|sigma_u=0,1,autocorrelation_time,max_lag,200.0
2A_decay,leak_rate=1|n_units=200|rho=1.2|sigma_u=0,1,esp_convergence,d_initial,0.6222983545159751
2A_decay,leak_rate=1|n_units=200|rho=1.2|sigma_u=0,1,esp_convergence,d_tail,0.79491420921504
2A_decay,leak_rate=1|n_units=200|rho=1.2|sigma_u=0,1,esp_convergence,converged,0.0
2A_decay,leak_rate=1|n_units=200|rho=1.2|sigma_u=0,1,esp_convergence,decay_rate_per_step,9.261064805364647e-06
2A_decay,leak_rate=1|n_units=200|rho=1.2|sigma_u=0,1,esp_convergence,n_pairs,10.0
2A_decay,leak_rate=1|n_units=200|rho=1.2|sigma_u=0,1,esp_convergence,n_fit_points,2990.0
2A_decay,leak_rate=1|n_units=200|rho=1.2|sigma_u=0,1,conditional_lyapunov,lyapunov_per_step,-0.0016072433097199456
2A_decay,leak_rate=1|n_units=200|rho=1.2|sigma_u=0,1,conditional_lyapunov,lyapunov_per_time,-0.0016072433097199456
2A_decay,leak_rate=1|n_units=200|rho=1.2|sigma_u=0,1,conditional_lyapunov,n_intervals,2799.0
2A_decay,leak_rate=1|n_units=200|rho=1.2|sigma_u=0,1,conditional_lyapunov,max_observed_growth,1.1695986142046024
2A_decay,leak_rate=1|n_units=200|rho=1.2|sigma_u=0,1,autocorrelation_time,tau_1e,0.8387934922174789
2A_decay,leak_rate=1|n_units=200|rho=1.2|sigma_u=0,1,autocorrelation_time,tau_censored,0.8387934922174789
2A_decay,leak_rate=1|n_units=200|rho=1.2|sigma_u=0,1,autocorrelation_time,tau_integrated,1.2463931054621677
2A_decay,leak_rate=1|n_units=200|rho=1.2|sigma_u=0,1,autocorrelation_time,max_lag,200.0
2A_decay,leak_rate=1|n_units=200|rho=1.5|sigma_u=0,1,esp_convergence,d_initial,0.7053586786916974
2A_decay,leak_rate=1|n_units=200|rho=1.5|sigma_u=0,1,esp_convergence,d_tail,0.9691734017316727
2A_decay,leak_rate=1|n_units=200|rho=1.5|sigma_u=0,1,esp_convergence,converged,0.0
2A_decay,leak_rate=1|n_units=200|rho=1.5|sigma_u=0,1,esp_convergence,decay_rate_per_step,-7.898430829170895e-06
2A_decay,leak_rate=1|n_units=200|rho=1.5|sigma_u=0,1,esp_convergence,n_pairs,10.0
2A_decay,leak_rate=1|n_units=200|rho=1.5|sigma_u=0,1,esp_convergence,n_fit_points,2990.0
2A_decay,leak_rate=1|n_units=200|rho=1.5|sigma_u=0,1,conditional_lyapunov,lyapunov_per_step,0.0399475180792816
2A_decay,leak_rate=1|n_units=200|rho=1.5|sigma_u=0,1,conditional_lyapunov,lyapunov_per_time,0.0399475180792816
2A_decay,leak_rate=1|n_units=200|rho=1.5|sigma_u=0,1,conditional_lyapunov,n_intervals,2799.0
2A_decay,leak_rate=1|n_units=200|rho=1.5|sigma_u=0,1,conditional_lyapunov,max_observed_growth,1.437340293010077
2A_decay,leak_rate=1|n_units=200|rho=1.5|sigma_u=0,1,autocorrelation_time,tau_1e,0.694257795588643
2A_decay,leak_rate=1|n_units=200|rho=1.5|sigma_u=0,1,autocorrelation_time,tau_censored,0.694257795588643
2A_decay,leak_rate=1|n_units=200|rho=1.5|sigma_u=0,1,autocorrelation_time,tau_integrated,1.0895016766897097
2A_decay,leak_rate=1|n_units=200|rho=1.5|sigma_u=0,1,autocorrelation_time,max_lag,200.0
2A_decay,leak_rate=1|n_units=200|rho=0.5|sigma_u=0,2,esp_convergence,d_initial,0.32157983072912777
2A_decay,leak_rate=1|n_units=200|rho=0.5|sigma_u=0,2,esp_convergence,d_tail,0.0
2A_decay,leak_rate=1|n_units=200|rho=0.5|sigma_u=0,2,esp_convergence,converged,1.0
2A_decay,leak_rate=1|n_units=200|rho=0.5|sigma_u=0,2,esp_convergence,decay_rate_per_step,-0.7286347477929264
2A_decay,leak_rate=1|n_units=200|rho=0.5|sigma_u=0,2,esp_convergence,n_pairs,10.0
2A_decay,leak_rate=1|n_units=200|rho=0.5|sigma_u=0,2,esp_convergence,n_fit_points,33.0
2A_decay,leak_rate=1|n_units=200|rho=0.5|sigma_u=0,2,conditional_lyapunov,lyapunov_per_step,-0.6938424565346435
2A_decay,leak_rate=1|n_units=200|rho=0.5|sigma_u=0,2,conditional_lyapunov,lyapunov_per_time,-0.6938424565346435
2A_decay,leak_rate=1|n_units=200|rho=0.5|sigma_u=0,2,conditional_lyapunov,n_intervals,2799.0
2A_decay,leak_rate=1|n_units=200|rho=0.5|sigma_u=0,2,conditional_lyapunov,max_observed_growth,0.5224894026154444
2A_decay,leak_rate=1|n_units=200|rho=0.5|sigma_u=0,2,autocorrelation_time,tau_1e,1.5287853444515158
2A_decay,leak_rate=1|n_units=200|rho=0.5|sigma_u=0,2,autocorrelation_time,tau_censored,1.5287853444515158
2A_decay,leak_rate=1|n_units=200|rho=0.5|sigma_u=0,2,autocorrelation_time,tau_integrated,2.0002907938107986
2A_decay,leak_rate=1|n_units=200|rho=0.5|sigma_u=0,2,autocorrelation_time,max_lag,200.0
2A_decay,leak_rate=1|n_units=200|rho=0.8|sigma_u=0,2,esp_convergence,d_initial,0.47459184173505425
2A_decay,leak_rate=1|n_units=200|rho=0.8|sigma_u=0,2,esp_convergence,d_tail,0.0
2A_decay,leak_rate=1|n_units=200|rho=0.8|sigma_u=0,2,esp_convergence,converged,1.0
2A_decay,leak_rate=1|n_units=200|rho=0.8|sigma_u=0,2,esp_convergence,decay_rate_per_step,-0.2289719343636271
2A_decay,leak_rate=1|n_units=200|rho=0.8|sigma_u=0,2,esp_convergence,n_pairs,10.0
2A_decay,leak_rate=1|n_units=200|rho=0.8|sigma_u=0,2,esp_convergence,n_fit_points,124.0
2A_decay,leak_rate=1|n_units=200|rho=0.8|sigma_u=0,2,conditional_lyapunov,lyapunov_per_step,-0.22383882728892218
2A_decay,leak_rate=1|n_units=200|rho=0.8|sigma_u=0,2,conditional_lyapunov,lyapunov_per_time,-0.22383882728892218
2A_decay,leak_rate=1|n_units=200|rho=0.8|sigma_u=0,2,conditional_lyapunov,n_intervals,2799.0
2A_decay,leak_rate=1|n_units=200|rho=0.8|sigma_u=0,2,conditional_lyapunov,max_observed_growth,0.8359830441847113
2A_decay,leak_rate=1|n_units=200|rho=0.8|sigma_u=0,2,autocorrelation_time,tau_1e,4.512346114368455
2A_decay,leak_rate=1|n_units=200|rho=0.8|sigma_u=0,2,autocorrelation_time,tau_censored,4.512346114368455
2A_decay,leak_rate=1|n_units=200|rho=0.8|sigma_u=0,2,autocorrelation_time,tau_integrated,5.0003099070954455
2A_decay,leak_rate=1|n_units=200|rho=0.8|sigma_u=0,2,autocorrelation_time,max_lag,200.0
2A_decay,leak_rate=1|n_units=200|rho=0.95|sigma_u=0,2,esp_convergence,d_initial,0.5390137029384608
2A_decay,leak_rate=1|n_units=200|rho=0.95|sigma_u=0,2,esp_convergence,d_tail,3.2577749865463544e-66
2A_decay,leak_rate=1|n_units=200|rho=0.95|sigma_u=0,2,esp_convergence,converged,1.0
2A_decay,leak_rate=1|n_units=200|rho=0.95|sigma_u=0,2,esp_convergence,decay_rate_per_step,-0.051415398324015836
2A_decay,leak_rate=1|n_units=200|rho=0.95|sigma_u=0,2,esp_convergence,n_pairs,10.0
2A_decay,leak_rate=1|n_units=200|rho=0.95|sigma_u=0,2,esp_convergence,n_fit_points,579.0
2A_decay,leak_rate=1|n_units=200|rho=0.95|sigma_u=0,2,conditional_lyapunov,lyapunov_per_step,-0.05198857036232853
2A_decay,leak_rate=1|n_units=200|rho=0.95|sigma_u=0,2,conditional_lyapunov,lyapunov_per_time,-0.05198857036232853
2A_decay,leak_rate=1|n_units=200|rho=0.95|sigma_u=0,2,conditional_lyapunov,n_intervals,2799.0
2A_decay,leak_rate=1|n_units=200|rho=0.95|sigma_u=0,2,conditional_lyapunov,max_observed_growth,0.9927298649591277
2A_decay,leak_rate=1|n_units=200|rho=0.95|sigma_u=0,2,autocorrelation_time,tau_1e,19.497763293665635
2A_decay,leak_rate=1|n_units=200|rho=0.95|sigma_u=0,2,autocorrelation_time,tau_censored,19.497763293665635
2A_decay,leak_rate=1|n_units=200|rho=0.95|sigma_u=0,2,autocorrelation_time,tau_integrated,19.93714735915711
2A_decay,leak_rate=1|n_units=200|rho=0.95|sigma_u=0,2,autocorrelation_time,max_lag,200.0
2A_decay,leak_rate=1|n_units=200|rho=1.2|sigma_u=0,2,esp_convergence,d_initial,0.6309749911711001
2A_decay,leak_rate=1|n_units=200|rho=1.2|sigma_u=0,2,esp_convergence,d_tail,0.8867036539942094
2A_decay,leak_rate=1|n_units=200|rho=1.2|sigma_u=0,2,esp_convergence,converged,0.0
2A_decay,leak_rate=1|n_units=200|rho=1.2|sigma_u=0,2,esp_convergence,decay_rate_per_step,1.079148949510777e-05
2A_decay,leak_rate=1|n_units=200|rho=1.2|sigma_u=0,2,esp_convergence,n_pairs,10.0
2A_decay,leak_rate=1|n_units=200|rho=1.2|sigma_u=0,2,esp_convergence,n_fit_points,2990.0
2A_decay,leak_rate=1|n_units=200|rho=1.2|sigma_u=0,2,conditional_lyapunov,lyapunov_per_step,-0.06402854655012354
2A_decay,leak_rate=1|n_units=200|rho=1.2|sigma_u=0,2,conditional_lyapunov,lyapunov_per_time,-0.06402854655012354
2A_decay,leak_rate=1|n_units=200|rho=1.2|sigma_u=0,2,conditional_lyapunov,n_intervals,2799.0
2A_decay,leak_rate=1|n_units=200|rho=1.2|sigma_u=0,2,conditional_lyapunov,max_observed_growth,1.010998940524685
2A_decay,leak_rate=1|n_units=200|rho=1.2|sigma_u=0,2,autocorrelation_time,tau_1e,2.1408114348359226
2A_decay,leak_rate=1|n_units=200|rho=1.2|sigma_u=0,2,autocorrelation_time,tau_censored,2.1408114348359226
2A_decay,leak_rate=1|n_units=200|rho=1.2|sigma_u=0,2,autocorrelation_time,tau_integrated,2.240272992698678
2A_decay,leak_rate=1|n_units=200|rho=1.2|sigma_u=0,2,autocorrelation_time,max_lag,200.0
2A_decay,leak_rate=1|n_units=200|rho=1.5|sigma_u=0,2,esp_convergence,d_initial,0.7203131869195677
2A_decay,leak_rate=1|n_units=200|rho=1.5|sigma_u=0,2,esp_convergence,d_tail,1.2260429831587345
2A_decay,leak_rate=1|n_units=200|rho=1.5|sigma_u=0,2,esp_convergence,converged,0.0
2A_decay,leak_rate=1|n_units=200|rho=1.5|sigma_u=0,2,esp_convergence,decay_rate_per_step,1.935728046686997e-05
2A_decay,leak_rate=1|n_units=200|rho=1.5|sigma_u=0,2,esp_convergence,n_pairs,10.0
2A_decay,leak_rate=1|n_units=200|rho=1.5|sigma_u=0,2,esp_convergence,n_fit_points,2990.0
2A_decay,leak_rate=1|n_units=200|rho=1.5|sigma_u=0,2,conditional_lyapunov,lyapunov_per_step,-0.021028639219527533
2A_decay,leak_rate=1|n_units=200|rho=1.5|sigma_u=0,2,conditional_lyapunov,lyapunov_per_time,-0.021028639219527533
2A_decay,leak_rate=1|n_units=200|rho=1.5|sigma_u=0,2,conditional_lyapunov,n_intervals,2799.0
2A_decay,leak_rate=1|n_units=200|rho=1.5|sigma_u=0,2,conditional_lyapunov,max_observed_growth,1.1006169865772066
2A_decay,leak_rate=1|n_units=200|rho=1.5|sigma_u=0,2,autocorrelation_time,tau_1e,0.3288331896554627
2A_decay,leak_rate=1|n_units=200|rho=1.5|sigma_u=0,2,autocorrelation_time,tau_censored,0.3288331896554627
2A_decay,leak_rate=1|n_units=200|rho=1.5|sigma_u=0,2,autocorrelation_time,tau_integrated,0.9999999999999903
2A_decay,leak_rate=1|n_units=200|rho=1.5|sigma_u=0,2,autocorrelation_time,max_lag,200.0
2B_timescale,leak_rate=0.1|n_units=200|rho=0.9|sigma_u=0.5,0,esp_convergence,d_initial,0.6940562380752767
2B_timescale,leak_rate=0.1|n_units=200|rho=0.9|sigma_u=0.5,0,esp_convergence,d_tail,1.1721454792223614e-17
2B_timescale,leak_rate=0.1|n_units=200|rho=0.9|sigma_u=0.5,0,esp_convergence,converged,1.0
2B_timescale,leak_rate=0.1|n_units=200|rho=0.9|sigma_u=0.5,0,esp_convergence,decay_rate_per_step,-0.01685688283971947
2B_timescale,leak_rate=0.1|n_units=200|rho=0.9|sigma_u=0.5,0,esp_convergence,n_pairs,10.0
2B_timescale,leak_rate=0.1|n_units=200|rho=0.9|sigma_u=0.5,0,esp_convergence,n_fit_points,1775.0
2B_timescale,leak_rate=0.1|n_units=200|rho=0.9|sigma_u=0.5,0,conditional_lyapunov,lyapunov_per_step,-0.01719246235261308
2B_timescale,leak_rate=0.1|n_units=200|rho=0.9|sigma_u=0.5,0,conditional_lyapunov,lyapunov_per_time,-0.01719246235261308
2B_timescale,leak_rate=0.1|n_units=200|rho=0.9|sigma_u=0.5,0,conditional_lyapunov,n_intervals,2799.0
2B_timescale,leak_rate=0.1|n_units=200|rho=0.9|sigma_u=0.5,0,conditional_lyapunov,max_observed_growth,0.9903296550496543
2B_timescale,leak_rate=0.1|n_units=200|rho=0.9|sigma_u=0.5,0,autocorrelation_time,tau_1e,14.016261132226012
2B_timescale,leak_rate=0.1|n_units=200|rho=0.9|sigma_u=0.5,0,autocorrelation_time,tau_censored,14.016261132226012
2B_timescale,leak_rate=0.1|n_units=200|rho=0.9|sigma_u=0.5,0,autocorrelation_time,tau_integrated,12.892141194928723
2B_timescale,leak_rate=0.1|n_units=200|rho=0.9|sigma_u=0.5,0,autocorrelation_time,max_lag,200.0
2B_timescale,leak_rate=0.2|n_units=200|rho=0.9|sigma_u=0.5,0,esp_convergence,d_initial,0.6345905916967844
2B_timescale,leak_rate=0.2|n_units=200|rho=0.9|sigma_u=0.5,0,esp_convergence,d_tail,1.5359038185691302e-17
2B_timescale,leak_rate=0.2|n_units=200|rho=0.9|sigma_u=0.5,0,esp_convergence,converged,1.0
2B_timescale,leak_rate=0.2|n_units=200|rho=0.9|sigma_u=0.5,0,esp_convergence,decay_rate_per_step,-0.03471205976813377
2B_timescale,leak_rate=0.2|n_units=200|rho=0.9|sigma_u=0.5,0,esp_convergence,n_pairs,10.0
2B_timescale,leak_rate=0.2|n_units=200|rho=0.9|sigma_u=0.5,0,esp_convergence,n_fit_points,860.0
2B_timescale,leak_rate=0.2|n_units=200|rho=0.9|sigma_u=0.5,0,conditional_lyapunov,lyapunov_per_step,-0.03466980172503363
2B_timescale,leak_rate=0.2|n_units=200|rho=0.9|sigma_u=0.5,0,conditional_lyapunov,lyapunov_per_time,-0.03466980172503363
2B_timescale,leak_rate=0.2|n_units=200|rho=0.9|sigma_u=0.5,0,conditional_lyapunov,n_intervals,2799.0
2B_timescale,leak_rate=0.2|n_units=200|rho=0.9|sigma_u=0.5,0,conditional_lyapunov,max_observed_growth,0.9807268752084313
2B_timescale,leak_rate=0.2|n_units=200|rho=0.9|sigma_u=0.5,0,autocorrelation_time,tau_1e,6.619468535643543
2B_timescale,leak_rate=0.2|n_units=200|rho=0.9|sigma_u=0.5,0,autocorrelation_time,tau_censored,6.619468535643543
2B_timescale,leak_rate=0.2|n_units=200|rho=0.9|sigma_u=0.5,0,autocorrelation_time,tau_integrated,7.15177570975787
2B_timescale,leak_rate=0.2|n_units=200|rho=0.9|sigma_u=0.5,0,autocorrelation_time,max_lag,200.0
2B_timescale,leak_rate=0.3|n_units=200|rho=0.9|sigma_u=0.5,0,esp_convergence,d_initial,0.5707987668348734
2B_timescale,leak_rate=0.3|n_units=200|rho=0.9|sigma_u=0.5,0,esp_convergence,d_tail,1.720749604406767e-17
2B_timescale,leak_rate=0.3|n_units=200|rho=0.9|sigma_u=0.5,0,esp_convergence,converged,1.0
2B_timescale,leak_rate=0.3|n_units=200|rho=0.9|sigma_u=0.5,0,esp_convergence,decay_rate_per_step,-0.05597237428344762
2B_timescale,leak_rate=0.3|n_units=200|rho=0.9|sigma_u=0.5,0,esp_convergence,n_pairs,10.0
2B_timescale,leak_rate=0.3|n_units=200|rho=0.9|sigma_u=0.5,0,esp_convergence,n_fit_points,512.0
2B_timescale,leak_rate=0.3|n_units=200|rho=0.9|sigma_u=0.5,0,conditional_lyapunov,lyapunov_per_step,-0.05318675641421517
2B_timescale,leak_rate=0.3|n_units=200|rho=0.9|sigma_u=0.5,0,conditional_lyapunov,lyapunov_per_time,-0.05318675641421517
2B_timescale,leak_rate=0.3|n_units=200|rho=0.9|sigma_u=0.5,0,conditional_lyapunov,n_intervals,2799.0
2B_timescale,leak_rate=0.3|n_units=200|rho=0.9|sigma_u=0.5,0,conditional_lyapunov,max_observed_growth,0.9715988275684194
2B_timescale,leak_rate=0.3|n_units=200|rho=0.9|sigma_u=0.5,0,autocorrelation_time,tau_1e,4.002923747556766
2B_timescale,leak_rate=0.3|n_units=200|rho=0.9|sigma_u=0.5,0,autocorrelation_time,tau_censored,4.002923747556766
2B_timescale,leak_rate=0.3|n_units=200|rho=0.9|sigma_u=0.5,0,autocorrelation_time,tau_integrated,4.735700447098887
2B_timescale,leak_rate=0.3|n_units=200|rho=0.9|sigma_u=0.5,0,autocorrelation_time,max_lag,200.0
2B_timescale,leak_rate=0.5|n_units=200|rho=0.9|sigma_u=0.5,0,esp_convergence,d_initial,0.4654494618419834
2B_timescale,leak_rate=0.5|n_units=200|rho=0.9|sigma_u=0.5,0,esp_convergence,d_tail,2.2858272120583878e-17
2B_timescale,leak_rate=0.5|n_units=200|rho=0.9|sigma_u=0.5,0,esp_convergence,converged,1.0
2B_timescale,leak_rate=0.5|n_units=200|rho=0.9|sigma_u=0.5,0,esp_convergence,decay_rate_per_step,-0.09094880033734014
2B_timescale,leak_rate=0.5|n_units=200|rho=0.9|sigma_u=0.5,0,esp_convergence,n_pairs,10.0
2B_timescale,leak_rate=0.5|n_units=200|rho=0.9|sigma_u=0.5,0,esp_convergence,n_fit_points,311.0
2B_timescale,leak_rate=0.5|n_units=200|rho=0.9|sigma_u=0.5,0,conditional_lyapunov,lyapunov_per_step,-0.09383835368728671
2B_timescale,leak_rate=0.5|n_units=200|rho=0.9|sigma_u=0.5,0,conditional_lyapunov,lyapunov_per_time,-0.09383835368728671
2B_timescale,leak_rate=0.5|n_units=200|rho=0.9|sigma_u=0.5,0,conditional_lyapunov,n_intervals,2799.0
2B_timescale,leak_rate=0.5|n_units=200|rho=0.9|sigma_u=0.5,0,conditional_lyapunov,max_observed_growth,0.9520734653663349
2B_timescale,leak_rate=0.5|n_units=200|rho=0.9|sigma_u=0.5,0,autocorrelation_time,tau_1e,2.1154994347198017
2B_timescale,leak_rate=0.5|n_units=200|rho=0.9|sigma_u=0.5,0,autocorrelation_time,tau_censored,2.1154994347198017
2B_timescale,leak_rate=0.5|n_units=200|rho=0.9|sigma_u=0.5,0,autocorrelation_time,tau_integrated,2.5328314036282302
2B_timescale,leak_rate=0.5|n_units=200|rho=0.9|sigma_u=0.5,0,autocorrelation_time,max_lag,200.0
2B_timescale,leak_rate=0.7|n_units=200|rho=0.9|sigma_u=0.5,0,esp_convergence,d_initial,0.4166156366579895
2B_timescale,leak_rate=0.7|n_units=200|rho=0.9|sigma_u=0.5,0,esp_convergence,d_tail,3.642043698092271e-17
2B_timescale,leak_rate=0.7|n_units=200|rho=0.9|sigma_u=0.5,0,esp_convergence,converged,1.0
2B_timescale,leak_rate=0.7|n_units=200|rho=0.9|sigma_u=0.5,0,esp_convergence,decay_rate_per_step,-0.13506064937343878
2B_timescale,leak_rate=0.7|n_units=200|rho=0.9|sigma_u=0.5,0,esp_convergence,n_pairs,10.0
2B_timescale,leak_rate=0.7|n_units=200|rho=0.9|sigma_u=0.5,0,esp_convergence,n_fit_points,210.0
2B_timescale,leak_rate=0.7|n_units=200|rho=0.9|sigma_u=0.5,0,conditional_lyapunov,lyapunov_per_step,-0.14081401233120563
2B_timescale,leak_rate=0.7|n_units=200|rho=0.9|sigma_u=0.5,0,conditional_lyapunov,lyapunov_per_time,-0.14081401233120563
2B_timescale,leak_rate=0.7|n_units=200|rho=0.9|sigma_u=0.5,0,conditional_lyapunov,n_intervals,2799.0
2B_timescale,leak_rate=0.7|n_units=200|rho=0.9|sigma_u=0.5,0,conditional_lyapunov,max_observed_growth,0.9327255917411035
2B_timescale,leak_rate=0.7|n_units=200|rho=0.9|sigma_u=0.5,0,autocorrelation_time,tau_1e,1.2866200300814792
2B_timescale,leak_rate=0.7|n_units=200|rho=0.9|sigma_u=0.5,0,autocorrelation_time,tau_censored,1.2866200300814792
2B_timescale,leak_rate=0.7|n_units=200|rho=0.9|sigma_u=0.5,0,autocorrelation_time,tau_integrated,1.6764334153277172
2B_timescale,leak_rate=0.7|n_units=200|rho=0.9|sigma_u=0.5,0,autocorrelation_time,max_lag,200.0
2B_timescale,leak_rate=1|n_units=200|rho=0.9|sigma_u=0.5,0,esp_convergence,d_initial,0.4961416884482763
2B_timescale,leak_rate=1|n_units=200|rho=0.9|sigma_u=0.5,0,esp_convergence,d_tail,6.467075202747585e-17
2B_timescale,leak_rate=1|n_units=200|rho=0.9|sigma_u=0.5,0,esp_convergence,converged,1.0
2B_timescale,leak_rate=1|n_units=200|rho=0.9|sigma_u=0.5,0,esp_convergence,decay_rate_per_step,-0.2434938178937026
2B_timescale,leak_rate=1|n_units=200|rho=0.9|sigma_u=0.5,0,esp_convergence,n_pairs,10.0
2B_timescale,leak_rate=1|n_units=200|rho=0.9|sigma_u=0.5,0,esp_convergence,n_fit_points,118.0
2B_timescale,leak_rate=1|n_units=200|rho=0.9|sigma_u=0.5,0,conditional_lyapunov,lyapunov_per_step,-0.23409969444830392
2B_timescale,leak_rate=1|n_units=200|rho=0.9|sigma_u=0.5,0,conditional_lyapunov,lyapunov_per_time,-0.23409969444830392
2B_timescale,leak_rate=1|n_units=200|rho=0.9|sigma_u=0.5,0,conditional_lyapunov,n_intervals,2799.0
2B_timescale,leak_rate=1|n_units=200|rho=0.9|sigma_u=0.5,0,conditional_lyapunov,max_observed_growth,0.9120697468387391
2B_timescale,leak_rate=1|n_units=200|rho=0.9|sigma_u=0.5,0,autocorrelation_time,tau_1e,0.6746475360312202
2B_timescale,leak_rate=1|n_units=200|rho=0.9|sigma_u=0.5,0,autocorrelation_time,tau_censored,0.6746475360312202
2B_timescale,leak_rate=1|n_units=200|rho=0.9|sigma_u=0.5,0,autocorrelation_time,tau_integrated,1.0630358445431194
2B_timescale,leak_rate=1|n_units=200|rho=0.9|sigma_u=0.5,0,autocorrelation_time,max_lag,200.0
2B_timescale,leak_rate=0.1|n_units=200|rho=0.9|sigma_u=0.5,1,esp_convergence,d_initial,0.7066514456182613
2B_timescale,leak_rate=0.1|n_units=200|rho=0.9|sigma_u=0.5,1,esp_convergence,d_tail,1.4575524120172366e-17
2B_timescale,leak_rate=0.1|n_units=200|rho=0.9|sigma_u=0.5,1,esp_convergence,converged,1.0
2B_timescale,leak_rate=0.1|n_units=200|rho=0.9|sigma_u=0.5,1,esp_convergence,decay_rate_per_step,-0.022377717769032437
2B_timescale,leak_rate=0.1|n_units=200|rho=0.9|sigma_u=0.5,1,esp_convergence,n_pairs,10.0
2B_timescale,leak_rate=0.1|n_units=200|rho=0.9|sigma_u=0.5,1,esp_convergence,n_fit_points,1376.0
2B_timescale,leak_rate=0.1|n_units=200|rho=0.9|sigma_u=0.5,1,conditional_lyapunov,lyapunov_per_step,-0.022124503297689616
2B_timescale,leak_rate=0.1|n_units=200|rho=0.9|sigma_u=0.5,1,conditional_lyapunov,lyapunov_per_time,-0.022124503297689616
2B_timescale,leak_rate=0.1|n_units=200|rho=0.9|sigma_u=0.5,1,conditional_lyapunov,n_intervals,2799.0
2B_timescale,leak_rate=0.1|n_units=200|rho=0.9|sigma_u=0.5,1,conditional_lyapunov,max_observed_growth,0.9927310633549916
2B_timescale,leak_rate=0.1|n_units=200|rho=0.9|sigma_u=0.5,1,autocorrelation_time,tau_1e,14.326811342147119
2B_timescale,leak_rate=0.1|n_units=200|rho=0.9|sigma_u=0.5,1,autocorrelation_time,tau_censored,14.326811342147119
2B_timescale,leak_rate=0.1|n_units=200|rho=0.9|sigma_u=0.5,1,autocorrelation_time,tau_integrated,17.32876070339048
2B_timescale,leak_rate=0.1|n_units=200|rho=0.9|sigma_u=0.5,1,autocorrelation_time,max_lag,200.0
2B_timescale,leak_rate=0.2|n_units=200|rho=0.9|sigma_u=0.5,1,esp_convergence,d_initial,0.6358245282759739
2B_timescale,leak_rate=0.2|n_units=200|rho=0.9|sigma_u=0.5,1,esp_convergence,d_tail,1.629330533469854e-17
2B_timescale,leak_rate=0.2|n_units=200|rho=0.9|sigma_u=0.5,1,esp_convergence,converged,1.0
2B_timescale,leak_rate=0.2|n_units=200|rho=0.9|sigma_u=0.5,1,esp_convergence,decay_rate_per_step,-0.04464421103432508
2B_timescale,leak_rate=0.2|n_units=200|rho=0.9|sigma_u=0.5,1,esp_convergence,n_pairs,10.0
2B_timescale,leak_rate=0.2|n_units=200|rho=0.9|sigma_u=0.5,1,esp_convergence,n_fit_points,687.0
2B_timescale,leak_rate=0.2|n_units=200|rho=0.9|sigma_u=0.5,1,conditional_lyapunov,lyapunov_per_step,-0.04462211256772332
2B_timescale,leak_rate=0.2|n_units=200|rho=0.9|sigma_u=0.5,1,conditional_lyapunov,lyapunov_per_time,-0.04462211256772332
2B_timescale,leak_rate=0.2|n_units=200|rho=0.9|sigma_u=0.5,1,conditional_lyapunov,n_intervals,2799.0
2B_timescale,leak_rate=0.2|n_units=200|rho=0.9|sigma_u=0.5,1,conditional_lyapunov,max_observed_growth,0.985343153628098
2B_timescale,leak_rate=0.2|n_units=200|rho=0.9|sigma_u=0.5,1,autocorrelation_time,tau_1e,6.734919976143582
2B_timescale,leak_rate=0.2|n_units=200|rho=0.9|sigma_u=0.5,1,autocorrelation_time,tau_censored,6.734919976143582
2B_timescale,leak_rate=0.2|n_units=200|rho=0.9|sigma_u=0.5,1,autocorrelation_time,tau_integrated,7.735666332323922
2B_timescale,leak_rate=0.2|n_units=200|rho=0.9|sigma_u=0.5,1,autocorrelation_time,max_lag,200.0
2B_timescale,leak_rate=0.3|n_units=200|rho=0.9|sigma_u=0.5,1,esp_convergence,d_initial,0.5716281640821061
2B_timescale,leak_rate=0.3|n_units=200|rho=0.9|sigma_u=0.5,1,esp_convergence,d_tail,2.0533307293739085e-17
2B_timescale,leak_rate=0.3|n_units=200|rho=0.9|sigma_u=0.5,1,esp_convergence,converged,1.0
2B_timescale,leak_rate=0.3|n_units=200|rho=0.9|sigma_u=0.5,1,esp_convergence,decay_rate_per_step,-0.06842860259975307
2B_timescale,leak_rate=0.3|n_units=200|rho=0.9|sigma_u=0.5,1,esp_convergence,n_pairs,10.0
2B_timescale,leak_rate=0.3|n_units=200|rho=0.9|sigma_u=0.5,1,esp_convergence,n_fit_points,446.0
2B_timescale,leak_rate=0.3|n_units=200|rho=0.9|sigma_u=0.5,1,conditional_lyapunov,lyapunov_per_step,-0.06807293923038522
2B_timescale,leak_rate=0.3|n_units=200|rho=0.9|sigma_u=0.5,1,conditional_lyapunov,lyapunov_per_time,-0.06807293923038522
2B_timescale,leak_rate=0.3|n_units=200|rho=0.9|sigma_u=0.5,1,conditional_lyapunov,n_intervals,2799.0
2B_timescale,leak_rate=0.3|n_units=200|rho=0.9|sigma_u=0.5,1,conditional_lyapunov,max_observed_growth,0.9810178531401149
2B_timescale,leak_rate=0.3|n_units=200|rho=0.9|sigma_u=0.5,1,autocorrelation_time,tau_1e,3.791389063508629
2B_timescale,leak_rate=0.3|n_units=200|rho=0.9|sigma_u=0.5,1,autocorrelation_time,tau_censored,3.791389063508629
2B_timescale,leak_rate=0.3|n_units=200|rho=0.9|sigma_u=0.5,1,autocorrelation_time,tau_integrated,4.587443893489802
2B_timescale,leak_rate=0.3|n_units=200|rho=0.9|sigma_u=0.5,1,autocorrelation_time,max_lag,200.0
2B_timescale,leak_rate=0.5|n_units=200|rho=0.9|sigma_u=0.5,1,esp_convergence,d_initial,0.47374961588954667
2B_timescale,leak_rate=0.5|n_units=200|rho=0.9|sigma_u=0.5,1,esp_convergence,d_tail,2.6566189053342855e-17
2B_timescale,leak_rate=0.5|n_units=200|rho=0.9|sigma_u=0.5,1,esp_convergence,converged,1.0
2B_timescale,leak_rate=0.5|n_units=200|rho=0.9|sigma_u=0.5,1,esp_convergence,decay_rate_per_step,-0.11583413244856865
2B_timescale,leak_rate=0.5|n_units=200|rho=0.9|sigma_u=0.5,1,esp_convergence,n_pairs,10.0
2B_timescale,leak_rate=0.5|n_units=200|rho=0.9|sigma_u=0.5,1,esp_convergence,n_fit_points,262.0
2B_timescale,leak_rate=0.5|n_units=200|rho=0.9|sigma_u=0.5,1,conditional_lyapunov,lyapunov_per_step,-0.11823627569913067
2B_timescale,leak_rate=0.5|n_units=200|rho=0.9|sigma_u=0.5,1,conditional_lyapunov,lyapunov_per_time,-0.11823627569913067
2B_timescale,leak_rate=0.5|n_units=200|rho=0.9|sigma_u=0.5,1,conditional_lyapunov,n_intervals,2799.0
2B_timescale,leak_rate=0.5|n_units=200|rho=0.9|sigma_u=0.5,1,conditional_lyapunov,max_observed_growth,0.9669150795357447
2B_timescale,leak_rate=0.5|n_units=200|rho=0.9|sigma_u=0.5,1,autocorrelation_time,tau_1e,1.957038648401304
2B_timescale,leak_rate=0.5|n_units=200|rho=0.9|sigma_u=0.5,1,autocorrelation_time,tau_censored,1.957038648401304
2B_timescale,leak_rate=0.5|n_units=200|rho=0.9|sigma_u=0.5,1,autocorrelation_time,tau_integrated,2.7044791439848304
2B_timescale,leak_rate=0.5|n_units=200|rho=0.9|sigma_u=0.5,1,autocorrelation_time,max_lag,200.0
2B_timescale,leak_rate=0.7|n_units=200|rho=0.9|sigma_u=0.5,1,esp_convergence,d_initial,0.43862978392400515
2B_timescale,leak_rate=0.7|n_units=200|rho=0.9|sigma_u=0.5,1,esp_convergence,d_tail,3.9870619776993996e-17
2B_timescale,leak_rate=0.7|n_units=200|rho=0.9|sigma_u=0.5,1,esp_convergence,converged,1.0
2B_timescale,leak_rate=0.7|n_units=200|rho=0.9|sigma_u=0.5,1,esp_convergence,decay_rate_per_step,-0.1656224328194088
2B_timescale,leak_rate=0.7|n_units=200|rho=0.9|sigma_u=0.5,1,esp_convergence,n_pairs,10.0
2B_timescale,leak_rate=0.7|n_units=200|rho=0.9|sigma_u=0.5,1,esp_convergence,n_fit_points,179.0
2B_timescale,leak_rate=0.7|n_units=200|rho=0.9|sigma_u=0.5,1,conditional_lyapunov,lyapunov_per_step,-0.17497656872454959
2B_timescale,leak_rate=0.7|n_units=200|rho=0.9|sigma_u=0.5,1,conditional_lyapunov,lyapunov_per_time,-0.17497656872454959
2B_timescale,leak_rate=0.7|n_units=200|rho=0.9|sigma_u=0.5,1,conditional_lyapunov,n_intervals,2799.0
2B_timescale,leak_rate=0.7|n_units=200|rho=0.9|sigma_u=0.5,1,conditional_lyapunov,max_observed_growth,0.956772416675379
2B_timescale,leak_rate=0.7|n_units=200|rho=0.9|sigma_u=0.5,1,autocorrelation_time,tau_1e,1.1225857226385687
2B_timescale,leak_rate=0.7|n_units=200|rho=0.9|sigma_u=0.5,1,autocorrelation_time,tau_censored,1.1225857226385687
2B_timescale,leak_rate=0.7|n_units=200|rho=0.9|sigma_u=0.5,1,autocorrelation_time,tau_integrated,1.6949062870754863
2B_timescale,leak_rate=0.7|n_units=200|rho=0.9|sigma_u=0.5,1,autocorrelation_time,max_lag,200.0
2B_timescale,leak_rate=1|n_units=200|rho=0.9|sigma_u=0.5,1,esp_convergence,d_initial,0.5172950568341472
2B_timescale,leak_rate=1|n_units=200|rho=0.9|sigma_u=0.5,1,esp_convergence,d_tail,7.075034700030683e-17
2B_timescale,leak_rate=1|n_units=200|rho=0.9|sigma_u=0.5,1,esp_convergence,converged,1.0
2B_timescale,leak_rate=1|n_units=200|rho=0.9|sigma_u=0.5,1,esp_convergence,decay_rate_per_step,-0.24487810396529627
2B_timescale,leak_rate=1|n_units=200|rho=0.9|sigma_u=0.5,1,esp_convergence,n_pairs,10.0
2B_timescale,leak_rate=1|n_units=200|rho=0.9|sigma_u=0.5,1,esp_convergence,n_fit_points,119.0
2B_timescale,leak_rate=1|n_units=200|rho=0.9|sigma_u=0.5,1,conditional_lyapunov,lyapunov_per_step,-0.2587376417658038
2B_timescale,leak_rate=1|n_units=200|rho=0.9|sigma_u=0.5,1,conditional_lyapunov,lyapunov_per_time,-0.2587376417658038
2B_timescale,leak_rate=1|n_units=200|rho=0.9|sigma_u=0.5,1,conditional_lyapunov,n_intervals,2799.0
2B_timescale,leak_rate=1|n_units=200|rho=0.9|sigma_u=0.5,1,conditional_lyapunov,max_observed_growth,0.9683234504404334
2B_timescale,leak_rate=1|n_units=200|rho=0.9|sigma_u=0.5,1,autocorrelation_time,tau_1e,0.620743093067793
2B_timescale,leak_rate=1|n_units=200|rho=0.9|sigma_u=0.5,1,autocorrelation_time,tau_censored,0.620743093067793
2B_timescale,leak_rate=1|n_units=200|rho=0.9|sigma_u=0.5,1,autocorrelation_time,tau_integrated,1.0
2B_timescale,leak_rate=1|n_units=200|rho=0.9|sigma_u=0.5,1,autocorrelation_time,max_lag,200.0
2B_timescale,leak_rate=0.1|n_units=200|rho=0.9|sigma_u=0.5,2,esp_convergence,d_initial,0.6671971399140391
2B_timescale,leak_rate=0.1|n_units=200|rho=0.9|sigma_u=0.5,2,esp_convergence,d_tail,9.558433565014648e-18
2B_timescale,leak_rate=0.1|n_units=200|rho=0.9|sigma_u=0.5,2,esp_convergence,converged,1.0
2B_timescale,leak_rate=0.1|n_units=200|rho=0.9|sigma_u=0.5,2,esp_convergence,decay_rate_per_step,-0.01580107790528984
2B_timescale,leak_rate=0.1|n_units=200|rho=0.9|sigma_u=0.5,2,esp_convergence,n_pairs,10.0
2B_timescale,leak_rate=0.1|n_units=200|rho=0.9|sigma_u=0.5,2,esp_convergence,n_fit_points,1921.0
2B_timescale,leak_rate=0.1|n_units=200|rho=0.9|sigma_u=0.5,2,conditional_lyapunov,lyapunov_per_step,-0.01644094907305575
2B_timescale,leak_rate=0.1|n_units=200|rho=0.9|sigma_u=0.5,2,conditional_lyapunov,lyapunov_per_time,-0.01644094907305575
2B_timescale,leak_rate=0.1|n_units=200|rho=0.9|sigma_u=0.5,2,conditional_lyapunov,n_intervals,2799.0
2B_timescale,leak_rate=0.1|n_units=200|rho=0.9|sigma_u=0.5,2,conditional_lyapunov,max_observed_growth,0.992076553590968
2B_timescale,leak_rate=0.1|n_units=200|rho=0.9|sigma_u=0.5,2,autocorrelation_time,tau_1e,11.823539624294359
2B_timescale,leak_rate=0.1|n_units=200|rho=0.9|sigma_u=0.5,2,autocorrelation_time,tau_censored,11.823539624294359
2B_timescale,leak_rate=0.1|n_units=200|rho=0.9|sigma_u=0.5,2,autocorrelation_time,tau_integrated,14.733259197990748
2B_timescale,leak_rate=0.1|n_units=200|rho=0.9|sigma_u=0.5,2,autocorrelation_time,max_lag,200.0
2B_timescale,leak_rate=0.2|n_units=200|rho=0.9|sigma_u=0.5,2,esp_convergence,d_initial,0.6031019067992776
2B_timescale,leak_rate=0.2|n_units=200|rho=0.9|sigma_u=0.5,2,esp_convergence,d_tail,1.3207273298188837e-17
2B_timescale,leak_rate=0.2|n_units=200|rho=0.9|sigma_u=0.5,2,esp_convergence,converged,1.0
2B_timescale,leak_rate=0.2|n_units=200|rho=0.9|sigma_u=0.5,2,esp_convergence,decay_rate_per_step,-0.03296340244592008
2B_timescale,leak_rate=0.2|n_units=200|rho=0.9|sigma_u=0.5,2,esp_convergence,n_pairs,10.0
2B_timescale,leak_rate=0.2|n_units=200|rho=0.9|sigma_u=0.5,2,esp_convergence,n_fit_points,888.0
2B_timescale,leak_rate=0.2|n_units=200|rho=0.9|sigma_u=0.5,2,conditional_lyapunov,lyapunov_per_step,-0.0327972541410071
2B_timescale,leak_rate=0.2|n_units=200|rho=0.9|sigma_u=0.5,2,conditional_lyapunov,lyapunov_per_time,-0.0327972541410071
2B_timescale,leak_rate=0.2|n_units=200|rho=0.9|sigma_u=0.5,2,conditional_lyapunov,n_intervals,2799.0
2B_timescale,leak_rate=0.2|n_units=200|rho=0.9|sigma_u=0.5,2,conditional_lyapunov,max_observed_growth,0.9847589155276154
2B_timescale,leak_rate=0.2|n_units=200|rho=0.9|sigma_u=0.5,2,autocorrelation_time,tau_1e,5.537983557261932
2B_timescale,leak_rate=0.2|n_units=200|rho=0.9|sigma_u=0.5,2,autocorrelation_time,tau_censored,5.537983557261932
2B_timescale,leak_rate=0.2|n_units=200|rho=0.9|sigma_u=0.5,2,autocorrelation_time,tau_integrated,5.947257589259848
2B_timescale,leak_rate=0.2|n_units=200|rho=0.9|sigma_u=0.5,2,autocorrelation_time,max_lag,200.0
2B_timescale,leak_rate=0.3|n_units=200|rho=0.9|sigma_u=0.5,2,esp_convergence,d_initial,0.5458782929820597
2B_timescale,leak_rate=0.3|n_units=200|rho=0.9|sigma_u=0.5,2,esp_convergence,d_tail,1.7133970072543807e-17
2B_timescale,leak_rate=0.3|n_units=200|rho=0.9|sigma_u=0.5,2,esp_convergence,converged,1.0
2B_timescale,leak_rate=0.3|n_units=200|rho=0.9|sigma_u=0.5,2,esp_convergence,decay_rate_per_step,-0.05003633374206155
2B_timescale,leak_rate=0.3|n_units=200|rho=0.9|sigma_u=0.5,2,esp_convergence,n_pairs,10.0
2B_timescale,leak_rate=0.3|n_units=200|rho=0.9|sigma_u=0.5,2,esp_convergence,n_fit_points,598.0
2B_timescale,leak_rate=0.3|n_units=200|rho=0.9|sigma_u=0.5,2,conditional_lyapunov,lyapunov_per_step,-0.04992331866974973
2B_timescale,leak_rate=0.3|n_units=200|rho=0.9|sigma_u=0.5,2,conditional_lyapunov,lyapunov_per_time,-0.04992331866974973
2B_timescale,leak_rate=0.3|n_units=200|rho=0.9|sigma_u=0.5,2,conditional_lyapunov,n_intervals,2799.0
2B_timescale,leak_rate=0.3|n_units=200|rho=0.9|sigma_u=0.5,2,conditional_lyapunov,max_observed_growth,0.9758737381924284
2B_timescale,leak_rate=0.3|n_units=200|rho=0.9|sigma_u=0.5,2,autocorrelation_time,tau_1e,3.342625572185373
2B_timescale,leak_rate=0.3|n_units=200|rho=0.9|sigma_u=0.5,2,autocorrelation_time,tau_censored,3.342625572185373
2B_timescale,leak_rate=0.3|n_units=200|rho=0.9|sigma_u=0.5,2,autocorrelation_time,tau_integrated,4.0085654903950285
2B_timescale,leak_rate=0.3|n_units=200|rho=0.9|sigma_u=0.5,2,autocorrelation_time,max_lag,200.0
2B_timescale,leak_rate=0.5|n_units=200|rho=0.9|sigma_u=0.5,2,esp_convergence,d_initial,0.4595314574219941
2B_timescale,leak_rate=0.5|n_units=200|rho=0.9|sigma_u=0.5,2,esp_convergence,d_tail,2.2723097870418534e-17
2B_timescale,leak_rate=0.5|n_units=200|rho=0.9|sigma_u=0.5,2,esp_convergence,converged,1.0
2B_timescale,leak_rate=0.5|n_units=200|rho=0.9|sigma_u=0.5,2,esp_convergence,decay_rate_per_step,-0.08833056114082952
2B_timescale,leak_rate=0.5|n_units=200|rho=0.9|sigma_u=0.5,2,esp_convergence,n_pairs,10.0
2B_timescale,leak_rate=0.5|n_units=200|rho=0.9|sigma_u=0.5,2,esp_convergence,n_fit_points,325.0
2B_timescale,leak_rate=0.5|n_units=200|rho=0.9|sigma_u=0.5,2,conditional_lyapunov,lyapunov_per_step,-0.08724841974717829
2B_timescale,leak_rate=0.5|n_units=200|rho=0.9|sigma_u=0.5,2,conditional_lyapunov,lyapunov_per_time,-0.08724841974717829
2B_timescale,leak_rate=0.5|n_units=200|rho=0.9|sigma_u=0.5,2,conditional_lyapunov,n_intervals,2799.0
2B_timescale,leak_rate=0.5|n_units=200|rho=0.9|sigma_u=0.5,2,conditional_lyapunov,max_observed_growth,0.9645162061783613
2B_timescale,leak_rate=0.5|n_units=200|rho=0.9|sigma_u=0.5,2,autocorrelation_time,tau_1e,1.7204781528208697
2B_timescale,leak_rate=0.5|n_units=200|rho=0.9|sigma_u=0.5,2,autocorrelation_time,tau_censored,1.7204781528208697
2B_timescale,leak_rate=0.5|n_units=200|rho=0.9|sigma_u=0.5,2,autocorrelation_time,tau_integrated,2.2142319866736973
2B_timescale,leak_rate=0.5|n_units=200|rho=0.9|sigma_u=0.5,2,autocorrelation_time,max_lag,200.0
2B_timescale,leak_rate=0.7|n_units=200|rho=0.9|sigma_u=0.5,2,esp_convergence,d_initial,0.4291206809549378
2B_timescale,leak_rate=0.7|n_units=200|rho=0.9|sigma_u=0.5,2,esp_convergence,d_tail,3.6632686891710256e-17
2B_timescale,leak_rate=0.7|n_units=200|rho=0.9|sigma_u=0.5,2,esp_convergence,converged,1.0
2B_timescale,leak_rate=0.7|n_units=200|rho=0.9|sigma_u=0.5,2,esp_convergence,decay_rate_per_step,-0.13049625859769626
2B_timescale,leak_rate=0.7|n_units=200|rho=0.9|sigma_u=0.5,2,esp_convergence,n_pairs,10.0
2B_timescale,leak_rate=0.7|n_units=200|rho=0.9|sigma_u=0.5,2,esp_convergence,n_fit_points,215.0
2B_timescale,leak_rate=0.7|n_units=200|rho=0.9|sigma_u=0.5,2,conditional_lyapunov,lyapunov_per_step,-0.1312434447623931
2B_timescale,leak_rate=0.7|n_units=200|rho=0.9|sigma_u=0.5,2,conditional_lyapunov,lyapunov_per_time,-0.1312434447623931
2B_timescale,leak_rate=0.7|n_units=200|rho=0.9|sigma_u=0.5,2,conditional_lyapunov,n_intervals,2799.0
2B_timescale,leak_rate=0.7|n_units=200|rho=0.9|sigma_u=0.5,2,conditional_lyapunov,max_observed_growth,0.9371243480294078
2B_timescale,leak_rate=0.7|n_units=200|rho=0.9|sigma_u=0.5,2,autocorrelation_time,tau_1e,0.9238428355806326
2B_timescale,leak_rate=0.7|n_units=200|rho=0.9|sigma_u=0.5,2,autocorrelation_time,tau_censored,0.9238428355806326
2B_timescale,leak_rate=0.7|n_units=200|rho=0.9|sigma_u=0.5,2,autocorrelation_time,tau_integrated,1.4571961660942006
2B_timescale,leak_rate=0.7|n_units=200|rho=0.9|sigma_u=0.5,2,autocorrelation_time,max_lag,200.0
2B_timescale,leak_rate=1|n_units=200|rho=0.9|sigma_u=0.5,2,esp_convergence,d_initial,0.4960729101087617
2B_timescale,leak_rate=1|n_units=200|rho=0.9|sigma_u=0.5,2,esp_convergence,d_tail,6.944009361085138e-17
2B_timescale,leak_rate=1|n_units=200|rho=0.9|sigma_u=0.5,2,esp_convergence,converged,1.0
2B_timescale,leak_rate=1|n_units=200|rho=0.9|sigma_u=0.5,2,esp_convergence,decay_rate_per_step,-0.22993088424147365
2B_timescale,leak_rate=1|n_units=200|rho=0.9|sigma_u=0.5,2,esp_convergence,n_pairs,10.0
2B_timescale,leak_rate=1|n_units=200|rho=0.9|sigma_u=0.5,2,esp_convergence,n_fit_points,123.0
2B_timescale,leak_rate=1|n_units=200|rho=0.9|sigma_u=0.5,2,conditional_lyapunov,lyapunov_per_step,-0.23545853393822927
2B_timescale,leak_rate=1|n_units=200|rho=0.9|sigma_u=0.5,2,conditional_lyapunov,lyapunov_per_time,-0.23545853393822927
2B_timescale,leak_rate=1|n_units=200|rho=0.9|sigma_u=0.5,2,conditional_lyapunov,n_intervals,2799.0
2B_timescale,leak_rate=1|n_units=200|rho=0.9|sigma_u=0.5,2,conditional_lyapunov,max_observed_growth,0.9096962975897918
2B_timescale,leak_rate=1|n_units=200|rho=0.9|sigma_u=0.5,2,autocorrelation_time,tau_1e,0.5485379930057641
2B_timescale,leak_rate=1|n_units=200|rho=0.9|sigma_u=0.5,2,autocorrelation_time,tau_censored,0.5485379930057641
2B_timescale,leak_rate=1|n_units=200|rho=0.9|sigma_u=0.5,2,autocorrelation_time,tau_integrated,1.0
2B_timescale,leak_rate=1|n_units=200|rho=0.9|sigma_u=0.5,2,autocorrelation_time,max_lag,200.0
2C_esp_map,leak_rate=1|n_units=200|rho=0.4|sigma_u=0,0,esp_convergence,d_initial,0.27164813879523864
2C_esp_map,leak_rate=1|n_units=200|rho=0.4|sigma_u=0,0,esp_convergence,d_tail,0.0
2C_esp_map,leak_rate=1|n_units=200|rho=0.4|sigma_u=0,0,esp_convergence,converged,1.0
2C_esp_map,leak_rate=1|n_units=200|rho=0.4|sigma_u=0,0,esp_convergence,decay_rate_per_step,-0.9871032429170632
2C_esp_map,leak_rate=1|n_units=200|rho=0.4|sigma_u=0,0,esp_convergence,n_pairs,10.0
2C_esp_map,leak_rate=1|n_units=200|rho=0.4|sigma_u=0,0,esp_convergence,n_fit_points,22.0
2C_esp_map,leak_rate=1|n_units=200|rho=0.4|sigma_u=0,0,conditional_lyapunov,lyapunov_per_step,-0.9168710001783267
2C_esp_map,leak_rate=1|n_units=200|rho=0.4|sigma_u=0,0,conditional_lyapunov,lyapunov_per_time,-0.9168710001783267
2C_esp_map,leak_rate=1|n_units=200|rho=0.4|sigma_u=0,0,conditional_lyapunov,n_intervals,2799.0
2C_esp_map,leak_rate=1|n_units=200|rho=0.4|sigma_u=0,0,conditional_lyapunov,max_observed_growth,0.4286542335947904
2C_esp_map,leak_rate=1|n_units=200|rho=0.4|sigma_u=0,0,autocorrelation_time,tau_1e,1.1315780125025041
2C_esp_map,leak_rate=1|n_units=200|rho=0.4|sigma_u=0,0,autocorrelation_time,tau_censored,1.1315780125025041
2C_esp_map,leak_rate=1|n_units=200|rho=0.4|sigma_u=0,0,autocorrelation_time,tau_integrated,1.6660265348295322
2C_esp_map,leak_rate=1|n_units=200|rho=0.4|sigma_u=0,0,autocorrelation_time,max_lag,200.0
2C_esp_map,leak_rate=1|n_units=200|rho=0.4|sigma_u=0.05,0,esp_convergence,d_initial,0.2711220518122132
2C_esp_map,leak_rate=1|n_units=200|rho=0.4|sigma_u=0.05,0,esp_convergence,d_tail,1.3121533497015894e-18
2C_esp_map,leak_rate=1|n_units=200|rho=0.4|sigma_u=0.05,0,esp_convergence,converged,1.0
2C_esp_map,leak_rate=1|n_units=200|rho=0.4|sigma_u=0.05,0,esp_convergence,decay_rate_per_step,-0.9876395751577365
2C_esp_map,leak_rate=1|n_units=200|rho=0.4|sigma_u=0.05,0,esp_convergence,n_pairs,10.0
2C_esp_map,leak_rate=1|n_units=200|rho=0.4|sigma_u=0.05,0,esp_convergence,n_fit_points,22.0
2C_esp_map,leak_rate=1|n_units=200|rho=0.4|sigma_u=0.05,0,conditional_lyapunov,lyapunov_per_step,-0.9178028205176623
2C_esp_map,leak_rate=1|n_units=200|rho=0.4|sigma_u=0.05,0,conditional_lyapunov,lyapunov_per_time,-0.9178028205176623
2C_esp_map,leak_rate=1|n_units=200|rho=0.4|sigma_u=0.05,0,conditional_lyapunov,n_intervals,2799.0
2C_esp_map,leak_rate=1|n_units=200|rho=0.4|sigma_u=0.05,0,conditional_lyapunov,max_observed_growth,0.4278410615892075
2C_esp_map,leak_rate=1|n_units=200|rho=0.4|sigma_u=0.05,0,autocorrelation_time,tau_1e,0.6321464697085536
2C_esp_map,leak_rate=1|n_units=200|rho=0.4|sigma_u=0.05,0,autocorrelation_time,tau_censored,0.6321464697085536
2C_esp_map,leak_rate=1|n_units=200|rho=0.4|sigma_u=0.05,0,autocorrelation_time,tau_integrated,1.0074090294498814
2C_esp_map,leak_rate=1|n_units=200|rho=0.4|sigma_u=0.05,0,autocorrelation_time,max_lag,200.0
2C_esp_map,leak_rate=1|n_units=200|rho=0.4|sigma_u=0.1,0,esp_convergence,d_initial,0.2698999931124566
2C_esp_map,leak_rate=1|n_units=200|rho=0.4|sigma_u=0.1,0,esp_convergence,d_tail,2.6992048266058875e-18
2C_esp_map,leak_rate=1|n_units=200|rho=0.4|sigma_u=0.1,0,esp_convergence,converged,1.0
2C_esp_map,leak_rate=1|n_units=200|rho=0.4|sigma_u=0.1,0,esp_convergence,decay_rate_per_step,-0.9895117791366566
2C_esp_map,leak_rate=1|n_units=200|rho=0.4|sigma_u=0.1,0,esp_convergence,n_pairs,10.0
2C_esp_map,leak_rate=1|n_units=200|rho=0.4|sigma_u=0.1,0,esp_convergence,n_fit_points,22.0
2C_esp_map,leak_rate=1|n_units=200|rho=0.4|sigma_u=0.1,0,conditional_lyapunov,lyapunov_per_step,-0.9205752275318357
2C_esp_map,leak_rate=1|n_units=200|rho=0.4|sigma_u=0.1,0,conditional_lyapunov,lyapunov_per_time,-0.9205752275318357
2C_esp_map,leak_rate=1|n_units=200|rho=0.4|sigma_u=0.1,0,conditional_lyapunov,n_intervals,2799.0
2C_esp_map,leak_rate=1|n_units=200|rho=0.4|sigma_u=0.1,0,conditional_lyapunov,max_observed_growth,0.4254484313608099
2C_esp_map,leak_rate=1|n_units=200|rho=0.4|sigma_u=0.1,0,autocorrelation_time,tau_1e,0.63209500955104
2C_esp_map,leak_rate=1|n_units=200|rho=0.4|sigma_u=0.1,0,autocorrelation_time,tau_censored,0.63209500955104
2C_esp_map,leak_rate=1|n_units=200|rho=0.4|sigma_u=0.1,0,autocorrelation_time,tau_integrated,1.0
2C_esp_map,leak_rate=1|n_units=200|rho=0.4|sigma_u=0.1,0,autocorrelation_time,max_lag,200.0
2C_esp_map,leak_rate=1|n_units=200|rho=0.4|sigma_u=0.2,0,esp_convergence,d_initial,0.2654811605252764
2C_esp_map,leak_rate=1|n_units=200|rho=0.4|sigma_u=0.2,0,esp_convergence,d_tail,5.162152240423303e-18
2C_esp_map,leak_rate=1|n_units=200|rho=0.4|sigma_u=0.2,0,esp_convergence,converged,1.0
2C_esp_map,leak_rate=1|n_units=200|rho=0.4|sigma_u=0.2,0,esp_convergence,decay_rate_per_step,-0.9970885509462596
2C_esp_map,leak_rate=1|n_units=200|rho=0.4|sigma_u=0.2,0,esp_convergence,n_pairs,10.0
2C_esp_map,leak_rate=1|n_units=200|rho=0.4|sigma_u=0.2,0,esp_convergence,n_fit_points,22.0
2C_esp_map,leak_rate=1|n_units=200|rho=0.4|sigma_u=0.2,0,conditional_lyapunov,lyapunov_per_step,-0.9313326920532279
2C_esp_map,leak_rate=1|n_units=200|rho=0.4|sigma_u=0.2,0,conditional_lyapunov,lyapunov_per_time,-0.9313326920532279
2C_esp_map,leak_rate=1|n_units=200|rho=0.4|sigma_u=0.2,0,conditional_lyapunov,n_intervals,2799.0
2C_esp_map,leak_rate=1|n_units=200|rho=0.4|sigma_u=0.2,0,conditional_lyapunov,max_observed_growth,0.4165245442053526
2C_esp_map,leak_rate=1|n_units=200|rho=0.4|sigma_u=0.2,0,autocorrelation_time,tau_1e,0.6318915226990429
2C_esp_map,leak_rate=1|n_units=200|rho=0.4|sigma_u=0.2,0,autocorrelation_time,tau_censored,0.6318915226990429
2C_esp_map,leak_rate=1|n_units=200|rho=0.4|sigma_u=0.2,0,autocorrelation_time,tau_integrated,0.9999999999999999
2C_esp_map,leak_rate=1|n_units=200|rho=0.4|sigma_u=0.2,0,autocorrelation_time,max_lag,200.0
2C_esp_map,leak_rate=1|n_units=200|rho=0.4|sigma_u=0.5,0,esp_convergence,d_initial,0.24080412902535453
2C_esp_map,leak_rate=1|n_units=200|rho=0.4|sigma_u=0.5,0,esp_convergence,d_tail,0.0
2C_esp_map,leak_rate=1|n_units=200|rho=0.4|sigma_u=0.5,0,esp_convergence,converged,1.0
2C_esp_map,leak_rate=1|n_units=200|rho=0.4|sigma_u=0.5,0,esp_convergence,decay_rate_per_step,-1.0437734145091664
2C_esp_map,leak_rate=1|n_units=200|rho=0.4|sigma_u=0.5,0,esp_convergence,n_pairs,10.0
2C_esp_map,leak_rate=1|n_units=200|rho=0.4|sigma_u=0.5,0,esp_convergence,n_fit_points,20.0
2C_esp_map,leak_rate=1|n_units=200|rho=0.4|sigma_u=0.5,0,conditional_lyapunov,lyapunov_per_step,-0.9947756584988123
2C_esp_map,leak_rate=1|n_units=200|rho=0.4|sigma_u=0.5,0,conditional_lyapunov,lyapunov_per_time,-0.9947756584988123
2C_esp_map,leak_rate=1|n_units=200|rho=0.4|sigma_u=0.5,0,conditional_lyapunov,n_intervals,2799.0
2C_esp_map,leak_rate=1|n_units=200|rho=0.4|sigma_u=0.5,0,conditional_lyapunov,max_observed_growth,0.4163611288095891
2C_esp_map,leak_rate=1|n_units=200|rho=0.4|sigma_u=0.5,0,autocorrelation_time,tau_1e,0.6305602566223775
2C_esp_map,leak_rate=1|n_units=200|rho=0.4|sigma_u=0.5,0,autocorrelation_time,tau_censored,0.6305602566223775
2C_esp_map,leak_rate=1|n_units=200|rho=0.4|sigma_u=0.5,0,autocorrelation_time,tau_integrated,1.0
2C_esp_map,leak_rate=1|n_units=200|rho=0.4|sigma_u=0.5,0,autocorrelation_time,max_lag,200.0
2C_esp_map,leak_rate=1|n_units=200|rho=0.4|sigma_u=1,0,esp_convergence,d_initial,0.19423444276159132
2C_esp_map,leak_rate=1|n_units=200|rho=0.4|sigma_u=1,0,esp_convergence,d_tail,0.0
2C_esp_map,leak_rate=1|n_units=200|rho=0.4|sigma_u=1,0,esp_convergence,converged,1.0
2C_esp_map,leak_rate=1|n_units=200|rho=0.4|sigma_u=1,0,esp_convergence,decay_rate_per_step,-1.151486585099244
2C_esp_map,leak_rate=1|n_units=200|rho=0.4|sigma_u=1,0,esp_convergence,n_pairs,10.0
2C_esp_map,leak_rate=1|n_units=200|rho=0.4|sigma_u=1,0,esp_convergence,n_fit_points,17.0
2C_esp_map,leak_rate=1|n_units=200|rho=0.4|sigma_u=1,0,conditional_lyapunov,lyapunov_per_step,-1.138564917111799
2C_esp_map,leak_rate=1|n_units=200|rho=0.4|sigma_u=1,0,conditional_lyapunov,lyapunov_per_time,-1.138564917111799
2C_esp_map,leak_rate=1|n_units=200|rho=0.4|sigma_u=1,0,conditional_lyapunov,n_intervals,2799.0
2C_esp_map,leak_rate=1|n_units=200|rho=0.4|sigma_u=1,0,conditional_lyapunov,max_observed_growth,0.43943966731640444
2C_esp_map,leak_rate=1|n_units=200|rho=0.4|sigma_u=1,0,autocorrelation_time,tau_1e,0.6263728009290953
2C_esp_map,leak_rate=1|n_units=200|rho=0.4|sigma_u=1,0,autocorrelation_time,tau_censored,0.6263728009290953
2C_esp_map,leak_rate=1|n_units=200|rho=0.4|sigma_u=1,0,autocorrelation_time,tau_integrated,0.9999999999999999
2C_esp_map,leak_rate=1|n_units=200|rho=0.4|sigma_u=1,0,autocorrelation_time,max_lag,200.0
2C_esp_map,leak_rate=1|n_units=200|rho=0.4|sigma_u=2,0,esp_convergence,d_initial,0.1420118519242023
2C_esp_map,leak_rate=1|n_units=200|rho=0.4|sigma_u=2,0,esp_convergence,d_tail,0.0
2C_esp_map,leak_rate=1|n_units=200|rho=0.4|sigma_u=2,0,esp_convergence,converged,1.0
2C_esp_map,leak_rate=1|n_units=200|rho=0.4|sigma_u=2,0,esp_convergence,decay_rate_per_step,-1.3863829816210362
2C_esp_map,leak_rate=1|n_units=200|rho=0.4|sigma_u=2,0,esp_convergence,n_pairs,10.0
2C_esp_map,leak_rate=1|n_units=200|rho=0.4|sigma_u=2,0,esp_convergence,n_fit_points,12.0
2C_esp_map,leak_rate=1|n_units=200|rho=0.4|sigma_u=2,0,conditional_lyapunov,lyapunov_per_step,-1.3960200289624092
2C_esp_map,leak_rate=1|n_units=200|rho=0.4|sigma_u=2,0,conditional_lyapunov,lyapunov_per_time,-1.3960200289624092
2C_esp_map,leak_rate=1|n_units=200|rho=0.4|sigma_u=2,0,conditional_lyapunov,n_intervals,2799.0
2C_esp_map,leak_rate=1|n_units=200|rho=0.4|sigma_u=2,0,conditional_lyapunov,max_observed_growth,0.424356800080534
2C_esp_map,leak_rate=1|n_units=200|rho=0.4|sigma_u=2,0,autocorrelation_time,tau_1e,0.618202852291795
2C_esp_map,leak_rate=1|n_units=200|rho=0.4|sigma_u=2,0,autocorrelation_time,tau_censored,0.618202852291795
2C_esp_map,leak_rate=1|n_units=200|rho=0.4|sigma_u=2,0,autocorrelation_time,tau_integrated,1.0
2C_esp_map,leak_rate=1|n_units=200|rho=0.4|sigma_u=2,0,autocorrelation_time,max_lag,200.0
2C_esp_map,leak_rate=1|n_units=200|rho=0.5|sigma_u=0,0,esp_convergence,d_initial,0.33219632345309513
2C_esp_map,leak_rate=1|n_units=200|rho=0.5|sigma_u=0,0,esp_convergence,d_tail,0.0
2C_esp_map,leak_rate=1|n_units=200|rho=0.5|sigma_u=0,0,esp_convergence,converged,1.0
2C_esp_map,leak_rate=1|n_units=200|rho=0.5|sigma_u=0,0,esp_convergence,decay_rate_per_step,-0.7465992931009098
2C_esp_map,leak_rate=1|n_units=200|rho=0.5|sigma_u=0,0,esp_convergence,n_pairs,10.0
2C_esp_map,leak_rate=1|n_units=200|rho=0.5|sigma_u=0,0,esp_convergence,n_fit_points,32.0
2C_esp_map,leak_rate=1|n_units=200|rho=0.5|sigma_u=0,0,conditional_lyapunov,lyapunov_per_step,-0.6937274488641167
2C_esp_map,leak_rate=1|n_units=200|rho=0.5|sigma_u=0,0,conditional_lyapunov,lyapunov_per_time,-0.6937274488641167
2C_esp_map,leak_rate=1|n_units=200|rho=0.5|sigma_u=0,0,conditional_lyapunov,n_intervals,2799.0
2C_esp_map,leak_rate=1|n_units=200|rho=0.5|sigma_u=0,0,conditional_lyapunov,max_observed_growth,0.535817791993488
2C_esp_map,leak_rate=1|n_units=200|rho=0.5|sigma_u=0,0,autocorrelation_time,tau_1e,1.5274314249988423
2C_esp_map,leak_rate=1|n_units=200|rho=0.5|sigma_u=0,0,autocorrelation_time,tau_censored,1.5274314249988423
2C_esp_map,leak_rate=1|n_units=200|rho=0.5|sigma_u=0,0,autocorrelation_time,tau_integrated,1.9992415590529728
2C_esp_map,leak_rate=1|n_units=200|rho=0.5|sigma_u=0,0,autocorrelation_time,max_lag,200.0
2C_esp_map,leak_rate=1|n_units=200|rho=0.5|sigma_u=0.05,0,esp_convergence,d_initial,0.3316179037496202
2C_esp_map,leak_rate=1|n_units=200|rho=0.5|sigma_u=0.05,0,esp_convergence,d_tail,2.4376946736141868e-18
2C_esp_map,leak_rate=1|n_units=200|rho=0.5|sigma_u=0.05,0,esp_convergence,converged,1.0
2C_esp_map,leak_rate=1|n_units=200|rho=0.5|sigma_u=0.05,0,esp_convergence,decay_rate_per_step,-0.7627807262429032
2C_esp_map,leak_rate=1|n_units=200|rho=0.5|sigma_u=0.05,0,esp_convergence,n_pairs,10.0
2C_esp_map,leak_rate=1|n_units=200|rho=0.5|sigma_u=0.05,0,esp_convergence,n_fit_points,32.0
2C_esp_map,leak_rate=1|n_units=200|rho=0.5|sigma_u=0.05,0,conditional_lyapunov,lyapunov_per_step,-0.6947304654329558
2C_esp_map,leak_rate=1|n_units=200|rho=0.5|sigma_u=0.05,0,conditional_lyapunov,lyapunov_per_time,-0.6947304654329558
2C_esp_map,leak_rate=1|n_units=200|rho=0.5|sigma_u=0.05,0,conditional_lyapunov,n_intervals,2799.0
2C_esp_map,leak_rate=1|n_units=200|rho=0.5|sigma_u=0.05,0,conditional_lyapunov,max_observed_growth,0.5347580446912519
2C_esp_map,leak_rate=1|n_units=200|rho=0.5|sigma_u=0.05,0,autocorrelation_time,tau_1e,0.6365303580442196
2C_esp_map,leak_rate=1|n_units=200|rho=0.5|sigma_u=0.05,0,autocorrelation_time,tau_censored,0.6365303580442196
2C_esp_map,leak_rate=1|n_units=200|rho=0.5|sigma_u=0.05,0,autocorrelation_time,tau_integrated,1.006927869440841
2C_esp_map,leak_rate=1|n_units=200|rho=0.5|sigma_u=0.05,0,autocorrelation_time,max_lag,200.0
2C_esp_map,leak_rate=1|n_units=200|rho=0.5|sigma_u=0.1,0,esp_convergence,d_initial,0.3302588438858585
2C_esp_map,leak_rate=1|n_units=200|rho=0.5|sigma_u=0.1,0,esp_convergence,d_tail,4.7946742766345236e-18
2C_esp_map,leak_rate=1|n_units=200|rho=0.5|sigma_u=0.1,0,esp_convergence,converged,1.0
2C_esp_map,leak_rate=1|n_units=200|rho=0.5|sigma_u=0.1,0,esp_convergence,decay_rate_per_step,-0.7218639586191538
2C_esp_map,leak_rate=1|n_units=200|rho=0.5|sigma_u=0.1,0,esp_convergence,n_pairs,10.0
2C_esp_map,leak_rate=1|n_units=200|rho=0.5|sigma_u=0.1,0,esp_convergence,n_fit_points,33.0
2C_esp_map,leak_rate=1|n_units=200|rho=0.5|sigma_u=0.1,0,conditional_lyapunov,lyapunov_per_step,-0.697710379079085
2C_esp_map,leak_rate=1|n_units=200|rho=0.5|sigma_u=0.1,0,conditional_lyapunov,lyapunov_per_time,-0.697710379079085
2C_esp_map,leak_rate=1|n_units=200|rho=0.5|sigma_u=0.1,0,conditional_lyapunov,n_intervals,2799.0
2C_esp_map,leak_rate=1|n_units=200|rho=0.5|sigma_u=0.1,0,conditional_lyapunov,max_observed_growth,0.5316547101113128
2C_esp_map,leak_rate=1|n_units=200|rho=0.5|sigma_u=0.1,0,autocorrelation_time,tau_1e,0.636476189101805
2C_esp_map,leak_rate=1|n_units=200|rho=0.5|sigma_u=0.1,0,autocorrelation_time,tau_censored,0.636476189101805
2C_esp_map,leak_rate=1|n_units=200|rho=0.5|sigma_u=0.1,0,autocorrelation_time,tau_integrated,1.0068433514840422
2C_esp_map,leak_rate=1|n_units=200|rho=0.5|sigma_u=0.1,0,autocorrelation_time,max_lag,200.0
2C_esp_map,leak_rate=1|n_units=200|rho=0.5|sigma_u=0.2,0,esp_convergence,d_initial,0.3253020129795362
2C_esp_map,leak_rate=1|n_units=200|rho=0.5|sigma_u=0.2,0,esp_convergence,d_tail,8.734120143523122e-18
2C_esp_map,leak_rate=1|n_units=200|rho=0.5|sigma_u=0.2,0,esp_convergence,converged,1.0
2C_esp_map,leak_rate=1|n_units=200|rho=0.5|sigma_u=0.2,0,esp_convergence,decay_rate_per_step,-0.7618399688075613
2C_esp_map,leak_rate=1|n_units=200|rho=0.5|sigma_u=0.2,0,esp_convergence,n_pairs,10.0
2C_esp_map,leak_rate=1|n_units=200|rho=0.5|sigma_u=0.2,0,esp_convergence,n_fit_points,31.0
2C_esp_map,leak_rate=1|n_units=200|rho=0.5|sigma_u=0.2,0,conditional_lyapunov,lyapunov_per_step,-0.7092155636561228
2C_esp_map,leak_rate=1|n_units=200|rho=0.5|sigma_u=0.2,0,conditional_lyapunov,lyapunov_per_time,-0.7092155636561228
2C_esp_map,leak_rate=1|n_units=200|rho=0.5|sigma_u=0.2,0,conditional_lyapunov,n_intervals,2799.0
2C_esp_map,leak_rate=1|n_units=200|rho=0.5|sigma_u=0.2,0,conditional_lyapunov,max_observed_growth,0.5202617870758056
2C_esp_map,leak_rate=1|n_units=200|rho=0.5|sigma_u=0.2,0,autocorrelation_time,tau_1e,0.6362757433155904
2C_esp_map,leak_rate=1|n_units=200|rho=0.5|sigma_u=0.2,0,autocorrelation_time,tau_censored,0.6362757433155904
2C_esp_map,leak_rate=1|n_units=200|rho=0.5|sigma_u=0.2,0,autocorrelation_time,tau_integrated,1.0065477029140204
2C_esp_map,leak_rate=1|n_units=200|rho=0.5|sigma_u=0.2,0,autocorrelation_time,max_lag,200.0
2C_esp_map,leak_rate=1|n_units=200|rho=0.5|sigma_u=0.5,0,esp_convergence,d_initial,0.29693256181228816
2C_esp_map,leak_rate=1|n_units=200|rho=0.5|sigma_u=0.5,0,esp_convergence,d_tail,1.8263261503548423e-17
2C_esp_map,leak_rate=1|n_units=200|rho=0.5|sigma_u=0.5,0,esp_convergence,converged,1.0
2C_esp_map,leak_rate=1|n_units=200|rho=0.5|sigma_u=0.5,0,esp_convergence,decay_rate_per_step,-0.8095335972931318
2C_esp_map,leak_rate=1|n_units=200|rho=0.5|sigma_u=0.5,0,esp_convergence,n_pairs,10.0
2C_esp_map,leak_rate=1|n_units=200|rho=0.5|sigma_u=0.5,0,esp_convergence,n_fit_points,29.0
2C_esp_map,leak_rate=1|n_units=200|rho=0.5|sigma_u=0.5,0,conditional_lyapunov,lyapunov_per_step,-0.7756980214387336
2C_esp_map,leak_rate=1|n_units=200|rho=0.5|sigma_u=0.5,0,conditional_lyapunov,lyapunov_per_time,-0.7756980214387336
2C_esp_map,leak_rate=1|n_units=200|rho=0.5|sigma_u=0.5,0,conditional_lyapunov,n_intervals,2799.0
2C_esp_map,leak_rate=1|n_units=200|rho=0.5|sigma_u=0.5,0,conditional_lyapunov,max_observed_growth,0.518025618813682
2C_esp_map,leak_rate=1|n_units=200|rho=0.5|sigma_u=0.5,0,autocorrelation_time,tau_1e,0.6352103836294146
2C_esp_map,leak_rate=1|n_units=200|rho=0.5|sigma_u=0.5,0,autocorrelation_time,tau_censored,0.6352103836294146
2C_esp_map,leak_rate=1|n_units=200|rho=0.5|sigma_u=0.5,0,autocorrelation_time,tau_integrated,1.006089640839319
2C_esp_map,leak_rate=1|n_units=200|rho=0.5|sigma_u=0.5,0,autocorrelation_time,max_lag,200.0
2C_esp_map,leak_rate=1|n_units=200|rho=0.5|sigma_u=1,0,esp_convergence,d_initial,0.2410506846894164
2C_esp_map,leak_rate=1|n_units=200|rho=0.5|sigma_u=1,0,esp_convergence,d_tail,0.0
2C_esp_map,leak_rate=1|n_units=200|rho=0.5|sigma_u=1,0,esp_convergence,converged,1.0
2C_esp_map,leak_rate=1|n_units=200|rho=0.5|sigma_u=1,0,esp_convergence,decay_rate_per_step,-0.9149201083629189
2C_esp_map,leak_rate=1|n_units=200|rho=0.5|sigma_u=1,0,esp_convergence,n_pairs,10.0
2C_esp_map,leak_rate=1|n_units=200|rho=0.5|sigma_u=1,0,esp_convergence,n_fit_points,24.0
2C_esp_map,leak_rate=1|n_units=200|rho=0.5|sigma_u=1,0,conditional_lyapunov,lyapunov_per_step,-0.9222765388809209
2C_esp_map,leak_rate=1|n_units=200|rho=0.5|sigma_u=1,0,conditional_lyapunov,lyapunov_per_time,-0.9222765388809209
2C_esp_map,leak_rate=1|n_units=200|rho=0.5|sigma_u=1,0,conditional_lyapunov,n_intervals,2799.0
2C_esp_map,leak_rate=1|n_units=200|rho=0.5|sigma_u=1,0,conditional_lyapunov,max_observed_growth,0.5438695766114093
2C_esp_map,leak_rate=1|n_units=200|rho=0.5|sigma_u=1,0,autocorrelation_time,tau_1e,0.6309641837125631
2C_esp_map,leak_rate=1|n_units=200|rho=0.5|sigma_u=1,0,autocorrelation_time,tau_censored,0.6309641837125631
2C_esp_map,leak_rate=1|n_units=200|rho=0.5|sigma_u=1,0,autocorrelation_time,tau_integrated,1.0000000000000002
2C_esp_map,leak_rate=1|n_units=200|rho=0.5|sigma_u=1,0,autocorrelation_time,max_lag,200.0
2C_esp_map,leak_rate=1|n_units=200|rho=0.5|sigma_u=2,0,esp_convergence,d_initial,0.17689767996842973
2C_esp_map,leak_rate=1|n_units=200|rho=0.5|sigma_u=2,0,esp_convergence,d_tail,0.0
2C_esp_map,leak_rate=1|n_units=200|rho=0.5|sigma_u=2,0,esp_convergence,converged,1.0
2C_esp_map,leak_rate=1|n_units=200|rho=0.5|sigma_u=2,0,esp_convergence,decay_rate_per_step,-1.1219357059639539
2C_esp_map,leak_rate=1|n_units=200|rho=0.5|sigma_u=2,0,esp_convergence,n_pairs,10.0
2C_esp_map,leak_rate=1|n_units=200|rho=0.5|sigma_u=2,0,esp_convergence,n_fit_points,17.0
2C_esp_map,leak_rate=1|n_units=200|rho=0.5|sigma_u=2,0,conditional_lyapunov,lyapunov_per_step,-1.1811622569404374
2C_esp_map,leak_rate=1|n_units=200|rho=0.5|sigma_u=2,0,conditional_lyapunov,lyapunov_per_time,-1.1811622569404374
2C_esp_map,leak_rate=1|n_units=200|rho=0.5|sigma_u=2,0,conditional_lyapunov,n_intervals,2799.0
2C_esp_map,leak_rate=1|n_units=200|rho=0.5|sigma_u=2,0,conditional_lyapunov,max_observed_growth,0.5168944042333626
2C_esp_map,leak_rate=1|n_units=200|rho=0.5|sigma_u=2,0,autocorrelation_time,tau_1e,0.6216137042539492
2C_esp_map,leak_rate=1|n_units=200|rho=0.5|sigma_u=2,0,autocorrelation_time,tau_censored,0.6216137042539492
2C_esp_map,leak_rate=1|n_units=200|rho=0.5|sigma_u=2,0,autocorrelation_time,tau_integrated,1.0000000000000002
2C_esp_map,leak_rate=1|n_units=200|rho=0.5|sigma_u=2,0,autocorrelation_time,max_lag,200.0
2C_esp_map,leak_rate=1|n_units=200|rho=0.6|sigma_u=0,0,esp_convergence,d_initial,0.38887474743371425
2C_esp_map,leak_rate=1|n_units=200|rho=0.6|sigma_u=0,0,esp_convergence,d_tail,0.0
2C_esp_map,leak_rate=1|n_units=200|rho=0.6|sigma_u=0,0,esp_convergence,converged,1.0
2C_esp_map,leak_rate=1|n_units=200|rho=0.6|sigma_u=0,0,esp_convergence,decay_rate_per_step,-0.5475076607300655
2C_esp_map,leak_rate=1|n_units=200|rho=0.6|sigma_u=0,0,esp_convergence,n_pairs,10.0
2C_esp_map,leak_rate=1|n_units=200|rho=0.6|sigma_u=0,0,esp_convergence,n_fit_points,47.0
2C_esp_map,leak_rate=1|n_units=200|rho=0.6|sigma_u=0,0,conditional_lyapunov,lyapunov_per_step,-0.511405892070198
2C_esp_map,leak_rate=1|n_units=200|rho=0.6|sigma_u=0,0,conditional_lyapunov,lyapunov_per_time,-0.511405892070198
2C_esp_map,leak_rate=1|n_units=200|rho=0.6|sigma_u=0,0,conditional_lyapunov,n_intervals,2799.0
2C_esp_map,leak_rate=1|n_units=200|rho=0.6|sigma_u=0,0,conditional_lyapunov,max_observed_growth,0.6429813503921855
2C_esp_map,leak_rate=1|n_units=200|rho=0.6|sigma_u=0,0,autocorrelation_time,tau_1e,1.967566164529901
2C_esp_map,leak_rate=1|n_units=200|rho=0.6|sigma_u=0,0,autocorrelation_time,tau_censored,1.967566164529901
2C_esp_map,leak_rate=1|n_units=200|rho=0.6|sigma_u=0,0,autocorrelation_time,tau_integrated,2.4990701178490444
2C_esp_map,leak_rate=1|n_units=200|rho=0.6|sigma_u=0,0,autocorrelation_time,max_lag,200.0
2C_esp_map,leak_rate=1|n_units=200|rho=0.6|sigma_u=0.05,0,esp_convergence,d_initial,0.388291653058951
2C_esp_map,leak_rate=1|n_units=200|rho=0.6|sigma_u=0.05,0,esp_convergence,d_tail,3.492810187613409e-18
2C_esp_map,leak_rate=1|n_units=200|rho=0.6|sigma_u=0.05,0,esp_convergence,converged,1.0
2C_esp_map,leak_rate=1|n_units=200|rho=0.6|sigma_u=0.05,0,esp_convergence,decay_rate_per_step,-0.5276130219511909
2C_esp_map,leak_rate=1|n_units=200|rho=0.6|sigma_u=0.05,0,esp_convergence,n_pairs,10.0
2C_esp_map,leak_rate=1|n_units=200|rho=0.6|sigma_u=0.05,0,esp_convergence,n_fit_points,48.0
2C_esp_map,leak_rate=1|n_units=200|rho=0.6|sigma_u=0.05,0,conditional_lyapunov,lyapunov_per_step,-0.5125249762544716
2C_esp_map,leak_rate=1|n_units=200|rho=0.6|sigma_u=0.05,0,conditional_lyapunov,lyapunov_per_time,-0.5125249762544716
2C_esp_map,leak_rate=1|n_units=200|rho=0.6|sigma_u=0.05,0,conditional_lyapunov,n_intervals,2799.0
2C_esp_map,leak_rate=1|n_units=200|rho=0.6|sigma_u=0.05,0,conditional_lyapunov,max_observed_growth,0.6415874239332552
2C_esp_map,leak_rate=1|n_units=200|rho=0.6|sigma_u=0.05,0,autocorrelation_time,tau_1e,0.6435380904661372
2C_esp_map,leak_rate=1|n_units=200|rho=0.6|sigma_u=0.05,0,autocorrelation_time,tau_censored,0.6435380904661372
2C_esp_map,leak_rate=1|n_units=200|rho=0.6|sigma_u=0.05,0,autocorrelation_time,tau_integrated,1.017741811722923
2C_esp_map,leak_rate=1|n_units=200|rho=0.6|sigma_u=0.05,0,autocorrelation_time,max_lag,200.0
2C_esp_map,leak_rate=1|n_units=200|rho=0.6|sigma_u=0.1,0,esp_convergence,d_initial,0.38687599692164976
2C_esp_map,leak_rate=1|n_units=200|rho=0.6|sigma_u=0.1,0,esp_convergence,d_tail,6.808650719961911e-18
2C_esp_map,leak_rate=1|n_units=200|rho=0.6|sigma_u=0.1,0,esp_convergence,converged,1.0
2C_esp_map,leak_rate=1|n_units=200|rho=0.6|sigma_u=0.1,0,esp_convergence,decay_rate_per_step,-0.540098567504319
2C_esp_map,leak_rate=1|n_units=200|rho=0.6|sigma_u=0.1,0,esp_convergence,n_pairs,10.0
2C_esp_map,leak_rate=1|n_units=200|rho=0.6|sigma_u=0.1,0,esp_convergence,n_fit_points,48.0
2C_esp_map,leak_rate=1|n_units=200|rho=0.6|sigma_u=0.1,0,conditional_lyapunov,lyapunov_per_step,-0.5158405741799694
2C_esp_map,leak_rate=1|n_units=200|rho=0.6|sigma_u=0.1,0,conditional_lyapunov,lyapunov_per_time,-0.5158405741799694
2C_esp_map,leak_rate=1|n_units=200|rho=0.6|sigma_u=0.1,0,conditional_lyapunov,n_intervals,2799.0
2C_esp_map,leak_rate=1|n_units=200|rho=0.6|sigma_u=0.1,0,conditional_lyapunov,max_observed_growth,0.6375430377749637
2C_esp_map,leak_rate=1|n_units=200|rho=0.6|sigma_u=0.1,0,autocorrelation_time,tau_1e,0.6433925846921393
2C_esp_map,leak_rate=1|n_units=200|rho=0.6|sigma_u=0.1,0,autocorrelation_time,tau_censored,0.6433925846921393
2C_esp_map,leak_rate=1|n_units=200|rho=0.6|sigma_u=0.1,0,autocorrelation_time,tau_integrated,1.0175196701543823
2C_esp_map,leak_rate=1|n_units=200|rho=0.6|sigma_u=0.1,0,autocorrelation_time,max_lag,200.0
2C_esp_map,leak_rate=1|n_units=200|rho=0.6|sigma_u=0.2,0,esp_convergence,d_initial,0.3816324520069345
2C_esp_map,leak_rate=1|n_units=200|rho=0.6|sigma_u=0.2,0,esp_convergence,d_tail,1.3475965369244443e-17
2C_esp_map,leak_rate=1|n_units=200|rho=0.6|sigma_u=0.2,0,esp_convergence,converged,1.0
2C_esp_map,leak_rate=1|n_units=200|rho=0.6|sigma_u=0.2,0,esp_convergence,decay_rate_per_step,-0.5632156281746468
2C_esp_map,leak_rate=1|n_units=200|rho=0.6|sigma_u=0.2,0,esp_convergence,n_pairs,10.0
2C_esp_map,leak_rate=1|n_units=200|rho=0.6|sigma_u=0.2,0,esp_convergence,n_fit_points,45.0
2C_esp_map,leak_rate=1|n_units=200|rho=0.6|sigma_u=0.2,0,conditional_lyapunov,lyapunov_per_step,-0.5285249197290162
2C_esp_map,leak_rate=1|n_units=200|rho=0.6|sigma_u=0.2,0,conditional_lyapunov,lyapunov_per_time,-0.5285249197290162
2C_esp_map,leak_rate=1|n_units=200|rho=0.6|sigma_u=0.2,0,conditional_lyapunov,n_intervals,2799.0
2C_esp_map,leak_rate=1|n_units=200|rho=0.6|sigma_u=0.2,0,conditional_lyapunov,max_observed_growth,0.6231298356665341
2C_esp_map,leak_rate=1|n_units=200|rho=0.6|sigma_u=0.2,0,autocorrelation_time,tau_1e,0.6428689115189449
2C_esp_map,leak_rate=1|n_units=200|rho=0.6|sigma_u=0.2,0,autocorrelation_time,tau_censored,0.6428689115189449
2C_esp_map,leak_rate=1|n_units=200|rho=0.6|sigma_u=0.2,0,autocorrelation_time,tau_integrated,1.0167193536626176
2C_esp_map,leak_rate=1|n_units=200|rho=0.6|sigma_u=0.2,0,autocorrelation_time,max_lag,200.0
2C_esp_map,leak_rate=1|n_units=200|rho=0.6|sigma_u=0.5,0,esp_convergence,d_initial,0.3507437566694819
2C_esp_map,leak_rate=1|n_units=200|rho=0.6|sigma_u=0.5,0,esp_convergence,d_tail,2.6424770127151125e-17
2C_esp_map,leak_rate=1|n_units=200|rho=0.6|sigma_u=0.5,0,esp_convergence,converged,1.0
2C_esp_map,leak_rate=1|n_units=200|rho=0.6|sigma_u=0.5,0,esp_convergence,decay_rate_per_step,-0.6004473703642049
2C_esp_map,leak_rate=1|n_units=200|rho=0.6|sigma_u=0.5,0,esp_convergence,n_pairs,10.0
2C_esp_map,leak_rate=1|n_units=200|rho=0.6|sigma_u=0.5,0,esp_convergence,n_fit_points,40.0
2C_esp_map,leak_rate=1|n_units=200|rho=0.6|sigma_u=0.5,0,conditional_lyapunov,lyapunov_per_step,-0.5994043443376147
2C_esp_map,leak_rate=1|n_units=200|rho=0.6|sigma_u=0.5,0,conditional_lyapunov,lyapunov_per_time,-0.5994043443376147
2C_esp_map,leak_rate=1|n_units=200|rho=0.6|sigma_u=0.5,0,conditional_lyapunov,n_intervals,2799.0
2C_esp_map,leak_rate=1|n_units=200|rho=0.6|sigma_u=0.5,0,conditional_lyapunov,max_observed_growth,0.6197840196341532
2C_esp_map,leak_rate=1|n_units=200|rho=0.6|sigma_u=0.5,0,autocorrelation_time,tau_1e,0.6406301705590107
2C_esp_map,leak_rate=1|n_units=200|rho=0.6|sigma_u=0.5,0,autocorrelation_time,tau_censored,0.6406301705590107
2C_esp_map,leak_rate=1|n_units=200|rho=0.6|sigma_u=0.5,0,autocorrelation_time,tau_integrated,1.0132831891495646
2C_esp_map,leak_rate=1|n_units=200|rho=0.6|sigma_u=0.5,0,autocorrelation_time,max_lag,200.0
2C_esp_map,leak_rate=1|n_units=200|rho=0.6|sigma_u=1,0,esp_convergence,d_initial,0.2868392511989246
2C_esp_map,leak_rate=1|n_units=200|rho=0.6|sigma_u=1,0,esp_convergence,d_tail,3.1663274816504145e-17
2C_esp_map,leak_rate=1|n_units=200|rho=0.6|sigma_u=1,0,esp_convergence,converged,1.0
2C_esp_map,leak_rate=1|n_units=200|rho=0.6|sigma_u=1,0,esp_convergence,decay_rate_per_step,-0.7270768110183271
2C_esp_map,leak_rate=1|n_units=200|rho=0.6|sigma_u=1,0,esp_convergence,n_pairs,10.0
2C_esp_map,leak_rate=1|n_units=200|rho=0.6|sigma_u=1,0,esp_convergence,n_fit_points,32.0
2C_esp_map,leak_rate=1|n_units=200|rho=0.6|sigma_u=1,0,conditional_lyapunov,lyapunov_per_step,-0.749601924139957
2C_esp_map,leak_rate=1|n_units=200|rho=0.6|sigma_u=1,0,conditional_lyapunov,lyapunov_per_time,-0.749601924139957
2C_esp_map,leak_rate=1|n_units=200|rho=0.6|sigma_u=1,0,conditional_lyapunov,n_intervals,2799.0
2C_esp_map,leak_rate=1|n_units=200|rho=0.6|sigma_u=1,0,conditional_lyapunov,max_observed_growth,0.6453183132107277
2C_esp_map,leak_rate=1|n_units=200|rho=0.6|sigma_u=1,0,autocorrelation_time,tau_1e,0.6353778671051312
2C_esp_map,leak_rate=1|n_units=200|rho=0.6|sigma_u=1,0,autocorrelation_time,tau_censored,0.6353778671051312
2C_esp_map,leak_rate=1|n_units=200|rho=0.6|sigma_u=1,0,autocorrelation_time,tau_integrated,1.005608315463601
2C_esp_map,leak_rate=1|n_units=200|rho=0.6|sigma_u=1,0,autocorrelation_time,max_lag,200.0
2C_esp_map,leak_rate=1|n_units=200|rho=0.6|sigma_u=2,0,esp_convergence,d_initial,0.21126875922270222
2C_esp_map,leak_rate=1|n_units=200|rho=0.6|sigma_u=2,0,esp_convergence,d_tail,0.0
2C_esp_map,leak_rate=1|n_units=200|rho=0.6|sigma_u=2,0,esp_convergence,converged,1.0
2C_esp_map,leak_rate=1|n_units=200|rho=0.6|sigma_u=2,0,esp_convergence,decay_rate_per_step,-0.9119141989821494
2C_esp_map,leak_rate=1|n_units=200|rho=0.6|sigma_u=2,0,esp_convergence,n_pairs,10.0
2C_esp_map,leak_rate=1|n_units=200|rho=0.6|sigma_u=2,0,esp_convergence,n_fit_points,22.0
2C_esp_map,leak_rate=1|n_units=200|rho=0.6|sigma_u=2,0,conditional_lyapunov,lyapunov_per_step,-1.0072197903128584
2C_esp_map,leak_rate=1|n_units=200|rho=0.6|sigma_u=2,0,conditional_lyapunov,lyapunov_per_time,-1.0072197903128584
2C_esp_map,leak_rate=1|n_units=200|rho=0.6|sigma_u=2,0,conditional_lyapunov,n_intervals,2799.0
2C_esp_map,leak_rate=1|n_units=200|rho=0.6|sigma_u=2,0,conditional_lyapunov,max_observed_growth,0.6110494107246999
2C_esp_map,leak_rate=1|n_units=200|rho=0.6|sigma_u=2,0,autocorrelation_time,tau_1e,0.6248236393942548
2C_esp_map,leak_rate=1|n_units=200|rho=0.6|sigma_u=2,0,autocorrelation_time,tau_censored,0.6248236393942548
2C_esp_map,leak_rate=1|n_units=200|rho=0.6|sigma_u=2,0,autocorrelation_time,tau_integrated,1.0
2C_esp_map,leak_rate=1|n_units=200|rho=0.6|sigma_u=2,0,autocorrelation_time,max_lag,200.0
2C_esp_map,leak_rate=1|n_units=200|rho=0.7|sigma_u=0,0,esp_convergence,d_initial,0.44160999558294345
2C_esp_map,leak_rate=1|n_units=200|rho=0.7|sigma_u=0,0,esp_convergence,d_tail,0.0
2C_esp_map,leak_rate=1|n_units=200|rho=0.7|sigma_u=0,0,esp_convergence,converged,1.0
2C_esp_map,leak_rate=1|n_units=200|rho=0.7|sigma_u=0,0,esp_convergence,decay_rate_per_step,-0.37822449606994674
2C_esp_map,leak_rate=1|n_units=200|rho=0.7|sigma_u=0,0,esp_convergence,n_pairs,10.0
2C_esp_map,leak_rate=1|n_units=200|rho=0.7|sigma_u=0,0,esp_convergence,n_fit_points,71.0
2C_esp_map,leak_rate=1|n_units=200|rho=0.7|sigma_u=0,0,conditional_lyapunov,lyapunov_per_step,-0.3572552122429222
2C_esp_map,leak_rate=1|n_units=200|rho=0.7|sigma_u=0,0,conditional_lyapunov,lyapunov_per_time,-0.3572552122429222
2C_esp_map,leak_rate=1|n_units=200|rho=0.7|sigma_u=0,0,conditional_lyapunov,n_intervals,2799.0
2C_esp_map,leak_rate=1|n_units=200|rho=0.7|sigma_u=0,0,conditional_lyapunov,max_observed_growth,0.7501449087908831
2C_esp_map,leak_rate=1|n_units=200|rho=0.7|sigma_u=0,0,autocorrelation_time,tau_1e,2.829663314661661
2C_esp_map,leak_rate=1|n_units=200|rho=0.7|sigma_u=0,0,autocorrelation_time,tau_censored,2.829663314661661
2C_esp_map,leak_rate=1|n_units=200|rho=0.7|sigma_u=0,0,autocorrelation_time,tau_integrated,3.3320024524789655
2C_esp_map,leak_rate=1|n_units=200|rho=0.7|sigma_u=0,0,autocorrelation_time,max_lag,200.0
2C_esp_map,leak_rate=1|n_units=200|rho=0.7|sigma_u=0.05,0,esp_convergence,d_initial,0.44105987833710136
2C_esp_map,leak_rate=1|n_units=200|rho=0.7|sigma_u=0.05,0,esp_convergence,d_tail,5.005767324870007e-18
2C_esp_map,leak_rate=1|n_units=200|rho=0.7|sigma_u=0.05,0,esp_convergence,converged,1.0
2C_esp_map,leak_rate=1|n_units=200|rho=0.7|sigma_u=0.05,0,esp_convergence,decay_rate_per_step,-0.38889204775852504
2C_esp_map,leak_rate=1|n_units=200|rho=0.7|sigma_u=0.05,0,esp_convergence,n_pairs,10.0
2C_esp_map,leak_rate=1|n_units=200|rho=0.7|sigma_u=0.05,0,esp_convergence,n_fit_points,70.0
2C_esp_map,leak_rate=1|n_units=200|rho=0.7|sigma_u=0.05,0,conditional_lyapunov,lyapunov_per_step,-0.35857398858552053
2C_esp_map,leak_rate=1|n_units=200|rho=0.7|sigma_u=0.05,0,conditional_lyapunov,lyapunov_per_time,-0.35857398858552053
2C_esp_map,leak_rate=1|n_units=200|rho=0.7|sigma_u=0.05,0,conditional_lyapunov,n_intervals,2799.0
2C_esp_map,leak_rate=1|n_units=200|rho=0.7|sigma_u=0.05,0,conditional_lyapunov,max_observed_growth,0.7481981321590819
2C_esp_map,leak_rate=1|n_units=200|rho=0.7|sigma_u=0.05,0,autocorrelation_time,tau_1e,0.6566182608036155
2C_esp_map,leak_rate=1|n_units=200|rho=0.7|sigma_u=0.05,0,autocorrelation_time,tau_censored,0.6566182608036155
2C_esp_map,leak_rate=1|n_units=200|rho=0.7|sigma_u=0.05,0,autocorrelation_time,tau_integrated,1.0373088953467053
2C_esp_map,leak_rate=1|n_units=200|rho=0.7|sigma_u=0.05,0,autocorrelation_time,max_lag,200.0
2C_esp_map,leak_rate=1|n_units=200|rho=0.7|sigma_u=0.1,0,esp_convergence,d_initial,0.4396522210414664
2C_esp_map,leak_rate=1|n_units=200|rho=0.7|sigma_u=0.1,0,esp_convergence,d_tail,9.865352994025548e-18
2C_esp_map,leak_rate=1|n_units=200|rho=0.7|sigma_u=0.1,0,esp_convergence,converged,1.0
2C_esp_map,leak_rate=1|n_units=200|rho=0.7|sigma_u=0.1,0,esp_convergence,decay_rate_per_step,-0.39359450067931484
2C_esp_map,leak_rate=1|n_units=200|rho=0.7|sigma_u=0.1,0,esp_convergence,n_pairs,10.0
2C_esp_map,leak_rate=1|n_units=200|rho=0.7|sigma_u=0.1,0,esp_convergence,n_fit_points,69.0
2C_esp_map,leak_rate=1|n_units=200|rho=0.7|sigma_u=0.1,0,conditional_lyapunov,lyapunov_per_step,-0.3624585666059782
2C_esp_map,leak_rate=1|n_units=200|rho=0.7|sigma_u=0.1,0,conditional_lyapunov,lyapunov_per_time,-0.3624585666059782
2C_esp_map,leak_rate=1|n_units=200|rho=0.7|sigma_u=0.1,0,conditional_lyapunov,n_intervals,2799.0
2C_esp_map,leak_rate=1|n_units=200|rho=0.7|sigma_u=0.1,0,conditional_lyapunov,max_observed_growth,0.7426531920149937
2C_esp_map,leak_rate=1|n_units=200|rho=0.7|sigma_u=0.1,0,autocorrelation_time,tau_1e,0.6561235831553751
2C_esp_map,leak_rate=1|n_units=200|rho=0.7|sigma_u=0.1,0,autocorrelation_time,tau_censored,0.6561235831553751
2C_esp_map,leak_rate=1|n_units=200|rho=0.7|sigma_u=0.1,0,autocorrelation_time,tau_integrated,1.0365830842588895
2C_esp_map,leak_rate=1|n_units=200|rho=0.7|sigma_u=0.1,0,autocorrelation_time,max_lag,200.0
2C_esp_map,leak_rate=1|n_units=200|rho=0.7|sigma_u=0.2,0,esp_convergence,d_initial,0.43432931706811895
2C_esp_map,leak_rate=1|n_units=200|rho=0.7|sigma_u=0.2,0,esp_convergence,d_tail,1.8743703352393845e-17
2C_esp_map,leak_rate=1|n_units=200|rho=0.7|sigma_u=0.2,0,esp_convergence,converged,1.0
2C_esp_map,leak_rate=1|n_units=200|rho=0.7|sigma_u=0.2,0,esp_convergence,decay_rate_per_step,-0.38477657620468236
2C_esp_map,leak_rate=1|n_units=200|rho=0.7|sigma_u=0.2,0,esp_convergence,n_pairs,10.0
2C_esp_map,leak_rate=1|n_units=200|rho=0.7|sigma_u=0.2,0,esp_convergence,n_fit_points,69.0
2C_esp_map,leak_rate=1|n_units=200|rho=0.7|sigma_u=0.2,0,conditional_lyapunov,lyapunov_per_step,-0.37704882302931203
2C_esp_map,leak_rate=1|n_units=200|rho=0.7|sigma_u=0.2,0,conditional_lyapunov,lyapunov_per_time,-0.37704882302931203
2C_esp_map,leak_rate=1|n_units=200|rho=0.7|sigma_u=0.2,0,conditional_lyapunov,n_intervals,2799.0
2C_esp_map,leak_rate=1|n_units=200|rho=0.7|sigma_u=0.2,0,conditional_lyapunov,max_observed_growth,0.7239954557875774
2C_esp_map,leak_rate=1|n_units=200|rho=0.7|sigma_u=0.2,0,autocorrelation_time,tau_1e,0.6544152552812676
2C_esp_map,leak_rate=1|n_units=200|rho=0.7|sigma_u=0.2,0,autocorrelation_time,tau_censored,0.6544152552812676
2C_esp_map,leak_rate=1|n_units=200|rho=0.7|sigma_u=0.2,0,autocorrelation_time,tau_integrated,1.0340681184810212
2C_esp_map,leak_rate=1|n_units=200|rho=0.7|sigma_u=0.2,0,autocorrelation_time,max_lag,200.0
2C_esp_map,leak_rate=1|n_units=200|rho=0.7|sigma_u=0.5,0,esp_convergence,d_initial,0.40198972965518315
2C_esp_map,leak_rate=1|n_units=200|rho=0.7|sigma_u=0.5,0,esp_convergence,d_tail,3.572056383421874e-17
2C_esp_map,leak_rate=1|n_units=200|rho=0.7|sigma_u=0.5,0,esp_convergence,converged,1.0
2C_esp_map,leak_rate=1|n_units=200|rho=0.7|sigma_u=0.5,0,esp_convergence,decay_rate_per_step,-0.48677857838323585
2C_esp_map,leak_rate=1|n_units=200|rho=0.7|sigma_u=0.5,0,esp_convergence,n_pairs,10.0
2C_esp_map,leak_rate=1|n_units=200|rho=0.7|sigma_u=0.5,0,esp_convergence,n_fit_points,54.0
2C_esp_map,leak_rate=1|n_units=200|rho=0.7|sigma_u=0.5,0,conditional_lyapunov,lyapunov_per_step,-0.45406411829033505
2C_esp_map,leak_rate=1|n_units=200|rho=0.7|sigma_u=0.5,0,conditional_lyapunov,lyapunov_per_time,-0.45406411829033505
2C_esp_map,leak_rate=1|n_units=200|rho=0.7|sigma_u=0.5,0,conditional_lyapunov,n_intervals,2799.0
2C_esp_map,leak_rate=1|n_units=200|rho=0.7|sigma_u=0.5,0,conditional_lyapunov,max_observed_growth,0.7173304116852757
2C_esp_map,leak_rate=1|n_units=200|rho=0.7|sigma_u=0.5,0,autocorrelation_time,tau_1e,0.6480864877097041
2C_esp_map,leak_rate=1|n_units=200|rho=0.7|sigma_u=0.5,0,autocorrelation_time,tau_censored,0.6480864877097041
2C_esp_map,leak_rate=1|n_units=200|rho=0.7|sigma_u=0.5,0,autocorrelation_time,tau_integrated,1.0246354910709048
2C_esp_map,leak_rate=1|n_units=200|rho=0.7|sigma_u=0.5,0,autocorrelation_time,max_lag,200.0
2C_esp_map,leak_rate=1|n_units=200|rho=0.7|sigma_u=1,0,esp_convergence,d_initial,0.3314746433318191
2C_esp_map,leak_rate=1|n_units=200|rho=0.7|sigma_u=1,0,esp_convergence,d_tail,4.1829503397432334e-17
2C_esp_map,leak_rate=1|n_units=200|rho=0.7|sigma_u=1,0,esp_convergence,converged,1.0
2C_esp_map,leak_rate=1|n_units=200|rho=0.7|sigma_u=1,0,esp_convergence,decay_rate_per_step,-0.5934962818100543
2C_esp_map,leak_rate=1|n_units=200|rho=0.7|sigma_u=1,0,esp_convergence,n_pairs,10.0
2C_esp_map,leak_rate=1|n_units=200|rho=0.7|sigma_u=1,0,esp_convergence,n_fit_points,41.0
2C_esp_map,leak_rate=1|n_units=200|rho=0.7|sigma_u=1,0,conditional_lyapunov,lyapunov_per_step,-0.608424905462063
2C_esp_map,leak_rate=1|n_units=200|rho=0.7|sigma_u=1,0,conditional_lyapunov,lyapunov_per_time,-0.608424905462063
2C_esp_map,leak_rate=1|n_units=200|rho=0.7|sigma_u=1,0,conditional_lyapunov,n_intervals,2799.0
2C_esp_map,leak_rate=1|n_units=200|rho=0.7|sigma_u=1,0,conditional_lyapunov,max_observed_growth,0.7504054195104802
2C_esp_map,leak_rate=1|n_units=200|rho=0.7|sigma_u=1,0,autocorrelation_time,tau_1e,0.6399155896043011
2C_esp_map,leak_rate=1|n_units=200|rho=0.7|sigma_u=1,0,autocorrelation_time,tau_censored,0.6399155896043011
2C_esp_map,leak_rate=1|n_units=200|rho=0.7|sigma_u=1,0,autocorrelation_time,tau_integrated,1.0121813421994665
2C_esp_map,leak_rate=1|n_units=200|rho=0.7|sigma_u=1,0,autocorrelation_time,max_lag,200.0
2C_esp_map,leak_rate=1|n_units=200|rho=0.7|sigma_u=2,0,esp_convergence,d_initial,0.2450321155300026
2C_esp_map,leak_rate=1|n_units=200|rho=0.7|sigma_u=2,0,esp_convergence,d_tail,0.0
2C_esp_map,leak_rate=1|n_units=200|rho=0.7|sigma_u=2,0,esp_convergence,converged,1.0
2C_esp_map,leak_rate=1|n_units=200|rho=0.7|sigma_u=2,0,esp_convergence,decay_rate_per_step,-0.7493230651334994
2C_esp_map,leak_rate=1|n_units=200|rho=0.7|sigma_u=2,0,esp_convergence,n_pairs,10.0
2C_esp_map,leak_rate=1|n_units=200|rho=0.7|sigma_u=2,0,esp_convergence,n_fit_points,29.0
2C_esp_map,leak_rate=1|n_units=200|rho=0.7|sigma_u=2,0,conditional_lyapunov,lyapunov_per_step,-0.861926710179416
2C_esp_map,leak_rate=1|n_units=200|rho=0.7|sigma_u=2,0,conditional_lyapunov,lyapunov_per_time,-0.861926710179416
2C_esp_map,leak_rate=1|n_units=200|rho=0.7|sigma_u=2,0,conditional_lyapunov,n_intervals,2799.0
2C_esp_map,leak_rate=1|n_units=200|rho=0.7|sigma_u=2,0,conditional_lyapunov,max_observed_growth,0.7310491030526155
2C_esp_map,leak_rate=1|n_units=200|rho=0.7|sigma_u=2,0,autocorrelation_time,tau_1e,0.6278053814591238
2C_esp_map,leak_rate=1|n_units=200|rho=0.7|sigma_u=2,0,autocorrelation_time,tau_censored,0.6278053814591238
2C_esp_map,leak_rate=1|n_units=200|rho=0.7|sigma_u=2,0,autocorrelation_time,tau_integrated,1.0
2C_esp_map,leak_rate=1|n_units=200|rho=0.7|sigma_u=2,0,autocorrelation_time,max_lag,200.0
2C_esp_map,leak_rate=1|n_units=200|rho=0.8|sigma_u=0,0,esp_convergence,d_initial,0.4904671716712286
2C_esp_map,leak_rate=1|n_units=200|rho=0.8|sigma_u=0,0,esp_convergence,d_tail,0.0
2C_esp_map,leak_rate=1|n_units=200|rho=0.8|sigma_u=0,0,esp_convergence,converged,1.0
2C_esp_map,leak_rate=1|n_units=200|rho=0.8|sigma_u=0,0,esp_convergence,decay_rate_per_step,-0.23235771918668596
2C_esp_map,leak_rate=1|n_units=200|rho=0.8|sigma_u=0,0,esp_convergence,n_pairs,10.0
2C_esp_map,leak_rate=1|n_units=200|rho=0.8|sigma_u=0,0,esp_convergence,n_fit_points,120.0
2C_esp_map,leak_rate=1|n_units=200|rho=0.8|sigma_u=0,0,conditional_lyapunov,lyapunov_per_step,-0.22372381961839571
2C_esp_map,leak_rate=1|n_units=200|rho=0.8|sigma_u=0,0,conditional_lyapunov,lyapunov_per_time,-0.22372381961839571
2C_esp_map,leak_rate=1|n_units=200|rho=0.8|sigma_u=0,0,conditional_lyapunov,n_intervals,2799.0
2C_esp_map,leak_rate=1|n_units=200|rho=0.8|sigma_u=0,0,conditional_lyapunov,max_observed_growth,0.8573084671895808
2C_esp_map,leak_rate=1|n_units=200|rho=0.8|sigma_u=0,0,autocorrelation_time,tau_1e,4.508020598403941
2C_esp_map,leak_rate=1|n_units=200|rho=0.8|sigma_u=0,0,autocorrelation_time,tau_censored,4.508020598403941
2C_esp_map,leak_rate=1|n_units=200|rho=0.8|sigma_u=0,0,autocorrelation_time,tau_integrated,4.99737222230856
2C_esp_map,leak_rate=1|n_units=200|rho=0.8|sigma_u=0,0,autocorrelation_time,max_lag,200.0
2C_esp_map,leak_rate=1|n_units=200|rho=0.8|sigma_u=0.05,0,esp_convergence,d_initial,0.489975539618017
2C_esp_map,leak_rate=1|n_units=200|rho=0.8|sigma_u=0.05,0,esp_convergence,d_tail,7.515733387167936e-18
2C_esp_map,leak_rate=1|n_units=200|rho=0.8|sigma_u=0.05,0,esp_convergence,converged,1.0
2C_esp_map,leak_rate=1|n_units=200|rho=0.8|sigma_u=0.05,0,esp_convergence,decay_rate_per_step,-0.2309443242399296
2C_esp_map,leak_rate=1|n_units=200|rho=0.8|sigma_u=0.05,0,esp_convergence,n_pairs,10.0
2C_esp_map,leak_rate=1|n_units=200|rho=0.8|sigma_u=0.05,0,esp_convergence,n_fit_points,122.0
2C_esp_map,leak_rate=1|n_units=200|rho=0.8|sigma_u=0.05,0,conditional_lyapunov,lyapunov_per_step,-0.22542649735895615
2C_esp_map,leak_rate=1|n_units=200|rho=0.8|sigma_u=0.05,0,conditional_lyapunov,lyapunov_per_time,-0.22542649735895615
2C_esp_map,leak_rate=1|n_units=200|rho=0.8|sigma_u=0.05,0,conditional_lyapunov,n_intervals,2799.0
2C_esp_map,leak_rate=1|n_units=200|rho=0.8|sigma_u=0.05,0,conditional_lyapunov,max_observed_growth,0.8542609903087012
2C_esp_map,leak_rate=1|n_units=200|rho=0.8|sigma_u=0.05,0,autocorrelation_time,tau_1e,0.6820223085019504
2C_esp_map,leak_rate=1|n_units=200|rho=0.8|sigma_u=0.05,0,autocorrelation_time,tau_censored,0.6820223085019504
2C_esp_map,leak_rate=1|n_units=200|rho=0.8|sigma_u=0.05,0,autocorrelation_time,tau_integrated,1.073167327595194
2C_esp_map,leak_rate=1|n_units=200|rho=0.8|sigma_u=0.05,0,autocorrelation_time,max_lag,200.0
2C_esp_map,leak_rate=1|n_units=200|rho=0.8|sigma_u=0.1,0,esp_convergence,d_initial,0.4886224487552141
2C_esp_map,leak_rate=1|n_units=200|rho=0.8|sigma_u=0.1,0,esp_convergence,d_tail,1.4892518320210977e-17
2C_esp_map,leak_rate=1|n_units=200|rho=0.8|sigma_u=0.1,0,esp_convergence,converged,1.0
2C_esp_map,leak_rate=1|n_units=200|rho=0.8|sigma_u=0.1,0,esp_convergence,decay_rate_per_step,-0.24195308092740872
2C_esp_map,leak_rate=1|n_units=200|rho=0.8|sigma_u=0.1,0,esp_convergence,n_pairs,10.0
2C_esp_map,leak_rate=1|n_units=200|rho=0.8|sigma_u=0.1,0,esp_convergence,n_fit_points,116.0
2C_esp_map,leak_rate=1|n_units=200|rho=0.8|sigma_u=0.1,0,conditional_lyapunov,lyapunov_per_step,-0.23037090671404517
2C_esp_map,leak_rate=1|n_units=200|rho=0.8|sigma_u=0.1,0,conditional_lyapunov,lyapunov_per_time,-0.23037090671404517
2C_esp_map,leak_rate=1|n_units=200|rho=0.8|sigma_u=0.1,0,conditional_lyapunov,n_intervals,2799.0
2C_esp_map,leak_rate=1|n_units=200|rho=0.8|sigma_u=0.1,0,conditional_lyapunov,max_observed_growth,0.8458851392603755
2C_esp_map,leak_rate=1|n_units=200|rho=0.8|sigma_u=0.1,0,autocorrelation_time,tau_1e,0.680400643464382
2C_esp_map,leak_rate=1|n_units=200|rho=0.8|sigma_u=0.1,0,autocorrelation_time,tau_censored,0.680400643464382
2C_esp_map,leak_rate=1|n_units=200|rho=0.8|sigma_u=0.1,0,autocorrelation_time,tau_integrated,1.0709583171320909
2C_esp_map,leak_rate=1|n_units=200|rho=0.8|sigma_u=0.1,0,autocorrelation_time,max_lag,200.0
2C_esp_map,leak_rate=1|n_units=200|rho=0.8|sigma_u=0.2,0,esp_convergence,d_initial,0.4833769751542021
2C_esp_map,leak_rate=1|n_units=200|rho=0.8|sigma_u=0.2,0,esp_convergence,d_tail,2.7312392746129244e-17
2C_esp_map,leak_rate=1|n_units=200|rho=0.8|sigma_u=0.2,0,esp_convergence,converged,1.0
2C_esp_map,leak_rate=1|n_units=200|rho=0.8|sigma_u=0.2,0,esp_convergence,decay_rate_per_step,-0.25336980899787287
2C_esp_map,leak_rate=1|n_units=200|rho=0.8|sigma_u=0.2,0,esp_convergence,n_pairs,10.0
2C_esp_map,leak_rate=1|n_units=200|rho=0.8|sigma_u=0.2,0,esp_convergence,n_fit_points,110.0
2C_esp_map,leak_rate=1|n_units=200|rho=0.8|sigma_u=0.2,0,conditional_lyapunov,lyapunov_per_step,-0.24819323999636467
2C_esp_map,leak_rate=1|n_units=200|rho=0.8|sigma_u=0.2,0,conditional_lyapunov,lyapunov_per_time,-0.24819323999636467
2C_esp_map,leak_rate=1|n_units=200|rho=0.8|sigma_u=0.2,0,conditional_lyapunov,n_intervals,2799.0
2C_esp_map,leak_rate=1|n_units=200|rho=0.8|sigma_u=0.2,0,conditional_lyapunov,max_observed_growth,0.820571323298867
2C_esp_map,leak_rate=1|n_units=200|rho=0.8|sigma_u=0.2,0,autocorrelation_time,tau_1e,0.6751823614861512
2C_esp_map,leak_rate=1|n_units=200|rho=0.8|sigma_u=0.2,0,autocorrelation_time,tau_censored,0.6751823614861512
2C_esp_map,leak_rate=1|n_units=200|rho=0.8|sigma_u=0.2,0,autocorrelation_time,tau_integrated,1.063778032593757
2C_esp_map,leak_rate=1|n_units=200|rho=0.8|sigma_u=0.2,0,autocorrelation_time,max_lag,200.0
2C_esp_map,leak_rate=1|n_units=200|rho=0.8|sigma_u=0.5,0,esp_convergence,d_initial,0.45049102405412383
2C_esp_map,leak_rate=1|n_units=200|rho=0.8|sigma_u=0.5,0,esp_convergence,d_tail,4.689852911520632e-17
2C_esp_map,leak_rate=1|n_units=200|rho=0.8|sigma_u=0.5,0,esp_convergence,converged,1.0
2C_esp_map,leak_rate=1|n_units=200|rho=0.8|sigma_u=0.5,0,esp_convergence,decay_rate_per_step,-0.3378714608784865
2C_esp_map,leak_rate=1|n_units=200|rho=0.8|sigma_u=0.5,0,esp_convergence,n_pairs,10.0
2C_esp_map,leak_rate=1|n_units=200|rho=0.8|sigma_u=0.5,0,esp_convergence,n_fit_points,80.0
2C_esp_map,leak_rate=1|n_units=200|rho=0.8|sigma_u=0.5,0,conditional_lyapunov,lyapunov_per_step,-0.33331556521104694
2C_esp_map,leak_rate=1|n_units=200|rho=0.8|sigma_u=0.5,0,conditional_lyapunov,lyapunov_per_time,-0.33331556521104694
2C_esp_map,leak_rate=1|n_units=200|rho=0.8|sigma_u=0.5,0,conditional_lyapunov,n_intervals,2799.0
2C_esp_map,leak_rate=1|n_units=200|rho=0.8|sigma_u=0.5,0,conditional_lyapunov,max_observed_growth,0.8157126232939865
2C_esp_map,leak_rate=1|n_units=200|rho=0.8|sigma_u=0.5,0,autocorrelation_time,tau_1e,0.6590797410389685
2C_esp_map,leak_rate=1|n_units=200|rho=0.8|sigma_u=0.5,0,autocorrelation_time,tau_censored,0.6590797410389685
2C_esp_map,leak_rate=1|n_units=200|rho=0.8|sigma_u=0.5,0,autocorrelation_time,tau_integrated,1.040904279909913
2C_esp_map,leak_rate=1|n_units=200|rho=0.8|sigma_u=0.5,0,autocorrelation_time,max_lag,200.0
2C_esp_map,leak_rate=1|n_units=200|rho=0.8|sigma_u=1,0,esp_convergence,d_initial,0.3748466645920488
2C_esp_map,leak_rate=1|n_units=200|rho=0.8|sigma_u=1,0,esp_convergence,d_tail,5.3564462943940096e-17
2C_esp_map,leak_rate=1|n_units=200|rho=0.8|sigma_u=1,0,esp_convergence,converged,1.0
2C_esp_map,leak_rate=1|n_units=200|rho=0.8|sigma_u=1,0,esp_convergence,decay_rate_per_step,-0.4859000695806999
2C_esp_map,leak_rate=1|n_units=200|rho=0.8|sigma_u=1,0,esp_convergence,n_pairs,10.0
2C_esp_map,leak_rate=1|n_units=200|rho=0.8|sigma_u=1,0,esp_convergence,n_fit_points,53.0
2C_esp_map,leak_rate=1|n_units=200|rho=0.8|sigma_u=1,0,conditional_lyapunov,lyapunov_per_step,-0.4917068243052307
2C_esp_map,leak_rate=1|n_units=200|rho=0.8|sigma_u=1,0,conditional_lyapunov,lyapunov_per_time,-0.4917068243052307
2C_esp_map,leak_rate=1|n_units=200|rho=0.8|sigma_u=1,0,conditional_lyapunov,n_intervals,2799.0
2C_esp_map,leak_rate=1|n_units=200|rho=0.8|sigma_u=1,0,conditional_lyapunov,max_observed_growth,0.8416899462861657
2C_esp_map,leak_rate=1|n_units=200|rho=0.8|sigma_u=1,0,autocorrelation_time,tau_1e,0.6449912944522433
2C_esp_map,leak_rate=1|n_units=200|rho=0.8|sigma_u=1,0,autocorrelation_time,tau_censored,0.6449912944522433
2C_esp_map,leak_rate=1|n_units=200|rho=0.8|sigma_u=1,0,autocorrelation_time,tau_integrated,1.019954898204659
2C_esp_map,leak_rate=1|n_units=200|rho=0.8|sigma_u=1,0,autocorrelation_time,max_lag,200.0
2C_esp_map,leak_rate=1|n_units=200|rho=0.8|sigma_u=2,0,esp_convergence,d_initial,0.278114132644568
2C_esp_map,leak_rate=1|n_units=200|rho=0.8|sigma_u=2,0,esp_convergence,d_tail,4.020400988036023e-17
2C_esp_map,leak_rate=1|n_units=200|rho=0.8|sigma_u=2,0,esp_convergence,converged,1.0
2C_esp_map,leak_rate=1|n_units=200|rho=0.8|sigma_u=2,0,esp_convergence,decay_rate_per_step,-0.6369251129349668
2C_esp_map,leak_rate=1|n_units=200|rho=0.8|sigma_u=2,0,esp_convergence,n_pairs,10.0
2C_esp_map,leak_rate=1|n_units=200|rho=0.8|sigma_u=2,0,esp_convergence,n_fit_points,36.0
2C_esp_map,leak_rate=1|n_units=200|rho=0.8|sigma_u=2,0,conditional_lyapunov,lyapunov_per_step,-0.7411489750633802
2C_esp_map,leak_rate=1|n_units=200|rho=0.8|sigma_u=2,0,conditional_lyapunov,lyapunov_per_time,-0.7411489750633802
2C_esp_map,leak_rate=1|n_units=200|rho=0.8|sigma_u=2,0,conditional_lyapunov,n_intervals,2799.0
2C_esp_map,leak_rate=1|n_units=200|rho=0.8|sigma_u=2,0,conditional_lyapunov,max_observed_growth,0.7876569726994819
2C_esp_map,leak_rate=1|n_units=200|rho=0.8|sigma_u=2,0,autocorrelation_time,tau_1e,0.6306331631996887
2C_esp_map,leak_rate=1|n_units=200|rho=0.8|sigma_u=2,0,autocorrelation_time,tau_censored,0.6306331631996887
2C_esp_map,leak_rate=1|n_units=200|rho=0.8|sigma_u=2,0,autocorrelation_time,tau_integrated,1.0
2C_esp_map,leak_rate=1|n_units=200|rho=0.8|sigma_u=2,0,autocorrelation_time,max_lag,200.0
2C_esp_map,leak_rate=1|n_units=200|rho=0.9|sigma_u=0,0,esp_convergence,d_initial,0.5356028353438309
2C_esp_map,leak_rate=1|n_units=200|rho=0.9|sigma_u=0,0,esp_convergence,d_tail,1.5573131275325244e-134
2C_esp_map,leak_rate=1|n_units=200|rho=0.9|sigma_u=0,0,esp_convergence,converged,1.0
2C_esp_map,leak_rate=1|n_units=200|rho=0.9|sigma_u=0,0,esp_convergence,decay_rate_per_step,-0.10607438986685173
2C_esp_map,leak_rate=1|n_units=200|rho=0.9|sigma_u=0,0,esp_convergence,n_pairs,10.0
2C_esp_map,leak_rate=1|n_units=200|rho=0.9|sigma_u=0,0,esp_convergence,n_fit_points,272.0
2C_esp_map,leak_rate=1|n_units=200|rho=0.9|sigma_u=0,0,conditional_lyapunov,lyapunov_per_step,-0.10594078396201996
2C_esp_map,leak_rate=1|n_units=200|rho=0.9|sigma_u=0,0,conditional_lyapunov,lyapunov_per_time,-0.10594078396201996
2C_esp_map,leak_rate=1|n_units=200|rho=0.9|sigma_u=0,0,conditional_lyapunov,n_intervals,2799.0
2C_esp_map,leak_rate=1|n_units=200|rho=0.9|sigma_u=0,0,conditional_lyapunov,max_observed_growth,0.9644720255882783
2C_esp_map,leak_rate=1|n_units=200|rho=0.9|sigma_u=0,0,autocorrelation_time,tau_1e,9.501766047817242
2C_esp_map,leak_rate=1|n_units=200|rho=0.9|sigma_u=0,0,autocorrelation_time,tau_censored,9.501766047817242
2C_esp_map,leak_rate=1|n_units=200|rho=0.9|sigma_u=0,0,autocorrelation_time,tau_integrated,9.988135725110055
2C_esp_map,leak_rate=1|n_units=200|rho=0.9|sigma_u=0,0,autocorrelation_time,max_lag,200.0
2C_esp_map,leak_rate=1|n_units=200|rho=0.9|sigma_u=0.05,0,esp_convergence,d_initial,0.5351843558364948
2C_esp_map,leak_rate=1|n_units=200|rho=0.9|sigma_u=0.05,0,esp_convergence,d_tail,1.2805627456050143e-17
2C_esp_map,leak_rate=1|n_units=200|rho=0.9|sigma_u=0.05,0,esp_convergence,converged,1.0
2C_esp_map,leak_rate=1|n_units=200|rho=0.9|sigma_u=0.05,0,esp_convergence,decay_rate_per_step,-0.11118523058750278
2C_esp_map,leak_rate=1|n_units=200|rho=0.9|sigma_u=0.05,0,esp_convergence,n_pairs,10.0
2C_esp_map,leak_rate=1|n_units=200|rho=0.9|sigma_u=0.05,0,esp_convergence,n_fit_points,255.0
2C_esp_map,leak_rate=1|n_units=200|rho=0.9|sigma_u=0.05,0,conditional_lyapunov,lyapunov_per_step,-0.1085930181334366
2C_esp_map,leak_rate=1|n_units=200|rho=0.9|sigma_u=0.05,0,conditional_lyapunov,lyapunov_per_time,-0.1085930181334366
2C_esp_map,leak_rate=1|n_units=200|rho=0.9|sigma_u=0.05,0,conditional_lyapunov,n_intervals,2799.0
2C_esp_map,leak_rate=1|n_units=200|rho=0.9|sigma_u=0.05,0,conditional_lyapunov,max_observed_growth,0.9588405715801447
2C_esp_map,leak_rate=1|n_units=200|rho=0.9|sigma_u=0.05,0,autocorrelation_time,tau_1e,0.7303295969815703
2C_esp_map,leak_rate=1|n_units=200|rho=0.9|sigma_u=0.05,0,autocorrelation_time,tau_censored,0.7303295969815703
2C_esp_map,leak_rate=1|n_units=200|rho=0.9|sigma_u=0.05,0,autocorrelation_time,tau_integrated,1.1493677647051341
2C_esp_map,leak_rate=1|n_units=200|rho=0.9|sigma_u=0.05,0,autocorrelation_time,max_lag,200.0
2C_esp_map,leak_rate=1|n_units=200|rho=0.9|sigma_u=0.1,0,esp_convergence,d_initial,0.5339161589962729
2C_esp_map,leak_rate=1|n_units=200|rho=0.9|sigma_u=0.1,0,esp_convergence,d_tail,2.487185248175399e-17
2C_esp_map,leak_rate=1|n_units=200|rho=0.9|sigma_u=0.1,0,esp_convergence,converged,1.0
2C_esp_map,leak_rate=1|n_units=200|rho=0.9|sigma_u=0.1,0,esp_convergence,decay_rate_per_step,-0.11723200679806187
2C_esp_map,leak_rate=1|n_units=200|rho=0.9|sigma_u=0.1,0,esp_convergence,n_pairs,10.0
2C_esp_map,leak_rate=1|n_units=200|rho=0.9|sigma_u=0.1,0,esp_convergence,n_fit_points,242.0
2C_esp_map,leak_rate=1|n_units=200|rho=0.9|sigma_u=0.1,0,conditional_lyapunov,lyapunov_per_step,-0.1159383033482124
2C_esp_map,leak_rate=1|n_units=200|rho=0.9|sigma_u=0.1,0,conditional_lyapunov,lyapunov_per_time,-0.1159383033482124
2C_esp_map,leak_rate=1|n_units=200|rho=0.9|sigma_u=0.1,0,conditional_lyapunov,n_intervals,2799.0
2C_esp_map,leak_rate=1|n_units=200|rho=0.9|sigma_u=0.1,0,conditional_lyapunov,max_observed_growth,0.944413896475882
2C_esp_map,leak_rate=1|n_units=200|rho=0.9|sigma_u=0.1,0,autocorrelation_time,tau_1e,0.7247638928489533
2C_esp_map,leak_rate=1|n_units=200|rho=0.9|sigma_u=0.1,0,autocorrelation_time,tau_censored,0.7247638928489533
2C_esp_map,leak_rate=1|n_units=200|rho=0.9|sigma_u=0.1,0,autocorrelation_time,tau_integrated,1.139597177797108
2C_esp_map,leak_rate=1|n_units=200|rho=0.9|sigma_u=0.1,0,autocorrelation_time,max_lag,200.0
2C_esp_map,leak_rate=1|n_units=200|rho=0.9|sigma_u=0.2,0,esp_convergence,d_initial,0.5288576876202652
2C_esp_map,leak_rate=1|n_units=200|rho=0.9|sigma_u=0.2,0,esp_convergence,d_tail,4.277878563193811e-17
2C_esp_map,leak_rate=1|n_units=200|rho=0.9|sigma_u=0.2,0,esp_convergence,converged,1.0
2C_esp_map,leak_rate=1|n_units=200|rho=0.9|sigma_u=0.2,0,esp_convergence,decay_rate_per_step,-0.13946620249412164
2C_esp_map,leak_rate=1|n_units=200|rho=0.9|sigma_u=0.2,0,esp_convergence,n_pairs,10.0
2C_esp_map,leak_rate=1|n_units=200|rho=0.9|sigma_u=0.2,0,esp_convergence,n_fit_points,204.0
2C_esp_map,leak_rate=1|n_units=200|rho=0.9|sigma_u=0.2,0,conditional_lyapunov,lyapunov_per_step,-0.13963620478984995
2C_esp_map,leak_rate=1|n_units=200|rho=0.9|sigma_u=0.2,0,conditional_lyapunov,lyapunov_per_time,-0.13963620478984995
2C_esp_map,leak_rate=1|n_units=200|rho=0.9|sigma_u=0.2,0,conditional_lyapunov,n_intervals,2799.0
2C_esp_map,leak_rate=1|n_units=200|rho=0.9|sigma_u=0.2,0,conditional_lyapunov,max_observed_growth,0.9099481387370701
2C_esp_map,leak_rate=1|n_units=200|rho=0.9|sigma_u=0.2,0,autocorrelation_time,tau_1e,0.7096815270180628
2C_esp_map,leak_rate=1|n_units=200|rho=0.9|sigma_u=0.2,0,autocorrelation_time,tau_censored,0.7096815270180628
2C_esp_map,leak_rate=1|n_units=200|rho=0.9|sigma_u=0.2,0,autocorrelation_time,tau_integrated,1.1126910372654177
2C_esp_map,leak_rate=1|n_units=200|rho=0.9|sigma_u=0.2,0,autocorrelation_time,max_lag,200.0
2C_esp_map,leak_rate=1|n_units=200|rho=0.9|sigma_u=0.5,0,esp_convergence,d_initial,0.4961416884482763
2C_esp_map,leak_rate=1|n_units=200|rho=0.9|sigma_u=0.5,0,esp_convergence,d_tail,6.467075202747585e-17
2C_esp_map,leak_rate=1|n_units=200|rho=0.9|sigma_u=0.5,0,esp_convergence,converged,1.0
2C_esp_map,leak_rate=1|n_units=200|rho=0.9|sigma_u=0.5,0,esp_convergence,decay_rate_per_step,-0.2434938178937026
2C_esp_map,leak_rate=1|n_units=200|rho=0.9|sigma_u=0.5,0,esp_convergence,n_pairs,10.0
2C_esp_map,leak_rate=1|n_units=200|rho=0.9|sigma_u=0.5,0,esp_convergence,n_fit_points,118.0
2C_esp_map,leak_rate=1|n_units=200|rho=0.9|sigma_u=0.5,0,conditional_lyapunov,lyapunov_per_step,-0.23409969444830392
2C_esp_map,leak_rate=1|n_units=200|rho=0.9|sigma_u=0.5,0,conditional_lyapunov,lyapunov_per_time,-0.23409969444830392
2C_esp_map,leak_rate=1|n_units=200|rho=0.9|sigma_u=0.5,0,conditional_lyapunov,n_intervals,2799.0
2C_esp_map,leak_rate=1|n_units=200|rho=0.9|sigma_u=0.5,0,conditional_lyapunov,max_observed_growth,0.9120697468387391
2C_esp_map,leak_rate=1|n_units=200|rho=0.9|sigma_u=0.5,0,autocorrelation_time,tau_1e,0.6746475360312202
2C_esp_map,leak_rate=1|n_units=200|rho=0.9|sigma_u=0.5,0,autocorrelation_time,tau_censored,0.6746475360312202
2C_esp_map,leak_rate=1|n_units=200|rho=0.9|sigma_u=0.5,0,autocorrelation_time,tau_integrated,1.0630358445431194
2C_esp_map,leak_rate=1|n_units=200|rho=0.9|sigma_u=0.5,0,autocorrelation_time,max_lag,200.0
2C_esp_map,leak_rate=1|n_units=200|rho=0.9|sigma_u=1,0,esp_convergence,d_initial,0.4168521695142562
2C_esp_map,leak_rate=1|n_units=200|rho=0.9|sigma_u=1,0,esp_convergence,d_tail,6.686340312148799e-17
2C_esp_map,leak_rate=1|n_units=200|rho=0.9|sigma_u=1,0,esp_convergence,converged,1.0
2C_esp_map,leak_rate=1|n_units=200|rho=0.9|sigma_u=1,0,esp_convergence,decay_rate_per_step,-0.40283413839664883
2C_esp_map,leak_rate=1|n_units=200|rho=0.9|sigma_u=1,0,esp_convergence,n_pairs,10.0
2C_esp_map,leak_rate=1|n_units=200|rho=0.9|sigma_u=1,0,esp_convergence,n_fit_points,69.0
2C_esp_map,leak_rate=1|n_units=200|rho=0.9|sigma_u=1,0,conditional_lyapunov,lyapunov_per_step,-0.3951039381208554
2C_esp_map,leak_rate=1|n_units=200|rho=0.9|sigma_u=1,0,conditional_lyapunov,lyapunov_per_time,-0.3951039381208554
2C_esp_map,leak_rate=1|n_units=200|rho=0.9|sigma_u=1,0,conditional_lyapunov,n_intervals,2799.0
2C_esp_map,leak_rate=1|n_units=200|rho=0.9|sigma_u=1,0,conditional_lyapunov,max_observed_growth,0.923206355178234
2C_esp_map,leak_rate=1|n_units=200|rho=0.9|sigma_u=1,0,autocorrelation_time,tau_1e,0.6509853864454507
2C_esp_map,leak_rate=1|n_units=200|rho=0.9|sigma_u=1,0,autocorrelation_time,tau_censored,0.6509853864454507
2C_esp_map,leak_rate=1|n_units=200|rho=0.9|sigma_u=1,0,autocorrelation_time,tau_integrated,1.0289788803400026
2C_esp_map,leak_rate=1|n_units=200|rho=0.9|sigma_u=1,0,autocorrelation_time,max_lag,200.0
2C_esp_map,leak_rate=1|n_units=200|rho=0.9|sigma_u=2,0,esp_convergence,d_initial,0.31045515977897475
2C_esp_map,leak_rate=1|n_units=200|rho=0.9|sigma_u=2,0,esp_convergence,d_tail,5.057306561942087e-17
2C_esp_map,leak_rate=1|n_units=200|rho=0.9|sigma_u=2,0,esp_convergence,converged,1.0
2C_esp_map,leak_rate=1|n_units=200|rho=0.9|sigma_u=2,0,esp_convergence,decay_rate_per_step,-0.5461795489936043
2C_esp_map,leak_rate=1|n_units=200|rho=0.9|sigma_u=2,0,esp_convergence,n_pairs,10.0
2C_esp_map,leak_rate=1|n_units=200|rho=0.9|sigma_u=2,0,esp_convergence,n_fit_points,44.0
2C_esp_map,leak_rate=1|n_units=200|rho=0.9|sigma_u=2,0,conditional_lyapunov,lyapunov_per_step,-0.6368467992040888
2C_esp_map,leak_rate=1|n_units=200|rho=0.9|sigma_u=2,0,conditional_lyapunov,lyapunov_per_time,-0.6368467992040888
2C_esp_map,leak_rate=1|n_units=200|rho=0.9|sigma_u=2,0,conditional_lyapunov,n_intervals,2799.0
2C_esp_map,leak_rate=1|n_units=200|rho=0.9|sigma_u=2,0,conditional_lyapunov,max_observed_growth,0.8477017925476542
2C_esp_map,leak_rate=1|n_units=200|rho=0.9|sigma_u=2,0,autocorrelation_time,tau_1e,0.6334105198250529
2C_esp_map,leak_rate=1|n_units=200|rho=0.9|sigma_u=2,0,autocorrelation_time,tau_censored,0.6334105198250529
2C_esp_map,leak_rate=1|n_units=200|rho=0.9|sigma_u=2,0,autocorrelation_time,tau_integrated,1.0020365323216476
2C_esp_map,leak_rate=1|n_units=200|rho=0.9|sigma_u=2,0,autocorrelation_time,max_lag,200.0
2C_esp_map,leak_rate=1|n_units=200|rho=1|sigma_u=0,0,esp_convergence,d_initial,0.5772285330493213
2C_esp_map,leak_rate=1|n_units=200|rho=1|sigma_u=0,0,esp_convergence,d_tail,0.015653828972805484
2C_esp_map,leak_rate=1|n_units=200|rho=1|sigma_u=0,0,esp_convergence,converged,0.0
2C_esp_map,leak_rate=1|n_units=200|rho=1|sigma_u=0,0,esp_convergence,decay_rate_per_step,-0.0002994972253463746
2C_esp_map,leak_rate=1|n_units=200|rho=1|sigma_u=0,0,esp_convergence,n_pairs,10.0
2C_esp_map,leak_rate=1|n_units=200|rho=1|sigma_u=0,0,esp_convergence,n_fit_points,2990.0
2C_esp_map,leak_rate=1|n_units=200|rho=1|sigma_u=0,0,conditional_lyapunov,lyapunov_per_step,-0.000681106945279823
2C_esp_map,leak_rate=1|n_units=200|rho=1|sigma_u=0,0,conditional_lyapunov,lyapunov_per_time,-0.000681106945279823
2C_esp_map,leak_rate=1|n_units=200|rho=1|sigma_u=0,0,conditional_lyapunov,n_intervals,2799.0
2C_esp_map,leak_rate=1|n_units=200|rho=1|sigma_u=0,0,conditional_lyapunov,max_observed_growth,1.0715574679051947
2C_esp_map,leak_rate=1|n_units=200|rho=1|sigma_u=0,0,autocorrelation_time,tau_1e,nan
2C_esp_map,leak_rate=1|n_units=200|rho=1|sigma_u=0,0,autocorrelation_time,tau_censored,200.0
2C_esp_map,leak_rate=1|n_units=200|rho=1|sigma_u=0,0,autocorrelation_time,tau_integrated,179.22618079674757
2C_esp_map,leak_rate=1|n_units=200|rho=1|sigma_u=0,0,autocorrelation_time,max_lag,200.0
2C_esp_map,leak_rate=1|n_units=200|rho=1|sigma_u=0.05,0,esp_convergence,d_initial,0.5768896530584031
2C_esp_map,leak_rate=1|n_units=200|rho=1|sigma_u=0.05,0,esp_convergence,d_tail,2.249012125492524e-13
2C_esp_map,leak_rate=1|n_units=200|rho=1|sigma_u=0.05,0,esp_convergence,converged,1.0
2C_esp_map,leak_rate=1|n_units=200|rho=1|sigma_u=0.05,0,esp_convergence,decay_rate_per_step,-0.009460960550001184
2C_esp_map,leak_rate=1|n_units=200|rho=1|sigma_u=0.05,0,esp_convergence,n_pairs,10.0
2C_esp_map,leak_rate=1|n_units=200|rho=1|sigma_u=0.05,0,esp_convergence,n_fit_points,2990.0
2C_esp_map,leak_rate=1|n_units=200|rho=1|sigma_u=0.05,0,conditional_lyapunov,lyapunov_per_step,-0.009753798614668149
2C_esp_map,leak_rate=1|n_units=200|rho=1|sigma_u=0.05,0,conditional_lyapunov,lyapunov_per_time,-0.009753798614668149
2C_esp_map,leak_rate=1|n_units=200|rho=1|sigma_u=0.05,0,conditional_lyapunov,n_intervals,2799.0
2C_esp_map,leak_rate=1|n_units=200|rho=1|sigma_u=0.05,0,conditional_lyapunov,max_observed_growth,1.0534909425568222
2C_esp_map,leak_rate=1|n_units=200|rho=1|sigma_u=0.05,0,autocorrelation_time,tau_1e,0.8855795482608239
2C_esp_map,leak_rate=1|n_units=200|rho=1|sigma_u=0.05,0,autocorrelation_time,tau_censored,0.8855795482608239
2C_esp_map,leak_rate=1|n_units=200|rho=1|sigma_u=0.05,0,autocorrelation_time,tau_integrated,1.440341083859399
2C_esp_map,leak_rate=1|n_units=200|rho=1|sigma_u=0.05,0,autocorrelation_time,max_lag,200.0
2C_esp_map,leak_rate=1|n_units=200|rho=1|sigma_u=0.1,0,esp_convergence,d_initial,0.5757238363872199
2C_esp_map,leak_rate=1|n_units=200|rho=1|sigma_u=0.1,0,esp_convergence,d_tail,5.464500391825035e-17
2C_esp_map,leak_rate=1|n_units=200|rho=1|sigma_u=0.1,0,esp_convergence,converged,1.0
2C_esp_map,leak_rate=1|n_units=200|rho=1|sigma_u=0.1,0,esp_convergence,decay_rate_per_step,-0.024429624411651012
2C_esp_map,leak_rate=1|n_units=200|rho=1|sigma_u=0.1,0,esp_convergence,n_pairs,10.0
2C_esp_map,leak_rate=1|n_units=200|rho=1|sigma_u=0.1,0,esp_convergence,n_fit_points,1189.0
2C_esp_map,leak_rate=1|n_units=200|rho=1|sigma_u=0.1,0,conditional_lyapunov,lyapunov_per_step,-0.024088525134770028
2C_esp_map,leak_rate=1|n_units=200|rho=1|sigma_u=0.1,0,conditional_lyapunov,lyapunov_per_time,-0.024088525134770028
2C_esp_map,leak_rate=1|n_units=200|rho=1|sigma_u=0.1,0,conditional_lyapunov,n_intervals,2799.0
2C_esp_map,leak_rate=1|n_units=200|rho=1|sigma_u=0.1,0,conditional_lyapunov,max_observed_growth,1.024113395963824
2C_esp_map,leak_rate=1|n_units=200|rho=1|sigma_u=0.1,0,autocorrelation_time,tau_1e,0.8207805337130459
2C_esp_map,leak_rate=1|n_units=200|rho=1|sigma_u=0.1,0,autocorrelation_time,tau_censored,0.8207805337130459
2C_esp_map,leak_rate=1|n_units=200|rho=1|sigma_u=0.1,0,autocorrelation_time,tau_integrated,1.331060849849023
2C_esp_map,leak_rate=1|n_units=200|rho=1|sigma_u=0.1,0,autocorrelation_time,max_lag,200.0
2C_esp_map,leak_rate=1|n_units=200|rho=1|sigma_u=0.2,0,esp_convergence,d_initial,0.570922800072368
2C_esp_map,leak_rate=1|n_units=200|rho=1|sigma_u=0.2,0,esp_convergence,d_tail,7.41401002708641e-17
2C_esp_map,leak_rate=1|n_units=200|rho=1|sigma_u=0.2,0,esp_convergence,converged,1.0
2C_esp_map,leak_rate=1|n_units=200|rho=1|sigma_u=0.2,0,esp_convergence,decay_rate_per_step,-0.05508599082643896
2C_esp_map,leak_rate=1|n_units=200|rho=1|sigma_u=0.2,0,esp_convergence,n_pairs,10.0
2C_esp_map,leak_rate=1|n_units=200|rho=1|sigma_u=0.2,0,esp_convergence,n_fit_points,531.0
2C_esp_map,leak_rate=1|n_units=200|rho=1|sigma_u=0.2,0,conditional_lyapunov,lyapunov_per_step,-0.05674100314602724
2C_esp_map,leak_rate=1|n_units=200|rho=1|sigma_u=0.2,0,conditional_lyapunov,lyapunov_per_time,-0.05674100314602724
2C_esp_map,leak_rate=1|n_units=200|rho=1|sigma_u=0.2,0,conditional_lyapunov,n_intervals,2799.0
2C_esp_map,leak_rate=1|n_units=200|rho=1|sigma_u=0.2,0,conditional_lyapunov,max_observed_growth,1.0171486479828946
2C_esp_map,leak_rate=1|n_units=200|rho=1|sigma_u=0.2,0,autocorrelation_time,tau_1e,0.762100331357418
2C_esp_map,leak_rate=1|n_units=200|rho=1|sigma_u=0.2,0,autocorrelation_time,tau_censored,0.762100331357418
2C_esp_map,leak_rate=1|n_units=200|rho=1|sigma_u=0.2,0,autocorrelation_time,tau_integrated,1.2277078768247143
2C_esp_map,leak_rate=1|n_units=200|rho=1|sigma_u=0.2,0,autocorrelation_time,max_lag,200.0
2C_esp_map,leak_rate=1|n_units=200|rho=1|sigma_u=0.5,0,esp_convergence,d_initial,0.5389083030956883
2C_esp_map,leak_rate=1|n_units=200|rho=1|sigma_u=0.5,0,esp_convergence,d_tail,8.643101168192996e-17
2C_esp_map,leak_rate=1|n_units=200|rho=1|sigma_u=0.5,0,esp_convergence,converged,1.0
2C_esp_map,leak_rate=1|n_units=200|rho=1|sigma_u=0.5,0,esp_convergence,decay_rate_per_step,-0.14692720274397067
2C_esp_map,leak_rate=1|n_units=200|rho=1|sigma_u=0.5,0,esp_convergence,n_pairs,10.0
2C_esp_map,leak_rate=1|n_units=200|rho=1|sigma_u=0.5,0,esp_convergence,n_fit_points,192.0
2C_esp_map,leak_rate=1|n_units=200|rho=1|sigma_u=0.5,0,conditional_lyapunov,lyapunov_per_step,-0.15602688775963625
2C_esp_map,leak_rate=1|n_units=200|rho=1|sigma_u=0.5,0,conditional_lyapunov,lyapunov_per_time,-0.15602688775963625
2C_esp_map,leak_rate=1|n_units=200|rho=1|sigma_u=0.5,0,conditional_lyapunov,n_intervals,2799.0
2C_esp_map,leak_rate=1|n_units=200|rho=1|sigma_u=0.5,0,conditional_lyapunov,max_observed_growth,1.0038669252582368
2C_esp_map,leak_rate=1|n_units=200|rho=1|sigma_u=0.5,0,autocorrelation_time,tau_1e,0.693785363149355
2C_esp_map,leak_rate=1|n_units=200|rho=1|sigma_u=0.5,0,autocorrelation_time,tau_censored,0.693785363149355
2C_esp_map,leak_rate=1|n_units=200|rho=1|sigma_u=0.5,0,autocorrelation_time,tau_integrated,1.0925178842036312
2C_esp_map,leak_rate=1|n_units=200|rho=1|sigma_u=0.5,0,autocorrelation_time,max_lag,200.0
2C_esp_map,leak_rate=1|n_units=200|rho=1|sigma_u=1,0,esp_convergence,d_initial,0.4573890905182461
2C_esp_map,leak_rate=1|n_units=200|rho=1|sigma_u=1,0,esp_convergence,d_tail,8.11183056743084e-17
2C_esp_map,leak_rate=1|n_units=200|rho=1|sigma_u=1,0,esp_convergence,converged,1.0
2C_esp_map,leak_rate=1|n_units=200|rho=1|sigma_u=1,0,esp_convergence,decay_rate_per_step,-0.32591898337603775
2C_esp_map,leak_rate=1|n_units=200|rho=1|sigma_u=1,0,esp_convergence,n_pairs,10.0
2C_esp_map,leak_rate=1|n_units=200|rho=1|sigma_u=1,0,esp_convergence,n_fit_points,87.0
2C_esp_map,leak_rate=1|n_units=200|rho=1|sigma_u=1,0,conditional_lyapunov,lyapunov_per_step,-0.3158599115056981
2C_esp_map,leak_rate=1|n_units=200|rho=1|sigma_u=1,0,conditional_lyapunov,lyapunov_per_time,-0.3158599115056981
2C_esp_map,leak_rate=1|n_units=200|rho=1|sigma_u=1,0,conditional_lyapunov,n_intervals,2799.0
2C_esp_map,leak_rate=1|n_units=200|rho=1|sigma_u=1,0,conditional_lyapunov,max_observed_growth,0.9889644584116866
2C_esp_map,leak_rate=1|n_units=200|rho=1|sigma_u=1,0,autocorrelation_time,tau_1e,0.657982046195115
2C_esp_map,leak_rate=1|n_units=200|rho=1|sigma_u=1,0,autocorrelation_time,tau_censored,0.657982046195115
2C_esp_map,leak_rate=1|n_units=200|rho=1|sigma_u=1,0,autocorrelation_time,tau_integrated,1.0393042447223377
2C_esp_map,leak_rate=1|n_units=200|rho=1|sigma_u=1,0,autocorrelation_time,max_lag,200.0
2C_esp_map,leak_rate=1|n_units=200|rho=1|sigma_u=2,0,esp_convergence,d_initial,0.3420072448680972
2C_esp_map,leak_rate=1|n_units=200|rho=1|sigma_u=2,0,esp_convergence,d_tail,6.201289215062782e-17
2C_esp_map,leak_rate=1|n_units=200|rho=1|sigma_u=2,0,esp_convergence,converged,1.0
2C_esp_map,leak_rate=1|n_units=200|rho=1|sigma_u=2,0,esp_convergence,decay_rate_per_step,-0.4848888915714636
2C_esp_map,leak_rate=1|n_units=200|rho=1|sigma_u=2,0,esp_convergence,n_pairs,10.0
2C_esp_map,leak_rate=1|n_units=200|rho=1|sigma_u=2,0,esp_convergence,n_fit_points,51.0
2C_esp_map,leak_rate=1|n_units=200|rho=1|sigma_u=2,0,conditional_lyapunov,lyapunov_per_step,-0.547207046858342
2C_esp_map,leak_rate=1|n_units=200|rho=1|sigma_u=2,0,conditional_lyapunov,lyapunov_per_time,-0.547207046858342
2C_esp_map,leak_rate=1|n_units=200|rho=1|sigma_u=2,0,conditional_lyapunov,n_intervals,2799.0
2C_esp_map,leak_rate=1|n_units=200|rho=1|sigma_u=2,0,conditional_lyapunov,max_observed_growth,0.9175021539019017
2C_esp_map,leak_rate=1|n_units=200|rho=1|sigma_u=2,0,autocorrelation_time,tau_1e,0.6362326212340019
2C_esp_map,leak_rate=1|n_units=200|rho=1|sigma_u=2,0,autocorrelation_time,tau_censored,0.6362326212340019
2C_esp_map,leak_rate=1|n_units=200|rho=1|sigma_u=2,0,autocorrelation_time,tau_integrated,1.0064631429892243
2C_esp_map,leak_rate=1|n_units=200|rho=1|sigma_u=2,0,autocorrelation_time,max_lag,200.0
2C_esp_map,leak_rate=1|n_units=200|rho=1.1|sigma_u=0,0,esp_convergence,d_initial,0.6155841182286641
2C_esp_map,leak_rate=1|n_units=200|rho=1.1|sigma_u=0,0,esp_convergence,d_tail,0.5259551915161998
2C_esp_map,leak_rate=1|n_units=200|rho=1.1|sigma_u=0,0,esp_convergence,converged,0.0
2C_esp_map,leak_rate=1|n_units=200|rho=1.1|sigma_u=0,0,esp_convergence,decay_rate_per_step,1.6608910251597168e-05
2C_esp_map,leak_rate=1|n_units=200|rho=1.1|sigma_u=0,0,esp_convergence,n_pairs,10.0
2C_esp_map,leak_rate=1|n_units=200|rho=1.1|sigma_u=0,0,esp_convergence,n_fit_points,2990.0
2C_esp_map,leak_rate=1|n_units=200|rho=1.1|sigma_u=0,0,conditional_lyapunov,lyapunov_per_step,-0.03180396329470482
2C_esp_map,leak_rate=1|n_units=200|rho=1.1|sigma_u=0,0,conditional_lyapunov,lyapunov_per_time,-0.03180396329470482
2C_esp_map,leak_rate=1|n_units=200|rho=1.1|sigma_u=0,0,conditional_lyapunov,n_intervals,2799.0
2C_esp_map,leak_rate=1|n_units=200|rho=1.1|sigma_u=0,0,conditional_lyapunov,max_observed_growth,1.0479797495642724
2C_esp_map,leak_rate=1|n_units=200|rho=1.1|sigma_u=0,0,autocorrelation_time,tau_1e,0.3251282751692328
2C_esp_map,leak_rate=1|n_units=200|rho=1.1|sigma_u=0,0,autocorrelation_time,tau_censored,0.3251282751692328
2C_esp_map,leak_rate=1|n_units=200|rho=1.1|sigma_u=0,0,autocorrelation_time,tau_integrated,0.9999999999999946
2C_esp_map,leak_rate=1|n_units=200|rho=1.1|sigma_u=0,0,autocorrelation_time,max_lag,200.0
2C_esp_map,leak_rate=1|n_units=200|rho=1.1|sigma_u=0.05,0,esp_convergence,d_initial,0.615325726453967
2C_esp_map,leak_rate=1|n_units=200|rho=1.1|sigma_u=0.05,0,esp_convergence,d_tail,0.5025234870605598
2C_esp_map,leak_rate=1|n_units=200|rho=1.1|sigma_u=0.05,0,esp_convergence,converged,0.0
2C_esp_map,leak_rate=1|n_units=200|rho=1.1|sigma_u=0.05,0,esp_convergence,decay_rate_per_step,2.2423758793192876e-05
2C_esp_map,leak_rate=1|n_units=200|rho=1.1|sigma_u=0.05,0,esp_convergence,n_pairs,10.0
2C_esp_map,leak_rate=1|n_units=200|rho=1.1|sigma_u=0.05,0,esp_convergence,n_fit_points,2990.0
2C_esp_map,leak_rate=1|n_units=200|rho=1.1|sigma_u=0.05,0,conditional_lyapunov,lyapunov_per_step,-0.03437686134653388
2C_esp_map,leak_rate=1|n_units=200|rho=1.1|sigma_u=0.05,0,conditional_lyapunov,lyapunov_per_time,-0.03437686134653388
2C_esp_map,leak_rate=1|n_units=200|rho=1.1|sigma_u=0.05,0,conditional_lyapunov,n_intervals,2799.0
2C_esp_map,leak_rate=1|n_units=200|rho=1.1|sigma_u=0.05,0,conditional_lyapunov,max_observed_growth,1.0556228326061974
2C_esp_map,leak_rate=1|n_units=200|rho=1.1|sigma_u=0.05,0,autocorrelation_time,tau_1e,0.813724197373705
2C_esp_map,leak_rate=1|n_units=200|rho=1.1|sigma_u=0.05,0,autocorrelation_time,tau_censored,0.813724197373705
2C_esp_map,leak_rate=1|n_units=200|rho=1.1|sigma_u=0.05,0,autocorrelation_time,tau_integrated,1.2755745170260655
2C_esp_map,leak_rate=1|n_units=200|rho=1.1|sigma_u=0.05,0,autocorrelation_time,max_lag,200.0
2C_esp_map,leak_rate=1|n_units=200|rho=1.1|sigma_u=0.1,0,esp_convergence,d_initial,0.61427047919633
2C_esp_map,leak_rate=1|n_units=200|rho=1.1|sigma_u=0.1,0,esp_convergence,d_tail,0.43567266904530566
2C_esp_map,leak_rate=1|n_units=200|rho=1.1|sigma_u=0.1,0,esp_convergence,converged,0.0
2C_esp_map,leak_rate=1|n_units=200|rho=1.1|sigma_u=0.1,0,esp_convergence,decay_rate_per_step,7.343736911028538e-05
2C_esp_map,leak_rate=1|n_units=200|rho=1.1|sigma_u=0.1,0,esp_convergence,n_pairs,10.0
2C_esp_map,leak_rate=1|n_units=200|rho=1.1|sigma_u=0.1,0,esp_convergence,n_fit_points,2990.0
2C_esp_map,leak_rate=1|n_units=200|rho=1.1|sigma_u=0.1,0,conditional_lyapunov,lyapunov_per_step,-0.038115057894126586
2C_esp_map,leak_rate=1|n_units=200|rho=1.1|sigma_u=0.1,0,conditional_lyapunov,lyapunov_per_time,-0.038115057894126586
2C_esp_map,leak_rate=1|n_units=200|rho=1.1|sigma_u=0.1,0,conditional_lyapunov,n_intervals,2799.0
2C_esp_map,leak_rate=1|n_units=200|rho=1.1|sigma_u=0.1,0,conditional_lyapunov,max_observed_growth,1.092956925450915
2C_esp_map,leak_rate=1|n_units=200|rho=1.1|sigma_u=0.1,0,autocorrelation_time,tau_1e,0.8124123044541164
2C_esp_map,leak_rate=1|n_units=200|rho=1.1|sigma_u=0.1,0,autocorrelation_time,tau_censored,0.8124123044541164
2C_esp_map,leak_rate=1|n_units=200|rho=1.1|sigma_u=0.1,0,autocorrelation_time,tau_integrated,1.278722976803979
2C_esp_map,leak_rate=1|n_units=200|rho=1.1|sigma_u=0.1,0,autocorrelation_time,max_lag,200.0
2C_esp_map,leak_rate=1|n_units=200|rho=1.1|sigma_u=0.2,0,esp_convergence,d_initial,0.6097673998939686
2C_esp_map,leak_rate=1|n_units=200|rho=1.1|sigma_u=0.2,0,esp_convergence,d_tail,1.4392797527328052e-16
2C_esp_map,leak_rate=1|n_units=200|rho=1.1|sigma_u=0.2,0,esp_convergence,converged,1.0
2C_esp_map,leak_rate=1|n_units=200|rho=1.1|sigma_u=0.2,0,esp_convergence,decay_rate_per_step,-0.024769984905876858
2C_esp_map,leak_rate=1|n_units=200|rho=1.1|sigma_u=0.2,0,esp_convergence,n_pairs,10.0
2C_esp_map,leak_rate=1|n_units=200|rho=1.1|sigma_u=0.2,0,esp_convergence,n_fit_points,1260.0
2C_esp_map,leak_rate=1|n_units=200|rho=1.1|sigma_u=0.2,0,conditional_lyapunov,lyapunov_per_step,-0.025223251465626817
2C_esp_map,leak_rate=1|n_units=200|rho=1.1|sigma_u=0.2,0,conditional_lyapunov,lyapunov_per_time,-0.025223251465626817
2C_esp_map,leak_rate=1|n_units=200|rho=1.1|sigma_u=0.2,0,conditional_lyapunov,n_intervals,2799.0
2C_esp_map,leak_rate=1|n_units=200|rho=1.1|sigma_u=0.2,0,conditional_lyapunov,max_observed_growth,1.1095954168910218
2C_esp_map,leak_rate=1|n_units=200|rho=1.1|sigma_u=0.2,0,autocorrelation_time,tau_1e,0.8489969427562387
2C_esp_map,leak_rate=1|n_units=200|rho=1.1|sigma_u=0.2,0,autocorrelation_time,tau_censored,0.8489969427562387
2C_esp_map,leak_rate=1|n_units=200|rho=1.1|sigma_u=0.2,0,autocorrelation_time,tau_integrated,1.412722733862183
2C_esp_map,leak_rate=1|n_units=200|rho=1.1|sigma_u=0.2,0,autocorrelation_time,max_lag,200.0
2C_esp_map,leak_rate=1|n_units=200|rho=1.1|sigma_u=0.5,0,esp_convergence,d_initial,0.5788228263105933
2C_esp_map,leak_rate=1|n_units=200|rho=1.1|sigma_u=0.5,0,esp_convergence,d_tail,1.1937670456060066e-16
2C_esp_map,leak_rate=1|n_units=200|rho=1.1|sigma_u=0.5,0,esp_convergence,converged,1.0
2C_esp_map,leak_rate=1|n_units=200|rho=1.1|sigma_u=0.5,0,esp_convergence,decay_rate_per_step,-0.09177556940319558
2C_esp_map,leak_rate=1|n_units=200|rho=1.1|sigma_u=0.5,0,esp_convergence,n_pairs,10.0
2C_esp_map,leak_rate=1|n_units=200|rho=1.1|sigma_u=0.5,0,esp_convergence,n_fit_points,302.0
2C_esp_map,leak_rate=1|n_units=200|rho=1.1|sigma_u=0.5,0,conditional_lyapunov,lyapunov_per_step,-0.10109996821432143
2C_esp_map,leak_rate=1|n_units=200|rho=1.1|sigma_u=0.5,0,conditional_lyapunov,lyapunov_per_time,-0.10109996821432143
2C_esp_map,leak_rate=1|n_units=200|rho=1.1|sigma_u=0.5,0,conditional_lyapunov,n_intervals,2799.0
2C_esp_map,leak_rate=1|n_units=200|rho=1.1|sigma_u=0.5,0,conditional_lyapunov,max_observed_growth,1.087900878764738
2C_esp_map,leak_rate=1|n_units=200|rho=1.1|sigma_u=0.5,0,autocorrelation_time,tau_1e,0.7142979890733041
2C_esp_map,leak_rate=1|n_units=200|rho=1.1|sigma_u=0.5,0,autocorrelation_time,tau_censored,0.7142979890733041
2C_esp_map,leak_rate=1|n_units=200|rho=1.1|sigma_u=0.5,0,autocorrelation_time,tau_integrated,1.1451771218218632
2C_esp_map,leak_rate=1|n_units=200|rho=1.1|sigma_u=0.5,0,autocorrelation_time,max_lag,200.0
2C_esp_map,leak_rate=1|n_units=200|rho=1.1|sigma_u=1,0,esp_convergence,d_initial,0.4963551594527776
2C_esp_map,leak_rate=1|n_units=200|rho=1.1|sigma_u=1,0,esp_convergence,d_tail,1.003510131436087e-16
2C_esp_map,leak_rate=1|n_units=200|rho=1.1|sigma_u=1,0,esp_convergence,converged,1.0
2C_esp_map,leak_rate=1|n_units=200|rho=1.1|sigma_u=1,0,esp_convergence,decay_rate_per_step,-0.25262195324733117
2C_esp_map,leak_rate=1|n_units=200|rho=1.1|sigma_u=1,0,esp_convergence,n_pairs,10.0
2C_esp_map,leak_rate=1|n_units=200|rho=1.1|sigma_u=1,0,esp_convergence,n_fit_points,120.0
2C_esp_map,leak_rate=1|n_units=200|rho=1.1|sigma_u=1,0,conditional_lyapunov,lyapunov_per_step,-0.2527704836539281
2C_esp_map,leak_rate=1|n_units=200|rho=1.1|sigma_u=1,0,conditional_lyapunov,lyapunov_per_time,-0.2527704836539281
2C_esp_map,leak_rate=1|n_units=200|rho=1.1|sigma_u=1,0,conditional_lyapunov,n_intervals,2799.0
2C_esp_map,leak_rate=1|n_units=200|rho=1.1|sigma_u=1,0,conditional_lyapunov,max_observed_growth,1.0577159235901696
2C_esp_map,leak_rate=1|n_units=200|rho=1.1|sigma_u=1,0,autocorrelation_time,tau_1e,0.6657305808924455
2C_esp_map,leak_rate=1|n_units=200|rho=1.1|sigma_u=1,0,autocorrelation_time,tau_censored,0.6657305808924455
2C_esp_map,leak_rate=1|n_units=200|rho=1.1|sigma_u=1,0,autocorrelation_time,tau_integrated,1.050485921825661
2C_esp_map,leak_rate=1|n_units=200|rho=1.1|sigma_u=1,0,autocorrelation_time,max_lag,200.0
2C_esp_map,leak_rate=1|n_units=200|rho=1.1|sigma_u=2,0,esp_convergence,d_initial,0.3727349848741766
2C_esp_map,leak_rate=1|n_units=200|rho=1.1|sigma_u=2,0,esp_convergence,d_tail,7.428262388457058e-17
2C_esp_map,leak_rate=1|n_units=200|rho=1.1|sigma_u=2,0,esp_convergence,converged,1.0
2C_esp_map,leak_rate=1|n_units=200|rho=1.1|sigma_u=2,0,esp_convergence,decay_rate_per_step,-0.4264500428374899
2C_esp_map,leak_rate=1|n_units=200|rho=1.1|sigma_u=2,0,esp_convergence,n_pairs,10.0
2C_esp_map,leak_rate=1|n_units=200|rho=1.1|sigma_u=2,0,esp_convergence,n_fit_points,61.0
2C_esp_map,leak_rate=1|n_units=200|rho=1.1|sigma_u=2,0,conditional_lyapunov,lyapunov_per_step,-0.46883505801045117
2C_esp_map,leak_rate=1|n_units=200|rho=1.1|sigma_u=2,0,conditional_lyapunov,lyapunov_per_time,-0.46883505801045117
2C_esp_map,leak_rate=1|n_units=200|rho=1.1|sigma_u=2,0,conditional_lyapunov,n_intervals,2799.0
2C_esp_map,leak_rate=1|n_units=200|rho=1.1|sigma_u=2,0,conditional_lyapunov,max_observed_growth,0.9896021274501164
2C_esp_map,leak_rate=1|n_units=200|rho=1.1|sigma_u=2,0,autocorrelation_time,tau_1e,0.6391641243775743
2C_esp_map,leak_rate=1|n_units=200|rho=1.1|sigma_u=2,0,autocorrelation_time,tau_censored,0.6391641243775743
2C_esp_map,leak_rate=1|n_units=200|rho=1.1|sigma_u=2,0,autocorrelation_time,tau_integrated,1.0110199638565067
2C_esp_map,leak_rate=1|n_units=200|rho=1.1|sigma_u=2,0,autocorrelation_time,max_lag,200.0
2C_esp_map,leak_rate=1|n_units=200|rho=1.2|sigma_u=0,0,esp_convergence,d_initial,0.6509192081967499
2C_esp_map,leak_rate=1|n_units=200|rho=1.2|sigma_u=0,0,esp_convergence,d_tail,0.7351707544360406
2C_esp_map,leak_rate=1|n_units=200|rho=1.2|sigma_u=0,0,esp_convergence,converged,0.0
2C_esp_map,leak_rate=1|n_units=200|rho=1.2|sigma_u=0,0,esp_convergence,decay_rate_per_step,8.281130534226746e-06
2C_esp_map,leak_rate=1|n_units=200|rho=1.2|sigma_u=0,0,esp_convergence,n_pairs,10.0
2C_esp_map,leak_rate=1|n_units=200|rho=1.2|sigma_u=0,0,esp_convergence,n_fit_points,2990.0
2C_esp_map,leak_rate=1|n_units=200|rho=1.2|sigma_u=0,0,conditional_lyapunov,lyapunov_per_step,-0.0005578672443587939
2C_esp_map,leak_rate=1|n_units=200|rho=1.2|sigma_u=0,0,conditional_lyapunov,lyapunov_per_time,-0.0005578672443587939
2C_esp_map,leak_rate=1|n_units=200|rho=1.2|sigma_u=0,0,conditional_lyapunov,n_intervals,2799.0
2C_esp_map,leak_rate=1|n_units=200|rho=1.2|sigma_u=0,0,conditional_lyapunov,max_observed_growth,1.071639736378225
2C_esp_map,leak_rate=1|n_units=200|rho=1.2|sigma_u=0,0,autocorrelation_time,tau_1e,0.34360501305459507
2C_esp_map,leak_rate=1|n_units=200|rho=1.2|sigma_u=0,0,autocorrelation_time,tau_censored,0.34360501305459507
2C_esp_map,leak_rate=1|n_units=200|rho=1.2|sigma_u=0,0,autocorrelation_time,tau_integrated,1.0
2C_esp_map,leak_rate=1|n_units=200|rho=1.2|sigma_u=0,0,autocorrelation_time,max_lag,200.0
2C_esp_map,leak_rate=1|n_units=200|rho=1.2|sigma_u=0.05,0,esp_convergence,d_initial,0.65073879358828
2C_esp_map,leak_rate=1|n_units=200|rho=1.2|sigma_u=0.05,0,esp_convergence,d_tail,0.6940948633402906
2C_esp_map,leak_rate=1|n_units=200|rho=1.2|sigma_u=0.05,0,esp_convergence,converged,0.0
2C_esp_map,leak_rate=1|n_units=200|rho=1.2|sigma_u=0.05,0,esp_convergence,decay_rate_per_step,8.896032555841396e-06
2C_esp_map,leak_rate=1|n_units=200|rho=1.2|sigma_u=0.05,0,esp_convergence,n_pairs,10.0
2C_esp_map,leak_rate=1|n_units=200|rho=1.2|sigma_u=0.05,0,esp_convergence,n_fit_points,2990.0
2C_esp_map,leak_rate=1|n_units=200|rho=1.2|sigma_u=0.05,0,conditional_lyapunov,lyapunov_per_step,-0.006857195906927108
2C_esp_map,leak_rate=1|n_units=200|rho=1.2|sigma_u=0.05,0,conditional_lyapunov,lyapunov_per_time,-0.006857195906927108
2C_esp_map,leak_rate=1|n_units=200|rho=1.2|sigma_u=0.05,0,conditional_lyapunov,n_intervals,2799.0
2C_esp_map,leak_rate=1|n_units=200|rho=1.2|sigma_u=0.05,0,conditional_lyapunov,max_observed_growth,1.0986227251705587
2C_esp_map,leak_rate=1|n_units=200|rho=1.2|sigma_u=0.05,0,autocorrelation_time,tau_1e,0.6327379220968116
2C_esp_map,leak_rate=1|n_units=200|rho=1.2|sigma_u=0.05,0,autocorrelation_time,tau_censored,0.6327379220968116
2C_esp_map,leak_rate=1|n_units=200|rho=1.2|sigma_u=0.05,0,autocorrelation_time,tau_integrated,1.2938812212977568
2C_esp_map,leak_rate=1|n_units=200|rho=1.2|sigma_u=0.05,0,autocorrelation_time,max_lag,200.0
2C_esp_map,leak_rate=1|n_units=200|rho=1.2|sigma_u=0.1,0,esp_convergence,d_initial,0.6497960194455503
2C_esp_map,leak_rate=1|n_units=200|rho=1.2|sigma_u=0.1,0,esp_convergence,d_tail,0.6414286544034449
2C_esp_map,leak_rate=1|n_units=200|rho=1.2|sigma_u=0.1,0,esp_convergence,converged,0.0
2C_esp_map,leak_rate=1|n_units=200|rho=1.2|sigma_u=0.1,0,esp_convergence,decay_rate_per_step,1.187022908137904e-05
2C_esp_map,leak_rate=1|n_units=200|rho=1.2|sigma_u=0.1,0,esp_convergence,n_pairs,10.0
2C_esp_map,leak_rate=1|n_units=200|rho=1.2|sigma_u=0.1,0,esp_convergence,n_fit_points,2990.0
2C_esp_map,leak_rate=1|n_units=200|rho=1.2|sigma_u=0.1,0,conditional_lyapunov,lyapunov_per_step,-0.019229092186687335
2C_esp_map,leak_rate=1|n_units=200|rho=1.2|sigma_u=0.1,0,conditional_lyapunov,lyapunov_per_time,-0.019229092186687335
2C_esp_map,leak_rate=1|n_units=200|rho=1.2|sigma_u=0.1,0,conditional_lyapunov,n_intervals,2799.0
2C_esp_map,leak_rate=1|n_units=200|rho=1.2|sigma_u=0.1,0,conditional_lyapunov,max_observed_growth,1.1360554648909753
2C_esp_map,leak_rate=1|n_units=200|rho=1.2|sigma_u=0.1,0,autocorrelation_time,tau_1e,0.7652628795240101
2C_esp_map,leak_rate=1|n_units=200|rho=1.2|sigma_u=0.1,0,autocorrelation_time,tau_censored,0.7652628795240101
2C_esp_map,leak_rate=1|n_units=200|rho=1.2|sigma_u=0.1,0,autocorrelation_time,tau_integrated,1.2922876496208673
2C_esp_map,leak_rate=1|n_units=200|rho=1.2|sigma_u=0.1,0,autocorrelation_time,max_lag,200.0
2C_esp_map,leak_rate=1|n_units=200|rho=1.2|sigma_u=0.2,0,esp_convergence,d_initial,0.6456099250465241
2C_esp_map,leak_rate=1|n_units=200|rho=1.2|sigma_u=0.2,0,esp_convergence,d_tail,2.4352206036915425e-16
2C_esp_map,leak_rate=1|n_units=200|rho=1.2|sigma_u=0.2,0,esp_convergence,converged,1.0
2C_esp_map,leak_rate=1|n_units=200|rho=1.2|sigma_u=0.2,0,esp_convergence,decay_rate_per_step,-0.012589044172824198
2C_esp_map,leak_rate=1|n_units=200|rho=1.2|sigma_u=0.2,0,esp_convergence,n_pairs,10.0
2C_esp_map,leak_rate=1|n_units=200|rho=1.2|sigma_u=0.2,0,esp_convergence,n_fit_points,1842.0
2C_esp_map,leak_rate=1|n_units=200|rho=1.2|sigma_u=0.2,0,conditional_lyapunov,lyapunov_per_step,-0.02303345986952205
2C_esp_map,leak_rate=1|n_units=200|rho=1.2|sigma_u=0.2,0,conditional_lyapunov,lyapunov_per_time,-0.02303345986952205
2C_esp_map,leak_rate=1|n_units=200|rho=1.2|sigma_u=0.2,0,conditional_lyapunov,n_intervals,2799.0
2C_esp_map,leak_rate=1|n_units=200|rho=1.2|sigma_u=0.2,0,conditional_lyapunov,max_observed_growth,1.1670208004349034
2C_esp_map,leak_rate=1|n_units=200|rho=1.2|sigma_u=0.2,0,autocorrelation_time,tau_1e,0.951524027316417
2C_esp_map,leak_rate=1|n_units=200|rho=1.2|sigma_u=0.2,0,autocorrelation_time,tau_censored,0.951524027316417
2C_esp_map,leak_rate=1|n_units=200|rho=1.2|sigma_u=0.2,0,autocorrelation_time,tau_integrated,1.5778236974953743
2C_esp_map,leak_rate=1|n_units=200|rho=1.2|sigma_u=0.2,0,autocorrelation_time,max_lag,200.0
2C_esp_map,leak_rate=1|n_units=200|rho=1.2|sigma_u=0.5,0,esp_convergence,d_initial,0.6159708143429312
2C_esp_map,leak_rate=1|n_units=200|rho=1.2|sigma_u=0.5,0,esp_convergence,d_tail,1.6296474922646614e-16
2C_esp_map,leak_rate=1|n_units=200|rho=1.2|sigma_u=0.5,0,esp_convergence,converged,1.0
2C_esp_map,leak_rate=1|n_units=200|rho=1.2|sigma_u=0.5,0,esp_convergence,decay_rate_per_step,-0.061609771592931274
2C_esp_map,leak_rate=1|n_units=200|rho=1.2|sigma_u=0.5,0,esp_convergence,n_pairs,10.0
2C_esp_map,leak_rate=1|n_units=200|rho=1.2|sigma_u=0.5,0,esp_convergence,n_fit_points,464.0
2C_esp_map,leak_rate=1|n_units=200|rho=1.2|sigma_u=0.5,0,conditional_lyapunov,lyapunov_per_step,-0.07109610161680713
2C_esp_map,leak_rate=1|n_units=200|rho=1.2|sigma_u=0.5,0,conditional_lyapunov,lyapunov_per_time,-0.07109610161680713
2C_esp_map,leak_rate=1|n_units=200|rho=1.2|sigma_u=0.5,0,conditional_lyapunov,n_intervals,2799.0
2C_esp_map,leak_rate=1|n_units=200|rho=1.2|sigma_u=0.5,0,conditional_lyapunov,max_observed_growth,1.1616028279240662
2C_esp_map,leak_rate=1|n_units=200|rho=1.2|sigma_u=0.5,0,autocorrelation_time,tau_1e,0.7341280551986274
2C_esp_map,leak_rate=1|n_units=200|rho=1.2|sigma_u=0.5,0,autocorrelation_time,tau_censored,0.7341280551986274
2C_esp_map,leak_rate=1|n_units=200|rho=1.2|sigma_u=0.5,0,autocorrelation_time,tau_integrated,1.2007277617339833
2C_esp_map,leak_rate=1|n_units=200|rho=1.2|sigma_u=0.5,0,autocorrelation_time,max_lag,200.0
2C_esp_map,leak_rate=1|n_units=200|rho=1.2|sigma_u=1,0,esp_convergence,d_initial,0.5336521813098856
2C_esp_map,leak_rate=1|n_units=200|rho=1.2|sigma_u=1,0,esp_convergence,d_tail,1.2129574376692368e-16
2C_esp_map,leak_rate=1|n_units=200|rho=1.2|sigma_u=1,0,esp_convergence,converged,1.0
2C_esp_map,leak_rate=1|n_units=200|rho=1.2|sigma_u=1,0,esp_convergence,decay_rate_per_step,-0.19670954835209914
2C_esp_map,leak_rate=1|n_units=200|rho=1.2|sigma_u=1,0,esp_convergence,n_pairs,10.0
2C_esp_map,leak_rate=1|n_units=200|rho=1.2|sigma_u=1,0,esp_convergence,n_fit_points,149.0
2C_esp_map,leak_rate=1|n_units=200|rho=1.2|sigma_u=1,0,conditional_lyapunov,lyapunov_per_step,-0.198360959802919
2C_esp_map,leak_rate=1|n_units=200|rho=1.2|sigma_u=1,0,conditional_lyapunov,lyapunov_per_time,-0.198360959802919
2C_esp_map,leak_rate=1|n_units=200|rho=1.2|sigma_u=1,0,conditional_lyapunov,n_intervals,2799.0
2C_esp_map,leak_rate=1|n_units=200|rho=1.2|sigma_u=1,0,conditional_lyapunov,max_observed_growth,1.1155140218553428
2C_esp_map,leak_rate=1|n_units=200|rho=1.2|sigma_u=1,0,autocorrelation_time,tau_1e,0.6738531463047941
2C_esp_map,leak_rate=1|n_units=200|rho=1.2|sigma_u=1,0,autocorrelation_time,tau_censored,0.6738531463047941
2C_esp_map,leak_rate=1|n_units=200|rho=1.2|sigma_u=1,0,autocorrelation_time,tau_integrated,1.0619312793968319
2C_esp_map,leak_rate=1|n_units=200|rho=1.2|sigma_u=1,0,autocorrelation_time,max_lag,200.0
2C_esp_map,leak_rate=1|n_units=200|rho=1.2|sigma_u=2,0,esp_convergence,d_initial,0.40261751017237163
2C_esp_map,leak_rate=1|n_units=200|rho=1.2|sigma_u=2,0,esp_convergence,d_tail,8.764457532094322e-17
2C_esp_map,leak_rate=1|n_units=200|rho=1.2|sigma_u=2,0,esp_convergence,converged,1.0
2C_esp_map,leak_rate=1|n_units=200|rho=1.2|sigma_u=2,0,esp_convergence,decay_rate_per_step,-0.36312907719562454
2C_esp_map,leak_rate=1|n_units=200|rho=1.2|sigma_u=2,0,esp_convergence,n_pairs,10.0
2C_esp_map,leak_rate=1|n_units=200|rho=1.2|sigma_u=2,0,esp_convergence,n_fit_points,74.0
2C_esp_map,leak_rate=1|n_units=200|rho=1.2|sigma_u=2,0,conditional_lyapunov,lyapunov_per_step,-0.3965637568413644
2C_esp_map,leak_rate=1|n_units=200|rho=1.2|sigma_u=2,0,conditional_lyapunov,lyapunov_per_time,-0.3965637568413644
2C_esp_map,leak_rate=1|n_units=200|rho=1.2|sigma_u=2,0,conditional_lyapunov,n_intervals,2799.0
2C_esp_map,leak_rate=1|n_units=200|rho=1.2|sigma_u=2,0,conditional_lyapunov,max_observed_growth,1.0487432375662396
2C_esp_map,leak_rate=1|n_units=200|rho=1.2|sigma_u=2,0,autocorrelation_time,tau_1e,0.6422445385919787
2C_esp_map,leak_rate=1|n_units=200|rho=1.2|sigma_u=2,0,autocorrelation_time,tau_censored,0.6422445385919787
2C_esp_map,leak_rate=1|n_units=200|rho=1.2|sigma_u=2,0,autocorrelation_time,tau_integrated,1.015763434572159
2C_esp_map,leak_rate=1|n_units=200|rho=1.2|sigma_u=2,0,autocorrelation_time,max_lag,200.0
2C_esp_map,leak_rate=1|n_units=200|rho=1.3|sigma_u=0,0,esp_convergence,d_initial,0.6834809781637562
2C_esp_map,leak_rate=1|n_units=200|rho=1.3|sigma_u=0,0,esp_convergence,d_tail,0.8928648761938021
2C_esp_map,leak_rate=1|n_units=200|rho=1.3|sigma_u=0,0,esp_convergence,converged,0.0
2C_esp_map,leak_rate=1|n_units=200|rho=1.3|sigma_u=0,0,esp_convergence,decay_rate_per_step,1.088446464862282e-05
2C_esp_map,leak_rate=1|n_units=200|rho=1.3|sigma_u=0,0,esp_convergence,n_pairs,10.0
2C_esp_map,leak_rate=1|n_units=200|rho=1.3|sigma_u=0,0,esp_convergence,n_fit_points,2990.0
2C_esp_map,leak_rate=1|n_units=200|rho=1.3|sigma_u=0,0,conditional_lyapunov,lyapunov_per_step,-0.00015083673742709178
2C_esp_map,leak_rate=1|n_units=200|rho=1.3|sigma_u=0,0,conditional_lyapunov,lyapunov_per_time,-0.00015083673742709178
2C_esp_map,leak_rate=1|n_units=200|rho=1.3|sigma_u=0,0,conditional_lyapunov,n_intervals,2799.0
2C_esp_map,leak_rate=1|n_units=200|rho=1.3|sigma_u=0,0,conditional_lyapunov,max_observed_growth,1.1972778404398887
2C_esp_map,leak_rate=1|n_units=200|rho=1.3|sigma_u=0,0,autocorrelation_time,tau_1e,0.48370784244147763
2C_esp_map,leak_rate=1|n_units=200|rho=1.3|sigma_u=0,0,autocorrelation_time,tau_censored,0.48370784244147763
2C_esp_map,leak_rate=1|n_units=200|rho=1.3|sigma_u=0,0,autocorrelation_time,tau_integrated,1.0
2C_esp_map,leak_rate=1|n_units=200|rho=1.3|sigma_u=0,0,autocorrelation_time,max_lag,200.0
2C_esp_map,leak_rate=1|n_units=200|rho=1.3|sigma_u=0.05,0,esp_convergence,d_initial,0.6833741700218041
2C_esp_map,leak_rate=1|n_units=200|rho=1.3|sigma_u=0.05,0,esp_convergence,d_tail,0.8048364825627884
2C_esp_map,leak_rate=1|n_units=200|rho=1.3|sigma_u=0.05,0,esp_convergence,converged,0.0
2C_esp_map,leak_rate=1|n_units=200|rho=1.3|sigma_u=0.05,0,esp_convergence,decay_rate_per_step,2.3477346074104055e-06
2C_esp_map,leak_rate=1|n_units=200|rho=1.3|sigma_u=0.05,0,esp_convergence,n_pairs,10.0
2C_esp_map,leak_rate=1|n_units=200|rho=1.3|sigma_u=0.05,0,esp_convergence,n_fit_points,2990.0
2C_esp_map,leak_rate=1|n_units=200|rho=1.3|sigma_u=0.05,0,conditional_lyapunov,lyapunov_per_step,-0.0010432524143302478
2C_esp_map,leak_rate=1|n_units=200|rho=1.3|sigma_u=0.05,0,conditional_lyapunov,lyapunov_per_time,-0.0010432524143302478
2C_esp_map,leak_rate=1|n_units=200|rho=1.3|sigma_u=0.05,0,conditional_lyapunov,n_intervals,2799.0
2C_esp_map,leak_rate=1|n_units=200|rho=1.3|sigma_u=0.05,0,conditional_lyapunov,max_observed_growth,1.1832616130553286
2C_esp_map,leak_rate=1|n_units=200|rho=1.3|sigma_u=0.05,0,autocorrelation_time,tau_1e,0.5008513815156647
2C_esp_map,leak_rate=1|n_units=200|rho=1.3|sigma_u=0.05,0,autocorrelation_time,tau_censored,0.5008513815156647
2C_esp_map,leak_rate=1|n_units=200|rho=1.3|sigma_u=0.05,0,autocorrelation_time,tau_integrated,0.9999999999999997
2C_esp_map,leak_rate=1|n_units=200|rho=1.3|sigma_u=0.05,0,autocorrelation_time,max_lag,200.0
2C_esp_map,leak_rate=1|n_units=200|rho=1.3|sigma_u=0.1,0,esp_convergence,d_initial,0.6825417725581789
2C_esp_map,leak_rate=1|n_units=200|rho=1.3|sigma_u=0.1,0,esp_convergence,d_tail,0.7929250539439405
2C_esp_map,leak_rate=1|n_units=200|rho=1.3|sigma_u=0.1,0,esp_convergence,converged,0.0
2C_esp_map,leak_rate=1|n_units=200|rho=1.3|sigma_u=0.1,0,esp_convergence,decay_rate_per_step,-3.5290413980941537e-06
2C_esp_map,leak_rate=1|n_units=200|rho=1.3|sigma_u=0.1,0,esp_convergence,n_pairs,10.0
2C_esp_map,leak_rate=1|n_units=200|rho=1.3|sigma_u=0.1,0,esp_convergence,n_fit_points,2990.0
2C_esp_map,leak_rate=1|n_units=200|rho=1.3|sigma_u=0.1,0,conditional_lyapunov,lyapunov_per_step,-0.004301655522556885
2C_esp_map,leak_rate=1|n_units=200|rho=1.3|sigma_u=0.1,0,conditional_lyapunov,lyapunov_per_time,-0.004301655522556885
2C_esp_map,leak_rate=1|n_units=200|rho=1.3|sigma_u=0.1,0,conditional_lyapunov,n_intervals,2799.0
2C_esp_map,leak_rate=1|n_units=200|rho=1.3|sigma_u=0.1,0,conditional_lyapunov,max_observed_growth,1.1738365979821646
2C_esp_map,leak_rate=1|n_units=200|rho=1.3|sigma_u=0.1,0,autocorrelation_time,tau_1e,0.6396195823600636
2C_esp_map,leak_rate=1|n_units=200|rho=1.3|sigma_u=0.1,0,autocorrelation_time,tau_censored,0.6396195823600636
2C_esp_map,leak_rate=1|n_units=200|rho=1.3|sigma_u=0.1,0,autocorrelation_time,tau_integrated,1.2277595662751428
2C_esp_map,leak_rate=1|n_units=200|rho=1.3|sigma_u=0.1,0,autocorrelation_time,max_lag,200.0
2C_esp_map,leak_rate=1|n_units=200|rho=1.3|sigma_u=0.2,0,esp_convergence,d_initial,0.6786770074740804
2C_esp_map,leak_rate=1|n_units=200|rho=1.3|sigma_u=0.2,0,esp_convergence,d_tail,0.0002874197471527743
2C_esp_map,leak_rate=1|n_units=200|rho=1.3|sigma_u=0.2,0,esp_convergence,converged,1.0
2C_esp_map,leak_rate=1|n_units=200|rho=1.3|sigma_u=0.2,0,esp_convergence,decay_rate_per_step,-0.0013935163906290604
2C_esp_map,leak_rate=1|n_units=200|rho=1.3|sigma_u=0.2,0,esp_convergence,n_pairs,10.0
2C_esp_map,leak_rate=1|n_units=200|rho=1.3|sigma_u=0.2,0,esp_convergence,n_fit_points,2990.0
2C_esp_map,leak_rate=1|n_units=200|rho=1.3|sigma_u=0.2,0,conditional_lyapunov,lyapunov_per_step,-0.008925614128797346
2C_esp_map,leak_rate=1|n_units=200|rho=1.3|sigma_u=0.2,0,conditional_lyapunov,lyapunov_per_time,-0.008925614128797346
2C_esp_map,leak_rate=1|n_units=200|rho=1.3|sigma_u=0.2,0,conditional_lyapunov,n_intervals,2799.0
2C_esp_map,leak_rate=1|n_units=200|rho=1.3|sigma_u=0.2,0,conditional_lyapunov,max_observed_growth,1.2079678076426024
2C_esp_map,leak_rate=1|n_units=200|rho=1.3|sigma_u=0.2,0,autocorrelation_time,tau_1e,0.7944235812673094
2C_esp_map,leak_rate=1|n_units=200|rho=1.3|sigma_u=0.2,0,autocorrelation_time,tau_censored,0.7944235812673094
2C_esp_map,leak_rate=1|n_units=200|rho=1.3|sigma_u=0.2,0,autocorrelation_time,tau_integrated,1.3148631476958998
2C_esp_map,leak_rate=1|n_units=200|rho=1.3|sigma_u=0.2,0,autocorrelation_time,max_lag,200.0
2C_esp_map,leak_rate=1|n_units=200|rho=1.3|sigma_u=0.5,0,esp_convergence,d_initial,0.6504774680892169
2C_esp_map,leak_rate=1|n_units=200|rho=1.3|sigma_u=0.5,0,esp_convergence,d_tail,2.3610546583736277e-16
2C_esp_map,leak_rate=1|n_units=200|rho=1.3|sigma_u=0.5,0,esp_convergence,converged,1.0
2C_esp_map,leak_rate=1|n_units=200|rho=1.3|sigma_u=0.5,0,esp_convergence,decay_rate_per_step,-0.04761690479441334
2C_esp_map,leak_rate=1|n_units=200|rho=1.3|sigma_u=0.5,0,esp_convergence,n_pairs,10.0
2C_esp_map,leak_rate=1|n_units=200|rho=1.3|sigma_u=0.5,0,esp_convergence,n_fit_points,632.0
2C_esp_map,leak_rate=1|n_units=200|rho=1.3|sigma_u=0.5,0,conditional_lyapunov,lyapunov_per_step,-0.04877831648448089
2C_esp_map,leak_rate=1|n_units=200|rho=1.3|sigma_u=0.5,0,conditional_lyapunov,lyapunov_per_time,-0.04877831648448089
2C_esp_map,leak_rate=1|n_units=200|rho=1.3|sigma_u=0.5,0,conditional_lyapunov,n_intervals,2799.0
2C_esp_map,leak_rate=1|n_units=200|rho=1.3|sigma_u=0.5,0,conditional_lyapunov,max_observed_growth,1.1856790052923027
2C_esp_map,leak_rate=1|n_units=200|rho=1.3|sigma_u=0.5,0,autocorrelation_time,tau_1e,0.7476319255351417
2C_esp_map,leak_rate=1|n_units=200|rho=1.3|sigma_u=0.5,0,autocorrelation_time,tau_censored,0.7476319255351417
2C_esp_map,leak_rate=1|n_units=200|rho=1.3|sigma_u=0.5,0,autocorrelation_time,tau_integrated,1.2450540425603633
2C_esp_map,leak_rate=1|n_units=200|rho=1.3|sigma_u=0.5,0,autocorrelation_time,max_lag,200.0
2C_esp_map,leak_rate=1|n_units=200|rho=1.3|sigma_u=1,0,esp_convergence,d_initial,0.5691946107017205
2C_esp_map,leak_rate=1|n_units=200|rho=1.3|sigma_u=1,0,esp_convergence,d_tail,1.5231460819360498e-16
2C_esp_map,leak_rate=1|n_units=200|rho=1.3|sigma_u=1,0,esp_convergence,converged,1.0
2C_esp_map,leak_rate=1|n_units=200|rho=1.3|sigma_u=1,0,esp_convergence,decay_rate_per_step,-0.13247457442596497
2C_esp_map,leak_rate=1|n_units=200|rho=1.3|sigma_u=1,0,esp_convergence,n_pairs,10.0
2C_esp_map,leak_rate=1|n_units=200|rho=1.3|sigma_u=1,0,esp_convergence,n_fit_points,219.0
2C_esp_map,leak_rate=1|n_units=200|rho=1.3|sigma_u=1,0,conditional_lyapunov,lyapunov_per_step,-0.14777350871654993
2C_esp_map,leak_rate=1|n_units=200|rho=1.3|sigma_u=1,0,conditional_lyapunov,lyapunov_per_time,-0.14777350871654993
2C_esp_map,leak_rate=1|n_units=200|rho=1.3|sigma_u=1,0,conditional_lyapunov,n_intervals,2799.0
2C_esp_map,leak_rate=1|n_units=200|rho=1.3|sigma_u=1,0,conditional_lyapunov,max_observed_growth,1.1738836307814915
2C_esp_map,leak_rate=1|n_units=200|rho=1.3|sigma_u=1,0,autocorrelation_time,tau_1e,0.6819707278140014
2C_esp_map,leak_rate=1|n_units=200|rho=1.3|sigma_u=1,0,autocorrelation_time,tau_censored,0.6819707278140014
2C_esp_map,leak_rate=1|n_units=200|rho=1.3|sigma_u=1,0,autocorrelation_time,tau_integrated,1.0816208726173908
2C_esp_map,leak_rate=1|n_units=200|rho=1.3|sigma_u=1,0,autocorrelation_time,max_lag,200.0
2C_esp_map,leak_rate=1|n_units=200|rho=1.3|sigma_u=2,0,esp_convergence,d_initial,0.4316494800877958
2C_esp_map,leak_rate=1|n_units=200|rho=1.3|sigma_u=2,0,esp_convergence,d_tail,1.0117697084289553e-16
2C_esp_map,leak_rate=1|n_units=200|rho=1.3|sigma_u=2,0,esp_convergence,converged,1.0
2C_esp_map,leak_rate=1|n_units=200|rho=1.3|sigma_u=2,0,esp_convergence,decay_rate_per_step,-0.3187944557624391
2C_esp_map,leak_rate=1|n_units=200|rho=1.3|sigma_u=2,0,esp_convergence,n_pairs,10.0
2C_esp_map,leak_rate=1|n_units=200|rho=1.3|sigma_u=2,0,esp_convergence,n_fit_points,89.0
2C_esp_map,leak_rate=1|n_units=200|rho=1.3|sigma_u=2,0,conditional_lyapunov,lyapunov_per_step,-0.3332758473789322
2C_esp_map,leak_rate=1|n_units=200|rho=1.3|sigma_u=2,0,conditional_lyapunov,lyapunov_per_time,-0.3332758473789322
2C_esp_map,leak_rate=1|n_units=200|rho=1.3|sigma_u=2,0,conditional_lyapunov,n_intervals,2799.0
2C_esp_map,leak_rate=1|n_units=200|rho=1.3|sigma_u=2,0,conditional_lyapunov,max_observed_growth,1.0866515528236913
2C_esp_map,leak_rate=1|n_units=200|rho=1.3|sigma_u=2,0,autocorrelation_time,tau_1e,0.6455028290717291
2C_esp_map,leak_rate=1|n_units=200|rho=1.3|sigma_u=2,0,autocorrelation_time,tau_censored,0.6455028290717291
2C_esp_map,leak_rate=1|n_units=200|rho=1.3|sigma_u=2,0,autocorrelation_time,tau_integrated,1.020731543907276
2C_esp_map,leak_rate=1|n_units=200|rho=1.3|sigma_u=2,0,autocorrelation_time,max_lag,200.0
2C_esp_map,leak_rate=1|n_units=200|rho=1.4|sigma_u=0,0,esp_convergence,d_initial,0.7135066326244784
2C_esp_map,leak_rate=1|n_units=200|rho=1.4|sigma_u=0,0,esp_convergence,d_tail,0.9056277326073875
2C_esp_map,leak_rate=1|n_units=200|rho=1.4|sigma_u=0,0,esp_convergence,converged,0.0
2C_esp_map,leak_rate=1|n_units=200|rho=1.4|sigma_u=0,0,esp_convergence,decay_rate_per_step,2.3580692815315623e-05
2C_esp_map,leak_rate=1|n_units=200|rho=1.4|sigma_u=0,0,esp_convergence,n_pairs,10.0
2C_esp_map,leak_rate=1|n_units=200|rho=1.4|sigma_u=0,0,esp_convergence,n_fit_points,2990.0
2C_esp_map,leak_rate=1|n_units=200|rho=1.4|sigma_u=0,0,conditional_lyapunov,lyapunov_per_step,0.018241029367703106
2C_esp_map,leak_rate=1|n_units=200|rho=1.4|sigma_u=0,0,conditional_lyapunov,lyapunov_per_time,0.018241029367703106
2C_esp_map,leak_rate=1|n_units=200|rho=1.4|sigma_u=0,0,conditional_lyapunov,n_intervals,2799.0
2C_esp_map,leak_rate=1|n_units=200|rho=1.4|sigma_u=0,0,conditional_lyapunov,max_observed_growth,1.2969257554105584
2C_esp_map,leak_rate=1|n_units=200|rho=1.4|sigma_u=0,0,autocorrelation_time,tau_1e,0.5942249915423369
2C_esp_map,leak_rate=1|n_units=200|rho=1.4|sigma_u=0,0,autocorrelation_time,tau_censored,0.5942249915423369
2C_esp_map,leak_rate=1|n_units=200|rho=1.4|sigma_u=0,0,autocorrelation_time,tau_integrated,0.9999999999999999
2C_esp_map,leak_rate=1|n_units=200|rho=1.4|sigma_u=0,0,autocorrelation_time,max_lag,200.0
2C_esp_map,leak_rate=1|n_units=200|rho=1.4|sigma_u=0.05,0,esp_convergence,d_initial,0.7134682017342476
2C_esp_map,leak_rate=1|n_units=200|rho=1.4|sigma_u=0.05,0,esp_convergence,d_tail,0.9318173679969598
2C_esp_map,leak_rate=1|n_units=200|rho=1.4|sigma_u=0.05,0,esp_convergence,converged,0.0
2C_esp_map,leak_rate=1|n_units=200|rho=1.4|sigma_u=0.05,0,esp_convergence,decay_rate_per_step,1.4650707624710449e-05
2C_esp_map,leak_rate=1|n_units=200|rho=1.4|sigma_u=0.05,0,esp_convergence,n_pairs,10.0
2C_esp_map,leak_rate=1|n_units=200|rho=1.4|sigma_u=0.05,0,esp_convergence,n_fit_points,2990.0
2C_esp_map,leak_rate=1|n_units=200|rho=1.4|sigma_u=0.05,0,conditional_lyapunov,lyapunov_per_step,0.016953932352459317
2C_esp_map,leak_rate=1|n_units=200|rho=1.4|sigma_u=0.05,0,conditional_lyapunov,lyapunov_per_time,0.016953932352459317
2C_esp_map,leak_rate=1|n_units=200|rho=1.4|sigma_u=0.05,0,conditional_lyapunov,n_intervals,2799.0
2C_esp_map,leak_rate=1|n_units=200|rho=1.4|sigma_u=0.05,0,conditional_lyapunov,max_observed_growth,1.2557715300789694
2C_esp_map,leak_rate=1|n_units=200|rho=1.4|sigma_u=0.05,0,autocorrelation_time,tau_1e,0.5834051712372026
2C_esp_map,leak_rate=1|n_units=200|rho=1.4|sigma_u=0.05,0,autocorrelation_time,tau_censored,0.5834051712372026
2C_esp_map,leak_rate=1|n_units=200|rho=1.4|sigma_u=0.05,0,autocorrelation_time,tau_integrated,0.9999999999999999
2C_esp_map,leak_rate=1|n_units=200|rho=1.4|sigma_u=0.05,0,autocorrelation_time,max_lag,200.0
2C_esp_map,leak_rate=1|n_units=200|rho=1.4|sigma_u=0.1,0,esp_convergence,d_initial,0.7127416928309891
2C_esp_map,leak_rate=1|n_units=200|rho=1.4|sigma_u=0.1,0,esp_convergence,d_tail,0.8433214738354261
2C_esp_map,leak_rate=1|n_units=200|rho=1.4|sigma_u=0.1,0,esp_convergence,converged,0.0
2C_esp_map,leak_rate=1|n_units=200|rho=1.4|sigma_u=0.1,0,esp_convergence,decay_rate_per_step,1.9090799991293708e-05
2C_esp_map,leak_rate=1|n_units=200|rho=1.4|sigma_u=0.1,0,esp_convergence,n_pairs,10.0
2C_esp_map,leak_rate=1|n_units=200|rho=1.4|sigma_u=0.1,0,esp_convergence,n_fit_points,2990.0
2C_esp_map,leak_rate=1|n_units=200|rho=1.4|sigma_u=0.1,0,conditional_lyapunov,lyapunov_per_step,0.0105374762800622
2C_esp_map,leak_rate=1|n_units=200|rho=1.4|sigma_u=0.1,0,conditional_lyapunov,lyapunov_per_time,0.0105374762800622
2C_esp_map,leak_rate=1|n_units=200|rho=1.4|sigma_u=0.1,0,conditional_lyapunov,n_intervals,2799.0
2C_esp_map,leak_rate=1|n_units=200|rho=1.4|sigma_u=0.1,0,conditional_lyapunov,max_observed_growth,1.2688682186554592
2C_esp_map,leak_rate=1|n_units=200|rho=1.4|sigma_u=0.1,0,autocorrelation_time,tau_1e,0.6013995096021892
2C_esp_map,leak_rate=1|n_units=200|rho=1.4|sigma_u=0.1,0,autocorrelation_time,tau_censored,0.6013995096021892
2C_esp_map,leak_rate=1|n_units=200|rho=1.4|sigma_u=0.1,0,autocorrelation_time,tau_integrated,1.0
2C_esp_map,leak_rate=1|n_units=200|rho=1.4|sigma_u=0.1,0,autocorrelation_time,max_lag,200.0
2C_esp_map,leak_rate=1|n_units=200|rho=1.4|sigma_u=0.2,0,esp_convergence,d_initial,0.7091930168240717
2C_esp_map,leak_rate=1|n_units=200|rho=1.4|sigma_u=0.2,0,esp_convergence,d_tail,0.759066764150796
2C_esp_map,leak_rate=1|n_units=200|rho=1.4|sigma_u=0.2,0,esp_convergence,converged,0.0
2C_esp_map,leak_rate=1|n_units=200|rho=1.4|sigma_u=0.2,0,esp_convergence,decay_rate_per_step,7.198796027162868e-05
2C_esp_map,leak_rate=1|n_units=200|rho=1.4|sigma_u=0.2,0,esp_convergence,n_pairs,10.0
2C_esp_map,leak_rate=1|n_units=200|rho=1.4|sigma_u=0.2,0,esp_convergence,n_fit_points,2990.0
2C_esp_map,leak_rate=1|n_units=200|rho=1.4|sigma_u=0.2,0,conditional_lyapunov,lyapunov_per_step,0.004821669595108291
2C_esp_map,leak_rate=1|n_units=200|rho=1.4|sigma_u=0.2,0,conditional_lyapunov,lyapunov_per_time,0.004821669595108291
2C_esp_map,leak_rate=1|n_units=200|rho=1.4|sigma_u=0.2,0,conditional_lyapunov,n_intervals,2799.0
2C_esp_map,leak_rate=1|n_units=200|rho=1.4|sigma_u=0.2,0,conditional_lyapunov,max_observed_growth,1.240776337862832
2C_esp_map,leak_rate=1|n_units=200|rho=1.4|sigma_u=0.2,0,autocorrelation_time,tau_1e,0.938185826066383
2C_esp_map,leak_rate=1|n_units=200|rho=1.4|sigma_u=0.2,0,autocorrelation_time,tau_censored,0.938185826066383
2C_esp_map,leak_rate=1|n_units=200|rho=1.4|sigma_u=0.2,0,autocorrelation_time,tau_integrated,43.15827923764575
2C_esp_map,leak_rate=1|n_units=200|rho=1.4|sigma_u=0.2,0,autocorrelation_time,max_lag,200.0
2C_esp_map,leak_rate=1|n_units=200|rho=1.4|sigma_u=0.5,0,esp_convergence,d_initial,0.6824938472412134
2C_esp_map,leak_rate=1|n_units=200|rho=1.4|sigma_u=0.5,0,esp_convergence,d_tail,4.418194541251886e-16
2C_esp_map,leak_rate=1|n_units=200|rho=1.4|sigma_u=0.5,0,esp_convergence,converged,1.0
2C_esp_map,leak_rate=1|n_units=200|rho=1.4|sigma_u=0.5,0,esp_convergence,decay_rate_per_step,-0.0267146967182897
2C_esp_map,leak_rate=1|n_units=200|rho=1.4|sigma_u=0.5,0,esp_convergence,n_pairs,10.0
2C_esp_map,leak_rate=1|n_units=200|rho=1.4|sigma_u=0.5,0,esp_convergence,n_fit_points,1215.0
2C_esp_map,leak_rate=1|n_units=200|rho=1.4|sigma_u=0.5,0,conditional_lyapunov,lyapunov_per_step,-0.02337046787580955
2C_esp_map,leak_rate=1|n_units=200|rho=1.4|sigma_u=0.5,0,conditional_lyapunov,lyapunov_per_time,-0.02337046787580955
2C_esp_map,leak_rate=1|n_units=200|rho=1.4|sigma_u=0.5,0,conditional_lyapunov,n_intervals,2799.0
2C_esp_map,leak_rate=1|n_units=200|rho=1.4|sigma_u=0.5,0,conditional_lyapunov,max_observed_growth,1.2029861359760108
2C_esp_map,leak_rate=1|n_units=200|rho=1.4|sigma_u=0.5,0,autocorrelation_time,tau_1e,0.7527996325889017
2C_esp_map,leak_rate=1|n_units=200|rho=1.4|sigma_u=0.5,0,autocorrelation_time,tau_censored,0.7527996325889017
2C_esp_map,leak_rate=1|n_units=200|rho=1.4|sigma_u=0.5,0,autocorrelation_time,tau_integrated,1.2709919672797012
2C_esp_map,leak_rate=1|n_units=200|rho=1.4|sigma_u=0.5,0,autocorrelation_time,max_lag,200.0
2C_esp_map,leak_rate=1|n_units=200|rho=1.4|sigma_u=1,0,esp_convergence,d_initial,0.6029194471222526
2C_esp_map,leak_rate=1|n_units=200|rho=1.4|sigma_u=1,0,esp_convergence,d_tail,1.8618036375103243e-16
2C_esp_map,leak_rate=1|n_units=200|rho=1.4|sigma_u=1,0,esp_convergence,converged,1.0
2C_esp_map,leak_rate=1|n_units=200|rho=1.4|sigma_u=1,0,esp_convergence,decay_rate_per_step,-0.09178874619617966
2C_esp_map,leak_rate=1|n_units=200|rho=1.4|sigma_u=1,0,esp_convergence,n_pairs,10.0
2C_esp_map,leak_rate=1|n_units=200|rho=1.4|sigma_u=1,0,esp_convergence,n_fit_points,322.0
2C_esp_map,leak_rate=1|n_units=200|rho=1.4|sigma_u=1,0,conditional_lyapunov,lyapunov_per_step,-0.10365274352707438
2C_esp_map,leak_rate=1|n_units=200|rho=1.4|sigma_u=1,0,conditional_lyapunov,lyapunov_per_time,-0.10365274352707438
2C_esp_map,leak_rate=1|n_units=200|rho=1.4|sigma_u=1,0,conditional_lyapunov,n_intervals,2799.0
2C_esp_map,leak_rate=1|n_units=200|rho=1.4|sigma_u=1,0,conditional_lyapunov,max_observed_growth,1.1742894245935538
2C_esp_map,leak_rate=1|n_units=200|rho=1.4|sigma_u=1,0,autocorrelation_time,tau_1e,0.6897596517538996
2C_esp_map,leak_rate=1|n_units=200|rho=1.4|sigma_u=1,0,autocorrelation_time,tau_censored,0.6897596517538996
2C_esp_map,leak_rate=1|n_units=200|rho=1.4|sigma_u=1,0,autocorrelation_time,tau_integrated,1.101595854845955
2C_esp_map,leak_rate=1|n_units=200|rho=1.4|sigma_u=1,0,autocorrelation_time,max_lag,200.0
2C_esp_map,leak_rate=1|n_units=200|rho=1.4|sigma_u=2,0,esp_convergence,d_initial,0.4598401340549873
2C_esp_map,leak_rate=1|n_units=200|rho=1.4|sigma_u=2,0,esp_convergence,d_tail,1.145132942690152e-16
2C_esp_map,leak_rate=1|n_units=200|rho=1.4|sigma_u=2,0,esp_convergence,converged,1.0
2C_esp_map,leak_rate=1|n_units=200|rho=1.4|sigma_u=2,0,esp_convergence,decay_rate_per_step,-0.25886605685330355
2C_esp_map,leak_rate=1|n_units=200|rho=1.4|sigma_u=2,0,esp_convergence,n_pairs,10.0
2C_esp_map,leak_rate=1|n_units=200|rho=1.4|sigma_u=2,0,esp_convergence,n_fit_points,110.0
2C_esp_map,leak_rate=1|n_units=200|rho=1.4|sigma_u=2,0,conditional_lyapunov,lyapunov_per_step,-0.2754005587015456
2C_esp_map,leak_rate=1|n_units=200|rho=1.4|sigma_u=2,0,conditional_lyapunov,lyapunov_per_time,-0.2754005587015456
2C_esp_map,leak_rate=1|n_units=200|rho=1.4|sigma_u=2,0,conditional_lyapunov,n_intervals,2799.0
2C_esp_map,leak_rate=1|n_units=200|rho=1.4|sigma_u=2,0,conditional_lyapunov,max_observed_growth,1.1703769850732317
2C_esp_map,leak_rate=1|n_units=200|rho=1.4|sigma_u=2,0,autocorrelation_time,tau_1e,0.6489464214512123
2C_esp_map,leak_rate=1|n_units=200|rho=1.4|sigma_u=2,0,autocorrelation_time,tau_censored,0.6489464214512123
2C_esp_map,leak_rate=1|n_units=200|rho=1.4|sigma_u=2,0,autocorrelation_time,tau_integrated,1.0259279688838219
2C_esp_map,leak_rate=1|n_units=200|rho=1.4|sigma_u=2,0,autocorrelation_time,max_lag,200.0
2C_esp_map,leak_rate=1|n_units=200|rho=1.5|sigma_u=0,0,esp_convergence,d_initial,0.7412191652863538
2C_esp_map,leak_rate=1|n_units=200|rho=1.5|sigma_u=0,0,esp_convergence,d_tail,0.9442118702994546
2C_esp_map,leak_rate=1|n_units=200|rho=1.5|sigma_u=0,0,esp_convergence,converged,0.0
2C_esp_map,leak_rate=1|n_units=200|rho=1.5|sigma_u=0,0,esp_convergence,decay_rate_per_step,2.204090624432048e-05
2C_esp_map,leak_rate=1|n_units=200|rho=1.5|sigma_u=0,0,esp_convergence,n_pairs,10.0
2C_esp_map,leak_rate=1|n_units=200|rho=1.5|sigma_u=0,0,esp_convergence,n_fit_points,2990.0
2C_esp_map,leak_rate=1|n_units=200|rho=1.5|sigma_u=0,0,conditional_lyapunov,lyapunov_per_step,0.03012383661164452
2C_esp_map,leak_rate=1|n_units=200|rho=1.5|sigma_u=0,0,conditional_lyapunov,lyapunov_per_time,0.03012383661164452
2C_esp_map,leak_rate=1|n_units=200|rho=1.5|sigma_u=0,0,conditional_lyapunov,n_intervals,2799.0
2C_esp_map,leak_rate=1|n_units=200|rho=1.5|sigma_u=0,0,conditional_lyapunov,max_observed_growth,1.2787287009093082
2C_esp_map,leak_rate=1|n_units=200|rho=1.5|sigma_u=0,0,autocorrelation_time,tau_1e,0.6057791401756835
2C_esp_map,leak_rate=1|n_units=200|rho=1.5|sigma_u=0,0,autocorrelation_time,tau_censored,0.6057791401756835
2C_esp_map,leak_rate=1|n_units=200|rho=1.5|sigma_u=0,0,autocorrelation_time,tau_integrated,1.0
2C_esp_map,leak_rate=1|n_units=200|rho=1.5|sigma_u=0,0,autocorrelation_time,max_lag,200.0
2C_esp_map,leak_rate=1|n_units=200|rho=1.5|sigma_u=0.05,0,esp_convergence,d_initial,0.7412436234023895
2C_esp_map,leak_rate=1|n_units=200|rho=1.5|sigma_u=0.05,0,esp_convergence,d_tail,0.939437465669217
2C_esp_map,leak_rate=1|n_units=200|rho=1.5|sigma_u=0.05,0,esp_convergence,converged,0.0
2C_esp_map,leak_rate=1|n_units=200|rho=1.5|sigma_u=0.05,0,esp_convergence,decay_rate_per_step,-3.7353974717877564e-06
2C_esp_map,leak_rate=1|n_units=200|rho=1.5|sigma_u=0.05,0,esp_convergence,n_pairs,10.0
2C_esp_map,leak_rate=1|n_units=200|rho=1.5|sigma_u=0.05,0,esp_convergence,n_fit_points,2990.0
2C_esp_map,leak_rate=1|n_units=200|rho=1.5|sigma_u=0.05,0,conditional_lyapunov,lyapunov_per_step,0.02899457148226372
2C_esp_map,leak_rate=1|n_units=200|rho=1.5|sigma_u=0.05,0,conditional_lyapunov,lyapunov_per_time,0.02899457148226372
2C_esp_map,leak_rate=1|n_units=200|rho=1.5|sigma_u=0.05,0,conditional_lyapunov,n_intervals,2799.0
2C_esp_map,leak_rate=1|n_units=200|rho=1.5|sigma_u=0.05,0,conditional_lyapunov,max_observed_growth,1.2828010330995179
2C_esp_map,leak_rate=1|n_units=200|rho=1.5|sigma_u=0.05,0,autocorrelation_time,tau_1e,0.6280406799551476
2C_esp_map,leak_rate=1|n_units=200|rho=1.5|sigma_u=0.05,0,autocorrelation_time,tau_censored,0.6280406799551476
2C_esp_map,leak_rate=1|n_units=200|rho=1.5|sigma_u=0.05,0,autocorrelation_time,tau_integrated,1.0
2C_esp_map,leak_rate=1|n_units=200|rho=1.5|sigma_u=0.05,0,autocorrelation_time,max_lag,200.0
2C_esp_map,leak_rate=1|n_units=200|rho=1.5|sigma_u=0.1,0,esp_convergence,d_initial,0.7406171933746986
2C_esp_map,leak_rate=1|n_units=200|rho=1.5|sigma_u=0.1,0,esp_convergence,d_tail,0.8892863145948597
2C_esp_map,leak_rate=1|n_units=200|rho=1.5|sigma_u=0.1,0,esp_convergence,converged,0.0
2C_esp_map,leak_rate=1|n_units=200|rho=1.5|sigma_u=0.1,0,esp_convergence,decay_rate_per_step,8.0402371991767e-06
2C_esp_map,leak_rate=1|n_units=200|rho=1.5|sigma_u=0.1,0,esp_convergence,n_pairs,10.0
2C_esp_map,leak_rate=1|n_units=200|rho=1.5|sigma_u=0.1,0,esp_convergence,n_fit_points,2990.0
2C_esp_map,leak_rate=1|n_units=200|rho=1.5|sigma_u=0.1,0,conditional_lyapunov,lyapunov_per_step,0.028996940703655227
2C_esp_map,leak_rate=1|n_units=200|rho=1.5|sigma_u=0.1,0,conditional_lyapunov,lyapunov_per_time,0.028996940703655227
2C_esp_map,leak_rate=1|n_units=200|rho=1.5|sigma_u=0.1,0,conditional_lyapunov,n_intervals,2799.0
2C_esp_map,leak_rate=1|n_units=200|rho=1.5|sigma_u=0.1,0,conditional_lyapunov,max_observed_growth,1.2857443632856083
2C_esp_map,leak_rate=1|n_units=200|rho=1.5|sigma_u=0.1,0,autocorrelation_time,tau_1e,0.6661728970513707
2C_esp_map,leak_rate=1|n_units=200|rho=1.5|sigma_u=0.1,0,autocorrelation_time,tau_censored,0.6661728970513707
2C_esp_map,leak_rate=1|n_units=200|rho=1.5|sigma_u=0.1,0,autocorrelation_time,tau_integrated,1.1981155879216105
2C_esp_map,leak_rate=1|n_units=200|rho=1.5|sigma_u=0.1,0,autocorrelation_time,max_lag,200.0
2C_esp_map,leak_rate=1|n_units=200|rho=1.5|sigma_u=0.2,0,esp_convergence,d_initial,0.7373733932342191
2C_esp_map,leak_rate=1|n_units=200|rho=1.5|sigma_u=0.2,0,esp_convergence,d_tail,0.8130137258847516
2C_esp_map,leak_rate=1|n_units=200|rho=1.5|sigma_u=0.2,0,esp_convergence,converged,0.0
2C_esp_map,leak_rate=1|n_units=200|rho=1.5|sigma_u=0.2,0,esp_convergence,decay_rate_per_step,-1.0740431022532023e-05
2C_esp_map,leak_rate=1|n_units=200|rho=1.5|sigma_u=0.2,0,esp_convergence,n_pairs,10.0
2C_esp_map,leak_rate=1|n_units=200|rho=1.5|sigma_u=0.2,0,esp_convergence,n_fit_points,2990.0
2C_esp_map,leak_rate=1|n_units=200|rho=1.5|sigma_u=0.2,0,conditional_lyapunov,lyapunov_per_step,0.026443116519379316
2C_esp_map,leak_rate=1|n_units=200|rho=1.5|sigma_u=0.2,0,conditional_lyapunov,lyapunov_per_time,0.026443116519379316
2C_esp_map,leak_rate=1|n_units=200|rho=1.5|sigma_u=0.2,0,conditional_lyapunov,n_intervals,2799.0
2C_esp_map,leak_rate=1|n_units=200|rho=1.5|sigma_u=0.2,0,conditional_lyapunov,max_observed_growth,1.270002031078983
2C_esp_map,leak_rate=1|n_units=200|rho=1.5|sigma_u=0.2,0,autocorrelation_time,tau_1e,0.711129411785506
2C_esp_map,leak_rate=1|n_units=200|rho=1.5|sigma_u=0.2,0,autocorrelation_time,tau_censored,0.711129411785506
2C_esp_map,leak_rate=1|n_units=200|rho=1.5|sigma_u=0.2,0,autocorrelation_time,tau_integrated,1.2181335349683666
2C_esp_map,leak_rate=1|n_units=200|rho=1.5|sigma_u=0.2,0,autocorrelation_time,max_lag,200.0
2C_esp_map,leak_rate=1|n_units=200|rho=1.5|sigma_u=0.5,0,esp_convergence,d_initial,0.712184867184441
2C_esp_map,leak_rate=1|n_units=200|rho=1.5|sigma_u=0.5,0,esp_convergence,d_tail,0.07803503591596474
2C_esp_map,leak_rate=1|n_units=200|rho=1.5|sigma_u=0.5,0,esp_convergence,converged,0.0
2C_esp_map,leak_rate=1|n_units=200|rho=1.5|sigma_u=0.5,0,esp_convergence,decay_rate_per_step,-0.00012094707708155589
2C_esp_map,leak_rate=1|n_units=200|rho=1.5|sigma_u=0.5,0,esp_convergence,n_pairs,10.0
2C_esp_map,leak_rate=1|n_units=200|rho=1.5|sigma_u=0.5,0,esp_convergence,n_fit_points,2990.0
2C_esp_map,leak_rate=1|n_units=200|rho=1.5|sigma_u=0.5,0,conditional_lyapunov,lyapunov_per_step,-0.0012607518633930366
2C_esp_map,leak_rate=1|n_units=200|rho=1.5|sigma_u=0.5,0,conditional_lyapunov,lyapunov_per_time,-0.0012607518633930366
2C_esp_map,leak_rate=1|n_units=200|rho=1.5|sigma_u=0.5,0,conditional_lyapunov,n_intervals,2799.0
2C_esp_map,leak_rate=1|n_units=200|rho=1.5|sigma_u=0.5,0,conditional_lyapunov,max_observed_growth,1.2469815566528062
2C_esp_map,leak_rate=1|n_units=200|rho=1.5|sigma_u=0.5,0,autocorrelation_time,tau_1e,0.7520941970818107
2C_esp_map,leak_rate=1|n_units=200|rho=1.5|sigma_u=0.5,0,autocorrelation_time,tau_censored,0.7520941970818107
2C_esp_map,leak_rate=1|n_units=200|rho=1.5|sigma_u=0.5,0,autocorrelation_time,tau_integrated,1.2807068631425167
2C_esp_map,leak_rate=1|n_units=200|rho=1.5|sigma_u=0.5,0,autocorrelation_time,max_lag,200.0
2C_esp_map,leak_rate=1|n_units=200|rho=1.5|sigma_u=1,0,esp_convergence,d_initial,0.6347941054323116
2C_esp_map,leak_rate=1|n_units=200|rho=1.5|sigma_u=1,0,esp_convergence,d_tail,2.445832596588029e-16
2C_esp_map,leak_rate=1|n_units=200|rho=1.5|sigma_u=1,0,esp_convergence,converged,1.0
2C_esp_map,leak_rate=1|n_units=200|rho=1.5|sigma_u=1,0,esp_convergence,decay_rate_per_step,-0.06890006160890508
2C_esp_map,leak_rate=1|n_units=200|rho=1.5|sigma_u=1,0,esp_convergence,n_pairs,10.0
2C_esp_map,leak_rate=1|n_units=200|rho=1.5|sigma_u=1,0,esp_convergence,n_fit_points,445.0
2C_esp_map,leak_rate=1|n_units=200|rho=1.5|sigma_u=1,0,conditional_lyapunov,lyapunov_per_step,-0.06380355423221894
2C_esp_map,leak_rate=1|n_units=200|rho=1.5|sigma_u=1,0,conditional_lyapunov,lyapunov_per_time,-0.06380355423221894
2C_esp_map,leak_rate=1|n_units=200|rho=1.5|sigma_u=1,0,conditional_lyapunov,n_intervals,2799.0
2C_esp_map,leak_rate=1|n_units=200|rho=1.5|sigma_u=1,0,conditional_lyapunov,max_observed_growth,1.2481744269743542
2C_esp_map,leak_rate=1|n_units=200|rho=1.5|sigma_u=1,0,autocorrelation_time,tau_1e,0.6961963775000513
2C_esp_map,leak_rate=1|n_units=200|rho=1.5|sigma_u=1,0,autocorrelation_time,tau_censored,0.6961963775000513
2C_esp_map,leak_rate=1|n_units=200|rho=1.5|sigma_u=1,0,autocorrelation_time,tau_integrated,1.1189961581155392
2C_esp_map,leak_rate=1|n_units=200|rho=1.5|sigma_u=1,0,autocorrelation_time,max_lag,200.0
2C_esp_map,leak_rate=1|n_units=200|rho=1.5|sigma_u=2,0,esp_convergence,d_initial,0.4872107168949772
2C_esp_map,leak_rate=1|n_units=200|rho=1.5|sigma_u=2,0,esp_convergence,d_tail,1.345519140644401e-16
2C_esp_map,leak_rate=1|n_units=200|rho=1.5|sigma_u=2,0,esp_convergence,converged,1.0
2C_esp_map,leak_rate=1|n_units=200|rho=1.5|sigma_u=2,0,esp_convergence,decay_rate_per_step,-0.1902749916106214
2C_esp_map,leak_rate=1|n_units=200|rho=1.5|sigma_u=2,0,esp_convergence,n_pairs,10.0
2C_esp_map,leak_rate=1|n_units=200|rho=1.5|sigma_u=2,0,esp_convergence,n_fit_points,151.0
2C_esp_map,leak_rate=1|n_units=200|rho=1.5|sigma_u=2,0,conditional_lyapunov,lyapunov_per_step,-0.22079254536579557
2C_esp_map,leak_rate=1|n_units=200|rho=1.5|sigma_u=2,0,conditional_lyapunov,lyapunov_per_time,-0.22079254536579557
2C_esp_map,leak_rate=1|n_units=200|rho=1.5|sigma_u=2,0,conditional_lyapunov,n_intervals,2799.0
2C_esp_map,leak_rate=1|n_units=200|rho=1.5|sigma_u=2,0,conditional_lyapunov,max_observed_growth,1.2420614213957986
2C_esp_map,leak_rate=1|n_units=200|rho=1.5|sigma_u=2,0,autocorrelation_time,tau_1e,0.652553548376353
2C_esp_map,leak_rate=1|n_units=200|rho=1.5|sigma_u=2,0,autocorrelation_time,tau_censored,0.652553548376353
2C_esp_map,leak_rate=1|n_units=200|rho=1.5|sigma_u=2,0,autocorrelation_time,tau_integrated,1.0313123568152154
2C_esp_map,leak_rate=1|n_units=200|rho=1.5|sigma_u=2,0,autocorrelation_time,max_lag,200.0
2C_esp_map,leak_rate=1|n_units=200|rho=1.6|sigma_u=0,0,esp_convergence,d_initial,0.7668253289683515
2C_esp_map,leak_rate=1|n_units=200|rho=1.6|sigma_u=0,0,esp_convergence,d_tail,0.992056060732089
2C_esp_map,leak_rate=1|n_units=200|rho=1.6|sigma_u=0,0,esp_convergence,converged,0.0
2C_esp_map,leak_rate=1|n_units=200|rho=1.6|sigma_u=0,0,esp_convergence,decay_rate_per_step,1.0605060121163537e-05
2C_esp_map,leak_rate=1|n_units=200|rho=1.6|sigma_u=0,0,esp_convergence,n_pairs,10.0
2C_esp_map,leak_rate=1|n_units=200|rho=1.6|sigma_u=0,0,esp_convergence,n_fit_points,2990.0
2C_esp_map,leak_rate=1|n_units=200|rho=1.6|sigma_u=0,0,conditional_lyapunov,lyapunov_per_step,0.04685379402514923
2C_esp_map,leak_rate=1|n_units=200|rho=1.6|sigma_u=0,0,conditional_lyapunov,lyapunov_per_time,0.04685379402514923
2C_esp_map,leak_rate=1|n_units=200|rho=1.6|sigma_u=0,0,conditional_lyapunov,n_intervals,2799.0
2C_esp_map,leak_rate=1|n_units=200|rho=1.6|sigma_u=0,0,conditional_lyapunov,max_observed_growth,1.354795756540039
2C_esp_map,leak_rate=1|n_units=200|rho=1.6|sigma_u=0,0,autocorrelation_time,tau_1e,0.656384744379931
2C_esp_map,leak_rate=1|n_units=200|rho=1.6|sigma_u=0,0,autocorrelation_time,tau_censored,0.656384744379931
2C_esp_map,leak_rate=1|n_units=200|rho=1.6|sigma_u=0,0,autocorrelation_time,tau_integrated,1.1816838915935413
2C_esp_map,leak_rate=1|n_units=200|rho=1.6|sigma_u=0,0,autocorrelation_time,max_lag,200.0
2C_esp_map,leak_rate=1|n_units=200|rho=1.6|sigma_u=0.05,0,esp_convergence,d_initial,0.7669072580554193
2C_esp_map,leak_rate=1|n_units=200|rho=1.6|sigma_u=0.05,0,esp_convergence,d_tail,1.0026636409237637
2C_esp_map,leak_rate=1|n_units=200|rho=1.6|sigma_u=0.05,0,esp_convergence,converged,0.0
2C_esp_map,leak_rate=1|n_units=200|rho=1.6|sigma_u=0.05,0,esp_convergence,decay_rate_per_step,2.922480346226643e-05
2C_esp_map,leak_rate=1|n_units=200|rho=1.6|sigma_u=0.05,0,esp_convergence,n_pairs,10.0
2C_esp_map,leak_rate=1|n_units=200|rho=1.6|sigma_u=0.05,0,esp_convergence,n_fit_points,2990.0
2C_esp_map,leak_rate=1|n_units=200|rho=1.6|sigma_u=0.05,0,conditional_lyapunov,lyapunov_per_step,0.045111865027739555
2C_esp_map,leak_rate=1|n_units=200|rho=1.6|sigma_u=0.05,0,conditional_lyapunov,lyapunov_per_time,0.045111865027739555
2C_esp_map,leak_rate=1|n_units=200|rho=1.6|sigma_u=0.05,0,conditional_lyapunov,n_intervals,2799.0
2C_esp_map,leak_rate=1|n_units=200|rho=1.6|sigma_u=0.05,0,conditional_lyapunov,max_observed_growth,1.347300262158682
2C_esp_map,leak_rate=1|n_units=200|rho=1.6|sigma_u=0.05,0,autocorrelation_time,tau_1e,0.6657587775543292
2C_esp_map,leak_rate=1|n_units=200|rho=1.6|sigma_u=0.05,0,autocorrelation_time,tau_censored,0.6657587775543292
2C_esp_map,leak_rate=1|n_units=200|rho=1.6|sigma_u=0.05,0,autocorrelation_time,tau_integrated,1.2062162825551326
2C_esp_map,leak_rate=1|n_units=200|rho=1.6|sigma_u=0.05,0,autocorrelation_time,max_lag,200.0
2C_esp_map,leak_rate=1|n_units=200|rho=1.6|sigma_u=0.1,0,esp_convergence,d_initial,0.7661975436231204
2C_esp_map,leak_rate=1|n_units=200|rho=1.6|sigma_u=0.1,0,esp_convergence,d_tail,0.9839465856096268
2C_esp_map,leak_rate=1|n_units=200|rho=1.6|sigma_u=0.1,0,esp_convergence,converged,0.0
2C_esp_map,leak_rate=1|n_units=200|rho=1.6|sigma_u=0.1,0,esp_convergence,decay_rate_per_step,0.00018962223814795017
2C_esp_map,leak_rate=1|n_units=200|rho=1.6|sigma_u=0.1,0,esp_convergence,n_pairs,10.0
2C_esp_map,leak_rate=1|n_units=200|rho=1.6|sigma_u=0.1,0,esp_convergence,n_fit_points,2990.0
2C_esp_map,leak_rate=1|n_units=200|rho=1.6|sigma_u=0.1,0,conditional_lyapunov,lyapunov_per_step,0.045072723422227255
2C_esp_map,leak_rate=1|n_units=200|rho=1.6|sigma_u=0.1,0,conditional_lyapunov,lyapunov_per_time,0.045072723422227255
2C_esp_map,leak_rate=1|n_units=200|rho=1.6|sigma_u=0.1,0,conditional_lyapunov,n_intervals,2799.0
2C_esp_map,leak_rate=1|n_units=200|rho=1.6|sigma_u=0.1,0,conditional_lyapunov,max_observed_growth,1.3638695548358912
2C_esp_map,leak_rate=1|n_units=200|rho=1.6|sigma_u=0.1,0,autocorrelation_time,tau_1e,0.8628630860112212
2C_esp_map,leak_rate=1|n_units=200|rho=1.6|sigma_u=0.1,0,autocorrelation_time,tau_censored,0.8628630860112212
2C_esp_map,leak_rate=1|n_units=200|rho=1.6|sigma_u=0.1,0,autocorrelation_time,tau_integrated,47.097533759784625
2C_esp_map,leak_rate=1|n_units=200|rho=1.6|sigma_u=0.1,0,autocorrelation_time,max_lag,200.0
2C_esp_map,leak_rate=1|n_units=200|rho=1.6|sigma_u=0.2,0,esp_convergence,d_initial,0.762935038680335
2C_esp_map,leak_rate=1|n_units=200|rho=1.6|sigma_u=0.2,0,esp_convergence,d_tail,0.9301182585121026
2C_esp_map,leak_rate=1|n_units=200|rho=1.6|sigma_u=0.2,0,esp_convergence,converged,0.0
2C_esp_map,leak_rate=1|n_units=200|rho=1.6|sigma_u=0.2,0,esp_convergence,decay_rate_per_step,6.171038372092017e-05
2C_esp_map,leak_rate=1|n_units=200|rho=1.6|sigma_u=0.2,0,esp_convergence,n_pairs,10.0
2C_esp_map,leak_rate=1|n_units=200|rho=1.6|sigma_u=0.2,0,esp_convergence,n_fit_points,2990.0
2C_esp_map,leak_rate=1|n_units=200|rho=1.6|sigma_u=0.2,0,conditional_lyapunov,lyapunov_per_step,0.04496288734477397
2C_esp_map,leak_rate=1|n_units=200|rho=1.6|sigma_u=0.2,0,conditional_lyapunov,lyapunov_per_time,0.04496288734477397
2C_esp_map,leak_rate=1|n_units=200|rho=1.6|sigma_u=0.2,0,conditional_lyapunov,n_intervals,2799.0
2C_esp_map,leak_rate=1|n_units=200|rho=1.6|sigma_u=0.2,0,conditional_lyapunov,max_observed_growth,1.3170499014558028
2C_esp_map,leak_rate=1|n_units=200|rho=1.6|sigma_u=0.2,0,autocorrelation_time,tau_1e,0.8529107892658304
2C_esp_map,leak_rate=1|n_units=200|rho=1.6|sigma_u=0.2,0,autocorrelation_time,tau_censored,0.8529107892658304
2C_esp_map,leak_rate=1|n_units=200|rho=1.6|sigma_u=0.2,0,autocorrelation_time,tau_integrated,30.77550990524789
2C_esp_map,leak_rate=1|n_units=200|rho=1.6|sigma_u=0.2,0,autocorrelation_time,max_lag,200.0
2C_esp_map,leak_rate=1|n_units=200|rho=1.6|sigma_u=0.5,0,esp_convergence,d_initial,0.7397198450292635
2C_esp_map,leak_rate=1|n_units=200|rho=1.6|sigma_u=0.5,0,esp_convergence,d_tail,0.47069270103837035
2C_esp_map,leak_rate=1|n_units=200|rho=1.6|sigma_u=0.5,0,esp_convergence,converged,0.0
2C_esp_map,leak_rate=1|n_units=200|rho=1.6|sigma_u=0.5,0,esp_convergence,decay_rate_per_step,0.00010037231846207515
2C_esp_map,leak_rate=1|n_units=200|rho=1.6|sigma_u=0.5,0,esp_convergence,n_pairs,10.0
2C_esp_map,leak_rate=1|n_units=200|rho=1.6|sigma_u=0.5,0,esp_convergence,n_fit_points,2990.0
2C_esp_map,leak_rate=1|n_units=200|rho=1.6|sigma_u=0.5,0,conditional_lyapunov,lyapunov_per_step,0.02148529035915762
2C_esp_map,leak_rate=1|n_units=200|rho=1.6|sigma_u=0.5,0,conditional_lyapunov,lyapunov_per_time,0.02148529035915762
2C_esp_map,leak_rate=1|n_units=200|rho=1.6|sigma_u=0.5,0,conditional_lyapunov,n_intervals,2799.0
2C_esp_map,leak_rate=1|n_units=200|rho=1.6|sigma_u=0.5,0,conditional_lyapunov,max_observed_growth,1.275256247649406
2C_esp_map,leak_rate=1|n_units=200|rho=1.6|sigma_u=0.5,0,autocorrelation_time,tau_1e,0.7634129105703767
2C_esp_map,leak_rate=1|n_units=200|rho=1.6|sigma_u=0.5,0,autocorrelation_time,tau_censored,0.7634129105703767
2C_esp_map,leak_rate=1|n_units=200|rho=1.6|sigma_u=0.5,0,autocorrelation_time,tau_integrated,1.3024677411020236
2C_esp_map,leak_rate=1|n_units=200|rho=1.6|sigma_u=0.5,0,autocorrelation_time,max_lag,200.0
2C_esp_map,leak_rate=1|n_units=200|rho=1.6|sigma_u=1,0,esp_convergence,d_initial,0.6648200490846347
2C_esp_map,leak_rate=1|n_units=200|rho=1.6|sigma_u=1,0,esp_convergence,d_tail,3.8849919402158267e-16
2C_esp_map,leak_rate=1|n_units=200|rho=1.6|sigma_u=1,0,esp_convergence,converged,1.0
2C_esp_map,leak_rate=1|n_units=200|rho=1.6|sigma_u=1,0,esp_convergence,decay_rate_per_step,-0.03337623706736926
2C_esp_map,leak_rate=1|n_units=200|rho=1.6|sigma_u=1,0,esp_convergence,n_pairs,10.0
2C_esp_map,leak_rate=1|n_units=200|rho=1.6|sigma_u=1,0,esp_convergence,n_fit_points,965.0
2C_esp_map,leak_rate=1|n_units=200|rho=1.6|sigma_u=1,0,conditional_lyapunov,lyapunov_per_step,-0.03356946957137131
2C_esp_map,leak_rate=1|n_units=200|rho=1.6|sigma_u=1,0,conditional_lyapunov,lyapunov_per_time,-0.03356946957137131
2C_esp_map,leak_rate=1|n_units=200|rho=1.6|sigma_u=1,0,conditional_lyapunov,n_intervals,2799.0
2C_esp_map,leak_rate=1|n_units=200|rho=1.6|sigma_u=1,0,conditional_lyapunov,max_observed_growth,1.2665187865470622
2C_esp_map,leak_rate=1|n_units=200|rho=1.6|sigma_u=1,0,autocorrelation_time,tau_1e,0.7003416766564337
2C_esp_map,leak_rate=1|n_units=200|rho=1.6|sigma_u=1,0,autocorrelation_time,tau_censored,0.7003416766564337
2C_esp_map,leak_rate=1|n_units=200|rho=1.6|sigma_u=1,0,autocorrelation_time,tau_integrated,1.1323205434227297
2C_esp_map,leak_rate=1|n_units=200|rho=1.6|sigma_u=1,0,autocorrelation_time,max_lag,200.0
2C_esp_map,leak_rate=1|n_units=200|rho=1.6|sigma_u=2,0,esp_convergence,d_initial,0.5137910556945906
2C_esp_map,leak_rate=1|n_units=200|rho=1.6|sigma_u=2,0,esp_convergence,d_tail,1.6457630052509168e-16
2C_esp_map,leak_rate=1|n_units=200|rho=1.6|sigma_u=2,0,esp_convergence,converged,1.0
2C_esp_map,leak_rate=1|n_units=200|rho=1.6|sigma_u=2,0,esp_convergence,decay_rate_per_step,-0.14468163150944274
2C_esp_map,leak_rate=1|n_units=200|rho=1.6|sigma_u=2,0,esp_convergence,n_pairs,10.0
2C_esp_map,leak_rate=1|n_units=200|rho=1.6|sigma_u=2,0,esp_convergence,n_fit_points,208.0
2C_esp_map,leak_rate=1|n_units=200|rho=1.6|sigma_u=2,0,conditional_lyapunov,lyapunov_per_step,-0.17483244689558242
2C_esp_map,leak_rate=1|n_units=200|rho=1.6|sigma_u=2,0,conditional_lyapunov,lyapunov_per_time,-0.17483244689558242
2C_esp_map,leak_rate=1|n_units=200|rho=1.6|sigma_u=2,0,conditional_lyapunov,n_intervals,2799.0
2C_esp_map,leak_rate=1|n_units=200|rho=1.6|sigma_u=2,0,conditional_lyapunov,max_observed_growth,1.2647237544976635
2C_esp_map,leak_rate=1|n_units=200|rho=1.6|sigma_u=2,0,autocorrelation_time,tau_1e,0.6562840469689485
2C_esp_map,leak_rate=1|n_units=200|rho=1.6|sigma_u=2,0,autocorrelation_time,tau_censored,0.6562840469689485
2C_esp_map,leak_rate=1|n_units=200|rho=1.6|sigma_u=2,0,autocorrelation_time,tau_integrated,1.0368186431652422
2C_esp_map,leak_rate=1|n_units=200|rho=1.6|sigma_u=2,0,autocorrelation_time,max_lag,200.0
2C_esp_map,leak_rate=1|n_units=200|rho=1.7|sigma_u=0,0,esp_convergence,d_initial,0.7902706232345227
2C_esp_map,leak_rate=1|n_units=200|rho=1.7|sigma_u=0,0,esp_convergence,d_tail,0.9574103785195746
2C_esp_map,leak_rate=1|n_units=200|rho=1.7|sigma_u=0,0,esp_convergence,converged,0.0
2C_esp_map,leak_rate=1|n_units=200|rho=1.7|sigma_u=0,0,esp_convergence,decay_rate_per_step,4.7922182922015066e-05
2C_esp_map,leak_rate=1|n_units=200|rho=1.7|sigma_u=0,0,esp_convergence,n_pairs,10.0
2C_esp_map,leak_rate=1|n_units=200|rho=1.7|sigma_u=0,0,esp_convergence,n_fit_points,2990.0
2C_esp_map,leak_rate=1|n_units=200|rho=1.7|sigma_u=0,0,conditional_lyapunov,lyapunov_per_step,0.06384690420512694
2C_esp_map,leak_rate=1|n_units=200|rho=1.7|sigma_u=0,0,conditional_lyapunov,lyapunov_per_time,0.06384690420512694
2C_esp_map,leak_rate=1|n_units=200|rho=1.7|sigma_u=0,0,conditional_lyapunov,n_intervals,2799.0
2C_esp_map,leak_rate=1|n_units=200|rho=1.7|sigma_u=0,0,conditional_lyapunov,max_observed_growth,1.3429856659029578
2C_esp_map,leak_rate=1|n_units=200|rho=1.7|sigma_u=0,0,autocorrelation_time,tau_1e,0.7005200570403195
2C_esp_map,leak_rate=1|n_units=200|rho=1.7|sigma_u=0,0,autocorrelation_time,tau_censored,0.7005200570403195
2C_esp_map,leak_rate=1|n_units=200|rho=1.7|sigma_u=0,0,autocorrelation_time,tau_integrated,1.2360803213577212
2C_esp_map,leak_rate=1|n_units=200|rho=1.7|sigma_u=0,0,autocorrelation_time,max_lag,200.0
2C_esp_map,leak_rate=1|n_units=200|rho=1.7|sigma_u=0.05,0,esp_convergence,d_initial,0.7900912276507784
2C_esp_map,leak_rate=1|n_units=200|rho=1.7|sigma_u=0.05,0,esp_convergence,d_tail,1.0202624016605917
2C_esp_map,leak_rate=1|n_units=200|rho=1.7|sigma_u=0.05,0,esp_convergence,converged,0.0
2C_esp_map,leak_rate=1|n_units=200|rho=1.7|sigma_u=0.05,0,esp_convergence,decay_rate_per_step,0.00012149945306281595
2C_esp_map,leak_rate=1|n_units=200|rho=1.7|sigma_u=0.05,0,esp_convergence,n_pairs,10.0
2C_esp_map,leak_rate=1|n_units=200|rho=1.7|sigma_u=0.05,0,esp_convergence,n_fit_points,2990.0
2C_esp_map,leak_rate=1|n_units=200|rho=1.7|sigma_u=0.05,0,conditional_lyapunov,lyapunov_per_step,0.0618364296673217
2C_esp_map,leak_rate=1|n_units=200|rho=1.7|sigma_u=0.05,0,conditional_lyapunov,lyapunov_per_time,0.0618364296673217
2C_esp_map,leak_rate=1|n_units=200|rho=1.7|sigma_u=0.05,0,conditional_lyapunov,n_intervals,2799.0
2C_esp_map,leak_rate=1|n_units=200|rho=1.7|sigma_u=0.05,0,conditional_lyapunov,max_observed_growth,1.3269875732879808
2C_esp_map,leak_rate=1|n_units=200|rho=1.7|sigma_u=0.05,0,autocorrelation_time,tau_1e,0.8658644076803501
2C_esp_map,leak_rate=1|n_units=200|rho=1.7|sigma_u=0.05,0,autocorrelation_time,tau_censored,0.8658644076803501
2C_esp_map,leak_rate=1|n_units=200|rho=1.7|sigma_u=0.05,0,autocorrelation_time,tau_integrated,42.69664830637606
2C_esp_map,leak_rate=1|n_units=200|rho=1.7|sigma_u=0.05,0,autocorrelation_time,max_lag,200.0
2C_esp_map,leak_rate=1|n_units=200|rho=1.7|sigma_u=0.1,0,esp_convergence,d_initial,0.78932105412945
2C_esp_map,leak_rate=1|n_units=200|rho=1.7|sigma_u=0.1,0,esp_convergence,d_tail,1.0008850186281477
2C_esp_map,leak_rate=1|n_units=200|rho=1.7|sigma_u=0.1,0,esp_convergence,converged,0.0
2C_esp_map,leak_rate=1|n_units=200|rho=1.7|sigma_u=0.1,0,esp_convergence,decay_rate_per_step,8.719090687752664e-05
2C_esp_map,leak_rate=1|n_units=200|rho=1.7|sigma_u=0.1,0,esp_convergence,n_pairs,10.0
2C_esp_map,leak_rate=1|n_units=200|rho=1.7|sigma_u=0.1,0,esp_convergence,n_fit_points,2990.0
2C_esp_map,leak_rate=1|n_units=200|rho=1.7|sigma_u=0.1,0,conditional_lyapunov,lyapunov_per_step,0.061961811983397695
2C_esp_map,leak_rate=1|n_units=200|rho=1.7|sigma_u=0.1,0,conditional_lyapunov,lyapunov_per_time,0.061961811983397695
2C_esp_map,leak_rate=1|n_units=200|rho=1.7|sigma_u=0.1,0,conditional_lyapunov,n_intervals,2799.0
2C_esp_map,leak_rate=1|n_units=200|rho=1.7|sigma_u=0.1,0,conditional_lyapunov,max_observed_growth,1.3734204252286857
2C_esp_map,leak_rate=1|n_units=200|rho=1.7|sigma_u=0.1,0,autocorrelation_time,tau_1e,0.7175832719306144
2C_esp_map,leak_rate=1|n_units=200|rho=1.7|sigma_u=0.1,0,autocorrelation_time,tau_censored,0.7175832719306144
2C_esp_map,leak_rate=1|n_units=200|rho=1.7|sigma_u=0.1,0,autocorrelation_time,tau_integrated,1.2881617835508175
2C_esp_map,leak_rate=1|n_units=200|rho=1.7|sigma_u=0.1,0,autocorrelation_time,max_lag,200.0
2C_esp_map,leak_rate=1|n_units=200|rho=1.7|sigma_u=0.2,0,esp_convergence,d_initial,0.7860701011044707
2C_esp_map,leak_rate=1|n_units=200|rho=1.7|sigma_u=0.2,0,esp_convergence,d_tail,0.8647020834099837
2C_esp_map,leak_rate=1|n_units=200|rho=1.7|sigma_u=0.2,0,esp_convergence,converged,0.0
2C_esp_map,leak_rate=1|n_units=200|rho=1.7|sigma_u=0.2,0,esp_convergence,decay_rate_per_step,-2.8464312891848695e-05
2C_esp_map,leak_rate=1|n_units=200|rho=1.7|sigma_u=0.2,0,esp_convergence,n_pairs,10.0
2C_esp_map,leak_rate=1|n_units=200|rho=1.7|sigma_u=0.2,0,esp_convergence,n_fit_points,2990.0
2C_esp_map,leak_rate=1|n_units=200|rho=1.7|sigma_u=0.2,0,conditional_lyapunov,lyapunov_per_step,0.061175021427934226
2C_esp_map,leak_rate=1|n_units=200|rho=1.7|sigma_u=0.2,0,conditional_lyapunov,lyapunov_per_time,0.061175021427934226
2C_esp_map,leak_rate=1|n_units=200|rho=1.7|sigma_u=0.2,0,conditional_lyapunov,n_intervals,2799.0
2C_esp_map,leak_rate=1|n_units=200|rho=1.7|sigma_u=0.2,0,conditional_lyapunov,max_observed_growth,1.3404128428272837
2C_esp_map,leak_rate=1|n_units=200|rho=1.7|sigma_u=0.2,0,autocorrelation_time,tau_1e,0.7723604171594055
2C_esp_map,leak_rate=1|n_units=200|rho=1.7|sigma_u=0.2,0,autocorrelation_time,tau_censored,0.7723604171594055
2C_esp_map,leak_rate=1|n_units=200|rho=1.7|sigma_u=0.2,0,autocorrelation_time,tau_integrated,1.3240035536082733
2C_esp_map,leak_rate=1|n_units=200|rho=1.7|sigma_u=0.2,0,autocorrelation_time,max_lag,200.0
2C_esp_map,leak_rate=1|n_units=200|rho=1.7|sigma_u=0.5,0,esp_convergence,d_initial,0.7643776572205245
2C_esp_map,leak_rate=1|n_units=200|rho=1.7|sigma_u=0.5,0,esp_convergence,d_tail,0.6691446704159782
2C_esp_map,leak_rate=1|n_units=200|rho=1.7|sigma_u=0.5,0,esp_convergence,converged,0.0
2C_esp_map,leak_rate=1|n_units=200|rho=1.7|sigma_u=0.5,0,esp_convergence,decay_rate_per_step,2.053607040787064e-05
2C_esp_map,leak_rate=1|n_units=200|rho=1.7|sigma_u=0.5,0,esp_convergence,n_pairs,10.0
2C_esp_map,leak_rate=1|n_units=200|rho=1.7|sigma_u=0.5,0,esp_convergence,n_fit_points,2990.0
2C_esp_map,leak_rate=1|n_units=200|rho=1.7|sigma_u=0.5,0,conditional_lyapunov,lyapunov_per_step,0.04184371047296756
2C_esp_map,leak_rate=1|n_units=200|rho=1.7|sigma_u=0.5,0,conditional_lyapunov,lyapunov_per_time,0.04184371047296756
2C_esp_map,leak_rate=1|n_units=200|rho=1.7|sigma_u=0.5,0,conditional_lyapunov,n_intervals,2799.0
2C_esp_map,leak_rate=1|n_units=200|rho=1.7|sigma_u=0.5,0,conditional_lyapunov,max_observed_growth,1.3452336889008938
2C_esp_map,leak_rate=1|n_units=200|rho=1.7|sigma_u=0.5,0,autocorrelation_time,tau_1e,0.7693245025804746
2C_esp_map,leak_rate=1|n_units=200|rho=1.7|sigma_u=0.5,0,autocorrelation_time,tau_censored,0.7693245025804746
2C_esp_map,leak_rate=1|n_units=200|rho=1.7|sigma_u=0.5,0,autocorrelation_time,tau_integrated,1.2979655683393085
2C_esp_map,leak_rate=1|n_units=200|rho=1.7|sigma_u=0.5,0,autocorrelation_time,max_lag,200.0
2C_esp_map,leak_rate=1|n_units=200|rho=1.7|sigma_u=1,0,esp_convergence,d_initial,0.6930317453659156
2C_esp_map,leak_rate=1|n_units=200|rho=1.7|sigma_u=1,0,esp_convergence,d_tail,2.602405575546012e-06
2C_esp_map,leak_rate=1|n_units=200|rho=1.7|sigma_u=1,0,esp_convergence,converged,1.0
2C_esp_map,leak_rate=1|n_units=200|rho=1.7|sigma_u=1,0,esp_convergence,decay_rate_per_step,-0.003892882412811117
2C_esp_map,leak_rate=1|n_units=200|rho=1.7|sigma_u=1,0,esp_convergence,n_pairs,10.0
2C_esp_map,leak_rate=1|n_units=200|rho=1.7|sigma_u=1,0,esp_convergence,n_fit_points,2990.0
2C_esp_map,leak_rate=1|n_units=200|rho=1.7|sigma_u=1,0,conditional_lyapunov,lyapunov_per_step,-0.003988199437558616
2C_esp_map,leak_rate=1|n_units=200|rho=1.7|sigma_u=1,0,conditional_lyapunov,lyapunov_per_time,-0.003988199437558616
2C_esp_map,leak_rate=1|n_units=200|rho=1.7|sigma_u=1,0,conditional_lyapunov,n_intervals,2799.0
2C_esp_map,leak_rate=1|n_units=200|rho=1.7|sigma_u=1,0,conditional_lyapunov,max_observed_growth,1.3084210816931447
2C_esp_map,leak_rate=1|n_units=200|rho=1.7|sigma_u=1,0,autocorrelation_time,tau_1e,0.7053941424379848
2C_esp_map,leak_rate=1|n_units=200|rho=1.7|sigma_u=1,0,autocorrelation_time,tau_censored,0.7053941424379848
2C_esp_map,leak_rate=1|n_units=200|rho=1.7|sigma_u=1,0,autocorrelation_time,tau_integrated,1.1470535813237557
2C_esp_map,leak_rate=1|n_units=200|rho=1.7|sigma_u=1,0,autocorrelation_time,max_lag,200.0
2C_esp_map,leak_rate=1|n_units=200|rho=1.7|sigma_u=2,0,esp_convergence,d_initial,0.5396156439694603
2C_esp_map,leak_rate=1|n_units=200|rho=1.7|sigma_u=2,0,esp_convergence,d_tail,1.9805311837481777e-16
2C_esp_map,leak_rate=1|n_units=200|rho=1.7|sigma_u=2,0,esp_convergence,converged,1.0
2C_esp_map,leak_rate=1|n_units=200|rho=1.7|sigma_u=2,0,esp_convergence,decay_rate_per_step,-0.11044955735132106
2C_esp_map,leak_rate=1|n_units=200|rho=1.7|sigma_u=2,0,esp_convergence,n_pairs,10.0
2C_esp_map,leak_rate=1|n_units=200|rho=1.7|sigma_u=2,0,esp_convergence,n_fit_points,270.0
2C_esp_map,leak_rate=1|n_units=200|rho=1.7|sigma_u=2,0,conditional_lyapunov,lyapunov_per_step,-0.13208258604403939
2C_esp_map,leak_rate=1|n_units=200|rho=1.7|sigma_u=2,0,conditional_lyapunov,lyapunov_per_time,-0.13208258604403939
2C_esp_map,leak_rate=1|n_units=200|rho=1.7|sigma_u=2,0,conditional_lyapunov,n_intervals,2799.0
2C_esp_map,leak_rate=1|n_units=200|rho=1.7|sigma_u=2,0,conditional_lyapunov,max_observed_growth,1.2471699825483265
2C_esp_map,leak_rate=1|n_units=200|rho=1.7|sigma_u=2,0,autocorrelation_time,tau_1e,0.6599813961640617
2C_esp_map,leak_rate=1|n_units=200|rho=1.7|sigma_u=2,0,autocorrelation_time,tau_censored,0.6599813961640617
2C_esp_map,leak_rate=1|n_units=200|rho=1.7|sigma_u=2,0,autocorrelation_time,tau_integrated,1.0422145798312448
2C_esp_map,leak_rate=1|n_units=200|rho=1.7|sigma_u=2,0,autocorrelation_time,max_lag,200.0
2C_esp_map,leak_rate=1|n_units=200|rho=1.8|sigma_u=0,0,esp_convergence,d_initial,0.8118280669402367
2C_esp_map,leak_rate=1|n_units=200|rho=1.8|sigma_u=0,0,esp_convergence,d_tail,1.0488632738503616
2C_esp_map,leak_rate=1|n_units=200|rho=1.8|sigma_u=0,0,esp_convergence,converged,0.0
2C_esp_map,leak_rate=1|n_units=200|rho=1.8|sigma_u=0,0,esp_convergence,decay_rate_per_step,9.427684728182465e-05
2C_esp_map,leak_rate=1|n_units=200|rho=1.8|sigma_u=0,0,esp_convergence,n_pairs,10.0
2C_esp_map,leak_rate=1|n_units=200|rho=1.8|sigma_u=0,0,esp_convergence,n_fit_points,2990.0
2C_esp_map,leak_rate=1|n_units=200|rho=1.8|sigma_u=0,0,conditional_lyapunov,lyapunov_per_step,0.0823938689487608
2C_esp_map,leak_rate=1|n_units=200|rho=1.8|sigma_u=0,0,conditional_lyapunov,lyapunov_per_time,0.0823938689487608
2C_esp_map,leak_rate=1|n_units=200|rho=1.8|sigma_u=0,0,conditional_lyapunov,n_intervals,2799.0
2C_esp_map,leak_rate=1|n_units=200|rho=1.8|sigma_u=0,0,conditional_lyapunov,max_observed_growth,1.4026032128720098
2C_esp_map,leak_rate=1|n_units=200|rho=1.8|sigma_u=0,0,autocorrelation_time,tau_1e,0.7876460253455035
2C_esp_map,leak_rate=1|n_units=200|rho=1.8|sigma_u=0,0,autocorrelation_time,tau_censored,0.7876460253455035
2C_esp_map,leak_rate=1|n_units=200|rho=1.8|sigma_u=0,0,autocorrelation_time,tau_integrated,29.89161467920011
2C_esp_map,leak_rate=1|n_units=200|rho=1.8|sigma_u=0,0,autocorrelation_time,max_lag,200.0
2C_esp_map,leak_rate=1|n_units=200|rho=1.8|sigma_u=0.05,0,esp_convergence,d_initial,0.8115565328734027
2C_esp_map,leak_rate=1|n_units=200|rho=1.8|sigma_u=0.05,0,esp_convergence,d_tail,1.0214110047627987
2C_esp_map,leak_rate=1|n_units=200|rho=1.8|sigma_u=0.05,0,esp_convergence,converged,0.0
2C_esp_map,leak_rate=1|n_units=200|rho=1.8|sigma_u=0.05,0,esp_convergence,decay_rate_per_step,9.146669773493496e-06
2C_esp_map,leak_rate=1|n_units=200|rho=1.8|sigma_u=0.05,0,esp_convergence,n_pairs,10.0
2C_esp_map,leak_rate=1|n_units=200|rho=1.8|sigma_u=0.05,0,esp_convergence,n_fit_points,2990.0
2C_esp_map,leak_rate=1|n_units=200|rho=1.8|sigma_u=0.05,0,conditional_lyapunov,lyapunov_per_step,0.0817948933358902
2C_esp_map,leak_rate=1|n_units=200|rho=1.8|sigma_u=0.05,0,conditional_lyapunov,lyapunov_per_time,0.0817948933358902
2C_esp_map,leak_rate=1|n_units=200|rho=1.8|sigma_u=0.05,0,conditional_lyapunov,n_intervals,2799.0
2C_esp_map,leak_rate=1|n_units=200|rho=1.8|sigma_u=0.05,0,conditional_lyapunov,max_observed_growth,1.3940589820538447
2C_esp_map,leak_rate=1|n_units=200|rho=1.8|sigma_u=0.05,0,autocorrelation_time,tau_1e,0.6688465998411768
2C_esp_map,leak_rate=1|n_units=200|rho=1.8|sigma_u=0.05,0,autocorrelation_time,tau_censored,0.6688465998411768
2C_esp_map,leak_rate=1|n_units=200|rho=1.8|sigma_u=0.05,0,autocorrelation_time,tau_integrated,1.184719358566372
2C_esp_map,leak_rate=1|n_units=200|rho=1.8|sigma_u=0.05,0,autocorrelation_time,max_lag,200.0
2C_esp_map,leak_rate=1|n_units=200|rho=1.8|sigma_u=0.1,0,esp_convergence,d_initial,0.8107281424967403
2C_esp_map,leak_rate=1|n_units=200|rho=1.8|sigma_u=0.1,0,esp_convergence,d_tail,1.048938015694062
2C_esp_map,leak_rate=1|n_units=200|rho=1.8|sigma_u=0.1,0,esp_convergence,converged,0.0
2C_esp_map,leak_rate=1|n_units=200|rho=1.8|sigma_u=0.1,0,esp_convergence,decay_rate_per_step,2.653754898284427e-05
2C_esp_map,leak_rate=1|n_units=200|rho=1.8|sigma_u=0.1,0,esp_convergence,n_pairs,10.0
2C_esp_map,leak_rate=1|n_units=200|rho=1.8|sigma_u=0.1,0,esp_convergence,n_fit_points,2990.0
2C_esp_map,leak_rate=1|n_units=200|rho=1.8|sigma_u=0.1,0,conditional_lyapunov,lyapunov_per_step,0.07928175401774938
2C_esp_map,leak_rate=1|n_units=200|rho=1.8|sigma_u=0.1,0,conditional_lyapunov,lyapunov_per_time,0.07928175401774938
2C_esp_map,leak_rate=1|n_units=200|rho=1.8|sigma_u=0.1,0,conditional_lyapunov,n_intervals,2799.0
2C_esp_map,leak_rate=1|n_units=200|rho=1.8|sigma_u=0.1,0,conditional_lyapunov,max_observed_growth,1.3653026881707915
2C_esp_map,leak_rate=1|n_units=200|rho=1.8|sigma_u=0.1,0,autocorrelation_time,tau_1e,0.6771794928579801
2C_esp_map,leak_rate=1|n_units=200|rho=1.8|sigma_u=0.1,0,autocorrelation_time,tau_censored,0.6771794928579801
2C_esp_map,leak_rate=1|n_units=200|rho=1.8|sigma_u=0.1,0,autocorrelation_time,tau_integrated,1.1707427252072757
2C_esp_map,leak_rate=1|n_units=200|rho=1.8|sigma_u=0.1,0,autocorrelation_time,max_lag,200.0
2C_esp_map,leak_rate=1|n_units=200|rho=1.8|sigma_u=0.2,0,esp_convergence,d_initial,0.8074670451224457
2C_esp_map,leak_rate=1|n_units=200|rho=1.8|sigma_u=0.2,0,esp_convergence,d_tail,0.9213977771064822
2C_esp_map,leak_rate=1|n_units=200|rho=1.8|sigma_u=0.2,0,esp_convergence,converged,0.0
2C_esp_map,leak_rate=1|n_units=200|rho=1.8|sigma_u=0.2,0,esp_convergence,decay_rate_per_step,-3.569264109333056e-05
2C_esp_map,leak_rate=1|n_units=200|rho=1.8|sigma_u=0.2,0,esp_convergence,n_pairs,10.0
2C_esp_map,leak_rate=1|n_units=200|rho=1.8|sigma_u=0.2,0,esp_convergence,n_fit_points,2990.0
2C_esp_map,leak_rate=1|n_units=200|rho=1.8|sigma_u=0.2,0,conditional_lyapunov,lyapunov_per_step,0.0775865477810182
2C_esp_map,leak_rate=1|n_units=200|rho=1.8|sigma_u=0.2,0,conditional_lyapunov,lyapunov_per_time,0.0775865477810182
2C_esp_map,leak_rate=1|n_units=200|rho=1.8|sigma_u=0.2,0,conditional_lyapunov,n_intervals,2799.0
2C_esp_map,leak_rate=1|n_units=200|rho=1.8|sigma_u=0.2,0,conditional_lyapunov,max_observed_growth,1.3958857770706257
2C_esp_map,leak_rate=1|n_units=200|rho=1.8|sigma_u=0.2,0,autocorrelation_time,tau_1e,0.7919629050118508
2C_esp_map,leak_rate=1|n_units=200|rho=1.8|sigma_u=0.2,0,autocorrelation_time,tau_censored,0.7919629050118508
2C_esp_map,leak_rate=1|n_units=200|rho=1.8|sigma_u=0.2,0,autocorrelation_time,tau_integrated,23.69610286808797
2C_esp_map,leak_rate=1|n_units=200|rho=1.8|sigma_u=0.2,0,autocorrelation_time,max_lag,200.0
2C_esp_map,leak_rate=1|n_units=200|rho=1.8|sigma_u=0.5,0,esp_convergence,d_initial,0.7865540385557347
2C_esp_map,leak_rate=1|n_units=200|rho=1.8|sigma_u=0.5,0,esp_convergence,d_tail,0.7288009588147348
2C_esp_map,leak_rate=1|n_units=200|rho=1.8|sigma_u=0.5,0,esp_convergence,converged,0.0
2C_esp_map,leak_rate=1|n_units=200|rho=1.8|sigma_u=0.5,0,esp_convergence,decay_rate_per_step,-4.801887897520312e-06
2C_esp_map,leak_rate=1|n_units=200|rho=1.8|sigma_u=0.5,0,esp_convergence,n_pairs,10.0
2C_esp_map,leak_rate=1|n_units=200|rho=1.8|sigma_u=0.5,0,esp_convergence,n_fit_points,2990.0
2C_esp_map,leak_rate=1|n_units=200|rho=1.8|sigma_u=0.5,0,conditional_lyapunov,lyapunov_per_step,0.06866836775848988
2C_esp_map,leak_rate=1|n_units=200|rho=1.8|sigma_u=0.5,0,conditional_lyapunov,lyapunov_per_time,0.06866836775848988
2C_esp_map,leak_rate=1|n_units=200|rho=1.8|sigma_u=0.5,0,conditional_lyapunov,n_intervals,2799.0
2C_esp_map,leak_rate=1|n_units=200|rho=1.8|sigma_u=0.5,0,conditional_lyapunov,max_observed_growth,1.337241068763879
2C_esp_map,leak_rate=1|n_units=200|rho=1.8|sigma_u=0.5,0,autocorrelation_time,tau_1e,0.7230792117182583
2C_esp_map,leak_rate=1|n_units=200|rho=1.8|sigma_u=0.5,0,autocorrelation_time,tau_censored,0.7230792117182583
2C_esp_map,leak_rate=1|n_units=200|rho=1.8|sigma_u=0.5,0,autocorrelation_time,tau_integrated,1.2173671720112162
2C_esp_map,leak_rate=1|n_units=200|rho=1.8|sigma_u=0.5,0,autocorrelation_time,max_lag,200.0
2C_esp_map,leak_rate=1|n_units=200|rho=1.8|sigma_u=1,0,esp_convergence,d_initial,0.7194919139525197
2C_esp_map,leak_rate=1|n_units=200|rho=1.8|sigma_u=1,0,esp_convergence,d_tail,0.36981785029637504
2C_esp_map,leak_rate=1|n_units=200|rho=1.8|sigma_u=1,0,esp_convergence,converged,0.0
2C_esp_map,leak_rate=1|n_units=200|rho=1.8|sigma_u=1,0,esp_convergence,decay_rate_per_step,-2.3551037502223356e-07
2C_esp_map,leak_rate=1|n_units=200|rho=1.8|sigma_u=1,0,esp_convergence,n_pairs,10.0
2C_esp_map,leak_rate=1|n_units=200|rho=1.8|sigma_u=1,0,esp_convergence,n_fit_points,2990.0
2C_esp_map,leak_rate=1|n_units=200|rho=1.8|sigma_u=1,0,conditional_lyapunov,lyapunov_per_step,0.022776628179799054
2C_esp_map,leak_rate=1|n_units=200|rho=1.8|sigma_u=1,0,conditional_lyapunov,lyapunov_per_time,0.022776628179799054
2C_esp_map,leak_rate=1|n_units=200|rho=1.8|sigma_u=1,0,conditional_lyapunov,n_intervals,2799.0
2C_esp_map,leak_rate=1|n_units=200|rho=1.8|sigma_u=1,0,conditional_lyapunov,max_observed_growth,1.3283826706317285
2C_esp_map,leak_rate=1|n_units=200|rho=1.8|sigma_u=1,0,autocorrelation_time,tau_1e,0.6992592677687416
2C_esp_map,leak_rate=1|n_units=200|rho=1.8|sigma_u=1,0,autocorrelation_time,tau_censored,0.6992592677687416
2C_esp_map,leak_rate=1|n_units=200|rho=1.8|sigma_u=1,0,autocorrelation_time,tau_integrated,1.1380641692935842
2C_esp_map,leak_rate=1|n_units=200|rho=1.8|sigma_u=1,0,autocorrelation_time,max_lag,200.0
2C_esp_map,leak_rate=1|n_units=200|rho=1.8|sigma_u=2,0,esp_convergence,d_initial,0.5647189641763444
2C_esp_map,leak_rate=1|n_units=200|rho=1.8|sigma_u=2,0,esp_convergence,d_tail,2.6877196451252515e-16
2C_esp_map,leak_rate=1|n_units=200|rho=1.8|sigma_u=2,0,esp_convergence,converged,1.0
2C_esp_map,leak_rate=1|n_units=200|rho=1.8|sigma_u=2,0,esp_convergence,decay_rate_per_step,-0.07626654946727693
2C_esp_map,leak_rate=1|n_units=200|rho=1.8|sigma_u=2,0,esp_convergence,n_pairs,10.0
2C_esp_map,leak_rate=1|n_units=200|rho=1.8|sigma_u=2,0,esp_convergence,n_fit_points,379.0
2C_esp_map,leak_rate=1|n_units=200|rho=1.8|sigma_u=2,0,conditional_lyapunov,lyapunov_per_step,-0.09296343294204656
2C_esp_map,leak_rate=1|n_units=200|rho=1.8|sigma_u=2,0,conditional_lyapunov,lyapunov_per_time,-0.09296343294204656
2C_esp_map,leak_rate=1|n_units=200|rho=1.8|sigma_u=2,0,conditional_lyapunov,n_intervals,2799.0
2C_esp_map,leak_rate=1|n_units=200|rho=1.8|sigma_u=2,0,conditional_lyapunov,max_observed_growth,1.2856865487443025
2C_esp_map,leak_rate=1|n_units=200|rho=1.8|sigma_u=2,0,autocorrelation_time,tau_1e,0.6632853692057242
2C_esp_map,leak_rate=1|n_units=200|rho=1.8|sigma_u=2,0,autocorrelation_time,tau_censored,0.6632853692057242
2C_esp_map,leak_rate=1|n_units=200|rho=1.8|sigma_u=2,0,autocorrelation_time,tau_integrated,1.0481180711519045
2C_esp_map,leak_rate=1|n_units=200|rho=1.8|sigma_u=2,0,autocorrelation_time,max_lag,200.0
2C_esp_map,leak_rate=1|n_units=200|rho=1.9|sigma_u=0,0,esp_convergence,d_initial,0.8318492771855777
2C_esp_map,leak_rate=1|n_units=200|rho=1.9|sigma_u=0,0,esp_convergence,d_tail,1.0374938925393378
2C_esp_map,leak_rate=1|n_units=200|rho=1.9|sigma_u=0,0,esp_convergence,converged,0.0
2C_esp_map,leak_rate=1|n_units=200|rho=1.9|sigma_u=0,0,esp_convergence,decay_rate_per_step,1.4106647358811049e-05
2C_esp_map,leak_rate=1|n_units=200|rho=1.9|sigma_u=0,0,esp_convergence,n_pairs,10.0
2C_esp_map,leak_rate=1|n_units=200|rho=1.9|sigma_u=0,0,esp_convergence,n_fit_points,2990.0
2C_esp_map,leak_rate=1|n_units=200|rho=1.9|sigma_u=0,0,conditional_lyapunov,lyapunov_per_step,0.09803207441490938
2C_esp_map,leak_rate=1|n_units=200|rho=1.9|sigma_u=0,0,conditional_lyapunov,lyapunov_per_time,0.09803207441490938
2C_esp_map,leak_rate=1|n_units=200|rho=1.9|sigma_u=0,0,conditional_lyapunov,n_intervals,2799.0
2C_esp_map,leak_rate=1|n_units=200|rho=1.9|sigma_u=0,0,conditional_lyapunov,max_observed_growth,1.3964285774243428
2C_esp_map,leak_rate=1|n_units=200|rho=1.9|sigma_u=0,0,autocorrelation_time,tau_1e,0.7953837096427743
2C_esp_map,leak_rate=1|n_units=200|rho=1.9|sigma_u=0,0,autocorrelation_time,tau_censored,0.7953837096427743
2C_esp_map,leak_rate=1|n_units=200|rho=1.9|sigma_u=0,0,autocorrelation_time,tau_integrated,31.875594200849726
2C_esp_map,leak_rate=1|n_units=200|rho=1.9|sigma_u=0,0,autocorrelation_time,max_lag,200.0
2C_esp_map,leak_rate=1|n_units=200|rho=1.9|sigma_u=0.05,0,esp_convergence,d_initial,0.8314818540324841
2C_esp_map,leak_rate=1|n_units=200|rho=1.9|sigma_u=0.05,0,esp_convergence,d_tail,1.0586217640175157
2C_esp_map,leak_rate=1|n_units=200|rho=1.9|sigma_u=0.05,0,esp_convergence,converged,0.0
2C_esp_map,leak_rate=1|n_units=200|rho=1.9|sigma_u=0.05,0,esp_convergence,decay_rate_per_step,-5.967509779255017e-06
2C_esp_map,leak_rate=1|n_units=200|rho=1.9|sigma_u=0.05,0,esp_convergence,n_pairs,10.0
2C_esp_map,leak_rate=1|n_units=200|rho=1.9|sigma_u=0.05,0,esp_convergence,n_fit_points,2990.0
2C_esp_map,leak_rate=1|n_units=200|rho=1.9|sigma_u=0.05,0,conditional_lyapunov,lyapunov_per_step,0.09953222529572132
2C_esp_map,leak_rate=1|n_units=200|rho=1.9|sigma_u=0.05,0,conditional_lyapunov,lyapunov_per_time,0.09953222529572132
2C_esp_map,leak_rate=1|n_units=200|rho=1.9|sigma_u=0.05,0,conditional_lyapunov,n_intervals,2799.0
2C_esp_map,leak_rate=1|n_units=200|rho=1.9|sigma_u=0.05,0,conditional_lyapunov,max_observed_growth,1.4431667905595076
2C_esp_map,leak_rate=1|n_units=200|rho=1.9|sigma_u=0.05,0,autocorrelation_time,tau_1e,0.7781486674249306
2C_esp_map,leak_rate=1|n_units=200|rho=1.9|sigma_u=0.05,0,autocorrelation_time,tau_censored,0.7781486674249306
2C_esp_map,leak_rate=1|n_units=200|rho=1.9|sigma_u=0.05,0,autocorrelation_time,tau_integrated,22.023223952150857
2C_esp_map,leak_rate=1|n_units=200|rho=1.9|sigma_u=0.05,0,autocorrelation_time,max_lag,200.0
2C_esp_map,leak_rate=1|n_units=200|rho=1.9|sigma_u=0.1,0,esp_convergence,d_initial,0.8305896965895604
2C_esp_map,leak_rate=1|n_units=200|rho=1.9|sigma_u=0.1,0,esp_convergence,d_tail,1.0638300772262752
2C_esp_map,leak_rate=1|n_units=200|rho=1.9|sigma_u=0.1,0,esp_convergence,converged,0.0
2C_esp_map,leak_rate=1|n_units=200|rho=1.9|sigma_u=0.1,0,esp_convergence,decay_rate_per_step,3.145007386172941e-05
2C_esp_map,leak_rate=1|n_units=200|rho=1.9|sigma_u=0.1,0,esp_convergence,n_pairs,10.0
2C_esp_map,leak_rate=1|n_units=200|rho=1.9|sigma_u=0.1,0,esp_convergence,n_fit_points,2990.0
2C_esp_map,leak_rate=1|n_units=200|rho=1.9|sigma_u=0.1,0,conditional_lyapunov,lyapunov_per_step,0.09866515882580364
2C_esp_map,leak_rate=1|n_units=200|rho=1.9|sigma_u=0.1,0,conditional_lyapunov,lyapunov_per_time,0.09866515882580364
2C_esp_map,leak_rate=1|n_units=200|rho=1.9|sigma_u=0.1,0,conditional_lyapunov,n_intervals,2799.0
2C_esp_map,leak_rate=1|n_units=200|rho=1.9|sigma_u=0.1,0,conditional_lyapunov,max_observed_growth,1.4104454854664394
2C_esp_map,leak_rate=1|n_units=200|rho=1.9|sigma_u=0.1,0,autocorrelation_time,tau_1e,0.7457864214955675
2C_esp_map,leak_rate=1|n_units=200|rho=1.9|sigma_u=0.1,0,autocorrelation_time,tau_censored,0.7457864214955675
2C_esp_map,leak_rate=1|n_units=200|rho=1.9|sigma_u=0.1,0,autocorrelation_time,tau_integrated,1.3511785683161446
2C_esp_map,leak_rate=1|n_units=200|rho=1.9|sigma_u=0.1,0,autocorrelation_time,max_lag,200.0
2C_esp_map,leak_rate=1|n_units=200|rho=1.9|sigma_u=0.2,0,esp_convergence,d_initial,0.8273010798911378
2C_esp_map,leak_rate=1|n_units=200|rho=1.9|sigma_u=0.2,0,esp_convergence,d_tail,1.0278988934603546
2C_esp_map,leak_rate=1|n_units=200|rho=1.9|sigma_u=0.2,0,esp_convergence,converged,0.0
2C_esp_map,leak_rate=1|n_units=200|rho=1.9|sigma_u=0.2,0,esp_convergence,decay_rate_per_step,-1.1033164529885214e-06
2C_esp_map,leak_rate=1|n_units=200|rho=1.9|sigma_u=0.2,0,esp_convergence,n_pairs,10.0
2C_esp_map,leak_rate=1|n_units=200|rho=1.9|sigma_u=0.2,0,esp_convergence,n_fit_points,2990.0
2C_esp_map,leak_rate=1|n_units=200|rho=1.9|sigma_u=0.2,0,conditional_lyapunov,lyapunov_per_step,0.0959510941286851
2C_esp_map,leak_rate=1|n_units=200|rho=1.9|sigma_u=0.2,0,conditional_lyapunov,lyapunov_per_time,0.0959510941286851
2C_esp_map,leak_rate=1|n_units=200|rho=1.9|sigma_u=0.2,0,conditional_lyapunov,n_intervals,2799.0
2C_esp_map,leak_rate=1|n_units=200|rho=1.9|sigma_u=0.2,0,conditional_lyapunov,max_observed_growth,1.4572014651417202
2C_esp_map,leak_rate=1|n_units=200|rho=1.9|sigma_u=0.2,0,autocorrelation_time,tau_1e,0.7747609053532769
2C_esp_map,leak_rate=1|n_units=200|rho=1.9|sigma_u=0.2,0,autocorrelation_time,tau_censored,0.7747609053532769
2C_esp_map,leak_rate=1|n_units=200|rho=1.9|sigma_u=0.2,0,autocorrelation_time,tau_integrated,25.53393555049945
2C_esp_map,leak_rate=1|n_units=200|rho=1.9|sigma_u=0.2,0,autocorrelation_time,max_lag,200.0
2C_esp_map,leak_rate=1|n_units=200|rho=1.9|sigma_u=0.5,0,esp_convergence,d_initial,0.807067773482797
2C_esp_map,leak_rate=1|n_units=200|rho=1.9|sigma_u=0.5,0,esp_convergence,d_tail,0.7930383823699743
2C_esp_map,leak_rate=1|n_units=200|rho=1.9|sigma_u=0.5,0,esp_convergence,converged,0.0
2C_esp_map,leak_rate=1|n_units=200|rho=1.9|sigma_u=0.5,0,esp_convergence,decay_rate_per_step,1.4554167558016437e-05
2C_esp_map,leak_rate=1|n_units=200|rho=1.9|sigma_u=0.5,0,esp_convergence,n_pairs,10.0
2C_esp_map,leak_rate=1|n_units=200|rho=1.9|sigma_u=0.5,0,esp_convergence,n_fit_points,2990.0
2C_esp_map,leak_rate=1|n_units=200|rho=1.9|sigma_u=0.5,0,conditional_lyapunov,lyapunov_per_step,0.08454421761328594
2C_esp_map,leak_rate=1|n_units=200|rho=1.9|sigma_u=0.5,0,conditional_lyapunov,lyapunov_per_time,0.08454421761328594
2C_esp_map,leak_rate=1|n_units=200|rho=1.9|sigma_u=0.5,0,conditional_lyapunov,n_intervals,2799.0
2C_esp_map,leak_rate=1|n_units=200|rho=1.9|sigma_u=0.5,0,conditional_lyapunov,max_observed_growth,1.4028583232002934
2C_esp_map,leak_rate=1|n_units=200|rho=1.9|sigma_u=0.5,0,autocorrelation_time,tau_1e,0.7460255462173144
2C_esp_map,leak_rate=1|n_units=200|rho=1.9|sigma_u=0.5,0,autocorrelation_time,tau_censored,0.7460255462173144
2C_esp_map,leak_rate=1|n_units=200|rho=1.9|sigma_u=0.5,0,autocorrelation_time,tau_integrated,1.2657681462181223
2C_esp_map,leak_rate=1|n_units=200|rho=1.9|sigma_u=0.5,0,autocorrelation_time,max_lag,200.0
2C_esp_map,leak_rate=1|n_units=200|rho=1.9|sigma_u=1,0,esp_convergence,d_initial,0.7442846480057032
2C_esp_map,leak_rate=1|n_units=200|rho=1.9|sigma_u=1,0,esp_convergence,d_tail,0.515978896113175
2C_esp_map,leak_rate=1|n_units=200|rho=1.9|sigma_u=1,0,esp_convergence,converged,0.0
2C_esp_map,leak_rate=1|n_units=200|rho=1.9|sigma_u=1,0,esp_convergence,decay_rate_per_step,8.03083326987686e-07
2C_esp_map,leak_rate=1|n_units=200|rho=1.9|sigma_u=1,0,esp_convergence,n_pairs,10.0
2C_esp_map,leak_rate=1|n_units=200|rho=1.9|sigma_u=1,0,esp_convergence,n_fit_points,2990.0
2C_esp_map,leak_rate=1|n_units=200|rho=1.9|sigma_u=1,0,conditional_lyapunov,lyapunov_per_step,0.04468373068107862
2C_esp_map,leak_rate=1|n_units=200|rho=1.9|sigma_u=1,0,conditional_lyapunov,lyapunov_per_time,0.04468373068107862
2C_esp_map,leak_rate=1|n_units=200|rho=1.9|sigma_u=1,0,conditional_lyapunov,n_intervals,2799.0
2C_esp_map,leak_rate=1|n_units=200|rho=1.9|sigma_u=1,0,conditional_lyapunov,max_observed_growth,1.3795635644924613
2C_esp_map,leak_rate=1|n_units=200|rho=1.9|sigma_u=1,0,autocorrelation_time,tau_1e,0.7093595863815744
2C_esp_map,leak_rate=1|n_units=200|rho=1.9|sigma_u=1,0,autocorrelation_time,tau_censored,0.7093595863815744
2C_esp_map,leak_rate=1|n_units=200|rho=1.9|sigma_u=1,0,autocorrelation_time,tau_integrated,1.1649790709103642
2C_esp_map,leak_rate=1|n_units=200|rho=1.9|sigma_u=1,0,autocorrelation_time,max_lag,200.0
2C_esp_map,leak_rate=1|n_units=200|rho=1.9|sigma_u=2,0,esp_convergence,d_initial,0.5891297666791313
2C_esp_map,leak_rate=1|n_units=200|rho=1.9|sigma_u=2,0,esp_convergence,d_tail,3.6174053268248003e-16
2C_esp_map,leak_rate=1|n_units=200|rho=1.9|sigma_u=2,0,esp_convergence,converged,1.0
2C_esp_map,leak_rate=1|n_units=200|rho=1.9|sigma_u=2,0,esp_convergence,decay_rate_per_step,-0.05848487797661711
2C_esp_map,leak_rate=1|n_units=200|rho=1.9|sigma_u=2,0,esp_convergence,n_pairs,10.0
2C_esp_map,leak_rate=1|n_units=200|rho=1.9|sigma_u=2,0,esp_convergence,n_fit_points,524.0
2C_esp_map,leak_rate=1|n_units=200|rho=1.9|sigma_u=2,0,conditional_lyapunov,lyapunov_per_step,-0.05733514051919337
2C_esp_map,leak_rate=1|n_units=200|rho=1.9|sigma_u=2,0,conditional_lyapunov,lyapunov_per_time,-0.05733514051919337
2C_esp_map,leak_rate=1|n_units=200|rho=1.9|sigma_u=2,0,conditional_lyapunov,n_intervals,2799.0
2C_esp_map,leak_rate=1|n_units=200|rho=1.9|sigma_u=2,0,conditional_lyapunov,max_observed_growth,1.420406784177606
2C_esp_map,leak_rate=1|n_units=200|rho=1.9|sigma_u=2,0,autocorrelation_time,tau_1e,0.6658216425238231
2C_esp_map,leak_rate=1|n_units=200|rho=1.9|sigma_u=2,0,autocorrelation_time,tau_censored,0.6658216425238231
2C_esp_map,leak_rate=1|n_units=200|rho=1.9|sigma_u=2,0,autocorrelation_time,tau_integrated,1.054156561480389
2C_esp_map,leak_rate=1|n_units=200|rho=1.9|sigma_u=2,0,autocorrelation_time,max_lag,200.0
2C_esp_map,leak_rate=1|n_units=200|rho=0.4|sigma_u=0,1,esp_convergence,d_initial,0.2626918178299041
2C_esp_map,leak_rate=1|n_units=200|rho=0.4|sigma_u=0,1,esp_convergence,d_tail,0.0
2C_esp_map,leak_rate=1|n_units=200|rho=0.4|sigma_u=0,1,esp_convergence,converged,1.0
2C_esp_map,leak_rate=1|n_units=200|rho=0.4|sigma_u=0,1,esp_convergence,decay_rate_per_step,-0.9664624921786558
2C_esp_map,leak_rate=1|n_units=200|rho=0.4|sigma_u=0,1,esp_convergence,n_pairs,10.0
2C_esp_map,leak_rate=1|n_units=200|rho=0.4|sigma_u=0,1,esp_convergence,n_fit_points,23.0
2C_esp_map,leak_rate=1|n_units=200|rho=0.4|sigma_u=0,1,conditional_lyapunov,lyapunov_per_step,-0.9170459244341554
2C_esp_map,leak_rate=1|n_units=200|rho=0.4|sigma_u=0,1,conditional_lyapunov,lyapunov_per_time,-0.9170459244341554
2C_esp_map,leak_rate=1|n_units=200|rho=0.4|sigma_u=0,1,conditional_lyapunov,n_intervals,2799.0
2C_esp_map,leak_rate=1|n_units=200|rho=0.4|sigma_u=0,1,conditional_lyapunov,max_observed_growth,0.43425699582961347
2C_esp_map,leak_rate=1|n_units=200|rho=0.4|sigma_u=0,1,autocorrelation_time,tau_1e,0.7231246269365071
2C_esp_map,leak_rate=1|n_units=200|rho=0.4|sigma_u=0,1,autocorrelation_time,tau_censored,0.7231246269365071
2C_esp_map,leak_rate=1|n_units=200|rho=0.4|sigma_u=0,1,autocorrelation_time,tau_integrated,1.1258483872876492
2C_esp_map,leak_rate=1|n_units=200|rho=0.4|sigma_u=0,1,autocorrelation_time,max_lag,200.0
2C_esp_map,leak_rate=1|n_units=200|rho=0.4|sigma_u=0.05,1,esp_convergence,d_initial,0.26284013520646643
2C_esp_map,leak_rate=1|n_units=200|rho=0.4|sigma_u=0.05,1,esp_convergence,d_tail,1.6158264880585372e-18
2C_esp_map,leak_rate=1|n_units=200|rho=0.4|sigma_u=0.05,1,esp_convergence,converged,1.0
2C_esp_map,leak_rate=1|n_units=200|rho=0.4|sigma_u=0.05,1,esp_convergence,decay_rate_per_step,-0.9420925445685954
2C_esp_map,leak_rate=1|n_units=200|rho=0.4|sigma_u=0.05,1,esp_convergence,n_pairs,10.0
2C_esp_map,leak_rate=1|n_units=200|rho=0.4|sigma_u=0.05,1,esp_convergence,n_fit_points,23.0
2C_esp_map,leak_rate=1|n_units=200|rho=0.4|sigma_u=0.05,1,conditional_lyapunov,lyapunov_per_step,-0.9180847967913152
2C_esp_map,leak_rate=1|n_units=200|rho=0.4|sigma_u=0.05,1,conditional_lyapunov,lyapunov_per_time,-0.9180847967913152
2C_esp_map,leak_rate=1|n_units=200|rho=0.4|sigma_u=0.05,1,conditional_lyapunov,n_intervals,2799.0
2C_esp_map,leak_rate=1|n_units=200|rho=0.4|sigma_u=0.05,1,conditional_lyapunov,max_observed_growth,0.43336284613993686
2C_esp_map,leak_rate=1|n_units=200|rho=0.4|sigma_u=0.05,1,autocorrelation_time,tau_1e,0.6225503781345355
2C_esp_map,leak_rate=1|n_units=200|rho=0.4|sigma_u=0.05,1,autocorrelation_time,tau_censored,0.6225503781345355
2C_esp_map,leak_rate=1|n_units=200|rho=0.4|sigma_u=0.05,1,autocorrelation_time,tau_integrated,1.0
2C_esp_map,leak_rate=1|n_units=200|rho=0.4|sigma_u=0.05,1,autocorrelation_time,max_lag,200.0
2C_esp_map,leak_rate=1|n_units=200|rho=0.4|sigma_u=0.1,1,esp_convergence,d_initial,0.26295622181296285
2C_esp_map,leak_rate=1|n_units=200|rho=0.4|sigma_u=0.1,1,esp_convergence,d_tail,3.2024915825038606e-18
2C_esp_map,leak_rate=1|n_units=200|rho=0.4|sigma_u=0.1,1,esp_convergence,converged,1.0
2C_esp_map,leak_rate=1|n_units=200|rho=0.4|sigma_u=0.1,1,esp_convergence,decay_rate_per_step,-0.9599248929844905
2C_esp_map,leak_rate=1|n_units=200|rho=0.4|sigma_u=0.1,1,esp_convergence,n_pairs,10.0
2C_esp_map,leak_rate=1|n_units=200|rho=0.4|sigma_u=0.1,1,esp_convergence,n_fit_points,23.0
2C_esp_map,leak_rate=1|n_units=200|rho=0.4|sigma_u=0.1,1,conditional_lyapunov,lyapunov_per_step,-0.9211794194426286
2C_esp_map,leak_rate=1|n_units=200|rho=0.4|sigma_u=0.1,1,conditional_lyapunov,lyapunov_per_time,-0.9211794194426286
2C_esp_map,leak_rate=1|n_units=200|rho=0.4|sigma_u=0.1,1,conditional_lyapunov,n_intervals,2799.0
2C_esp_map,leak_rate=1|n_units=200|rho=0.4|sigma_u=0.1,1,conditional_lyapunov,max_observed_growth,0.43047831623701055
2C_esp_map,leak_rate=1|n_units=200|rho=0.4|sigma_u=0.1,1,autocorrelation_time,tau_1e,0.6225607483982879
2C_esp_map,leak_rate=1|n_units=200|rho=0.4|sigma_u=0.1,1,autocorrelation_time,tau_censored,0.6225607483982879
2C_esp_map,leak_rate=1|n_units=200|rho=0.4|sigma_u=0.1,1,autocorrelation_time,tau_integrated,1.0000000000000002
2C_esp_map,leak_rate=1|n_units=200|rho=0.4|sigma_u=0.1,1,autocorrelation_time,max_lag,200.0
2C_esp_map,leak_rate=1|n_units=200|rho=0.4|sigma_u=0.2,1,esp_convergence,d_initial,0.2630911836221217
2C_esp_map,leak_rate=1|n_units=200|rho=0.4|sigma_u=0.2,1,esp_convergence,d_tail,6.489561448921263e-18
2C_esp_map,leak_rate=1|n_units=200|rho=0.4|sigma_u=0.2,1,esp_convergence,converged,1.0
2C_esp_map,leak_rate=1|n_units=200|rho=0.4|sigma_u=0.2,1,esp_convergence,decay_rate_per_step,-0.9672480145744793
2C_esp_map,leak_rate=1|n_units=200|rho=0.4|sigma_u=0.2,1,esp_convergence,n_pairs,10.0
2C_esp_map,leak_rate=1|n_units=200|rho=0.4|sigma_u=0.2,1,esp_convergence,n_fit_points,23.0
2C_esp_map,leak_rate=1|n_units=200|rho=0.4|sigma_u=0.2,1,conditional_lyapunov,lyapunov_per_step,-0.9332990459541529
2C_esp_map,leak_rate=1|n_units=200|rho=0.4|sigma_u=0.2,1,conditional_lyapunov,lyapunov_per_time,-0.9332990459541529
2C_esp_map,leak_rate=1|n_units=200|rho=0.4|sigma_u=0.2,1,conditional_lyapunov,n_intervals,2799.0
2C_esp_map,leak_rate=1|n_units=200|rho=0.4|sigma_u=0.2,1,conditional_lyapunov,max_observed_growth,0.4251400291081527
2C_esp_map,leak_rate=1|n_units=200|rho=0.4|sigma_u=0.2,1,autocorrelation_time,tau_1e,0.6225904302279811
2C_esp_map,leak_rate=1|n_units=200|rho=0.4|sigma_u=0.2,1,autocorrelation_time,tau_censored,0.6225904302279811
2C_esp_map,leak_rate=1|n_units=200|rho=0.4|sigma_u=0.2,1,autocorrelation_time,tau_integrated,1.0
2C_esp_map,leak_rate=1|n_units=200|rho=0.4|sigma_u=0.2,1,autocorrelation_time,max_lag,200.0
2C_esp_map,leak_rate=1|n_units=200|rho=0.4|sigma_u=0.5,1,esp_convergence,d_initial,0.26271511601338776
2C_esp_map,leak_rate=1|n_units=200|rho=0.4|sigma_u=0.5,1,esp_convergence,d_tail,0.0
2C_esp_map,leak_rate=1|n_units=200|rho=0.4|sigma_u=0.5,1,esp_convergence,converged,1.0
2C_esp_map,leak_rate=1|n_units=200|rho=0.4|sigma_u=0.5,1,esp_convergence,decay_rate_per_step,-1.0274877495155945
2C_esp_map,leak_rate=1|n_units=200|rho=0.4|sigma_u=0.5,1,esp_convergence,n_pairs,10.0
2C_esp_map,leak_rate=1|n_units=200|rho=0.4|sigma_u=0.5,1,esp_convergence,n_fit_points,21.0
2C_esp_map,leak_rate=1|n_units=200|rho=0.4|sigma_u=0.5,1,conditional_lyapunov,lyapunov_per_step,-1.0073791721168754
2C_esp_map,leak_rate=1|n_units=200|rho=0.4|sigma_u=0.5,1,conditional_lyapunov,lyapunov_per_time,-1.0073791721168754
2C_esp_map,leak_rate=1|n_units=200|rho=0.4|sigma_u=0.5,1,conditional_lyapunov,n_intervals,2799.0
2C_esp_map,leak_rate=1|n_units=200|rho=0.4|sigma_u=0.5,1,conditional_lyapunov,max_observed_growth,0.44229162870586564
2C_esp_map,leak_rate=1|n_units=200|rho=0.4|sigma_u=0.5,1,autocorrelation_time,tau_1e,0.6225919957011886
2C_esp_map,leak_rate=1|n_units=200|rho=0.4|sigma_u=0.5,1,autocorrelation_time,tau_censored,0.6225919957011886
2C_esp_map,leak_rate=1|n_units=200|rho=0.4|sigma_u=0.5,1,autocorrelation_time,tau_integrated,1.0
2C_esp_map,leak_rate=1|n_units=200|rho=0.4|sigma_u=0.5,1,autocorrelation_time,max_lag,200.0
2C_esp_map,leak_rate=1|n_units=200|rho=0.4|sigma_u=1,1,esp_convergence,d_initial,0.25954057124204216
2C_esp_map,leak_rate=1|n_units=200|rho=0.4|sigma_u=1,1,esp_convergence,d_tail,0.0
2C_esp_map,leak_rate=1|n_units=200|rho=0.4|sigma_u=1,1,esp_convergence,converged,1.0
2C_esp_map,leak_rate=1|n_units=200|rho=0.4|sigma_u=1,1,esp_convergence,decay_rate_per_step,-1.1391693712799025
2C_esp_map,leak_rate=1|n_units=200|rho=0.4|sigma_u=1,1,esp_convergence,n_pairs,10.0
2C_esp_map,leak_rate=1|n_units=200|rho=0.4|sigma_u=1,1,esp_convergence,n_fit_points,18.0
2C_esp_map,leak_rate=1|n_units=200|rho=0.4|sigma_u=1,1,conditional_lyapunov,lyapunov_per_step,-1.1588436593525389
2C_esp_map,leak_rate=1|n_units=200|rho=0.4|sigma_u=1,1,conditional_lyapunov,lyapunov_per_time,-1.1588436593525389
2C_esp_map,leak_rate=1|n_units=200|rho=0.4|sigma_u=1,1,conditional_lyapunov,n_intervals,2799.0
2C_esp_map,leak_rate=1|n_units=200|rho=0.4|sigma_u=1,1,conditional_lyapunov,max_observed_growth,0.42516836300338195
2C_esp_map,leak_rate=1|n_units=200|rho=0.4|sigma_u=1,1,autocorrelation_time,tau_1e,0.6225037878797259
2C_esp_map,leak_rate=1|n_units=200|rho=0.4|sigma_u=1,1,autocorrelation_time,tau_censored,0.6225037878797259
2C_esp_map,leak_rate=1|n_units=200|rho=0.4|sigma_u=1,1,autocorrelation_time,tau_integrated,1.0
2C_esp_map,leak_rate=1|n_units=200|rho=0.4|sigma_u=1,1,autocorrelation_time,max_lag,200.0
2C_esp_map,leak_rate=1|n_units=200|rho=0.4|sigma_u=2,1,esp_convergence,d_initial,0.24275915592121508
2C_esp_map,leak_rate=1|n_units=200|rho=0.4|sigma_u=2,1,esp_convergence,d_tail,0.0
2C_esp_map,leak_rate=1|n_units=200|rho=0.4|sigma_u=2,1,esp_convergence,converged,1.0
2C_esp_map,leak_rate=1|n_units=200|rho=0.4|sigma_u=2,1,esp_convergence,decay_rate_per_step,-1.3576492642160656
2C_esp_map,leak_rate=1|n_units=200|rho=0.4|sigma_u=2,1,esp_convergence,n_pairs,10.0
2C_esp_map,leak_rate=1|n_units=200|rho=0.4|sigma_u=2,1,esp_convergence,n_fit_points,13.0
2C_esp_map,leak_rate=1|n_units=200|rho=0.4|sigma_u=2,1,conditional_lyapunov,lyapunov_per_step,-1.4055357381972962
2C_esp_map,leak_rate=1|n_units=200|rho=0.4|sigma_u=2,1,conditional_lyapunov,lyapunov_per_time,-1.4055357381972962
2C_esp_map,leak_rate=1|n_units=200|rho=0.4|sigma_u=2,1,conditional_lyapunov,n_intervals,2799.0
2C_esp_map,leak_rate=1|n_units=200|rho=0.4|sigma_u=2,1,conditional_lyapunov,max_observed_growth,0.4388583983112148
2C_esp_map,leak_rate=1|n_units=200|rho=0.4|sigma_u=2,1,autocorrelation_time,tau_1e,0.6218934196075366
2C_esp_map,leak_rate=1|n_units=200|rho=0.4|sigma_u=2,1,autocorrelation_time,tau_censored,0.6218934196075366
2C_esp_map,leak_rate=1|n_units=200|rho=0.4|sigma_u=2,1,autocorrelation_time,tau_integrated,1.0
2C_esp_map,leak_rate=1|n_units=200|rho=0.4|sigma_u=2,1,autocorrelation_time,max_lag,200.0
2C_esp_map,leak_rate=1|n_units=200|rho=0.5|sigma_u=0,1,esp_convergence,d_initial,0.3210026755846333
2C_esp_map,leak_rate=1|n_units=200|rho=0.5|sigma_u=0,1,esp_convergence,d_tail,0.0
2C_esp_map,leak_rate=1|n_units=200|rho=0.5|sigma_u=0,1,esp_convergence,converged,1.0
2C_esp_map,leak_rate=1|n_units=200|rho=0.5|sigma_u=0,1,esp_convergence,decay_rate_per_step,-0.7318317694439828
2C_esp_map,leak_rate=1|n_units=200|rho=0.5|sigma_u=0,1,esp_convergence,n_pairs,10.0
2C_esp_map,leak_rate=1|n_units=200|rho=0.5|sigma_u=0,1,esp_convergence,n_fit_points,33.0
2C_esp_map,leak_rate=1|n_units=200|rho=0.5|sigma_u=0,1,conditional_lyapunov,lyapunov_per_step,-0.6939023731199442
2C_esp_map,leak_rate=1|n_units=200|rho=0.5|sigma_u=0,1,conditional_lyapunov,lyapunov_per_time,-0.6939023731199442
2C_esp_map,leak_rate=1|n_units=200|rho=0.5|sigma_u=0,1,conditional_lyapunov,n_intervals,2799.0
2C_esp_map,leak_rate=1|n_units=200|rho=0.5|sigma_u=0,1,conditional_lyapunov,max_observed_growth,0.5428212447870169
2C_esp_map,leak_rate=1|n_units=200|rho=0.5|sigma_u=0,1,autocorrelation_time,tau_1e,0.7530189461342028
2C_esp_map,leak_rate=1|n_units=200|rho=0.5|sigma_u=0,1,autocorrelation_time,tau_censored,0.7530189461342028
2C_esp_map,leak_rate=1|n_units=200|rho=0.5|sigma_u=0,1,autocorrelation_time,tau_integrated,1.160551587614502
2C_esp_map,leak_rate=1|n_units=200|rho=0.5|sigma_u=0,1,autocorrelation_time,max_lag,200.0
2C_esp_map,leak_rate=1|n_units=200|rho=0.5|sigma_u=0.05,1,esp_convergence,d_initial,0.32121643837313907
2C_esp_map,leak_rate=1|n_units=200|rho=0.5|sigma_u=0.05,1,esp_convergence,d_tail,2.763758713512973e-18
2C_esp_map,leak_rate=1|n_units=200|rho=0.5|sigma_u=0.05,1,esp_convergence,converged,1.0
2C_esp_map,leak_rate=1|n_units=200|rho=0.5|sigma_u=0.05,1,esp_convergence,decay_rate_per_step,-0.7219950491929005
2C_esp_map,leak_rate=1|n_units=200|rho=0.5|sigma_u=0.05,1,esp_convergence,n_pairs,10.0
2C_esp_map,leak_rate=1|n_units=200|rho=0.5|sigma_u=0.05,1,esp_convergence,n_fit_points,34.0
2C_esp_map,leak_rate=1|n_units=200|rho=0.5|sigma_u=0.05,1,conditional_lyapunov,lyapunov_per_step,-0.6950473509495024
2C_esp_map,leak_rate=1|n_units=200|rho=0.5|sigma_u=0.05,1,conditional_lyapunov,lyapunov_per_time,-0.6950473509495024
2C_esp_map,leak_rate=1|n_units=200|rho=0.5|sigma_u=0.05,1,conditional_lyapunov,n_intervals,2799.0
2C_esp_map,leak_rate=1|n_units=200|rho=0.5|sigma_u=0.05,1,conditional_lyapunov,max_observed_growth,0.541512547504861
2C_esp_map,leak_rate=1|n_units=200|rho=0.5|sigma_u=0.05,1,autocorrelation_time,tau_1e,0.6217854226767562
2C_esp_map,leak_rate=1|n_units=200|rho=0.5|sigma_u=0.05,1,autocorrelation_time,tau_censored,0.6217854226767562
2C_esp_map,leak_rate=1|n_units=200|rho=0.5|sigma_u=0.05,1,autocorrelation_time,tau_integrated,1.0000000000000002
2C_esp_map,leak_rate=1|n_units=200|rho=0.5|sigma_u=0.05,1,autocorrelation_time,max_lag,200.0
2C_esp_map,leak_rate=1|n_units=200|rho=0.5|sigma_u=0.1,1,esp_convergence,d_initial,0.32139449456386393
2C_esp_map,leak_rate=1|n_units=200|rho=0.5|sigma_u=0.1,1,esp_convergence,d_tail,5.3840992647799774e-18
2C_esp_map,leak_rate=1|n_units=200|rho=0.5|sigma_u=0.1,1,esp_convergence,converged,1.0
2C_esp_map,leak_rate=1|n_units=200|rho=0.5|sigma_u=0.1,1,esp_convergence,decay_rate_per_step,-0.729649284275462
2C_esp_map,leak_rate=1|n_units=200|rho=0.5|sigma_u=0.1,1,esp_convergence,n_pairs,10.0
2C_esp_map,leak_rate=1|n_units=200|rho=0.5|sigma_u=0.1,1,esp_convergence,n_fit_points,33.0
2C_esp_map,leak_rate=1|n_units=200|rho=0.5|sigma_u=0.1,1,conditional_lyapunov,lyapunov_per_step,-0.6984500624395501
2C_esp_map,leak_rate=1|n_units=200|rho=0.5|sigma_u=0.1,1,conditional_lyapunov,lyapunov_per_time,-0.6984500624395501
2C_esp_map,leak_rate=1|n_units=200|rho=0.5|sigma_u=0.1,1,conditional_lyapunov,n_intervals,2799.0
2C_esp_map,leak_rate=1|n_units=200|rho=0.5|sigma_u=0.1,1,conditional_lyapunov,max_observed_growth,0.5372765455432571
2C_esp_map,leak_rate=1|n_units=200|rho=0.5|sigma_u=0.1,1,autocorrelation_time,tau_1e,0.6218484314220711
2C_esp_map,leak_rate=1|n_units=200|rho=0.5|sigma_u=0.1,1,autocorrelation_time,tau_censored,0.6218484314220711
2C_esp_map,leak_rate=1|n_units=200|rho=0.5|sigma_u=0.1,1,autocorrelation_time,tau_integrated,1.0
2C_esp_map,leak_rate=1|n_units=200|rho=0.5|sigma_u=0.1,1,autocorrelation_time,max_lag,200.0
2C_esp_map,leak_rate=1|n_units=200|rho=0.5|sigma_u=0.2,1,esp_convergence,d_initial,0.3216427712338073
2C_esp_map,leak_rate=1|n_units=200|rho=0.5|sigma_u=0.2,1,esp_convergence,d_tail,1.0625763075701923e-17
2C_esp_map,leak_rate=1|n_units=200|rho=0.5|sigma_u=0.2,1,esp_convergence,converged,1.0
2C_esp_map,leak_rate=1|n_units=200|rho=0.5|sigma_u=0.2,1,esp_convergence,decay_rate_per_step,-0.7385173084256562
2C_esp_map,leak_rate=1|n_units=200|rho=0.5|sigma_u=0.2,1,esp_convergence,n_pairs,10.0
2C_esp_map,leak_rate=1|n_units=200|rho=0.5|sigma_u=0.2,1,esp_convergence,n_fit_points,33.0
2C_esp_map,leak_rate=1|n_units=200|rho=0.5|sigma_u=0.2,1,conditional_lyapunov,lyapunov_per_step,-0.7117489147535775
2C_esp_map,leak_rate=1|n_units=200|rho=0.5|sigma_u=0.2,1,conditional_lyapunov,lyapunov_per_time,-0.7117489147535775
2C_esp_map,leak_rate=1|n_units=200|rho=0.5|sigma_u=0.2,1,conditional_lyapunov,n_intervals,2799.0
2C_esp_map,leak_rate=1|n_units=200|rho=0.5|sigma_u=0.2,1,conditional_lyapunov,max_observed_growth,0.5309925434337213
2C_esp_map,leak_rate=1|n_units=200|rho=0.5|sigma_u=0.2,1,autocorrelation_time,tau_1e,0.6220567074317015
2C_esp_map,leak_rate=1|n_units=200|rho=0.5|sigma_u=0.2,1,autocorrelation_time,tau_censored,0.6220567074317015
2C_esp_map,leak_rate=1|n_units=200|rho=0.5|sigma_u=0.2,1,autocorrelation_time,tau_integrated,1.0
2C_esp_map,leak_rate=1|n_units=200|rho=0.5|sigma_u=0.2,1,autocorrelation_time,max_lag,200.0
2C_esp_map,leak_rate=1|n_units=200|rho=0.5|sigma_u=0.5,1,esp_convergence,d_initial,0.32151783784016275
2C_esp_map,leak_rate=1|n_units=200|rho=0.5|sigma_u=0.5,1,esp_convergence,d_tail,2.1355994359509407e-17
2C_esp_map,leak_rate=1|n_units=200|rho=0.5|sigma_u=0.5,1,esp_convergence,converged,1.0
2C_esp_map,leak_rate=1|n_units=200|rho=0.5|sigma_u=0.5,1,esp_convergence,decay_rate_per_step,-0.7941177655960558
2C_esp_map,leak_rate=1|n_units=200|rho=0.5|sigma_u=0.5,1,esp_convergence,n_pairs,10.0
2C_esp_map,leak_rate=1|n_units=200|rho=0.5|sigma_u=0.5,1,esp_convergence,n_fit_points,30.0
2C_esp_map,leak_rate=1|n_units=200|rho=0.5|sigma_u=0.5,1,conditional_lyapunov,lyapunov_per_step,-0.7907206799093781
2C_esp_map,leak_rate=1|n_units=200|rho=0.5|sigma_u=0.5,1,conditional_lyapunov,lyapunov_per_time,-0.7907206799093781
2C_esp_map,leak_rate=1|n_units=200|rho=0.5|sigma_u=0.5,1,conditional_lyapunov,n_intervals,2799.0
2C_esp_map,leak_rate=1|n_units=200|rho=0.5|sigma_u=0.5,1,conditional_lyapunov,max_observed_growth,0.5533926801053207
2C_esp_map,leak_rate=1|n_units=200|rho=0.5|sigma_u=0.5,1,autocorrelation_time,tau_1e,0.6226458844726049
2C_esp_map,leak_rate=1|n_units=200|rho=0.5|sigma_u=0.5,1,autocorrelation_time,tau_censored,0.6226458844726049
2C_esp_map,leak_rate=1|n_units=200|rho=0.5|sigma_u=0.5,1,autocorrelation_time,tau_integrated,1.0
2C_esp_map,leak_rate=1|n_units=200|rho=0.5|sigma_u=0.5,1,autocorrelation_time,max_lag,200.0
2C_esp_map,leak_rate=1|n_units=200|rho=0.5|sigma_u=1,1,esp_convergence,d_initial,0.3184379961035362
2C_esp_map,leak_rate=1|n_units=200|rho=0.5|sigma_u=1,1,esp_convergence,d_tail,0.0
2C_esp_map,leak_rate=1|n_units=200|rho=0.5|sigma_u=1,1,esp_convergence,converged,1.0
2C_esp_map,leak_rate=1|n_units=200|rho=0.5|sigma_u=1,1,esp_convergence,decay_rate_per_step,-0.9384926028727406
2C_esp_map,leak_rate=1|n_units=200|rho=0.5|sigma_u=1,1,esp_convergence,n_pairs,10.0
2C_esp_map,leak_rate=1|n_units=200|rho=0.5|sigma_u=1,1,esp_convergence,n_fit_points,23.0
2C_esp_map,leak_rate=1|n_units=200|rho=0.5|sigma_u=1,1,conditional_lyapunov,lyapunov_per_step,-0.9452049707703309
2C_esp_map,leak_rate=1|n_units=200|rho=0.5|sigma_u=1,1,conditional_lyapunov,lyapunov_per_time,-0.9452049707703309
2C_esp_map,leak_rate=1|n_units=200|rho=0.5|sigma_u=1,1,conditional_lyapunov,n_intervals,2799.0
2C_esp_map,leak_rate=1|n_units=200|rho=0.5|sigma_u=1,1,conditional_lyapunov,max_observed_growth,0.5468497844457361
2C_esp_map,leak_rate=1|n_units=200|rho=0.5|sigma_u=1,1,autocorrelation_time,tau_1e,0.6230177402558963
2C_esp_map,leak_rate=1|n_units=200|rho=0.5|sigma_u=1,1,autocorrelation_time,tau_censored,0.6230177402558963
2C_esp_map,leak_rate=1|n_units=200|rho=0.5|sigma_u=1,1,autocorrelation_time,tau_integrated,1.0
2C_esp_map,leak_rate=1|n_units=200|rho=0.5|sigma_u=1,1,autocorrelation_time,max_lag,200.0
2C_esp_map,leak_rate=1|n_units=200|rho=0.5|sigma_u=2,1,esp_convergence,d_initial,0.29884989037526477
2C_esp_map,leak_rate=1|n_units=200|rho=0.5|sigma_u=2,1,esp_convergence,d_tail,0.0
2C_esp_map,leak_rate=1|n_units=200|rho=0.5|sigma_u=2,1,esp_convergence,converged,1.0
2C_esp_map,leak_rate=1|n_units=200|rho=0.5|sigma_u=2,1,esp_convergence,decay_rate_per_step,-1.153053082739564
2C_esp_map,leak_rate=1|n_units=200|rho=0.5|sigma_u=2,1,esp_convergence,n_pairs,10.0
2C_esp_map,leak_rate=1|n_units=200|rho=0.5|sigma_u=2,1,esp_convergence,n_fit_points,18.0
2C_esp_map,leak_rate=1|n_units=200|rho=0.5|sigma_u=2,1,conditional_lyapunov,lyapunov_per_step,-1.1960466677001096
2C_esp_map,leak_rate=1|n_units=200|rho=0.5|sigma_u=2,1,conditional_lyapunov,lyapunov_per_time,-1.1960466677001096
2C_esp_map,leak_rate=1|n_units=200|rho=0.5|sigma_u=2,1,conditional_lyapunov,n_intervals,2799.0
2C_esp_map,leak_rate=1|n_units=200|rho=0.5|sigma_u=2,1,conditional_lyapunov,max_observed_growth,0.535948134214184
2C_esp_map,leak_rate=1|n_units=200|rho=0.5|sigma_u=2,1,autocorrelation_time,tau_1e,0.6226352184986935
2C_esp_map,leak_rate=1|n_units=200|rho=0.5|sigma_u=2,1,autocorrelation_time,tau_censored,0.6226352184986935
2C_esp_map,leak_rate=1|n_units=200|rho=0.5|sigma_u=2,1,autocorrelation_time,tau_integrated,1.0
2C_esp_map,leak_rate=1|n_units=200|rho=0.5|sigma_u=2,1,autocorrelation_time,max_lag,200.0
2C_esp_map,leak_rate=1|n_units=200|rho=0.6|sigma_u=0,1,esp_convergence,d_initial,0.37537220110330277
2C_esp_map,leak_rate=1|n_units=200|rho=0.6|sigma_u=0,1,esp_convergence,d_tail,0.0
2C_esp_map,leak_rate=1|n_units=200|rho=0.6|sigma_u=0,1,esp_convergence,converged,1.0
2C_esp_map,leak_rate=1|n_units=200|rho=0.6|sigma_u=0,1,esp_convergence,decay_rate_per_step,-0.5449875577736409
2C_esp_map,leak_rate=1|n_units=200|rho=0.6|sigma_u=0,1,esp_convergence,n_pairs,10.0
2C_esp_map,leak_rate=1|n_units=200|rho=0.6|sigma_u=0,1,esp_convergence,n_fit_points,48.0
2C_esp_map,leak_rate=1|n_units=200|rho=0.6|sigma_u=0,1,conditional_lyapunov,lyapunov_per_step,-0.5115808163259898
2C_esp_map,leak_rate=1|n_units=200|rho=0.6|sigma_u=0,1,conditional_lyapunov,lyapunov_per_time,-0.5115808163259898
2C_esp_map,leak_rate=1|n_units=200|rho=0.6|sigma_u=0,1,conditional_lyapunov,n_intervals,2799.0
2C_esp_map,leak_rate=1|n_units=200|rho=0.6|sigma_u=0,1,conditional_lyapunov,max_observed_growth,0.6513854937444202
2C_esp_map,leak_rate=1|n_units=200|rho=0.6|sigma_u=0,1,autocorrelation_time,tau_1e,0.7830622360388616
2C_esp_map,leak_rate=1|n_units=200|rho=0.6|sigma_u=0,1,autocorrelation_time,tau_censored,0.7830622360388616
2C_esp_map,leak_rate=1|n_units=200|rho=0.6|sigma_u=0,1,autocorrelation_time,tau_integrated,1.192758212902512
2C_esp_map,leak_rate=1|n_units=200|rho=0.6|sigma_u=0,1,autocorrelation_time,max_lag,200.0
2C_esp_map,leak_rate=1|n_units=200|rho=0.6|sigma_u=0.05,1,esp_convergence,d_initial,0.3756497424666186
2C_esp_map,leak_rate=1|n_units=200|rho=0.6|sigma_u=0.05,1,esp_convergence,d_tail,4.0390562483925e-18
2C_esp_map,leak_rate=1|n_units=200|rho=0.6|sigma_u=0.05,1,esp_convergence,converged,1.0
2C_esp_map,leak_rate=1|n_units=200|rho=0.6|sigma_u=0.05,1,esp_convergence,decay_rate_per_step,-0.5322743333365362
2C_esp_map,leak_rate=1|n_units=200|rho=0.6|sigma_u=0.05,1,esp_convergence,n_pairs,10.0
2C_esp_map,leak_rate=1|n_units=200|rho=0.6|sigma_u=0.05,1,esp_convergence,n_fit_points,49.0
2C_esp_map,leak_rate=1|n_units=200|rho=0.6|sigma_u=0.05,1,conditional_lyapunov,lyapunov_per_step,-0.5128882535143753
2C_esp_map,leak_rate=1|n_units=200|rho=0.6|sigma_u=0.05,1,conditional_lyapunov,lyapunov_per_time,-0.5128882535143753
2C_esp_map,leak_rate=1|n_units=200|rho=0.6|sigma_u=0.05,1,conditional_lyapunov,n_intervals,2799.0
2C_esp_map,leak_rate=1|n_units=200|rho=0.6|sigma_u=0.05,1,conditional_lyapunov,max_observed_growth,0.6494556923086899
2C_esp_map,leak_rate=1|n_units=200|rho=0.6|sigma_u=0.05,1,autocorrelation_time,tau_1e,0.6200709985043633
2C_esp_map,leak_rate=1|n_units=200|rho=0.6|sigma_u=0.05,1,autocorrelation_time,tau_censored,0.6200709985043633
2C_esp_map,leak_rate=1|n_units=200|rho=0.6|sigma_u=0.05,1,autocorrelation_time,tau_integrated,1.0
2C_esp_map,leak_rate=1|n_units=200|rho=0.6|sigma_u=0.05,1,autocorrelation_time,max_lag,200.0
2C_esp_map,leak_rate=1|n_units=200|rho=0.6|sigma_u=0.1,1,esp_convergence,d_initial,0.3758898615477241
2C_esp_map,leak_rate=1|n_units=200|rho=0.6|sigma_u=0.1,1,esp_convergence,d_tail,8.165643871286141e-18
2C_esp_map,leak_rate=1|n_units=200|rho=0.6|sigma_u=0.1,1,esp_convergence,converged,1.0
2C_esp_map,leak_rate=1|n_units=200|rho=0.6|sigma_u=0.1,1,esp_convergence,decay_rate_per_step,-0.5280917889272537
2C_esp_map,leak_rate=1|n_units=200|rho=0.6|sigma_u=0.1,1,esp_convergence,n_pairs,10.0
2C_esp_map,leak_rate=1|n_units=200|rho=0.6|sigma_u=0.1,1,esp_convergence,n_fit_points,49.0
2C_esp_map,leak_rate=1|n_units=200|rho=0.6|sigma_u=0.1,1,conditional_lyapunov,lyapunov_per_step,-0.5167612110203544
2C_esp_map,leak_rate=1|n_units=200|rho=0.6|sigma_u=0.1,1,conditional_lyapunov,lyapunov_per_time,-0.5167612110203544
2C_esp_map,leak_rate=1|n_units=200|rho=0.6|sigma_u=0.1,1,conditional_lyapunov,n_intervals,2799.0
2C_esp_map,leak_rate=1|n_units=200|rho=0.6|sigma_u=0.1,1,conditional_lyapunov,max_observed_growth,0.6432088564376325
2C_esp_map,leak_rate=1|n_units=200|rho=0.6|sigma_u=0.1,1,autocorrelation_time,tau_1e,0.6202359857278941
2C_esp_map,leak_rate=1|n_units=200|rho=0.6|sigma_u=0.1,1,autocorrelation_time,tau_censored,0.6202359857278941
2C_esp_map,leak_rate=1|n_units=200|rho=0.6|sigma_u=0.1,1,autocorrelation_time,tau_integrated,0.9999999999999999
2C_esp_map,leak_rate=1|n_units=200|rho=0.6|sigma_u=0.1,1,autocorrelation_time,max_lag,200.0
2C_esp_map,leak_rate=1|n_units=200|rho=0.6|sigma_u=0.2,1,esp_convergence,d_initial,0.37625698280863
2C_esp_map,leak_rate=1|n_units=200|rho=0.6|sigma_u=0.2,1,esp_convergence,d_tail,1.5291345522712063e-17
2C_esp_map,leak_rate=1|n_units=200|rho=0.6|sigma_u=0.2,1,esp_convergence,converged,1.0
2C_esp_map,leak_rate=1|n_units=200|rho=0.6|sigma_u=0.2,1,esp_convergence,decay_rate_per_step,-0.547340057339743
2C_esp_map,leak_rate=1|n_units=200|rho=0.6|sigma_u=0.2,1,esp_convergence,n_pairs,10.0
2C_esp_map,leak_rate=1|n_units=200|rho=0.6|sigma_u=0.2,1,esp_convergence,n_fit_points,47.0
2C_esp_map,leak_rate=1|n_units=200|rho=0.6|sigma_u=0.2,1,conditional_lyapunov,lyapunov_per_step,-0.5316143305365638
2C_esp_map,leak_rate=1|n_units=200|rho=0.6|sigma_u=0.2,1,conditional_lyapunov,lyapunov_per_time,-0.5316143305365638
2C_esp_map,leak_rate=1|n_units=200|rho=0.6|sigma_u=0.2,1,conditional_lyapunov,n_intervals,2799.0
2C_esp_map,leak_rate=1|n_units=200|rho=0.6|sigma_u=0.2,1,conditional_lyapunov,max_observed_growth,0.6363366190271642
2C_esp_map,leak_rate=1|n_units=200|rho=0.6|sigma_u=0.2,1,autocorrelation_time,tau_1e,0.6207878213020073
2C_esp_map,leak_rate=1|n_units=200|rho=0.6|sigma_u=0.2,1,autocorrelation_time,tau_censored,0.6207878213020073
2C_esp_map,leak_rate=1|n_units=200|rho=0.6|sigma_u=0.2,1,autocorrelation_time,tau_integrated,1.0
2C_esp_map,leak_rate=1|n_units=200|rho=0.6|sigma_u=0.2,1,autocorrelation_time,max_lag,200.0
2C_esp_map,leak_rate=1|n_units=200|rho=0.6|sigma_u=0.5,1,esp_convergence,d_initial,0.3764432502056615
2C_esp_map,leak_rate=1|n_units=200|rho=0.6|sigma_u=0.5,1,esp_convergence,d_tail,2.960080628607549e-17
2C_esp_map,leak_rate=1|n_units=200|rho=0.6|sigma_u=0.5,1,esp_convergence,converged,1.0
2C_esp_map,leak_rate=1|n_units=200|rho=0.6|sigma_u=0.5,1,esp_convergence,decay_rate_per_step,-0.6148598381867943
2C_esp_map,leak_rate=1|n_units=200|rho=0.6|sigma_u=0.5,1,esp_convergence,n_pairs,10.0
2C_esp_map,leak_rate=1|n_units=200|rho=0.6|sigma_u=0.5,1,esp_convergence,n_fit_points,41.0
2C_esp_map,leak_rate=1|n_units=200|rho=0.6|sigma_u=0.5,1,conditional_lyapunov,lyapunov_per_step,-0.6164674488648693
2C_esp_map,leak_rate=1|n_units=200|rho=0.6|sigma_u=0.5,1,conditional_lyapunov,lyapunov_per_time,-0.6164674488648693
2C_esp_map,leak_rate=1|n_units=200|rho=0.6|sigma_u=0.5,1,conditional_lyapunov,n_intervals,2799.0
2C_esp_map,leak_rate=1|n_units=200|rho=0.6|sigma_u=0.5,1,conditional_lyapunov,max_observed_growth,0.657925656996761
2C_esp_map,leak_rate=1|n_units=200|rho=0.6|sigma_u=0.5,1,autocorrelation_time,tau_1e,0.6224715818049074
2C_esp_map,leak_rate=1|n_units=200|rho=0.6|sigma_u=0.5,1,autocorrelation_time,tau_censored,0.6224715818049074
2C_esp_map,leak_rate=1|n_units=200|rho=0.6|sigma_u=0.5,1,autocorrelation_time,tau_integrated,0.9999999999999997
2C_esp_map,leak_rate=1|n_units=200|rho=0.6|sigma_u=0.5,1,autocorrelation_time,max_lag,200.0
2C_esp_map,leak_rate=1|n_units=200|rho=0.6|sigma_u=1,1,esp_convergence,d_initial,0.37370248223747343
2C_esp_map,leak_rate=1|n_units=200|rho=0.6|sigma_u=1,1,esp_convergence,d_tail,3.4101740151071975e-17
2C_esp_map,leak_rate=1|n_units=200|rho=0.6|sigma_u=1,1,esp_convergence,converged,1.0
2C_esp_map,leak_rate=1|n_units=200|rho=0.6|sigma_u=1,1,esp_convergence,decay_rate_per_step,-0.7784021750681559
2C_esp_map,leak_rate=1|n_units=200|rho=0.6|sigma_u=1,1,esp_convergence,n_pairs,10.0
2C_esp_map,leak_rate=1|n_units=200|rho=0.6|sigma_u=1,1,esp_convergence,n_fit_points,31.0
2C_esp_map,leak_rate=1|n_units=200|rho=0.6|sigma_u=1,1,conditional_lyapunov,lyapunov_per_step,-0.778665791664332
2C_esp_map,leak_rate=1|n_units=200|rho=0.6|sigma_u=1,1,conditional_lyapunov,lyapunov_per_time,-0.778665791664332
2C_esp_map,leak_rate=1|n_units=200|rho=0.6|sigma_u=1,1,conditional_lyapunov,n_intervals,2799.0
2C_esp_map,leak_rate=1|n_units=200|rho=0.6|sigma_u=1,1,conditional_lyapunov,max_observed_growth,0.6309287090938464
2C_esp_map,leak_rate=1|n_units=200|rho=0.6|sigma_u=1,1,autocorrelation_time,tau_1e,0.6234682158691862
2C_esp_map,leak_rate=1|n_units=200|rho=0.6|sigma_u=1,1,autocorrelation_time,tau_censored,0.6234682158691862
2C_esp_map,leak_rate=1|n_units=200|rho=0.6|sigma_u=1,1,autocorrelation_time,tau_integrated,0.9999999999999999
2C_esp_map,leak_rate=1|n_units=200|rho=0.6|sigma_u=1,1,autocorrelation_time,max_lag,200.0
2C_esp_map,leak_rate=1|n_units=200|rho=0.6|sigma_u=2,1,esp_convergence,d_initial,0.35228481622310354
2C_esp_map,leak_rate=1|n_units=200|rho=0.6|sigma_u=2,1,esp_convergence,d_tail,0.0
2C_esp_map,leak_rate=1|n_units=200|rho=0.6|sigma_u=2,1,esp_convergence,converged,1.0
2C_esp_map,leak_rate=1|n_units=200|rho=0.6|sigma_u=2,1,esp_convergence,decay_rate_per_step,-0.9840594154433648
2C_esp_map,leak_rate=1|n_units=200|rho=0.6|sigma_u=2,1,esp_convergence,n_pairs,10.0
2C_esp_map,leak_rate=1|n_units=200|rho=0.6|sigma_u=2,1,esp_convergence,n_fit_points,22.0
2C_esp_map,leak_rate=1|n_units=200|rho=0.6|sigma_u=2,1,conditional_lyapunov,lyapunov_per_step,-1.0262171251940975
2C_esp_map,leak_rate=1|n_units=200|rho=0.6|sigma_u=2,1,conditional_lyapunov,lyapunov_per_time,-1.0262171251940975
2C_esp_map,leak_rate=1|n_units=200|rho=0.6|sigma_u=2,1,conditional_lyapunov,n_intervals,2799.0
2C_esp_map,leak_rate=1|n_units=200|rho=0.6|sigma_u=2,1,conditional_lyapunov,max_observed_growth,0.6258679645367133
2C_esp_map,leak_rate=1|n_units=200|rho=0.6|sigma_u=2,1,autocorrelation_time,tau_1e,0.623261351099844
2C_esp_map,leak_rate=1|n_units=200|rho=0.6|sigma_u=2,1,autocorrelation_time,tau_censored,0.623261351099844
2C_esp_map,leak_rate=1|n_units=200|rho=0.6|sigma_u=2,1,autocorrelation_time,tau_integrated,1.0
2C_esp_map,leak_rate=1|n_units=200|rho=0.6|sigma_u=2,1,autocorrelation_time,max_lag,200.0
2C_esp_map,leak_rate=1|n_units=200|rho=0.7|sigma_u=0,1,esp_convergence,d_initial,0.42571101345489454
2C_esp_map,leak_rate=1|n_units=200|rho=0.7|sigma_u=0,1,esp_convergence,d_tail,0.0
2C_esp_map,leak_rate=1|n_units=200|rho=0.7|sigma_u=0,1,esp_convergence,converged,1.0
2C_esp_map,leak_rate=1|n_units=200|rho=0.7|sigma_u=0,1,esp_convergence,decay_rate_per_step,-0.3798748498202048
2C_esp_map,leak_rate=1|n_units=200|rho=0.7|sigma_u=0,1,esp_convergence,n_pairs,10.0
2C_esp_map,leak_rate=1|n_units=200|rho=0.7|sigma_u=0,1,esp_convergence,n_fit_points,72.0
2C_esp_map,leak_rate=1|n_units=200|rho=0.7|sigma_u=0,1,conditional_lyapunov,lyapunov_per_step,-0.3574301364987316
2C_esp_map,leak_rate=1|n_units=200|rho=0.7|sigma_u=0,1,conditional_lyapunov,lyapunov_per_time,-0.3574301364987316
2C_esp_map,leak_rate=1|n_units=200|rho=0.7|sigma_u=0,1,conditional_lyapunov,n_intervals,2799.0
2C_esp_map,leak_rate=1|n_units=200|rho=0.7|sigma_u=0,1,conditional_lyapunov,max_observed_growth,0.7599497427018236
2C_esp_map,leak_rate=1|n_units=200|rho=0.7|sigma_u=0,1,autocorrelation_time,tau_1e,0.8126312287331882
2C_esp_map,leak_rate=1|n_units=200|rho=0.7|sigma_u=0,1,autocorrelation_time,tau_censored,0.8126312287331882
2C_esp_map,leak_rate=1|n_units=200|rho=0.7|sigma_u=0,1,autocorrelation_time,tau_integrated,1.2221311014419363
2C_esp_map,leak_rate=1|n_units=200|rho=0.7|sigma_u=0,1,autocorrelation_time,max_lag,200.0
2C_esp_map,leak_rate=1|n_units=200|rho=0.7|sigma_u=0.05,1,esp_convergence,d_initial,0.4260462693270454
2C_esp_map,leak_rate=1|n_units=200|rho=0.7|sigma_u=0.05,1,esp_convergence,d_tail,5.786114409879598e-18
2C_esp_map,leak_rate=1|n_units=200|rho=0.7|sigma_u=0.05,1,esp_convergence,converged,1.0
2C_esp_map,leak_rate=1|n_units=200|rho=0.7|sigma_u=0.05,1,esp_convergence,decay_rate_per_step,-0.36438781950843735
2C_esp_map,leak_rate=1|n_units=200|rho=0.7|sigma_u=0.05,1,esp_convergence,n_pairs,10.0
2C_esp_map,leak_rate=1|n_units=200|rho=0.7|sigma_u=0.05,1,esp_convergence,n_fit_points,75.0
2C_esp_map,leak_rate=1|n_units=200|rho=0.7|sigma_u=0.05,1,conditional_lyapunov,lyapunov_per_step,-0.3589975117298101
2C_esp_map,leak_rate=1|n_units=200|rho=0.7|sigma_u=0.05,1,conditional_lyapunov,lyapunov_per_time,-0.3589975117298101
2C_esp_map,leak_rate=1|n_units=200|rho=0.7|sigma_u=0.05,1,conditional_lyapunov,n_intervals,2799.0
2C_esp_map,leak_rate=1|n_units=200|rho=0.7|sigma_u=0.05,1,conditional_lyapunov,max_observed_growth,0.7570470813718577
2C_esp_map,leak_rate=1|n_units=200|rho=0.7|sigma_u=0.05,1,autocorrelation_time,tau_1e,0.6176169341877333
2C_esp_map,leak_rate=1|n_units=200|rho=0.7|sigma_u=0.05,1,autocorrelation_time,tau_censored,0.6176169341877333
2C_esp_map,leak_rate=1|n_units=200|rho=0.7|sigma_u=0.05,1,autocorrelation_time,tau_integrated,1.0000000000000002
2C_esp_map,leak_rate=1|n_units=200|rho=0.7|sigma_u=0.05,1,autocorrelation_time,max_lag,200.0
2C_esp_map,leak_rate=1|n_units=200|rho=0.7|sigma_u=0.1,1,esp_convergence,d_initial,0.42634377972098286
2C_esp_map,leak_rate=1|n_units=200|rho=0.7|sigma_u=0.1,1,esp_convergence,d_tail,1.1409489836826827e-17
2C_esp_map,leak_rate=1|n_units=200|rho=0.7|sigma_u=0.1,1,esp_convergence,converged,1.0
2C_esp_map,leak_rate=1|n_units=200|rho=0.7|sigma_u=0.1,1,esp_convergence,decay_rate_per_step,-0.3845476130269412
2C_esp_map,leak_rate=1|n_units=200|rho=0.7|sigma_u=0.1,1,esp_convergence,n_pairs,10.0
2C_esp_map,leak_rate=1|n_units=200|rho=0.7|sigma_u=0.1,1,esp_convergence,n_fit_points,71.0
2C_esp_map,leak_rate=1|n_units=200|rho=0.7|sigma_u=0.1,1,conditional_lyapunov,lyapunov_per_step,-0.36361942686713744
2C_esp_map,leak_rate=1|n_units=200|rho=0.7|sigma_u=0.1,1,conditional_lyapunov,lyapunov_per_time,-0.36361942686713744
2C_esp_map,leak_rate=1|n_units=200|rho=0.7|sigma_u=0.1,1,conditional_lyapunov,n_intervals,2799.0
2C_esp_map,leak_rate=1|n_units=200|rho=0.7|sigma_u=0.1,1,conditional_lyapunov,max_observed_growth,0.7483708736760576
2C_esp_map,leak_rate=1|n_units=200|rho=0.7|sigma_u=0.1,1,autocorrelation_time,tau_1e,0.6179306493116166
2C_esp_map,leak_rate=1|n_units=200|rho=0.7|sigma_u=0.1,1,autocorrelation_time,tau_censored,0.6179306493116166
2C_esp_map,leak_rate=1|n_units=200|rho=0.7|sigma_u=0.1,1,autocorrelation_time,tau_integrated,1.0
2C_esp_map,leak_rate=1|n_units=200|rho=0.7|sigma_u=0.1,1,autocorrelation_time,max_lag,200.0
2C_esp_map,leak_rate=1|n_units=200|rho=0.7|sigma_u=0.2,1,esp_convergence,d_initial,0.4268246484756693
2C_esp_map,leak_rate=1|n_units=200|rho=0.7|sigma_u=0.2,1,esp_convergence,d_tail,2.1502350419257634e-17
2C_esp_map,leak_rate=1|n_units=200|rho=0.7|sigma_u=0.2,1,esp_convergence,converged,1.0
2C_esp_map,leak_rate=1|n_units=200|rho=0.7|sigma_u=0.2,1,esp_convergence,decay_rate_per_step,-0.3938871802208881
2C_esp_map,leak_rate=1|n_units=200|rho=0.7|sigma_u=0.2,1,esp_convergence,n_pairs,10.0
2C_esp_map,leak_rate=1|n_units=200|rho=0.7|sigma_u=0.2,1,esp_convergence,n_fit_points,70.0
2C_esp_map,leak_rate=1|n_units=200|rho=0.7|sigma_u=0.2,1,conditional_lyapunov,lyapunov_per_step,-0.38100700594228676
2C_esp_map,leak_rate=1|n_units=200|rho=0.7|sigma_u=0.2,1,conditional_lyapunov,lyapunov_per_time,-0.38100700594228676
2C_esp_map,leak_rate=1|n_units=200|rho=0.7|sigma_u=0.2,1,conditional_lyapunov,n_intervals,2799.0
2C_esp_map,leak_rate=1|n_units=200|rho=0.7|sigma_u=0.2,1,conditional_lyapunov,max_observed_growth,0.7408020372735348
2C_esp_map,leak_rate=1|n_units=200|rho=0.7|sigma_u=0.2,1,autocorrelation_time,tau_1e,0.6189674445418715
2C_esp_map,leak_rate=1|n_units=200|rho=0.7|sigma_u=0.2,1,autocorrelation_time,tau_censored,0.6189674445418715
2C_esp_map,leak_rate=1|n_units=200|rho=0.7|sigma_u=0.2,1,autocorrelation_time,tau_integrated,1.0
2C_esp_map,leak_rate=1|n_units=200|rho=0.7|sigma_u=0.2,1,autocorrelation_time,max_lag,200.0
2C_esp_map,leak_rate=1|n_units=200|rho=0.7|sigma_u=0.5,1,esp_convergence,d_initial,0.4273418670495547
2C_esp_map,leak_rate=1|n_units=200|rho=0.7|sigma_u=0.5,1,esp_convergence,d_tail,3.9992418853063956e-17
2C_esp_map,leak_rate=1|n_units=200|rho=0.7|sigma_u=0.5,1,esp_convergence,converged,1.0
2C_esp_map,leak_rate=1|n_units=200|rho=0.7|sigma_u=0.5,1,esp_convergence,decay_rate_per_step,-0.48123426138960507
2C_esp_map,leak_rate=1|n_units=200|rho=0.7|sigma_u=0.5,1,esp_convergence,n_pairs,10.0
2C_esp_map,leak_rate=1|n_units=200|rho=0.7|sigma_u=0.5,1,esp_convergence,n_fit_points,56.0
2C_esp_map,leak_rate=1|n_units=200|rho=0.7|sigma_u=0.5,1,conditional_lyapunov,lyapunov_per_step,-0.47349912756738355
2C_esp_map,leak_rate=1|n_units=200|rho=0.7|sigma_u=0.5,1,conditional_lyapunov,lyapunov_per_time,-0.47349912756738355
2C_esp_map,leak_rate=1|n_units=200|rho=0.7|sigma_u=0.5,1,conditional_lyapunov,n_intervals,2799.0
2C_esp_map,leak_rate=1|n_units=200|rho=0.7|sigma_u=0.5,1,conditional_lyapunov,max_observed_growth,0.7826120947670575
2C_esp_map,leak_rate=1|n_units=200|rho=0.7|sigma_u=0.5,1,autocorrelation_time,tau_1e,0.6220923246134596
2C_esp_map,leak_rate=1|n_units=200|rho=0.7|sigma_u=0.5,1,autocorrelation_time,tau_censored,0.6220923246134596
2C_esp_map,leak_rate=1|n_units=200|rho=0.7|sigma_u=0.5,1,autocorrelation_time,tau_integrated,1.0
2C_esp_map,leak_rate=1|n_units=200|rho=0.7|sigma_u=0.5,1,autocorrelation_time,max_lag,200.0
2C_esp_map,leak_rate=1|n_units=200|rho=0.7|sigma_u=1,1,esp_convergence,d_initial,0.42509453011135506
2C_esp_map,leak_rate=1|n_units=200|rho=0.7|sigma_u=1,1,esp_convergence,d_tail,4.4808274963112375e-17
2C_esp_map,leak_rate=1|n_units=200|rho=0.7|sigma_u=1,1,esp_convergence,converged,1.0
2C_esp_map,leak_rate=1|n_units=200|rho=0.7|sigma_u=1,1,esp_convergence,decay_rate_per_step,-0.6296925060861435
2C_esp_map,leak_rate=1|n_units=200|rho=0.7|sigma_u=1,1,esp_convergence,n_pairs,10.0
2C_esp_map,leak_rate=1|n_units=200|rho=0.7|sigma_u=1,1,esp_convergence,n_fit_points,42.0
2C_esp_map,leak_rate=1|n_units=200|rho=0.7|sigma_u=1,1,conditional_lyapunov,lyapunov_per_step,-0.6382209676958419
2C_esp_map,leak_rate=1|n_units=200|rho=0.7|sigma_u=1,1,conditional_lyapunov,lyapunov_per_time,-0.6382209676958419
2C_esp_map,leak_rate=1|n_units=200|rho=0.7|sigma_u=1,1,conditional_lyapunov,n_intervals,2799.0
2C_esp_map,leak_rate=1|n_units=200|rho=0.7|sigma_u=1,1,conditional_lyapunov,max_observed_growth,0.7214745696291892
2C_esp_map,leak_rate=1|n_units=200|rho=0.7|sigma_u=1,1,autocorrelation_time,tau_1e,0.6238388545552941
2C_esp_map,leak_rate=1|n_units=200|rho=0.7|sigma_u=1,1,autocorrelation_time,tau_censored,0.6238388545552941
2C_esp_map,leak_rate=1|n_units=200|rho=0.7|sigma_u=1,1,autocorrelation_time,tau_integrated,1.0000000000000002
2C_esp_map,leak_rate=1|n_units=200|rho=0.7|sigma_u=1,1,autocorrelation_time,max_lag,200.0
2C_esp_map,leak_rate=1|n_units=200|rho=0.7|sigma_u=2,1,esp_convergence,d_initial,0.40284467918759864
2C_esp_map,leak_rate=1|n_units=200|rho=0.7|sigma_u=2,1,esp_convergence,d_tail,0.0
2C_esp_map,leak_rate=1|n_units=200|rho=0.7|sigma_u=2,1,esp_convergence,converged,1.0
2C_esp_map,leak_rate=1|n_units=200|rho=0.7|sigma_u=2,1,esp_convergence,decay_rate_per_step,-0.8638243897928679
2C_esp_map,leak_rate=1|n_units=200|rho=0.7|sigma_u=2,1,esp_convergence,n_pairs,10.0
2C_esp_map,leak_rate=1|n_units=200|rho=0.7|sigma_u=2,1,esp_convergence,n_fit_points,27.0
2C_esp_map,leak_rate=1|n_units=200|rho=0.7|sigma_u=2,1,conditional_lyapunov,lyapunov_per_step,-0.8809605910883406
2C_esp_map,leak_rate=1|n_units=200|rho=0.7|sigma_u=2,1,conditional_lyapunov,lyapunov_per_time,-0.8809605910883406
2C_esp_map,leak_rate=1|n_units=200|rho=0.7|sigma_u=2,1,conditional_lyapunov,n_intervals,2799.0
2C_esp_map,leak_rate=1|n_units=200|rho=0.7|sigma_u=2,1,conditional_lyapunov,max_observed_growth,0.7052510074468837
2C_esp_map,leak_rate=1|n_units=200|rho=0.7|sigma_u=2,1,autocorrelation_time,tau_1e,0.6236978467937848
2C_esp_map,leak_rate=1|n_units=200|rho=0.7|sigma_u=2,1,autocorrelation_time,tau_censored,0.6236978467937848
2C_esp_map,leak_rate=1|n_units=200|rho=0.7|sigma_u=2,1,autocorrelation_time,tau_integrated,0.9999999999999997
2C_esp_map,leak_rate=1|n_units=200|rho=0.7|sigma_u=2,1,autocorrelation_time,max_lag,200.0
2C_esp_map,leak_rate=1|n_units=200|rho=0.8|sigma_u=0,1,esp_convergence,d_initial,0.4720894196225172
2C_esp_map,leak_rate=1|n_units=200|rho=0.8|sigma_u=0,1,esp_convergence,d_tail,0.0
2C_esp_map,leak_rate=1|n_units=200|rho=0.8|sigma_u=0,1,esp_convergence,converged,1.0
2C_esp_map,leak_rate=1|n_units=200|rho=0.8|sigma_u=0,1,esp_convergence,decay_rate_per_step,-0.23487056546062812
2C_esp_map,leak_rate=1|n_units=200|rho=0.8|sigma_u=0,1,esp_convergence,n_pairs,10.0
2C_esp_map,leak_rate=1|n_units=200|rho=0.8|sigma_u=0,1,esp_convergence,n_fit_points,120.0
2C_esp_map,leak_rate=1|n_units=200|rho=0.8|sigma_u=0,1,conditional_lyapunov,lyapunov_per_step,-0.22389874387420816
2C_esp_map,leak_rate=1|n_units=200|rho=0.8|sigma_u=0,1,conditional_lyapunov,lyapunov_per_time,-0.22389874387420816
2C_esp_map,leak_rate=1|n_units=200|rho=0.8|sigma_u=0,1,conditional_lyapunov,n_intervals,2799.0
2C_esp_map,leak_rate=1|n_units=200|rho=0.8|sigma_u=0,1,conditional_lyapunov,max_observed_growth,0.8685139916592269
2C_esp_map,leak_rate=1|n_units=200|rho=0.8|sigma_u=0,1,autocorrelation_time,tau_1e,0.8414255051021902
2C_esp_map,leak_rate=1|n_units=200|rho=0.8|sigma_u=0,1,autocorrelation_time,tau_censored,0.8414255051021902
2C_esp_map,leak_rate=1|n_units=200|rho=0.8|sigma_u=0,1,autocorrelation_time,tau_integrated,1.2487504181944322
2C_esp_map,leak_rate=1|n_units=200|rho=0.8|sigma_u=0,1,autocorrelation_time,max_lag,200.0
2C_esp_map,leak_rate=1|n_units=200|rho=0.8|sigma_u=0.05,1,esp_convergence,d_initial,0.47247380952758444
2C_esp_map,leak_rate=1|n_units=200|rho=0.8|sigma_u=0.05,1,esp_convergence,d_tail,8.962511140688681e-18
2C_esp_map,leak_rate=1|n_units=200|rho=0.8|sigma_u=0.05,1,esp_convergence,converged,1.0
2C_esp_map,leak_rate=1|n_units=200|rho=0.8|sigma_u=0.05,1,esp_convergence,decay_rate_per_step,-0.23109858895043925
2C_esp_map,leak_rate=1|n_units=200|rho=0.8|sigma_u=0.05,1,esp_convergence,n_pairs,10.0
2C_esp_map,leak_rate=1|n_units=200|rho=0.8|sigma_u=0.05,1,esp_convergence,n_fit_points,123.0
2C_esp_map,leak_rate=1|n_units=200|rho=0.8|sigma_u=0.05,1,conditional_lyapunov,lyapunov_per_step,-0.22592931320921134
2C_esp_map,leak_rate=1|n_units=200|rho=0.8|sigma_u=0.05,1,conditional_lyapunov,lyapunov_per_time,-0.22592931320921134
2C_esp_map,leak_rate=1|n_units=200|rho=0.8|sigma_u=0.05,1,conditional_lyapunov,n_intervals,2799.0
2C_esp_map,leak_rate=1|n_units=200|rho=0.8|sigma_u=0.05,1,conditional_lyapunov,max_observed_growth,0.8641479404504105
2C_esp_map,leak_rate=1|n_units=200|rho=0.8|sigma_u=0.05,1,autocorrelation_time,tau_1e,0.6144511446948859
2C_esp_map,leak_rate=1|n_units=200|rho=0.8|sigma_u=0.05,1,autocorrelation_time,tau_censored,0.6144511446948859
2C_esp_map,leak_rate=1|n_units=200|rho=0.8|sigma_u=0.05,1,autocorrelation_time,tau_integrated,0.9999999999999999
2C_esp_map,leak_rate=1|n_units=200|rho=0.8|sigma_u=0.05,1,autocorrelation_time,max_lag,200.0
2C_esp_map,leak_rate=1|n_units=200|rho=0.8|sigma_u=0.1,1,esp_convergence,d_initial,0.4728211456391767
2C_esp_map,leak_rate=1|n_units=200|rho=0.8|sigma_u=0.1,1,esp_convergence,d_tail,1.7500782946659098e-17
2C_esp_map,leak_rate=1|n_units=200|rho=0.8|sigma_u=0.1,1,esp_convergence,converged,1.0
2C_esp_map,leak_rate=1|n_units=200|rho=0.8|sigma_u=0.1,1,esp_convergence,decay_rate_per_step,-0.23857980211473112
2C_esp_map,leak_rate=1|n_units=200|rho=0.8|sigma_u=0.1,1,esp_convergence,n_pairs,10.0
2C_esp_map,leak_rate=1|n_units=200|rho=0.8|sigma_u=0.1,1,esp_convergence,n_fit_points,120.0
2C_esp_map,leak_rate=1|n_units=200|rho=0.8|sigma_u=0.1,1,conditional_lyapunov,lyapunov_per_step,-0.23185357690357403
2C_esp_map,leak_rate=1|n_units=200|rho=0.8|sigma_u=0.1,1,conditional_lyapunov,lyapunov_per_time,-0.23185357690357403
2C_esp_map,leak_rate=1|n_units=200|rho=0.8|sigma_u=0.1,1,conditional_lyapunov,n_intervals,2799.0
2C_esp_map,leak_rate=1|n_units=200|rho=0.8|sigma_u=0.1,1,conditional_lyapunov,max_observed_growth,0.8549583763988152
2C_esp_map,leak_rate=1|n_units=200|rho=0.8|sigma_u=0.1,1,autocorrelation_time,tau_1e,0.6149952285744505
2C_esp_map,leak_rate=1|n_units=200|rho=0.8|sigma_u=0.1,1,autocorrelation_time,tau_censored,0.6149952285744505
2C_esp_map,leak_rate=1|n_units=200|rho=0.8|sigma_u=0.1,1,autocorrelation_time,tau_integrated,1.0
2C_esp_map,leak_rate=1|n_units=200|rho=0.8|sigma_u=0.1,1,autocorrelation_time,max_lag,200.0
2C_esp_map,leak_rate=1|n_units=200|rho=0.8|sigma_u=0.2,1,esp_convergence,d_initial,0.47340373328330587
2C_esp_map,leak_rate=1|n_units=200|rho=0.8|sigma_u=0.2,1,esp_convergence,d_tail,3.171927210222535e-17
2C_esp_map,leak_rate=1|n_units=200|rho=0.8|sigma_u=0.2,1,esp_convergence,converged,1.0
2C_esp_map,leak_rate=1|n_units=200|rho=0.8|sigma_u=0.2,1,esp_convergence,decay_rate_per_step,-0.2522277281677413
2C_esp_map,leak_rate=1|n_units=200|rho=0.8|sigma_u=0.2,1,esp_convergence,n_pairs,10.0
2C_esp_map,leak_rate=1|n_units=200|rho=0.8|sigma_u=0.2,1,esp_convergence,n_fit_points,112.0
2C_esp_map,leak_rate=1|n_units=200|rho=0.8|sigma_u=0.2,1,conditional_lyapunov,lyapunov_per_step,-0.2529659241895091
2C_esp_map,leak_rate=1|n_units=200|rho=0.8|sigma_u=0.2,1,conditional_lyapunov,lyapunov_per_time,-0.2529659241895091
2C_esp_map,leak_rate=1|n_units=200|rho=0.8|sigma_u=0.2,1,conditional_lyapunov,n_intervals,2799.0
2C_esp_map,leak_rate=1|n_units=200|rho=0.8|sigma_u=0.2,1,conditional_lyapunov,max_observed_growth,0.8482921661907353
2C_esp_map,leak_rate=1|n_units=200|rho=0.8|sigma_u=0.2,1,autocorrelation_time,tau_1e,0.6167345416097019
2C_esp_map,leak_rate=1|n_units=200|rho=0.8|sigma_u=0.2,1,autocorrelation_time,tau_censored,0.6167345416097019
2C_esp_map,leak_rate=1|n_units=200|rho=0.8|sigma_u=0.2,1,autocorrelation_time,tau_integrated,1.0
2C_esp_map,leak_rate=1|n_units=200|rho=0.8|sigma_u=0.2,1,autocorrelation_time,max_lag,200.0
2C_esp_map,leak_rate=1|n_units=200|rho=0.8|sigma_u=0.5,1,esp_convergence,d_initial,0.47424167572599885
2C_esp_map,leak_rate=1|n_units=200|rho=0.8|sigma_u=0.5,1,esp_convergence,d_tail,5.3498074397324427e-17
2C_esp_map,leak_rate=1|n_units=200|rho=0.8|sigma_u=0.5,1,esp_convergence,converged,1.0
2C_esp_map,leak_rate=1|n_units=200|rho=0.8|sigma_u=0.5,1,esp_convergence,decay_rate_per_step,-0.3474333373229346
2C_esp_map,leak_rate=1|n_units=200|rho=0.8|sigma_u=0.5,1,esp_convergence,n_pairs,10.0
2C_esp_map,leak_rate=1|n_units=200|rho=0.8|sigma_u=0.5,1,esp_convergence,n_fit_points,80.0
2C_esp_map,leak_rate=1|n_units=200|rho=0.8|sigma_u=0.5,1,conditional_lyapunov,lyapunov_per_step,-0.3549870790561418
2C_esp_map,leak_rate=1|n_units=200|rho=0.8|sigma_u=0.5,1,conditional_lyapunov,lyapunov_per_time,-0.3549870790561418
2C_esp_map,leak_rate=1|n_units=200|rho=0.8|sigma_u=0.5,1,conditional_lyapunov,n_intervals,2799.0
2C_esp_map,leak_rate=1|n_units=200|rho=0.8|sigma_u=0.5,1,conditional_lyapunov,max_observed_growth,0.8715073679049288
2C_esp_map,leak_rate=1|n_units=200|rho=0.8|sigma_u=0.5,1,autocorrelation_time,tau_1e,0.6215790341368205
2C_esp_map,leak_rate=1|n_units=200|rho=0.8|sigma_u=0.5,1,autocorrelation_time,tau_censored,0.6215790341368205
2C_esp_map,leak_rate=1|n_units=200|rho=0.8|sigma_u=0.5,1,autocorrelation_time,tau_integrated,1.0
2C_esp_map,leak_rate=1|n_units=200|rho=0.8|sigma_u=0.5,1,autocorrelation_time,max_lag,200.0
2C_esp_map,leak_rate=1|n_units=200|rho=0.8|sigma_u=1,1,esp_convergence,d_initial,0.47256349968260636
2C_esp_map,leak_rate=1|n_units=200|rho=0.8|sigma_u=1,1,esp_convergence,d_tail,5.578801587834972e-17
2C_esp_map,leak_rate=1|n_units=200|rho=0.8|sigma_u=1,1,esp_convergence,converged,1.0
2C_esp_map,leak_rate=1|n_units=200|rho=0.8|sigma_u=1,1,esp_convergence,decay_rate_per_step,-0.53671731243224
2C_esp_map,leak_rate=1|n_units=200|rho=0.8|sigma_u=1,1,esp_convergence,n_pairs,10.0
2C_esp_map,leak_rate=1|n_units=200|rho=0.8|sigma_u=1,1,esp_convergence,n_fit_points,51.0
2C_esp_map,leak_rate=1|n_units=200|rho=0.8|sigma_u=1,1,conditional_lyapunov,lyapunov_per_step,-0.5239035369891251
2C_esp_map,leak_rate=1|n_units=200|rho=0.8|sigma_u=1,1,conditional_lyapunov,lyapunov_per_time,-0.5239035369891251
2C_esp_map,leak_rate=1|n_units=200|rho=0.8|sigma_u=1,1,conditional_lyapunov,n_intervals,2799.0
2C_esp_map,leak_rate=1|n_units=200|rho=0.8|sigma_u=1,1,conditional_lyapunov,max_observed_growth,0.817378541963355
2C_esp_map,leak_rate=1|n_units=200|rho=0.8|sigma_u=1,1,autocorrelation_time,tau_1e,0.6240786392802412
2C_esp_map,leak_rate=1|n_units=200|rho=0.8|sigma_u=1,1,autocorrelation_time,tau_censored,0.6240786392802412
2C_esp_map,leak_rate=1|n_units=200|rho=0.8|sigma_u=1,1,autocorrelation_time,tau_integrated,0.9999999999999999
2C_esp_map,leak_rate=1|n_units=200|rho=0.8|sigma_u=1,1,autocorrelation_time,max_lag,200.0
2C_esp_map,leak_rate=1|n_units=200|rho=0.8|sigma_u=2,1,esp_convergence,d_initial,0.4504128019406644
2C_esp_map,leak_rate=1|n_units=200|rho=0.8|sigma_u=2,1,esp_convergence,d_tail,4.1685372242196436e-17
2C_esp_map,leak_rate=1|n_units=200|rho=0.8|sigma_u=2,1,esp_convergence,converged,1.0
2C_esp_map,leak_rate=1|n_units=200|rho=0.8|sigma_u=2,1,esp_convergence,decay_rate_per_step,-0.7277356657576739
2C_esp_map,leak_rate=1|n_units=200|rho=0.8|sigma_u=2,1,esp_convergence,n_pairs,10.0
2C_esp_map,leak_rate=1|n_units=200|rho=0.8|sigma_u=2,1,esp_convergence,n_fit_points,35.0
2C_esp_map,leak_rate=1|n_units=200|rho=0.8|sigma_u=2,1,conditional_lyapunov,lyapunov_per_step,-0.7574909952235197
2C_esp_map,leak_rate=1|n_units=200|rho=0.8|sigma_u=2,1,conditional_lyapunov,lyapunov_per_time,-0.7574909952235197
2C_esp_map,leak_rate=1|n_units=200|rho=0.8|sigma_u=2,1,conditional_lyapunov,n_intervals,2799.0
2C_esp_map,leak_rate=1|n_units=200|rho=0.8|sigma_u=2,1,conditional_lyapunov,max_observed_growth,0.8158341198035103
2C_esp_map,leak_rate=1|n_units=200|rho=0.8|sigma_u=2,1,autocorrelation_time,tau_1e,0.6239427218661834
2C_esp_map,leak_rate=1|n_units=200|rho=0.8|sigma_u=2,1,autocorrelation_time,tau_censored,0.6239427218661834
2C_esp_map,leak_rate=1|n_units=200|rho=0.8|sigma_u=2,1,autocorrelation_time,tau_integrated,1.0
2C_esp_map,leak_rate=1|n_units=200|rho=0.8|sigma_u=2,1,autocorrelation_time,max_lag,200.0
2C_esp_map,leak_rate=1|n_units=200|rho=0.9|sigma_u=0,1,esp_convergence,d_initial,0.5146842728169073
2C_esp_map,leak_rate=1|n_units=200|rho=0.9|sigma_u=0,1,esp_convergence,d_tail,3.657618388309969e-134
2C_esp_map,leak_rate=1|n_units=200|rho=0.9|sigma_u=0,1,esp_convergence,converged,1.0
2C_esp_map,leak_rate=1|n_units=200|rho=0.9|sigma_u=0,1,esp_convergence,decay_rate_per_step,-0.10625437172516178
2C_esp_map,leak_rate=1|n_units=200|rho=0.9|sigma_u=0,1,esp_convergence,n_pairs,10.0
2C_esp_map,leak_rate=1|n_units=200|rho=0.9|sigma_u=0,1,esp_convergence,n_fit_points,280.0
2C_esp_map,leak_rate=1|n_units=200|rho=0.9|sigma_u=0,1,conditional_lyapunov,lyapunov_per_step,-0.10611570821782475
2C_esp_map,leak_rate=1|n_units=200|rho=0.9|sigma_u=0,1,conditional_lyapunov,lyapunov_per_time,-0.10611570821782475
2C_esp_map,leak_rate=1|n_units=200|rho=0.9|sigma_u=0,1,conditional_lyapunov,n_intervals,2799.0
2C_esp_map,leak_rate=1|n_units=200|rho=0.9|sigma_u=0,1,conditional_lyapunov,max_observed_growth,0.9770782406166304
2C_esp_map,leak_rate=1|n_units=200|rho=0.9|sigma_u=0,1,autocorrelation_time,tau_1e,0.8695756224777262
2C_esp_map,leak_rate=1|n_units=200|rho=0.9|sigma_u=0,1,autocorrelation_time,tau_censored,0.8695756224777262
2C_esp_map,leak_rate=1|n_units=200|rho=0.9|sigma_u=0,1,autocorrelation_time,tau_integrated,1.2730700556813928
2C_esp_map,leak_rate=1|n_units=200|rho=0.9|sigma_u=0,1,autocorrelation_time,max_lag,200.0
2C_esp_map,leak_rate=1|n_units=200|rho=0.9|sigma_u=0.05,1,esp_convergence,d_initial,0.5151082916531383
2C_esp_map,leak_rate=1|n_units=200|rho=0.9|sigma_u=0.05,1,esp_convergence,d_tail,1.5982392568383268e-17
2C_esp_map,leak_rate=1|n_units=200|rho=0.9|sigma_u=0.05,1,esp_convergence,converged,1.0
2C_esp_map,leak_rate=1|n_units=200|rho=0.9|sigma_u=0.05,1,esp_convergence,decay_rate_per_step,-0.10965221183965318
2C_esp_map,leak_rate=1|n_units=200|rho=0.9|sigma_u=0.05,1,esp_convergence,n_pairs,10.0
2C_esp_map,leak_rate=1|n_units=200|rho=0.9|sigma_u=0.05,1,esp_convergence,n_fit_points,269.0
2C_esp_map,leak_rate=1|n_units=200|rho=0.9|sigma_u=0.05,1,conditional_lyapunov,lyapunov_per_step,-0.10921531521756608
2C_esp_map,leak_rate=1|n_units=200|rho=0.9|sigma_u=0.05,1,conditional_lyapunov,lyapunov_per_time,-0.10921531521756608
2C_esp_map,leak_rate=1|n_units=200|rho=0.9|sigma_u=0.05,1,conditional_lyapunov,n_intervals,2799.0
2C_esp_map,leak_rate=1|n_units=200|rho=0.9|sigma_u=0.05,1,conditional_lyapunov,max_observed_growth,0.9708564265082626
2C_esp_map,leak_rate=1|n_units=200|rho=0.9|sigma_u=0.05,1,autocorrelation_time,tau_1e,0.6075992286318158
2C_esp_map,leak_rate=1|n_units=200|rho=0.9|sigma_u=0.05,1,autocorrelation_time,tau_censored,0.6075992286318158
2C_esp_map,leak_rate=1|n_units=200|rho=0.9|sigma_u=0.05,1,autocorrelation_time,tau_integrated,0.9999999999999999
2C_esp_map,leak_rate=1|n_units=200|rho=0.9|sigma_u=0.05,1,autocorrelation_time,max_lag,200.0
2C_esp_map,leak_rate=1|n_units=200|rho=0.9|sigma_u=0.1,1,esp_convergence,d_initial,0.5154966346081616
2C_esp_map,leak_rate=1|n_units=200|rho=0.9|sigma_u=0.1,1,esp_convergence,d_tail,3.048620442440918e-17
2C_esp_map,leak_rate=1|n_units=200|rho=0.9|sigma_u=0.1,1,esp_convergence,converged,1.0
2C_esp_map,leak_rate=1|n_units=200|rho=0.9|sigma_u=0.1,1,esp_convergence,decay_rate_per_step,-0.11709073068617715
2C_esp_map,leak_rate=1|n_units=200|rho=0.9|sigma_u=0.1,1,esp_convergence,n_pairs,10.0
2C_esp_map,leak_rate=1|n_units=200|rho=0.9|sigma_u=0.1,1,esp_convergence,n_fit_points,254.0
2C_esp_map,leak_rate=1|n_units=200|rho=0.9|sigma_u=0.1,1,conditional_lyapunov,lyapunov_per_step,-0.11776021142947647
2C_esp_map,leak_rate=1|n_units=200|rho=0.9|sigma_u=0.1,1,conditional_lyapunov,lyapunov_per_time,-0.11776021142947647
2C_esp_map,leak_rate=1|n_units=200|rho=0.9|sigma_u=0.1,1,conditional_lyapunov,n_intervals,2799.0
2C_esp_map,leak_rate=1|n_units=200|rho=0.9|sigma_u=0.1,1,conditional_lyapunov,max_observed_growth,0.9637788899186663
2C_esp_map,leak_rate=1|n_units=200|rho=0.9|sigma_u=0.1,1,autocorrelation_time,tau_1e,0.6087608486169064
2C_esp_map,leak_rate=1|n_units=200|rho=0.9|sigma_u=0.1,1,autocorrelation_time,tau_censored,0.6087608486169064
2C_esp_map,leak_rate=1|n_units=200|rho=0.9|sigma_u=0.1,1,autocorrelation_time,tau_integrated,1.0
2C_esp_map,leak_rate=1|n_units=200|rho=0.9|sigma_u=0.1,1,autocorrelation_time,max_lag,200.0
2C_esp_map,leak_rate=1|n_units=200|rho=0.9|sigma_u=0.2,1,esp_convergence,d_initial,0.5161654027561519
2C_esp_map,leak_rate=1|n_units=200|rho=0.9|sigma_u=0.2,1,esp_convergence,d_tail,4.992689662648505e-17
2C_esp_map,leak_rate=1|n_units=200|rho=0.9|sigma_u=0.2,1,esp_convergence,converged,1.0
2C_esp_map,leak_rate=1|n_units=200|rho=0.9|sigma_u=0.2,1,esp_convergence,decay_rate_per_step,-0.1449514916915777
2C_esp_map,leak_rate=1|n_units=200|rho=0.9|sigma_u=0.2,1,esp_convergence,n_pairs,10.0
2C_esp_map,leak_rate=1|n_units=200|rho=0.9|sigma_u=0.2,1,esp_convergence,n_fit_points,198.0
2C_esp_map,leak_rate=1|n_units=200|rho=0.9|sigma_u=0.2,1,conditional_lyapunov,lyapunov_per_step,-0.14525843487526005
2C_esp_map,leak_rate=1|n_units=200|rho=0.9|sigma_u=0.2,1,conditional_lyapunov,lyapunov_per_time,-0.14525843487526005
2C_esp_map,leak_rate=1|n_units=200|rho=0.9|sigma_u=0.2,1,conditional_lyapunov,n_intervals,2799.0
2C_esp_map,leak_rate=1|n_units=200|rho=0.9|sigma_u=0.2,1,conditional_lyapunov,max_observed_growth,0.9633357990153217
2C_esp_map,leak_rate=1|n_units=200|rho=0.9|sigma_u=0.2,1,autocorrelation_time,tau_1e,0.612310231549783
2C_esp_map,leak_rate=1|n_units=200|rho=0.9|sigma_u=0.2,1,autocorrelation_time,tau_censored,0.612310231549783
2C_esp_map,leak_rate=1|n_units=200|rho=0.9|sigma_u=0.2,1,autocorrelation_time,tau_integrated,1.0
2C_esp_map,leak_rate=1|n_units=200|rho=0.9|sigma_u=0.2,1,autocorrelation_time,max_lag,200.0
2C_esp_map,leak_rate=1|n_units=200|rho=0.9|sigma_u=0.5,1,esp_convergence,d_initial,0.5172950568341472
2C_esp_map,leak_rate=1|n_units=200|rho=0.9|sigma_u=0.5,1,esp_convergence,d_tail,7.075034700030683e-17
2C_esp_map,leak_rate=1|n_units=200|rho=0.9|sigma_u=0.5,1,esp_convergence,converged,1.0
2C_esp_map,leak_rate=1|n_units=200|rho=0.9|sigma_u=0.5,1,esp_convergence,decay_rate_per_step,-0.24487810396529627
2C_esp_map,leak_rate=1|n_units=200|rho=0.9|sigma_u=0.5,1,esp_convergence,n_pairs,10.0
2C_esp_map,leak_rate=1|n_units=200|rho=0.9|sigma_u=0.5,1,esp_convergence,n_fit_points,119.0
2C_esp_map,leak_rate=1|n_units=200|rho=0.9|sigma_u=0.5,1,conditional_lyapunov,lyapunov_per_step,-0.2587376417658038
2C_esp_map,leak_rate=1|n_units=200|rho=0.9|sigma_u=0.5,1,conditional_lyapunov,lyapunov_per_time,-0.2587376417658038
2C_esp_map,leak_rate=1|n_units=200|rho=0.9|sigma_u=0.5,1,conditional_lyapunov,n_intervals,2799.0
2C_esp_map,leak_rate=1|n_units=200|rho=0.9|sigma_u=0.5,1,conditional_lyapunov,max_observed_growth,0.9683234504404334
2C_esp_map,leak_rate=1|n_units=200|rho=0.9|sigma_u=0.5,1,autocorrelation_time,tau_1e,0.620743093067793
2C_esp_map,leak_rate=1|n_units=200|rho=0.9|sigma_u=0.5,1,autocorrelation_time,tau_censored,0.620743093067793
2C_esp_map,leak_rate=1|n_units=200|rho=0.9|sigma_u=0.5,1,autocorrelation_time,tau_integrated,1.0
2C_esp_map,leak_rate=1|n_units=200|rho=0.9|sigma_u=0.5,1,autocorrelation_time,max_lag,200.0
2C_esp_map,leak_rate=1|n_units=200|rho=0.9|sigma_u=1,1,esp_convergence,d_initial,0.5162026244406636
2C_esp_map,leak_rate=1|n_units=200|rho=0.9|sigma_u=1,1,esp_convergence,d_tail,7.054837537647889e-17
2C_esp_map,leak_rate=1|n_units=200|rho=0.9|sigma_u=1,1,esp_convergence,converged,1.0
2C_esp_map,leak_rate=1|n_units=200|rho=0.9|sigma_u=1,1,esp_convergence,decay_rate_per_step,-0.410528373153631
2C_esp_map,leak_rate=1|n_units=200|rho=0.9|sigma_u=1,1,esp_convergence,n_pairs,10.0
2C_esp_map,leak_rate=1|n_units=200|rho=0.9|sigma_u=1,1,esp_convergence,n_fit_points,70.0
2C_esp_map,leak_rate=1|n_units=200|rho=0.9|sigma_u=1,1,conditional_lyapunov,lyapunov_per_step,-0.425597182390898
2C_esp_map,leak_rate=1|n_units=200|rho=0.9|sigma_u=1,1,conditional_lyapunov,lyapunov_per_time,-0.425597182390898
2C_esp_map,leak_rate=1|n_units=200|rho=0.9|sigma_u=1,1,conditional_lyapunov,n_intervals,2799.0
2C_esp_map,leak_rate=1|n_units=200|rho=0.9|sigma_u=1,1,conditional_lyapunov,max_observed_growth,0.90472912123445
2C_esp_map,leak_rate=1|n_units=200|rho=0.9|sigma_u=1,1,autocorrelation_time,tau_1e,0.6241634923067415
2C_esp_map,leak_rate=1|n_units=200|rho=0.9|sigma_u=1,1,autocorrelation_time,tau_censored,0.6241634923067415
2C_esp_map,leak_rate=1|n_units=200|rho=0.9|sigma_u=1,1,autocorrelation_time,tau_integrated,1.0000000000000002
2C_esp_map,leak_rate=1|n_units=200|rho=0.9|sigma_u=1,1,autocorrelation_time,max_lag,200.0
2C_esp_map,leak_rate=1|n_units=200|rho=0.9|sigma_u=2,1,esp_convergence,d_initial,0.494962055356025
2C_esp_map,leak_rate=1|n_units=200|rho=0.9|sigma_u=2,1,esp_convergence,d_tail,5.349701488222576e-17
2C_esp_map,leak_rate=1|n_units=200|rho=0.9|sigma_u=2,1,esp_convergence,converged,1.0
2C_esp_map,leak_rate=1|n_units=200|rho=0.9|sigma_u=2,1,esp_convergence,decay_rate_per_step,-0.6135416721565591
2C_esp_map,leak_rate=1|n_units=200|rho=0.9|sigma_u=2,1,esp_convergence,n_pairs,10.0
2C_esp_map,leak_rate=1|n_units=200|rho=0.9|sigma_u=2,1,esp_convergence,n_fit_points,44.0
2C_esp_map,leak_rate=1|n_units=200|rho=0.9|sigma_u=2,1,conditional_lyapunov,lyapunov_per_step,-0.6517314699611009
2C_esp_map,leak_rate=1|n_units=200|rho=0.9|sigma_u=2,1,conditional_lyapunov,lyapunov_per_time,-0.6517314699611009
2C_esp_map,leak_rate=1|n_units=200|rho=0.9|sigma_u=2,1,conditional_lyapunov,n_intervals,2799.0
2C_esp_map,leak_rate=1|n_units=200|rho=0.9|sigma_u=2,1,conditional_lyapunov,max_observed_growth,0.9147198096063781
2C_esp_map,leak_rate=1|n_units=200|rho=0.9|sigma_u=2,1,autocorrelation_time,tau_1e,0.6240307537438633
2C_esp_map,leak_rate=1|n_units=200|rho=0.9|sigma_u=2,1,autocorrelation_time,tau_censored,0.6240307537438633
2C_esp_map,leak_rate=1|n_units=200|rho=0.9|sigma_u=2,1,autocorrelation_time,tau_integrated,1.0
2C_esp_map,leak_rate=1|n_units=200|rho=0.9|sigma_u=2,1,autocorrelation_time,max_lag,200.0
2C_esp_map,leak_rate=1|n_units=200|rho=1|sigma_u=0,1,esp_convergence,d_initial,0.553735441818243
2C_esp_map,leak_rate=1|n_units=200|rho=1|sigma_u=0,1,esp_convergence,d_tail,0.024075110748275164
2C_esp_map,leak_rate=1|n_units=200|rho=1|sigma_u=0,1,esp_convergence,converged,0.0
2C_esp_map,leak_rate=1|n_units=200|rho=1|sigma_u=0,1,esp_convergence,decay_rate_per_step,-0.0003941519554325401
2C_esp_map,leak_rate=1|n_units=200|rho=1|sigma_u=0,1,esp_convergence,n_pairs,10.0
2C_esp_map,leak_rate=1|n_units=200|rho=1|sigma_u=0,1,esp_convergence,n_fit_points,2990.0
2C_esp_map,leak_rate=1|n_units=200|rho=1|sigma_u=0,1,conditional_lyapunov,lyapunov_per_step,-0.0011025830997658476
2C_esp_map,leak_rate=1|n_units=200|rho=1|sigma_u=0,1,conditional_lyapunov,lyapunov_per_time,-0.0011025830997658476
2C_esp_map,leak_rate=1|n_units=200|rho=1|sigma_u=0,1,conditional_lyapunov,n_intervals,2799.0
2C_esp_map,leak_rate=1|n_units=200|rho=1|sigma_u=0,1,conditional_lyapunov,max_observed_growth,1.0846542605875296
2C_esp_map,leak_rate=1|n_units=200|rho=1|sigma_u=0,1,autocorrelation_time,tau_1e,0.8975252011544574
2C_esp_map,leak_rate=1|n_units=200|rho=1|sigma_u=0,1,autocorrelation_time,tau_censored,0.8975252011544574
2C_esp_map,leak_rate=1|n_units=200|rho=1|sigma_u=0,1,autocorrelation_time,tau_integrated,1.2957071756698513
2C_esp_map,leak_rate=1|n_units=200|rho=1|sigma_u=0,1,autocorrelation_time,max_lag,200.0
2C_esp_map,leak_rate=1|n_units=200|rho=1|sigma_u=0.05,1,esp_convergence,d_initial,0.5541897955661441
2C_esp_map,leak_rate=1|n_units=200|rho=1|sigma_u=0.05,1,esp_convergence,d_tail,4.571664703526409e-13
2C_esp_map,leak_rate=1|n_units=200|rho=1|sigma_u=0.05,1,esp_convergence,converged,1.0
2C_esp_map,leak_rate=1|n_units=200|rho=1|sigma_u=0.05,1,esp_convergence,decay_rate_per_step,-0.009144922599481548
2C_esp_map,leak_rate=1|n_units=200|rho=1|sigma_u=0.05,1,esp_convergence,n_pairs,10.0
2C_esp_map,leak_rate=1|n_units=200|rho=1|sigma_u=0.05,1,esp_convergence,n_fit_points,2990.0
2C_esp_map,leak_rate=1|n_units=200|rho=1|sigma_u=0.05,1,conditional_lyapunov,lyapunov_per_step,-0.009752486835836112
2C_esp_map,leak_rate=1|n_units=200|rho=1|sigma_u=0.05,1,conditional_lyapunov,lyapunov_per_time,-0.009752486835836112
2C_esp_map,leak_rate=1|n_units=200|rho=1|sigma_u=0.05,1,conditional_lyapunov,n_intervals,2799.0
2C_esp_map,leak_rate=1|n_units=200|rho=1|sigma_u=0.05,1,conditional_lyapunov,max_observed_growth,1.0772981253450078
2C_esp_map,leak_rate=1|n_units=200|rho=1|sigma_u=0.05,1,autocorrelation_time,tau_1e,0.6094092910939721
2C_esp_map,leak_rate=1|n_units=200|rho=1|sigma_u=0.05,1,autocorrelation_time,tau_censored,0.6094092910939721
2C_esp_map,leak_rate=1|n_units=200|rho=1|sigma_u=0.05,1,autocorrelation_time,tau_integrated,0.9999999999999999
2C_esp_map,leak_rate=1|n_units=200|rho=1|sigma_u=0.05,1,autocorrelation_time,max_lag,200.0
2C_esp_map,leak_rate=1|n_units=200|rho=1|sigma_u=0.1,1,esp_convergence,d_initial,0.5546102784858857
2C_esp_map,leak_rate=1|n_units=200|rho=1|sigma_u=0.1,1,esp_convergence,d_tail,7.827948017993127e-17
2C_esp_map,leak_rate=1|n_units=200|rho=1|sigma_u=0.1,1,esp_convergence,converged,1.0
2C_esp_map,leak_rate=1|n_units=200|rho=1|sigma_u=0.1,1,esp_convergence,decay_rate_per_step,-0.025470282350037256
2C_esp_map,leak_rate=1|n_units=200|rho=1|sigma_u=0.1,1,esp_convergence,n_pairs,10.0
2C_esp_map,leak_rate=1|n_units=200|rho=1|sigma_u=0.1,1,esp_convergence,n_fit_points,1143.0
2C_esp_map,leak_rate=1|n_units=200|rho=1|sigma_u=0.1,1,conditional_lyapunov,lyapunov_per_step,-0.02561897729960741
2C_esp_map,leak_rate=1|n_units=200|rho=1|sigma_u=0.1,1,conditional_lyapunov,lyapunov_per_time,-0.02561897729960741
2C_esp_map,leak_rate=1|n_units=200|rho=1|sigma_u=0.1,1,conditional_lyapunov,n_intervals,2799.0
2C_esp_map,leak_rate=1|n_units=200|rho=1|sigma_u=0.1,1,conditional_lyapunov,max_observed_growth,1.0742198477017464
2C_esp_map,leak_rate=1|n_units=200|rho=1|sigma_u=0.1,1,autocorrelation_time,tau_1e,0.5983816036539811
2C_esp_map,leak_rate=1|n_units=200|rho=1|sigma_u=0.1,1,autocorrelation_time,tau_censored,0.5983816036539811
2C_esp_map,leak_rate=1|n_units=200|rho=1|sigma_u=0.1,1,autocorrelation_time,tau_integrated,1.0
2C_esp_map,leak_rate=1|n_units=200|rho=1|sigma_u=0.1,1,autocorrelation_time,max_lag,200.0
2C_esp_map,leak_rate=1|n_units=200|rho=1|sigma_u=0.2,1,esp_convergence,d_initial,0.5553487985673212
2C_esp_map,leak_rate=1|n_units=200|rho=1|sigma_u=0.2,1,esp_convergence,d_tail,9.146711558911739e-17
2C_esp_map,leak_rate=1|n_units=200|rho=1|sigma_u=0.2,1,esp_convergence,converged,1.0
2C_esp_map,leak_rate=1|n_units=200|rho=1|sigma_u=0.2,1,esp_convergence,decay_rate_per_step,-0.06263848716019631
2C_esp_map,leak_rate=1|n_units=200|rho=1|sigma_u=0.2,1,esp_convergence,n_pairs,10.0
2C_esp_map,leak_rate=1|n_units=200|rho=1|sigma_u=0.2,1,esp_convergence,n_fit_points,480.0
2C_esp_map,leak_rate=1|n_units=200|rho=1|sigma_u=0.2,1,conditional_lyapunov,lyapunov_per_step,-0.06209588309221492
2C_esp_map,leak_rate=1|n_units=200|rho=1|sigma_u=0.2,1,conditional_lyapunov,lyapunov_per_time,-0.06209588309221492
2C_esp_map,leak_rate=1|n_units=200|rho=1|sigma_u=0.2,1,conditional_lyapunov,n_intervals,2799.0
2C_esp_map,leak_rate=1|n_units=200|rho=1|sigma_u=0.2,1,conditional_lyapunov,max_observed_growth,1.0716137572511621
2C_esp_map,leak_rate=1|n_units=200|rho=1|sigma_u=0.2,1,autocorrelation_time,tau_1e,0.6015919727042184
2C_esp_map,leak_rate=1|n_units=200|rho=1|sigma_u=0.2,1,autocorrelation_time,tau_censored,0.6015919727042184
2C_esp_map,leak_rate=1|n_units=200|rho=1|sigma_u=0.2,1,autocorrelation_time,tau_integrated,1.0
2C_esp_map,leak_rate=1|n_units=200|rho=1|sigma_u=0.2,1,autocorrelation_time,max_lag,200.0
2C_esp_map,leak_rate=1|n_units=200|rho=1|sigma_u=0.5,1,esp_convergence,d_initial,0.5567318531499627
2C_esp_map,leak_rate=1|n_units=200|rho=1|sigma_u=0.5,1,esp_convergence,d_tail,9.799650763054877e-17
2C_esp_map,leak_rate=1|n_units=200|rho=1|sigma_u=0.5,1,esp_convergence,converged,1.0
2C_esp_map,leak_rate=1|n_units=200|rho=1|sigma_u=0.5,1,esp_convergence,decay_rate_per_step,-0.1694875175975115
2C_esp_map,leak_rate=1|n_units=200|rho=1|sigma_u=0.5,1,esp_convergence,n_pairs,10.0
2C_esp_map,leak_rate=1|n_units=200|rho=1|sigma_u=0.5,1,esp_convergence,n_fit_points,172.0
2C_esp_map,leak_rate=1|n_units=200|rho=1|sigma_u=0.5,1,conditional_lyapunov,lyapunov_per_step,-0.18023317146219356
2C_esp_map,leak_rate=1|n_units=200|rho=1|sigma_u=0.5,1,conditional_lyapunov,lyapunov_per_time,-0.18023317146219356
2C_esp_map,leak_rate=1|n_units=200|rho=1|sigma_u=0.5,1,conditional_lyapunov,n_intervals,2799.0
2C_esp_map,leak_rate=1|n_units=200|rho=1|sigma_u=0.5,1,conditional_lyapunov,max_observed_growth,1.036590769416427
2C_esp_map,leak_rate=1|n_units=200|rho=1|sigma_u=0.5,1,autocorrelation_time,tau_1e,0.6184935302671218
2C_esp_map,leak_rate=1|n_units=200|rho=1|sigma_u=0.5,1,autocorrelation_time,tau_censored,0.6184935302671218
2C_esp_map,leak_rate=1|n_units=200|rho=1|sigma_u=0.5,1,autocorrelation_time,tau_integrated,1.0
2C_esp_map,leak_rate=1|n_units=200|rho=1|sigma_u=0.5,1,autocorrelation_time,max_lag,200.0
2C_esp_map,leak_rate=1|n_units=200|rho=1|sigma_u=1,1,esp_convergence,d_initial,0.5562028049108622
2C_esp_map,leak_rate=1|n_units=200|rho=1|sigma_u=1,1,esp_convergence,d_tail,8.586019225134638e-17
2C_esp_map,leak_rate=1|n_units=200|rho=1|sigma_u=1,1,esp_convergence,converged,1.0
2C_esp_map,leak_rate=1|n_units=200|rho=1|sigma_u=1,1,esp_convergence,decay_rate_per_step,-0.3329244382988184
2C_esp_map,leak_rate=1|n_units=200|rho=1|sigma_u=1,1,esp_convergence,n_pairs,10.0
2C_esp_map,leak_rate=1|n_units=200|rho=1|sigma_u=1,1,esp_convergence,n_fit_points,88.0
2C_esp_map,leak_rate=1|n_units=200|rho=1|sigma_u=1,1,conditional_lyapunov,lyapunov_per_step,-0.34191677072204263
2C_esp_map,leak_rate=1|n_units=200|rho=1|sigma_u=1,1,conditional_lyapunov,lyapunov_per_time,-0.34191677072204263
2C_esp_map,leak_rate=1|n_units=200|rho=1|sigma_u=1,1,conditional_lyapunov,n_intervals,2799.0
2C_esp_map,leak_rate=1|n_units=200|rho=1|sigma_u=1,1,conditional_lyapunov,max_observed_growth,0.9772895648297104
2C_esp_map,leak_rate=1|n_units=200|rho=1|sigma_u=1,1,autocorrelation_time,tau_1e,0.6240394357554035
2C_esp_map,leak_rate=1|n_units=200|rho=1|sigma_u=1,1,autocorrelation_time,tau_censored,0.6240394357554035
2C_esp_map,leak_rate=1|n_units=200|rho=1|sigma_u=1,1,autocorrelation_time,tau_integrated,1.0
2C_esp_map,leak_rate=1|n_units=200|rho=1|sigma_u=1,1,autocorrelation_time,max_lag,200.0
2C_esp_map,leak_rate=1|n_units=200|rho=1|sigma_u=2,1,esp_convergence,d_initial,0.5365381797678037
2C_esp_map,leak_rate=1|n_units=200|rho=1|sigma_u=2,1,esp_convergence,d_tail,6.481088814271328e-17
2C_esp_map,leak_rate=1|n_units=200|rho=1|sigma_u=2,1,esp_convergence,converged,1.0
2C_esp_map,leak_rate=1|n_units=200|rho=1|sigma_u=2,1,esp_convergence,decay_rate_per_step,-0.5296364167168476
2C_esp_map,leak_rate=1|n_units=200|rho=1|sigma_u=2,1,esp_convergence,n_pairs,10.0
2C_esp_map,leak_rate=1|n_units=200|rho=1|sigma_u=2,1,esp_convergence,n_fit_points,51.0
2C_esp_map,leak_rate=1|n_units=200|rho=1|sigma_u=2,1,conditional_lyapunov,lyapunov_per_step,-0.5554362367209901
2C_esp_map,leak_rate=1|n_units=200|rho=1|sigma_u=2,1,conditional_lyapunov,lyapunov_per_time,-0.5554362367209901
2C_esp_map,leak_rate=1|n_units=200|rho=1|sigma_u=2,1,conditional_lyapunov,n_intervals,2799.0
2C_esp_map,leak_rate=1|n_units=200|rho=1|sigma_u=2,1,conditional_lyapunov,max_observed_growth,0.9932151486805438
2C_esp_map,leak_rate=1|n_units=200|rho=1|sigma_u=2,1,autocorrelation_time,tau_1e,0.624006855989659
2C_esp_map,leak_rate=1|n_units=200|rho=1|sigma_u=2,1,autocorrelation_time,tau_censored,0.624006855989659
2C_esp_map,leak_rate=1|n_units=200|rho=1|sigma_u=2,1,autocorrelation_time,tau_integrated,0.9999999999999999
2C_esp_map,leak_rate=1|n_units=200|rho=1|sigma_u=2,1,autocorrelation_time,max_lag,200.0
2C_esp_map,leak_rate=1|n_units=200|rho=1.1|sigma_u=0,1,esp_convergence,d_initial,0.5895136367242125
2C_esp_map,leak_rate=1|n_units=200|rho=1.1|sigma_u=0,1,esp_convergence,d_tail,0.5797566675268857
2C_esp_map,leak_rate=1|n_units=200|rho=1.1|sigma_u=0,1,esp_convergence,converged,0.0
2C_esp_map,leak_rate=1|n_units=200|rho=1.1|sigma_u=0,1,esp_convergence,decay_rate_per_step,1.2032418041819827e-05
2C_esp_map,leak_rate=1|n_units=200|rho=1.1|sigma_u=0,1,esp_convergence,n_pairs,10.0
2C_esp_map,leak_rate=1|n_units=200|rho=1.1|sigma_u=0,1,esp_convergence,n_fit_points,2990.0
2C_esp_map,leak_rate=1|n_units=200|rho=1.1|sigma_u=0,1,conditional_lyapunov,lyapunov_per_step,-0.000776736154199511
2C_esp_map,leak_rate=1|n_units=200|rho=1.1|sigma_u=0,1,conditional_lyapunov,lyapunov_per_time,-0.000776736154199511
2C_esp_map,leak_rate=1|n_units=200|rho=1.1|sigma_u=0,1,conditional_lyapunov,n_intervals,2799.0
2C_esp_map,leak_rate=1|n_units=200|rho=1.1|sigma_u=0,1,conditional_lyapunov,max_observed_growth,1.1277683200007733
2C_esp_map,leak_rate=1|n_units=200|rho=1.1|sigma_u=0,1,autocorrelation_time,tau_1e,0.8704415149072179
2C_esp_map,leak_rate=1|n_units=200|rho=1.1|sigma_u=0,1,autocorrelation_time,tau_censored,0.8704415149072179
2C_esp_map,leak_rate=1|n_units=200|rho=1.1|sigma_u=0,1,autocorrelation_time,tau_integrated,1.2737931865578163
2C_esp_map,leak_rate=1|n_units=200|rho=1.1|sigma_u=0,1,autocorrelation_time,max_lag,200.0
2C_esp_map,leak_rate=1|n_units=200|rho=1.1|sigma_u=0.05,1,esp_convergence,d_initial,0.5899899266388898
2C_esp_map,leak_rate=1|n_units=200|rho=1.1|sigma_u=0.05,1,esp_convergence,d_tail,0.5521455752831655
2C_esp_map,leak_rate=1|n_units=200|rho=1.1|sigma_u=0.05,1,esp_convergence,converged,0.0
2C_esp_map,leak_rate=1|n_units=200|rho=1.1|sigma_u=0.05,1,esp_convergence,decay_rate_per_step,9.686812872496359e-05
2C_esp_map,leak_rate=1|n_units=200|rho=1.1|sigma_u=0.05,1,esp_convergence,n_pairs,10.0
2C_esp_map,leak_rate=1|n_units=200|rho=1.1|sigma_u=0.05,1,esp_convergence,n_fit_points,2990.0
2C_esp_map,leak_rate=1|n_units=200|rho=1.1|sigma_u=0.05,1,conditional_lyapunov,lyapunov_per_step,-0.0011840652495831623
2C_esp_map,leak_rate=1|n_units=200|rho=1.1|sigma_u=0.05,1,conditional_lyapunov,lyapunov_per_time,-0.0011840652495831623
2C_esp_map,leak_rate=1|n_units=200|rho=1.1|sigma_u=0.05,1,conditional_lyapunov,n_intervals,2799.0
2C_esp_map,leak_rate=1|n_units=200|rho=1.1|sigma_u=0.05,1,conditional_lyapunov,max_observed_growth,1.120807615059267
2C_esp_map,leak_rate=1|n_units=200|rho=1.1|sigma_u=0.05,1,autocorrelation_time,tau_1e,0.8085902242476632
2C_esp_map,leak_rate=1|n_units=200|rho=1.1|sigma_u=0.05,1,autocorrelation_time,tau_censored,0.8085902242476632
2C_esp_map,leak_rate=1|n_units=200|rho=1.1|sigma_u=0.05,1,autocorrelation_time,tau_integrated,1.2182436296250034
2C_esp_map,leak_rate=1|n_units=200|rho=1.1|sigma_u=0.05,1,autocorrelation_time,max_lag,200.0
2C_esp_map,leak_rate=1|n_units=200|rho=1.1|sigma_u=0.1,1,esp_convergence,d_initial,0.5904343864766745
2C_esp_map,leak_rate=1|n_units=200|rho=1.1|sigma_u=0.1,1,esp_convergence,d_tail,0.37957193371561176
2C_esp_map,leak_rate=1|n_units=200|rho=1.1|sigma_u=0.1,1,esp_convergence,converged,0.0
2C_esp_map,leak_rate=1|n_units=200|rho=1.1|sigma_u=0.1,1,esp_convergence,decay_rate_per_step,-3.988835993671458e-05
2C_esp_map,leak_rate=1|n_units=200|rho=1.1|sigma_u=0.1,1,esp_convergence,n_pairs,10.0
2C_esp_map,leak_rate=1|n_units=200|rho=1.1|sigma_u=0.1,1,esp_convergence,n_fit_points,2990.0
2C_esp_map,leak_rate=1|n_units=200|rho=1.1|sigma_u=0.1,1,conditional_lyapunov,lyapunov_per_step,-0.0010029477191455484
2C_esp_map,leak_rate=1|n_units=200|rho=1.1|sigma_u=0.1,1,conditional_lyapunov,lyapunov_per_time,-0.0010029477191455484
2C_esp_map,leak_rate=1|n_units=200|rho=1.1|sigma_u=0.1,1,conditional_lyapunov,n_intervals,2799.0
2C_esp_map,leak_rate=1|n_units=200|rho=1.1|sigma_u=0.1,1,conditional_lyapunov,max_observed_growth,1.1567132618721867
2C_esp_map,leak_rate=1|n_units=200|rho=1.1|sigma_u=0.1,1,autocorrelation_time,tau_1e,0.722803395992801
2C_esp_map,leak_rate=1|n_units=200|rho=1.1|sigma_u=0.1,1,autocorrelation_time,tau_censored,0.722803395992801
2C_esp_map,leak_rate=1|n_units=200|rho=1.1|sigma_u=0.1,1,autocorrelation_time,tau_integrated,1.1254598936128222
2C_esp_map,leak_rate=1|n_units=200|rho=1.1|sigma_u=0.1,1,autocorrelation_time,max_lag,200.0
2C_esp_map,leak_rate=1|n_units=200|rho=1.1|sigma_u=0.2,1,esp_convergence,d_initial,0.5912270500115169
2C_esp_map,leak_rate=1|n_units=200|rho=1.1|sigma_u=0.2,1,esp_convergence,d_tail,2.4702141280175316e-16
2C_esp_map,leak_rate=1|n_units=200|rho=1.1|sigma_u=0.2,1,esp_convergence,converged,1.0
2C_esp_map,leak_rate=1|n_units=200|rho=1.1|sigma_u=0.2,1,esp_convergence,decay_rate_per_step,-0.019843161730115223
2C_esp_map,leak_rate=1|n_units=200|rho=1.1|sigma_u=0.2,1,esp_convergence,n_pairs,10.0
2C_esp_map,leak_rate=1|n_units=200|rho=1.1|sigma_u=0.2,1,esp_convergence,n_fit_points,1591.0
2C_esp_map,leak_rate=1|n_units=200|rho=1.1|sigma_u=0.2,1,conditional_lyapunov,lyapunov_per_step,-0.016991133075457174
2C_esp_map,leak_rate=1|n_units=200|rho=1.1|sigma_u=0.2,1,conditional_lyapunov,lyapunov_per_time,-0.016991133075457174
2C_esp_map,leak_rate=1|n_units=200|rho=1.1|sigma_u=0.2,1,conditional_lyapunov,n_intervals,2799.0
2C_esp_map,leak_rate=1|n_units=200|rho=1.1|sigma_u=0.2,1,conditional_lyapunov,max_observed_growth,1.148010959759355
2C_esp_map,leak_rate=1|n_units=200|rho=1.1|sigma_u=0.2,1,autocorrelation_time,tau_1e,0.6006741236416183
2C_esp_map,leak_rate=1|n_units=200|rho=1.1|sigma_u=0.2,1,autocorrelation_time,tau_censored,0.6006741236416183
2C_esp_map,leak_rate=1|n_units=200|rho=1.1|sigma_u=0.2,1,autocorrelation_time,tau_integrated,0.9999999999999999
2C_esp_map,leak_rate=1|n_units=200|rho=1.1|sigma_u=0.2,1,autocorrelation_time,max_lag,200.0
2C_esp_map,leak_rate=1|n_units=200|rho=1.1|sigma_u=0.5,1,esp_convergence,d_initial,0.592822717141148
2C_esp_map,leak_rate=1|n_units=200|rho=1.1|sigma_u=0.5,1,esp_convergence,d_tail,1.3477079431585602e-16
2C_esp_map,leak_rate=1|n_units=200|rho=1.1|sigma_u=0.5,1,esp_convergence,converged,1.0
2C_esp_map,leak_rate=1|n_units=200|rho=1.1|sigma_u=0.5,1,esp_convergence,decay_rate_per_step,-0.1235997715277936
2C_esp_map,leak_rate=1|n_units=200|rho=1.1|sigma_u=0.5,1,esp_convergence,n_pairs,10.0
2C_esp_map,leak_rate=1|n_units=200|rho=1.1|sigma_u=0.5,1,esp_convergence,n_fit_points,246.0
2C_esp_map,leak_rate=1|n_units=200|rho=1.1|sigma_u=0.5,1,conditional_lyapunov,lyapunov_per_step,-0.12112786822198005
2C_esp_map,leak_rate=1|n_units=200|rho=1.1|sigma_u=0.5,1,conditional_lyapunov,lyapunov_per_time,-0.12112786822198005
2C_esp_map,leak_rate=1|n_units=200|rho=1.1|sigma_u=0.5,1,conditional_lyapunov,n_intervals,2799.0
2C_esp_map,leak_rate=1|n_units=200|rho=1.1|sigma_u=0.5,1,conditional_lyapunov,max_observed_growth,1.103139367326184
2C_esp_map,leak_rate=1|n_units=200|rho=1.1|sigma_u=0.5,1,autocorrelation_time,tau_1e,0.6136586234085937
2C_esp_map,leak_rate=1|n_units=200|rho=1.1|sigma_u=0.5,1,autocorrelation_time,tau_censored,0.6136586234085937
2C_esp_map,leak_rate=1|n_units=200|rho=1.1|sigma_u=0.5,1,autocorrelation_time,tau_integrated,1.0
2C_esp_map,leak_rate=1|n_units=200|rho=1.1|sigma_u=0.5,1,autocorrelation_time,max_lag,200.0
2C_esp_map,leak_rate=1|n_units=200|rho=1.1|sigma_u=1,1,esp_convergence,d_initial,0.5928125944634884
2C_esp_map,leak_rate=1|n_units=200|rho=1.1|sigma_u=1,1,esp_convergence,d_tail,1.049001447622916e-16
2C_esp_map,leak_rate=1|n_units=200|rho=1.1|sigma_u=1,1,esp_convergence,converged,1.0
2C_esp_map,leak_rate=1|n_units=200|rho=1.1|sigma_u=1,1,esp_convergence,decay_rate_per_step,-0.23929975773764967
2C_esp_map,leak_rate=1|n_units=200|rho=1.1|sigma_u=1,1,esp_convergence,n_pairs,10.0
2C_esp_map,leak_rate=1|n_units=200|rho=1.1|sigma_u=1,1,esp_convergence,n_fit_points,126.0
2C_esp_map,leak_rate=1|n_units=200|rho=1.1|sigma_u=1,1,conditional_lyapunov,lyapunov_per_step,-0.2669764881515094
2C_esp_map,leak_rate=1|n_units=200|rho=1.1|sigma_u=1,1,conditional_lyapunov,lyapunov_per_time,-0.2669764881515094
2C_esp_map,leak_rate=1|n_units=200|rho=1.1|sigma_u=1,1,conditional_lyapunov,n_intervals,2799.0
2C_esp_map,leak_rate=1|n_units=200|rho=1.1|sigma_u=1,1,conditional_lyapunov,max_observed_growth,1.0652495282151069
2C_esp_map,leak_rate=1|n_units=200|rho=1.1|sigma_u=1,1,autocorrelation_time,tau_1e,0.623550551580362
2C_esp_map,leak_rate=1|n_units=200|rho=1.1|sigma_u=1,1,autocorrelation_time,tau_censored,0.623550551580362
2C_esp_map,leak_rate=1|n_units=200|rho=1.1|sigma_u=1,1,autocorrelation_time,tau_integrated,1.0
2C_esp_map,leak_rate=1|n_units=200|rho=1.1|sigma_u=1,1,autocorrelation_time,max_lag,200.0
2C_esp_map,leak_rate=1|n_units=200|rho=1.1|sigma_u=2,1,esp_convergence,d_initial,0.5752417864880053
2C_esp_map,leak_rate=1|n_units=200|rho=1.1|sigma_u=2,1,esp_convergence,d_tail,7.715890780464798e-17
2C_esp_map,leak_rate=1|n_units=200|rho=1.1|sigma_u=2,1,esp_convergence,converged,1.0
2C_esp_map,leak_rate=1|n_units=200|rho=1.1|sigma_u=2,1,esp_convergence,decay_rate_per_step,-0.4407731874502962
2C_esp_map,leak_rate=1|n_units=200|rho=1.1|sigma_u=2,1,esp_convergence,n_pairs,10.0
2C_esp_map,leak_rate=1|n_units=200|rho=1.1|sigma_u=2,1,esp_convergence,n_fit_points,67.0
2C_esp_map,leak_rate=1|n_units=200|rho=1.1|sigma_u=2,1,conditional_lyapunov,lyapunov_per_step,-0.4725612482612912
2C_esp_map,leak_rate=1|n_units=200|rho=1.1|sigma_u=2,1,conditional_lyapunov,lyapunov_per_time,-0.4725612482612912
2C_esp_map,leak_rate=1|n_units=200|rho=1.1|sigma_u=2,1,conditional_lyapunov,n_intervals,2799.0
2C_esp_map,leak_rate=1|n_units=200|rho=1.1|sigma_u=2,1,conditional_lyapunov,max_observed_growth,1.023472323468883
2C_esp_map,leak_rate=1|n_units=200|rho=1.1|sigma_u=2,1,autocorrelation_time,tau_1e,0.6239029068888394
2C_esp_map,leak_rate=1|n_units=200|rho=1.1|sigma_u=2,1,autocorrelation_time,tau_censored,0.6239029068888394
2C_esp_map,leak_rate=1|n_units=200|rho=1.1|sigma_u=2,1,autocorrelation_time,tau_integrated,1.0
2C_esp_map,leak_rate=1|n_units=200|rho=1.1|sigma_u=2,1,autocorrelation_time,max_lag,200.0
2C_esp_map,leak_rate=1|n_units=200|rho=1.2|sigma_u=0,1,esp_convergence,d_initial,0.6222983545159751
2C_esp_map,leak_rate=1|n_units=200|rho=1.2|sigma_u=0,1,esp_convergence,d_tail,0.79491420921504
2C_esp_map,leak_rate=1|n_units=200|rho=1.2|sigma_u=0,1,esp_convergence,converged,0.0
2C_esp_map,leak_rate=1|n_units=200|rho=1.2|sigma_u=0,1,esp_convergence,decay_rate_per_step,9.261064805364647e-06
2C_esp_map,leak_rate=1|n_units=200|rho=1.2|sigma_u=0,1,esp_convergence,n_pairs,10.0
2C_esp_map,leak_rate=1|n_units=200|rho=1.2|sigma_u=0,1,esp_convergence,n_fit_points,2990.0
2C_esp_map,leak_rate=1|n_units=200|rho=1.2|sigma_u=0,1,conditional_lyapunov,lyapunov_per_step,-0.0016072433097199456
2C_esp_map,leak_rate=1|n_units=200|rho=1.2|sigma_u=0,1,conditional_lyapunov,lyapunov_per_time,-0.0016072433097199456
2C_esp_map,leak_rate=1|n_units=200|rho=1.2|sigma_u=0,1,conditional_lyapunov,n_intervals,2799.0
2C_esp_map,leak_rate=1|n_units=200|rho=1.2|sigma_u=0,1,conditional_lyapunov,max_observed_growth,1.1695986142046024
2C_esp_map,leak_rate=1|n_units=200|rho=1.2|sigma_u=0,1,autocorrelation_time,tau_1e,0.8387934922174789
2C_esp_map,leak_rate=1|n_units=200|rho=1.2|sigma_u=0,1,autocorrelation_time,tau_censored,0.8387934922174789
2C_esp_map,leak_rate=1|n_units=200|rho=1.2|sigma_u=0,1,autocorrelation_time,tau_integrated,1.2463931054621677
2C_esp_map,leak_rate=1|n_units=200|rho=1.2|sigma_u=0,1,autocorrelation_time,max_lag,200.0
2C_esp_map,leak_rate=1|n_units=200|rho=1.2|sigma_u=0.05,1,esp_convergence,d_initial,0.6227894002188399
2C_esp_map,leak_rate=1|n_units=200|rho=1.2|sigma_u=0.05,1,esp_convergence,d_tail,0.7637966507196985
2C_esp_map,leak_rate=1|n_units=200|rho=1.2|sigma_u=0.05,1,esp_convergence,converged,0.0
2C_esp_map,leak_rate=1|n_units=200|rho=1.2|sigma_u=0.05,1,esp_convergence,decay_rate_per_step,8.87419309350732e-06
2C_esp_map,leak_rate=1|n_units=200|rho=1.2|sigma_u=0.05,1,esp_convergence,n_pairs,10.0
2C_esp_map,leak_rate=1|n_units=200|rho=1.2|sigma_u=0.05,1,esp_convergence,n_fit_points,2990.0
2C_esp_map,leak_rate=1|n_units=200|rho=1.2|sigma_u=0.05,1,conditional_lyapunov,lyapunov_per_step,-0.0006602946190816063
2C_esp_map,leak_rate=1|n_units=200|rho=1.2|sigma_u=0.05,1,conditional_lyapunov,lyapunov_per_time,-0.0006602946190816063
2C_esp_map,leak_rate=1|n_units=200|rho=1.2|sigma_u=0.05,1,conditional_lyapunov,n_intervals,2799.0
2C_esp_map,leak_rate=1|n_units=200|rho=1.2|sigma_u=0.05,1,conditional_lyapunov,max_observed_growth,1.1922182276603215
2C_esp_map,leak_rate=1|n_units=200|rho=1.2|sigma_u=0.05,1,autocorrelation_time,tau_1e,0.7966281595767671
2C_esp_map,leak_rate=1|n_units=200|rho=1.2|sigma_u=0.05,1,autocorrelation_time,tau_censored,0.7966281595767671
2C_esp_map,leak_rate=1|n_units=200|rho=1.2|sigma_u=0.05,1,autocorrelation_time,tau_integrated,1.2065048778034777
2C_esp_map,leak_rate=1|n_units=200|rho=1.2|sigma_u=0.05,1,autocorrelation_time,max_lag,200.0
2C_esp_map,leak_rate=1|n_units=200|rho=1.2|sigma_u=0.1,1,esp_convergence,d_initial,0.6232507570703387
2C_esp_map,leak_rate=1|n_units=200|rho=1.2|sigma_u=0.1,1,esp_convergence,d_tail,0.5580443636653774
2C_esp_map,leak_rate=1|n_units=200|rho=1.2|sigma_u=0.1,1,esp_convergence,converged,0.0
2C_esp_map,leak_rate=1|n_units=200|rho=1.2|sigma_u=0.1,1,esp_convergence,decay_rate_per_step,0.0002065192068354652
2C_esp_map,leak_rate=1|n_units=200|rho=1.2|sigma_u=0.1,1,esp_convergence,n_pairs,10.0
2C_esp_map,leak_rate=1|n_units=200|rho=1.2|sigma_u=0.1,1,esp_convergence,n_fit_points,2990.0
2C_esp_map,leak_rate=1|n_units=200|rho=1.2|sigma_u=0.1,1,conditional_lyapunov,lyapunov_per_step,-5.469980217575116e-05
2C_esp_map,leak_rate=1|n_units=200|rho=1.2|sigma_u=0.1,1,conditional_lyapunov,lyapunov_per_time,-5.469980217575116e-05
2C_esp_map,leak_rate=1|n_units=200|rho=1.2|sigma_u=0.1,1,conditional_lyapunov,n_intervals,2799.0
2C_esp_map,leak_rate=1|n_units=200|rho=1.2|sigma_u=0.1,1,conditional_lyapunov,max_observed_growth,1.224954529652691
2C_esp_map,leak_rate=1|n_units=200|rho=1.2|sigma_u=0.1,1,autocorrelation_time,tau_1e,0.7401626438534218
2C_esp_map,leak_rate=1|n_units=200|rho=1.2|sigma_u=0.1,1,autocorrelation_time,tau_censored,0.7401626438534218
2C_esp_map,leak_rate=1|n_units=200|rho=1.2|sigma_u=0.1,1,autocorrelation_time,tau_integrated,1.1459707348406256
2C_esp_map,leak_rate=1|n_units=200|rho=1.2|sigma_u=0.1,1,autocorrelation_time,max_lag,200.0
2C_esp_map,leak_rate=1|n_units=200|rho=1.2|sigma_u=0.2,1,esp_convergence,d_initial,0.624083707327682
2C_esp_map,leak_rate=1|n_units=200|rho=1.2|sigma_u=0.2,1,esp_convergence,d_tail,4.405109250777867e-10
2C_esp_map,leak_rate=1|n_units=200|rho=1.2|sigma_u=0.2,1,esp_convergence,converged,1.0
2C_esp_map,leak_rate=1|n_units=200|rho=1.2|sigma_u=0.2,1,esp_convergence,decay_rate_per_step,-0.00764452620479417
2C_esp_map,leak_rate=1|n_units=200|rho=1.2|sigma_u=0.2,1,esp_convergence,n_pairs,10.0
2C_esp_map,leak_rate=1|n_units=200|rho=1.2|sigma_u=0.2,1,esp_convergence,n_fit_points,2990.0
2C_esp_map,leak_rate=1|n_units=200|rho=1.2|sigma_u=0.2,1,conditional_lyapunov,lyapunov_per_step,-0.009571813350577319
2C_esp_map,leak_rate=1|n_units=200|rho=1.2|sigma_u=0.2,1,conditional_lyapunov,lyapunov_per_time,-0.009571813350577319
2C_esp_map,leak_rate=1|n_units=200|rho=1.2|sigma_u=0.2,1,conditional_lyapunov,n_intervals,2799.0
2C_esp_map,leak_rate=1|n_units=200|rho=1.2|sigma_u=0.2,1,conditional_lyapunov,max_observed_growth,1.1905770908911923
2C_esp_map,leak_rate=1|n_units=200|rho=1.2|sigma_u=0.2,1,autocorrelation_time,tau_1e,0.6370308386105008
2C_esp_map,leak_rate=1|n_units=200|rho=1.2|sigma_u=0.2,1,autocorrelation_time,tau_censored,0.6370308386105008
2C_esp_map,leak_rate=1|n_units=200|rho=1.2|sigma_u=0.2,1,autocorrelation_time,tau_integrated,1.0077080723323435
2C_esp_map,leak_rate=1|n_units=200|rho=1.2|sigma_u=0.2,1,autocorrelation_time,max_lag,200.0
2C_esp_map,leak_rate=1|n_units=200|rho=1.2|sigma_u=0.5,1,esp_convergence,d_initial,0.6258529687740432
2C_esp_map,leak_rate=1|n_units=200|rho=1.2|sigma_u=0.5,1,esp_convergence,d_tail,1.8911601499092202e-16
2C_esp_map,leak_rate=1|n_units=200|rho=1.2|sigma_u=0.5,1,esp_convergence,converged,1.0
2C_esp_map,leak_rate=1|n_units=200|rho=1.2|sigma_u=0.5,1,esp_convergence,decay_rate_per_step,-0.07221457188153532
2C_esp_map,leak_rate=1|n_units=200|rho=1.2|sigma_u=0.5,1,esp_convergence,n_pairs,10.0
2C_esp_map,leak_rate=1|n_units=200|rho=1.2|sigma_u=0.5,1,esp_convergence,n_fit_points,428.0
2C_esp_map,leak_rate=1|n_units=200|rho=1.2|sigma_u=0.5,1,conditional_lyapunov,lyapunov_per_step,-0.0755419601970554
2C_esp_map,leak_rate=1|n_units=200|rho=1.2|sigma_u=0.5,1,conditional_lyapunov,lyapunov_per_time,-0.0755419601970554
2C_esp_map,leak_rate=1|n_units=200|rho=1.2|sigma_u=0.5,1,conditional_lyapunov,n_intervals,2799.0
2C_esp_map,leak_rate=1|n_units=200|rho=1.2|sigma_u=0.5,1,conditional_lyapunov,max_observed_growth,1.170765840513533
2C_esp_map,leak_rate=1|n_units=200|rho=1.2|sigma_u=0.5,1,autocorrelation_time,tau_1e,0.6079701158924552
2C_esp_map,leak_rate=1|n_units=200|rho=1.2|sigma_u=0.5,1,autocorrelation_time,tau_censored,0.6079701158924552
2C_esp_map,leak_rate=1|n_units=200|rho=1.2|sigma_u=0.5,1,autocorrelation_time,tau_integrated,0.9999999999999999
2C_esp_map,leak_rate=1|n_units=200|rho=1.2|sigma_u=0.5,1,autocorrelation_time,max_lag,200.0
2C_esp_map,leak_rate=1|n_units=200|rho=1.2|sigma_u=1,1,esp_convergence,d_initial,0.6263073899171693
2C_esp_map,leak_rate=1|n_units=200|rho=1.2|sigma_u=1,1,esp_convergence,d_tail,1.3092874441716173e-16
2C_esp_map,leak_rate=1|n_units=200|rho=1.2|sigma_u=1,1,esp_convergence,converged,1.0
2C_esp_map,leak_rate=1|n_units=200|rho=1.2|sigma_u=1,1,esp_convergence,decay_rate_per_step,-0.18186884825334873
2C_esp_map,leak_rate=1|n_units=200|rho=1.2|sigma_u=1,1,esp_convergence,n_pairs,10.0
2C_esp_map,leak_rate=1|n_units=200|rho=1.2|sigma_u=1,1,esp_convergence,n_fit_points,163.0
2C_esp_map,leak_rate=1|n_units=200|rho=1.2|sigma_u=1,1,conditional_lyapunov,lyapunov_per_step,-0.20318058229963296
2C_esp_map,leak_rate=1|n_units=200|rho=1.2|sigma_u=1,1,conditional_lyapunov,lyapunov_per_time,-0.20318058229963296
2C_esp_map,leak_rate=1|n_units=200|rho=1.2|sigma_u=1,1,conditional_lyapunov,n_intervals,2799.0
2C_esp_map,leak_rate=1|n_units=200|rho=1.2|sigma_u=1,1,conditional_lyapunov,max_observed_growth,1.0961426802810887
2C_esp_map,leak_rate=1|n_units=200|rho=1.2|sigma_u=1,1,autocorrelation_time,tau_1e,0.6225056268681183
2C_esp_map,leak_rate=1|n_units=200|rho=1.2|sigma_u=1,1,autocorrelation_time,tau_censored,0.6225056268681183
2C_esp_map,leak_rate=1|n_units=200|rho=1.2|sigma_u=1,1,autocorrelation_time,tau_integrated,1.0
2C_esp_map,leak_rate=1|n_units=200|rho=1.2|sigma_u=1,1,autocorrelation_time,max_lag,200.0
2C_esp_map,leak_rate=1|n_units=200|rho=1.2|sigma_u=2,1,esp_convergence,d_initial,0.6112112230801305
2C_esp_map,leak_rate=1|n_units=200|rho=1.2|sigma_u=2,1,esp_convergence,d_tail,9.027231587358596e-17
2C_esp_map,leak_rate=1|n_units=200|rho=1.2|sigma_u=2,1,esp_convergence,converged,1.0
2C_esp_map,leak_rate=1|n_units=200|rho=1.2|sigma_u=2,1,esp_convergence,decay_rate_per_step,-0.382950037386024
2C_esp_map,leak_rate=1|n_units=200|rho=1.2|sigma_u=2,1,esp_convergence,n_pairs,10.0
2C_esp_map,leak_rate=1|n_units=200|rho=1.2|sigma_u=2,1,esp_convergence,n_fit_points,76.0
2C_esp_map,leak_rate=1|n_units=200|rho=1.2|sigma_u=2,1,conditional_lyapunov,lyapunov_per_step,-0.39546227862838573
2C_esp_map,leak_rate=1|n_units=200|rho=1.2|sigma_u=2,1,conditional_lyapunov,lyapunov_per_time,-0.39546227862838573
2C_esp_map,leak_rate=1|n_units=200|rho=1.2|sigma_u=2,1,conditional_lyapunov,n_intervals,2799.0
2C_esp_map,leak_rate=1|n_units=200|rho=1.2|sigma_u=2,1,conditional_lyapunov,max_observed_growth,1.0515099708935611
2C_esp_map,leak_rate=1|n_units=200|rho=1.2|sigma_u=2,1,autocorrelation_time,tau_1e,0.6237336422925339
2C_esp_map,leak_rate=1|n_units=200|rho=1.2|sigma_u=2,1,autocorrelation_time,tau_censored,0.6237336422925339
2C_esp_map,leak_rate=1|n_units=200|rho=1.2|sigma_u=2,1,autocorrelation_time,tau_integrated,1.0
2C_esp_map,leak_rate=1|n_units=200|rho=1.2|sigma_u=2,1,autocorrelation_time,max_lag,200.0
2C_esp_map,leak_rate=1|n_units=200|rho=1.3|sigma_u=0,1,esp_convergence,d_initial,0.6523637034135836
2C_esp_map,leak_rate=1|n_units=200|rho=1.3|sigma_u=0,1,esp_convergence,d_tail,0.9048197979172701
2C_esp_map,leak_rate=1|n_units=200|rho=1.3|sigma_u=0,1,esp_convergence,converged,0.0
2C_esp_map,leak_rate=1|n_units=200|rho=1.3|sigma_u=0,1,esp_convergence,decay_rate_per_step,6.618316541260768e-05
2C_esp_map,leak_rate=1|n_units=200|rho=1.3|sigma_u=0,1,esp_convergence,n_pairs,10.0
2C_esp_map,leak_rate=1|n_units=200|rho=1.3|sigma_u=0,1,esp_convergence,n_fit_points,2990.0
2C_esp_map,leak_rate=1|n_units=200|rho=1.3|sigma_u=0,1,conditional_lyapunov,lyapunov_per_step,0.0005237329276765466
2C_esp_map,leak_rate=1|n_units=200|rho=1.3|sigma_u=0,1,conditional_lyapunov,lyapunov_per_time,0.0005237329276765466
2C_esp_map,leak_rate=1|n_units=200|rho=1.3|sigma_u=0,1,conditional_lyapunov,n_intervals,2799.0
2C_esp_map,leak_rate=1|n_units=200|rho=1.3|sigma_u=0,1,conditional_lyapunov,max_observed_growth,1.2588617806946207
2C_esp_map,leak_rate=1|n_units=200|rho=1.3|sigma_u=0,1,autocorrelation_time,tau_1e,0.7997488092270196
2C_esp_map,leak_rate=1|n_units=200|rho=1.3|sigma_u=0,1,autocorrelation_time,tau_censored,0.7997488092270196
2C_esp_map,leak_rate=1|n_units=200|rho=1.3|sigma_u=0,1,autocorrelation_time,tau_integrated,1.2096011253339398
2C_esp_map,leak_rate=1|n_units=200|rho=1.3|sigma_u=0,1,autocorrelation_time,max_lag,200.0
2C_esp_map,leak_rate=1|n_units=200|rho=1.3|sigma_u=0.05,1,esp_convergence,d_initial,0.6528636170618425
2C_esp_map,leak_rate=1|n_units=200|rho=1.3|sigma_u=0.05,1,esp_convergence,d_tail,0.8971247506410278
2C_esp_map,leak_rate=1|n_units=200|rho=1.3|sigma_u=0.05,1,esp_convergence,converged,0.0
2C_esp_map,leak_rate=1|n_units=200|rho=1.3|sigma_u=0.05,1,esp_convergence,decay_rate_per_step,0.00032899561648412016
2C_esp_map,leak_rate=1|n_units=200|rho=1.3|sigma_u=0.05,1,esp_convergence,n_pairs,10.0
2C_esp_map,leak_rate=1|n_units=200|rho=1.3|sigma_u=0.05,1,esp_convergence,n_fit_points,2990.0
2C_esp_map,leak_rate=1|n_units=200|rho=1.3|sigma_u=0.05,1,conditional_lyapunov,lyapunov_per_step,0.0016715472209562483
2C_esp_map,leak_rate=1|n_units=200|rho=1.3|sigma_u=0.05,1,conditional_lyapunov,lyapunov_per_time,0.0016715472209562483
2C_esp_map,leak_rate=1|n_units=200|rho=1.3|sigma_u=0.05,1,conditional_lyapunov,n_intervals,2799.0
2C_esp_map,leak_rate=1|n_units=200|rho=1.3|sigma_u=0.05,1,conditional_lyapunov,max_observed_growth,1.232692970574231
2C_esp_map,leak_rate=1|n_units=200|rho=1.3|sigma_u=0.05,1,autocorrelation_time,tau_1e,0.7249269967380201
2C_esp_map,leak_rate=1|n_units=200|rho=1.3|sigma_u=0.05,1,autocorrelation_time,tau_censored,0.7249269967380201
2C_esp_map,leak_rate=1|n_units=200|rho=1.3|sigma_u=0.05,1,autocorrelation_time,tau_integrated,1.1280217709190952
2C_esp_map,leak_rate=1|n_units=200|rho=1.3|sigma_u=0.05,1,autocorrelation_time,max_lag,200.0
2C_esp_map,leak_rate=1|n_units=200|rho=1.3|sigma_u=0.1,1,esp_convergence,d_initial,0.6533359913038433
2C_esp_map,leak_rate=1|n_units=200|rho=1.3|sigma_u=0.1,1,esp_convergence,d_tail,0.7719232305133151
2C_esp_map,leak_rate=1|n_units=200|rho=1.3|sigma_u=0.1,1,esp_convergence,converged,0.0
2C_esp_map,leak_rate=1|n_units=200|rho=1.3|sigma_u=0.1,1,esp_convergence,decay_rate_per_step,2.937899238664325e-05
2C_esp_map,leak_rate=1|n_units=200|rho=1.3|sigma_u=0.1,1,esp_convergence,n_pairs,10.0
2C_esp_map,leak_rate=1|n_units=200|rho=1.3|sigma_u=0.1,1,esp_convergence,n_fit_points,2990.0
2C_esp_map,leak_rate=1|n_units=200|rho=1.3|sigma_u=0.1,1,conditional_lyapunov,lyapunov_per_step,0.00500075151406525
2C_esp_map,leak_rate=1|n_units=200|rho=1.3|sigma_u=0.1,1,conditional_lyapunov,lyapunov_per_time,0.00500075151406525
2C_esp_map,leak_rate=1|n_units=200|rho=1.3|sigma_u=0.1,1,conditional_lyapunov,n_intervals,2799.0
2C_esp_map,leak_rate=1|n_units=200|rho=1.3|sigma_u=0.1,1,conditional_lyapunov,max_observed_growth,1.2308064447390363
2C_esp_map,leak_rate=1|n_units=200|rho=1.3|sigma_u=0.1,1,autocorrelation_time,tau_1e,0.7005478390898
2C_esp_map,leak_rate=1|n_units=200|rho=1.3|sigma_u=0.1,1,autocorrelation_time,tau_censored,0.7005478390898
2C_esp_map,leak_rate=1|n_units=200|rho=1.3|sigma_u=0.1,1,autocorrelation_time,tau_integrated,1.097676812978465
2C_esp_map,leak_rate=1|n_units=200|rho=1.3|sigma_u=0.1,1,autocorrelation_time,max_lag,200.0
2C_esp_map,leak_rate=1|n_units=200|rho=1.3|sigma_u=0.2,1,esp_convergence,d_initial,0.6541974902496482
2C_esp_map,leak_rate=1|n_units=200|rho=1.3|sigma_u=0.2,1,esp_convergence,d_tail,0.6228916315855026
2C_esp_map,leak_rate=1|n_units=200|rho=1.3|sigma_u=0.2,1,esp_convergence,converged,0.0
2C_esp_map,leak_rate=1|n_units=200|rho=1.3|sigma_u=0.2,1,esp_convergence,decay_rate_per_step,0.0008475785333510394
2C_esp_map,leak_rate=1|n_units=200|rho=1.3|sigma_u=0.2,1,esp_convergence,n_pairs,10.0
2C_esp_map,leak_rate=1|n_units=200|rho=1.3|sigma_u=0.2,1,esp_convergence,n_fit_points,2990.0
2C_esp_map,leak_rate=1|n_units=200|rho=1.3|sigma_u=0.2,1,conditional_lyapunov,lyapunov_per_step,0.005536108109415515
2C_esp_map,leak_rate=1|n_units=200|rho=1.3|sigma_u=0.2,1,conditional_lyapunov,lyapunov_per_time,0.005536108109415515
2C_esp_map,leak_rate=1|n_units=200|rho=1.3|sigma_u=0.2,1,conditional_lyapunov,n_intervals,2799.0
2C_esp_map,leak_rate=1|n_units=200|rho=1.3|sigma_u=0.2,1,conditional_lyapunov,max_observed_growth,1.2567007643665287
2C_esp_map,leak_rate=1|n_units=200|rho=1.3|sigma_u=0.2,1,autocorrelation_time,tau_1e,0.6455280941652577
2C_esp_map,leak_rate=1|n_units=200|rho=1.3|sigma_u=0.2,1,autocorrelation_time,tau_censored,0.6455280941652577
2C_esp_map,leak_rate=1|n_units=200|rho=1.3|sigma_u=0.2,1,autocorrelation_time,tau_integrated,1.0207698711456354
2C_esp_map,leak_rate=1|n_units=200|rho=1.3|sigma_u=0.2,1,autocorrelation_time,max_lag,200.0
2C_esp_map,leak_rate=1|n_units=200|rho=1.3|sigma_u=0.5,1,esp_convergence,d_initial,0.6561053243344505
2C_esp_map,leak_rate=1|n_units=200|rho=1.3|sigma_u=0.5,1,esp_convergence,d_tail,3.3004207347592227e-16
2C_esp_map,leak_rate=1|n_units=200|rho=1.3|sigma_u=0.5,1,esp_convergence,converged,1.0
2C_esp_map,leak_rate=1|n_units=200|rho=1.3|sigma_u=0.5,1,esp_convergence,decay_rate_per_step,-0.0389703249021378
2C_esp_map,leak_rate=1|n_units=200|rho=1.3|sigma_u=0.5,1,esp_convergence,n_pairs,10.0
2C_esp_map,leak_rate=1|n_units=200|rho=1.3|sigma_u=0.5,1,esp_convergence,n_fit_points,841.0
2C_esp_map,leak_rate=1|n_units=200|rho=1.3|sigma_u=0.5,1,conditional_lyapunov,lyapunov_per_step,-0.04233220229132983
2C_esp_map,leak_rate=1|n_units=200|rho=1.3|sigma_u=0.5,1,conditional_lyapunov,lyapunov_per_time,-0.04233220229132983
2C_esp_map,leak_rate=1|n_units=200|rho=1.3|sigma_u=0.5,1,conditional_lyapunov,n_intervals,2799.0
2C_esp_map,leak_rate=1|n_units=200|rho=1.3|sigma_u=0.5,1,conditional_lyapunov,max_observed_growth,1.197853391987107
2C_esp_map,leak_rate=1|n_units=200|rho=1.3|sigma_u=0.5,1,autocorrelation_time,tau_1e,0.6049231132218037
2C_esp_map,leak_rate=1|n_units=200|rho=1.3|sigma_u=0.5,1,autocorrelation_time,tau_censored,0.6049231132218037
2C_esp_map,leak_rate=1|n_units=200|rho=1.3|sigma_u=0.5,1,autocorrelation_time,tau_integrated,1.0
2C_esp_map,leak_rate=1|n_units=200|rho=1.3|sigma_u=0.5,1,autocorrelation_time,max_lag,200.0
2C_esp_map,leak_rate=1|n_units=200|rho=1.3|sigma_u=1,1,esp_convergence,d_initial,0.656967824552692
2C_esp_map,leak_rate=1|n_units=200|rho=1.3|sigma_u=1,1,esp_convergence,d_tail,1.6169110246279532e-16
2C_esp_map,leak_rate=1|n_units=200|rho=1.3|sigma_u=1,1,esp_convergence,converged,1.0
2C_esp_map,leak_rate=1|n_units=200|rho=1.3|sigma_u=1,1,esp_convergence,decay_rate_per_step,-0.13729554470134267
2C_esp_map,leak_rate=1|n_units=200|rho=1.3|sigma_u=1,1,esp_convergence,n_pairs,10.0
2C_esp_map,leak_rate=1|n_units=200|rho=1.3|sigma_u=1,1,esp_convergence,n_fit_points,217.0
2C_esp_map,leak_rate=1|n_units=200|rho=1.3|sigma_u=1,1,conditional_lyapunov,lyapunov_per_step,-0.15015019625791914
2C_esp_map,leak_rate=1|n_units=200|rho=1.3|sigma_u=1,1,conditional_lyapunov,lyapunov_per_time,-0.15015019625791914
2C_esp_map,leak_rate=1|n_units=200|rho=1.3|sigma_u=1,1,conditional_lyapunov,n_intervals,2799.0
2C_esp_map,leak_rate=1|n_units=200|rho=1.3|sigma_u=1,1,conditional_lyapunov,max_observed_growth,1.169424348558657
2C_esp_map,leak_rate=1|n_units=200|rho=1.3|sigma_u=1,1,autocorrelation_time,tau_1e,0.6209214723061731
2C_esp_map,leak_rate=1|n_units=200|rho=1.3|sigma_u=1,1,autocorrelation_time,tau_censored,0.6209214723061731
2C_esp_map,leak_rate=1|n_units=200|rho=1.3|sigma_u=1,1,autocorrelation_time,tau_integrated,1.0
2C_esp_map,leak_rate=1|n_units=200|rho=1.3|sigma_u=1,1,autocorrelation_time,max_lag,200.0
2C_esp_map,leak_rate=1|n_units=200|rho=1.3|sigma_u=2,1,esp_convergence,d_initial,0.6446078391853703
2C_esp_map,leak_rate=1|n_units=200|rho=1.3|sigma_u=2,1,esp_convergence,d_tail,1.019946067633887e-16
2C_esp_map,leak_rate=1|n_units=200|rho=1.3|sigma_u=2,1,esp_convergence,converged,1.0
2C_esp_map,leak_rate=1|n_units=200|rho=1.3|sigma_u=2,1,esp_convergence,decay_rate_per_step,-0.294990750997361
2C_esp_map,leak_rate=1|n_units=200|rho=1.3|sigma_u=2,1,esp_convergence,n_pairs,10.0
2C_esp_map,leak_rate=1|n_units=200|rho=1.3|sigma_u=2,1,esp_convergence,n_fit_points,101.0
2C_esp_map,leak_rate=1|n_units=200|rho=1.3|sigma_u=2,1,conditional_lyapunov,lyapunov_per_step,-0.33041464448908936
2C_esp_map,leak_rate=1|n_units=200|rho=1.3|sigma_u=2,1,conditional_lyapunov,lyapunov_per_time,-0.33041464448908936
2C_esp_map,leak_rate=1|n_units=200|rho=1.3|sigma_u=2,1,conditional_lyapunov,n_intervals,2799.0
2C_esp_map,leak_rate=1|n_units=200|rho=1.3|sigma_u=2,1,conditional_lyapunov,max_observed_growth,1.0905666480805587
2C_esp_map,leak_rate=1|n_units=200|rho=1.3|sigma_u=2,1,autocorrelation_time,tau_1e,0.623509950785112
2C_esp_map,leak_rate=1|n_units=200|rho=1.3|sigma_u=2,1,autocorrelation_time,tau_censored,0.623509950785112
2C_esp_map,leak_rate=1|n_units=200|rho=1.3|sigma_u=2,1,autocorrelation_time,tau_integrated,1.0
2C_esp_map,leak_rate=1|n_units=200|rho=1.3|sigma_u=2,1,autocorrelation_time,max_lag,200.0
2C_esp_map,leak_rate=1|n_units=200|rho=1.4|sigma_u=0,1,esp_convergence,d_initial,0.6799699031867178
2C_esp_map,leak_rate=1|n_units=200|rho=1.4|sigma_u=0,1,esp_convergence,d_tail,0.9825226413554471
2C_esp_map,leak_rate=1|n_units=200|rho=1.4|sigma_u=0,1,esp_convergence,converged,0.0
2C_esp_map,leak_rate=1|n_units=200|rho=1.4|sigma_u=0,1,esp_convergence,decay_rate_per_step,-6.882652636882651e-06
2C_esp_map,leak_rate=1|n_units=200|rho=1.4|sigma_u=0,1,esp_convergence,n_pairs,10.0
2C_esp_map,leak_rate=1|n_units=200|rho=1.4|sigma_u=0,1,esp_convergence,n_fit_points,2990.0
2C_esp_map,leak_rate=1|n_units=200|rho=1.4|sigma_u=0,1,conditional_lyapunov,lyapunov_per_step,0.019174216673325514
2C_esp_map,leak_rate=1|n_units=200|rho=1.4|sigma_u=0,1,conditional_lyapunov,lyapunov_per_time,0.019174216673325514
2C_esp_map,leak_rate=1|n_units=200|rho=1.4|sigma_u=0,1,conditional_lyapunov,n_intervals,2799.0
2C_esp_map,leak_rate=1|n_units=200|rho=1.4|sigma_u=0,1,conditional_lyapunov,max_observed_growth,1.28100400307159
2C_esp_map,leak_rate=1|n_units=200|rho=1.4|sigma_u=0,1,autocorrelation_time,tau_1e,0.7160880391260862
2C_esp_map,leak_rate=1|n_units=200|rho=1.4|sigma_u=0,1,autocorrelation_time,tau_censored,0.7160880391260862
2C_esp_map,leak_rate=1|n_units=200|rho=1.4|sigma_u=0,1,autocorrelation_time,tau_integrated,1.1172585990962822
2C_esp_map,leak_rate=1|n_units=200|rho=1.4|sigma_u=0,1,autocorrelation_time,max_lag,200.0
2C_esp_map,leak_rate=1|n_units=200|rho=1.4|sigma_u=0.05,1,esp_convergence,d_initial,0.6804740140599552
2C_esp_map,leak_rate=1|n_units=200|rho=1.4|sigma_u=0.05,1,esp_convergence,d_tail,0.8797163179733115
2C_esp_map,leak_rate=1|n_units=200|rho=1.4|sigma_u=0.05,1,esp_convergence,converged,0.0
2C_esp_map,leak_rate=1|n_units=200|rho=1.4|sigma_u=0.05,1,esp_convergence,decay_rate_per_step,0.00012038133364455327
2C_esp_map,leak_rate=1|n_units=200|rho=1.4|sigma_u=0.05,1,esp_convergence,n_pairs,10.0
2C_esp_map,leak_rate=1|n_units=200|rho=1.4|sigma_u=0.05,1,esp_convergence,n_fit_points,2990.0
2C_esp_map,leak_rate=1|n_units=200|rho=1.4|sigma_u=0.05,1,conditional_lyapunov,lyapunov_per_step,0.020581528169740106
2C_esp_map,leak_rate=1|n_units=200|rho=1.4|sigma_u=0.05,1,conditional_lyapunov,lyapunov_per_time,0.020581528169740106
2C_esp_map,leak_rate=1|n_units=200|rho=1.4|sigma_u=0.05,1,conditional_lyapunov,n_intervals,2799.0
2C_esp_map,leak_rate=1|n_units=200|rho=1.4|sigma_u=0.05,1,conditional_lyapunov,max_observed_growth,1.2640178749957456
2C_esp_map,leak_rate=1|n_units=200|rho=1.4|sigma_u=0.05,1,autocorrelation_time,tau_1e,0.6976646206775698
2C_esp_map,leak_rate=1|n_units=200|rho=1.4|sigma_u=0.05,1,autocorrelation_time,tau_censored,0.6976646206775698
2C_esp_map,leak_rate=1|n_units=200|rho=1.4|sigma_u=0.05,1,autocorrelation_time,tau_integrated,1.093947808024658
2C_esp_map,leak_rate=1|n_units=200|rho=1.4|sigma_u=0.05,1,autocorrelation_time,max_lag,200.0
2C_esp_map,leak_rate=1|n_units=200|rho=1.4|sigma_u=0.1,1,esp_convergence,d_initial,0.6809526822447611
2C_esp_map,leak_rate=1|n_units=200|rho=1.4|sigma_u=0.1,1,esp_convergence,d_tail,0.8164723114765696
2C_esp_map,leak_rate=1|n_units=200|rho=1.4|sigma_u=0.1,1,esp_convergence,converged,0.0
2C_esp_map,leak_rate=1|n_units=200|rho=1.4|sigma_u=0.1,1,esp_convergence,decay_rate_per_step,3.0055976849121838e-05
2C_esp_map,leak_rate=1|n_units=200|rho=1.4|sigma_u=0.1,1,esp_convergence,n_pairs,10.0
2C_esp_map,leak_rate=1|n_units=200|rho=1.4|sigma_u=0.1,1,esp_convergence,n_fit_points,2990.0
2C_esp_map,leak_rate=1|n_units=200|rho=1.4|sigma_u=0.1,1,conditional_lyapunov,lyapunov_per_step,0.026324216381577108
2C_esp_map,leak_rate=1|n_units=200|rho=1.4|sigma_u=0.1,1,conditional_lyapunov,lyapunov_per_time,0.026324216381577108
2C_esp_map,leak_rate=1|n_units=200|rho=1.4|sigma_u=0.1,1,conditional_lyapunov,n_intervals,2799.0
2C_esp_map,leak_rate=1|n_units=200|rho=1.4|sigma_u=0.1,1,conditional_lyapunov,max_observed_growth,1.2711103553449816
2C_esp_map,leak_rate=1|n_units=200|rho=1.4|sigma_u=0.1,1,autocorrelation_time,tau_1e,0.6708608329204209
2C_esp_map,leak_rate=1|n_units=200|rho=1.4|sigma_u=0.1,1,autocorrelation_time,tau_censored,0.6708608329204209
2C_esp_map,leak_rate=1|n_units=200|rho=1.4|sigma_u=0.1,1,autocorrelation_time,tau_integrated,1.057747109669851
2C_esp_map,leak_rate=1|n_units=200|rho=1.4|sigma_u=0.1,1,autocorrelation_time,max_lag,200.0
2C_esp_map,leak_rate=1|n_units=200|rho=1.4|sigma_u=0.2,1,esp_convergence,d_initial,0.6818331189734931
2C_esp_map,leak_rate=1|n_units=200|rho=1.4|sigma_u=0.2,1,esp_convergence,d_tail,0.6423910320783601
2C_esp_map,leak_rate=1|n_units=200|rho=1.4|sigma_u=0.2,1,esp_convergence,converged,0.0
2C_esp_map,leak_rate=1|n_units=200|rho=1.4|sigma_u=0.2,1,esp_convergence,decay_rate_per_step,8.15281811588087e-05
2C_esp_map,leak_rate=1|n_units=200|rho=1.4|sigma_u=0.2,1,esp_convergence,n_pairs,10.0
2C_esp_map,leak_rate=1|n_units=200|rho=1.4|sigma_u=0.2,1,esp_convergence,n_fit_points,2990.0
2C_esp_map,leak_rate=1|n_units=200|rho=1.4|sigma_u=0.2,1,conditional_lyapunov,lyapunov_per_step,0.022118851216401936
2C_esp_map,leak_rate=1|n_units=200|rho=1.4|sigma_u=0.2,1,conditional_lyapunov,lyapunov_per_time,0.022118851216401936
2C_esp_map,leak_rate=1|n_units=200|rho=1.4|sigma_u=0.2,1,conditional_lyapunov,n_intervals,2799.0
2C_esp_map,leak_rate=1|n_units=200|rho=1.4|sigma_u=0.2,1,conditional_lyapunov,max_observed_growth,1.3083465693969063
2C_esp_map,leak_rate=1|n_units=200|rho=1.4|sigma_u=0.2,1,autocorrelation_time,tau_1e,0.6432256825141534
2C_esp_map,leak_rate=1|n_units=200|rho=1.4|sigma_u=0.2,1,autocorrelation_time,tau_censored,0.6432256825141534
2C_esp_map,leak_rate=1|n_units=200|rho=1.4|sigma_u=0.2,1,autocorrelation_time,tau_integrated,1.0172647392470235
2C_esp_map,leak_rate=1|n_units=200|rho=1.4|sigma_u=0.2,1,autocorrelation_time,max_lag,200.0
2C_esp_map,leak_rate=1|n_units=200|rho=1.4|sigma_u=0.5,1,esp_convergence,d_initial,0.6838493484687366
2C_esp_map,leak_rate=1|n_units=200|rho=1.4|sigma_u=0.5,1,esp_convergence,d_tail,1.5650120820181642e-13
2C_esp_map,leak_rate=1|n_units=200|rho=1.4|sigma_u=0.5,1,esp_convergence,converged,1.0
2C_esp_map,leak_rate=1|n_units=200|rho=1.4|sigma_u=0.5,1,esp_convergence,decay_rate_per_step,-0.010583533226490976
2C_esp_map,leak_rate=1|n_units=200|rho=1.4|sigma_u=0.5,1,esp_convergence,n_pairs,10.0
2C_esp_map,leak_rate=1|n_units=200|rho=1.4|sigma_u=0.5,1,esp_convergence,n_fit_points,2990.0
2C_esp_map,leak_rate=1|n_units=200|rho=1.4|sigma_u=0.5,1,conditional_lyapunov,lyapunov_per_step,-0.010257512914280325
2C_esp_map,leak_rate=1|n_units=200|rho=1.4|sigma_u=0.5,1,conditional_lyapunov,lyapunov_per_time,-0.010257512914280325
2C_esp_map,leak_rate=1|n_units=200|rho=1.4|sigma_u=0.5,1,conditional_lyapunov,n_intervals,2799.0
2C_esp_map,leak_rate=1|n_units=200|rho=1.4|sigma_u=0.5,1,conditional_lyapunov,max_observed_growth,1.255005191514801
2C_esp_map,leak_rate=1|n_units=200|rho=1.4|sigma_u=0.5,1,autocorrelation_time,tau_1e,0.6055699991832162
2C_esp_map,leak_rate=1|n_units=200|rho=1.4|sigma_u=0.5,1,autocorrelation_time,tau_censored,0.6055699991832162
2C_esp_map,leak_rate=1|n_units=200|rho=1.4|sigma_u=0.5,1,autocorrelation_time,tau_integrated,1.0
2C_esp_map,leak_rate=1|n_units=200|rho=1.4|sigma_u=0.5,1,autocorrelation_time,max_lag,200.0
2C_esp_map,leak_rate=1|n_units=200|rho=1.4|sigma_u=1,1,esp_convergence,d_initial,0.685065870555223
2C_esp_map,leak_rate=1|n_units=200|rho=1.4|sigma_u=1,1,esp_convergence,d_tail,2.1787904930767464e-16
2C_esp_map,leak_rate=1|n_units=200|rho=1.4|sigma_u=1,1,esp_convergence,converged,1.0
2C_esp_map,leak_rate=1|n_units=200|rho=1.4|sigma_u=1,1,esp_convergence,decay_rate_per_step,-0.09427586672938414
2C_esp_map,leak_rate=1|n_units=200|rho=1.4|sigma_u=1,1,esp_convergence,n_pairs,10.0
2C_esp_map,leak_rate=1|n_units=200|rho=1.4|sigma_u=1,1,esp_convergence,n_fit_points,329.0
2C_esp_map,leak_rate=1|n_units=200|rho=1.4|sigma_u=1,1,conditional_lyapunov,lyapunov_per_step,-0.10056111997602286
2C_esp_map,leak_rate=1|n_units=200|rho=1.4|sigma_u=1,1,conditional_lyapunov,lyapunov_per_time,-0.10056111997602286
2C_esp_map,leak_rate=1|n_units=200|rho=1.4|sigma_u=1,1,conditional_lyapunov,n_intervals,2799.0
2C_esp_map,leak_rate=1|n_units=200|rho=1.4|sigma_u=1,1,conditional_lyapunov,max_observed_growth,1.2231215423338178
2C_esp_map,leak_rate=1|n_units=200|rho=1.4|sigma_u=1,1,autocorrelation_time,tau_1e,0.6191130134828347
2C_esp_map,leak_rate=1|n_units=200|rho=1.4|sigma_u=1,1,autocorrelation_time,tau_censored,0.6191130134828347
2C_esp_map,leak_rate=1|n_units=200|rho=1.4|sigma_u=1,1,autocorrelation_time,tau_integrated,1.0000000000000002
2C_esp_map,leak_rate=1|n_units=200|rho=1.4|sigma_u=1,1,autocorrelation_time,max_lag,200.0
2C_esp_map,leak_rate=1|n_units=200|rho=1.4|sigma_u=2,1,esp_convergence,d_initial,0.6756043519263167
2C_esp_map,leak_rate=1|n_units=200|rho=1.4|sigma_u=2,1,esp_convergence,d_tail,1.2046657536896596e-16
2C_esp_map,leak_rate=1|n_units=200|rho=1.4|sigma_u=2,1,esp_convergence,converged,1.0
2C_esp_map,leak_rate=1|n_units=200|rho=1.4|sigma_u=2,1,esp_convergence,decay_rate_per_step,-0.2349424283123851
2C_esp_map,leak_rate=1|n_units=200|rho=1.4|sigma_u=2,1,esp_convergence,n_pairs,10.0
2C_esp_map,leak_rate=1|n_units=200|rho=1.4|sigma_u=2,1,esp_convergence,n_fit_points,128.0
2C_esp_map,leak_rate=1|n_units=200|rho=1.4|sigma_u=2,1,conditional_lyapunov,lyapunov_per_step,-0.27281681422622495
2C_esp_map,leak_rate=1|n_units=200|rho=1.4|sigma_u=2,1,conditional_lyapunov,lyapunov_per_time,-0.27281681422622495
2C_esp_map,leak_rate=1|n_units=200|rho=1.4|sigma_u=2,1,conditional_lyapunov,n_intervals,2799.0
2C_esp_map,leak_rate=1|n_units=200|rho=1.4|sigma_u=2,1,conditional_lyapunov,max_observed_growth,1.1336305175400538
2C_esp_map,leak_rate=1|n_units=200|rho=1.4|sigma_u=2,1,autocorrelation_time,tau_1e,0.623237893826568
2C_esp_map,leak_rate=1|n_units=200|rho=1.4|sigma_u=2,1,autocorrelation_time,tau_censored,0.623237893826568
2C_esp_map,leak_rate=1|n_units=200|rho=1.4|sigma_u=2,1,autocorrelation_time,tau_integrated,1.0
2C_esp_map,leak_rate=1|n_units=200|rho=1.4|sigma_u=2,1,autocorrelation_time,max_lag,200.0
2C_esp_map,leak_rate=1|n_units=200|rho=1.5|sigma_u=0,1,esp_convergence,d_initial,0.7053586786916974
2C_esp_map,leak_rate=1|n_units=200|rho=1.5|sigma_u=0,1,esp_convergence,d_tail,0.9691734017316727
2C_esp_map,leak_rate=1|n_units=200|rho=1.5|sigma_u=0,1,esp_convergence,converged,0.0
2C_esp_map,leak_rate=1|n_units=200|rho=1.5|sigma_u=0,1,esp_convergence,decay_rate_per_step,-7.898430829170895e-06
2C_esp_map,leak_rate=1|n_units=200|rho=1.5|sigma_u=0,1,esp_convergence,n_pairs,10.0
2C_esp_map,leak_rate=1|n_units=200|rho=1.5|sigma_u=0,1,esp_convergence,n_fit_points,2990.0
2C_esp_map,leak_rate=1|n_units=200|rho=1.5|sigma_u=0,1,conditional_lyapunov,lyapunov_per_step,0.0399475180792816
2C_esp_map,leak_rate=1|n_units=200|rho=1.5|sigma_u=0,1,conditional_lyapunov,lyapunov_per_time,0.0399475180792816
2C_esp_map,leak_rate=1|n_units=200|rho=1.5|sigma_u=0,1,conditional_lyapunov,n_intervals,2799.0
2C_esp_map,leak_rate=1|n_units=200|rho=1.5|sigma_u=0,1,conditional_lyapunov,max_observed_growth,1.437340293010077
2C_esp_map,leak_rate=1|n_units=200|rho=1.5|sigma_u=0,1,autocorrelation_time,tau_1e,0.694257795588643
2C_esp_map,leak_rate=1|n_units=200|rho=1.5|sigma_u=0,1,autocorrelation_time,tau_censored,0.694257795588643
2C_esp_map,leak_rate=1|n_units=200|rho=1.5|sigma_u=0,1,autocorrelation_time,tau_integrated,1.0895016766897097
2C_esp_map,leak_rate=1|n_units=200|rho=1.5|sigma_u=0,1,autocorrelation_time,max_lag,200.0
2C_esp_map,leak_rate=1|n_units=200|rho=1.5|sigma_u=0.05,1,esp_convergence,d_initial,0.7058633823537261
2C_esp_map,leak_rate=1|n_units=200|rho=1.5|sigma_u=0.05,1,esp_convergence,d_tail,0.9753101235414585
2C_esp_map,leak_rate=1|n_units=200|rho=1.5|sigma_u=0.05,1,esp_convergence,converged,0.0
2C_esp_map,leak_rate=1|n_units=200|rho=1.5|sigma_u=0.05,1,esp_convergence,decay_rate_per_step,0.0001539418036640892
2C_esp_map,leak_rate=1|n_units=200|rho=1.5|sigma_u=0.05,1,esp_convergence,n_pairs,10.0
2C_esp_map,leak_rate=1|n_units=200|rho=1.5|sigma_u=0.05,1,esp_convergence,n_fit_points,2990.0
2C_esp_map,leak_rate=1|n_units=200|rho=1.5|sigma_u=0.05,1,conditional_lyapunov,lyapunov_per_step,0.047307616125536155
2C_esp_map,leak_rate=1|n_units=200|rho=1.5|sigma_u=0.05,1,conditional_lyapunov,lyapunov_per_time,0.047307616125536155
2C_esp_map,leak_rate=1|n_units=200|rho=1.5|sigma_u=0.05,1,conditional_lyapunov,n_intervals,2799.0
2C_esp_map,leak_rate=1|n_units=200|rho=1.5|sigma_u=0.05,1,conditional_lyapunov,max_observed_growth,1.3485400535446326
2C_esp_map,leak_rate=1|n_units=200|rho=1.5|sigma_u=0.05,1,autocorrelation_time,tau_1e,0.6505571361204197
2C_esp_map,leak_rate=1|n_units=200|rho=1.5|sigma_u=0.05,1,autocorrelation_time,tau_censored,0.6505571361204197
2C_esp_map,leak_rate=1|n_units=200|rho=1.5|sigma_u=0.05,1,autocorrelation_time,tau_integrated,1.0283396742087991
2C_esp_map,leak_rate=1|n_units=200|rho=1.5|sigma_u=0.05,1,autocorrelation_time,max_lag,200.0
2C_esp_map,leak_rate=1|n_units=200|rho=1.5|sigma_u=0.1,1,esp_convergence,d_initial,0.7063446485638251
2C_esp_map,leak_rate=1|n_units=200|rho=1.5|sigma_u=0.1,1,esp_convergence,d_tail,0.8719582935670291
2C_esp_map,leak_rate=1|n_units=200|rho=1.5|sigma_u=0.1,1,esp_convergence,converged,0.0
2C_esp_map,leak_rate=1|n_units=200|rho=1.5|sigma_u=0.1,1,esp_convergence,decay_rate_per_step,-1.7452768775249242e-05
2C_esp_map,leak_rate=1|n_units=200|rho=1.5|sigma_u=0.1,1,esp_convergence,n_pairs,10.0
2C_esp_map,leak_rate=1|n_units=200|rho=1.5|sigma_u=0.1,1,esp_convergence,n_fit_points,2990.0
2C_esp_map,leak_rate=1|n_units=200|rho=1.5|sigma_u=0.1,1,conditional_lyapunov,lyapunov_per_step,0.04530552670626478
2C_esp_map,leak_rate=1|n_units=200|rho=1.5|sigma_u=0.1,1,conditional_lyapunov,lyapunov_per_time,0.04530552670626478
2C_esp_map,leak_rate=1|n_units=200|rho=1.5|sigma_u=0.1,1,conditional_lyapunov,n_intervals,2799.0
2C_esp_map,leak_rate=1|n_units=200|rho=1.5|sigma_u=0.1,1,conditional_lyapunov,max_observed_growth,1.3140983676638567
2C_esp_map,leak_rate=1|n_units=200|rho=1.5|sigma_u=0.1,1,autocorrelation_time,tau_1e,0.6408057525081792
2C_esp_map,leak_rate=1|n_units=200|rho=1.5|sigma_u=0.1,1,autocorrelation_time,tau_censored,0.6408057525081792
2C_esp_map,leak_rate=1|n_units=200|rho=1.5|sigma_u=0.1,1,autocorrelation_time,tau_integrated,1.0135535513619014
2C_esp_map,leak_rate=1|n_units=200|rho=1.5|sigma_u=0.1,1,autocorrelation_time,max_lag,200.0
2C_esp_map,leak_rate=1|n_units=200|rho=1.5|sigma_u=0.2,1,esp_convergence,d_initial,0.7072363503166067
2C_esp_map,leak_rate=1|n_units=200|rho=1.5|sigma_u=0.2,1,esp_convergence,d_tail,0.7720922112431676
2C_esp_map,leak_rate=1|n_units=200|rho=1.5|sigma_u=0.2,1,esp_convergence,converged,0.0
2C_esp_map,leak_rate=1|n_units=200|rho=1.5|sigma_u=0.2,1,esp_convergence,decay_rate_per_step,-2.81946233119341e-05
2C_esp_map,leak_rate=1|n_units=200|rho=1.5|sigma_u=0.2,1,esp_convergence,n_pairs,10.0
2C_esp_map,leak_rate=1|n_units=200|rho=1.5|sigma_u=0.2,1,esp_convergence,n_fit_points,2990.0
2C_esp_map,leak_rate=1|n_units=200|rho=1.5|sigma_u=0.2,1,conditional_lyapunov,lyapunov_per_step,0.043563662243752674
2C_esp_map,leak_rate=1|n_units=200|rho=1.5|sigma_u=0.2,1,conditional_lyapunov,lyapunov_per_time,0.043563662243752674
2C_esp_map,leak_rate=1|n_units=200|rho=1.5|sigma_u=0.2,1,conditional_lyapunov,n_intervals,2799.0
2C_esp_map,leak_rate=1|n_units=200|rho=1.5|sigma_u=0.2,1,conditional_lyapunov,max_observed_growth,1.342694736153709
2C_esp_map,leak_rate=1|n_units=200|rho=1.5|sigma_u=0.2,1,autocorrelation_time,tau_1e,0.6438167010535967
2C_esp_map,leak_rate=1|n_units=200|rho=1.5|sigma_u=0.2,1,autocorrelation_time,tau_censored,0.6438167010535967
2C_esp_map,leak_rate=1|n_units=200|rho=1.5|sigma_u=0.2,1,autocorrelation_time,tau_integrated,1.0181668822910286
2C_esp_map,leak_rate=1|n_units=200|rho=1.5|sigma_u=0.2,1,autocorrelation_time,max_lag,200.0
2C_esp_map,leak_rate=1|n_units=200|rho=1.5|sigma_u=0.5,1,esp_convergence,d_initial,0.7093356547142468
2C_esp_map,leak_rate=1|n_units=200|rho=1.5|sigma_u=0.5,1,esp_convergence,d_tail,0.45413691829063424
2C_esp_map,leak_rate=1|n_units=200|rho=1.5|sigma_u=0.5,1,esp_convergence,converged,0.0
2C_esp_map,leak_rate=1|n_units=200|rho=1.5|sigma_u=0.5,1,esp_convergence,decay_rate_per_step,-1.5610002731716195e-05
2C_esp_map,leak_rate=1|n_units=200|rho=1.5|sigma_u=0.5,1,esp_convergence,n_pairs,10.0
2C_esp_map,leak_rate=1|n_units=200|rho=1.5|sigma_u=0.5,1,esp_convergence,n_fit_points,2990.0
2C_esp_map,leak_rate=1|n_units=200|rho=1.5|sigma_u=0.5,1,conditional_lyapunov,lyapunov_per_step,0.016567792373469992
2C_esp_map,leak_rate=1|n_units=200|rho=1.5|sigma_u=0.5,1,conditional_lyapunov,lyapunov_per_time,0.016567792373469992
2C_esp_map,leak_rate=1|n_units=200|rho=1.5|sigma_u=0.5,1,conditional_lyapunov,n_intervals,2799.0
2C_esp_map,leak_rate=1|n_units=200|rho=1.5|sigma_u=0.5,1,conditional_lyapunov,max_observed_growth,1.2918167676418684
2C_esp_map,leak_rate=1|n_units=200|rho=1.5|sigma_u=0.5,1,autocorrelation_time,tau_1e,0.609002553083414
2C_esp_map,leak_rate=1|n_units=200|rho=1.5|sigma_u=0.5,1,autocorrelation_time,tau_censored,0.609002553083414
2C_esp_map,leak_rate=1|n_units=200|rho=1.5|sigma_u=0.5,1,autocorrelation_time,tau_integrated,1.0
2C_esp_map,leak_rate=1|n_units=200|rho=1.5|sigma_u=0.5,1,autocorrelation_time,max_lag,200.0
2C_esp_map,leak_rate=1|n_units=200|rho=1.5|sigma_u=1,1,esp_convergence,d_initial,0.7108567441442663
2C_esp_map,leak_rate=1|n_units=200|rho=1.5|sigma_u=1,1,esp_convergence,d_tail,2.895399081065581e-16
2C_esp_map,leak_rate=1|n_units=200|rho=1.5|sigma_u=1,1,esp_convergence,converged,1.0
2C_esp_map,leak_rate=1|n_units=200|rho=1.5|sigma_u=1,1,esp_convergence,decay_rate_per_step,-0.05425438948567435
2C_esp_map,leak_rate=1|n_units=200|rho=1.5|sigma_u=1,1,esp_convergence,n_pairs,10.0
2C_esp_map,leak_rate=1|n_units=200|rho=1.5|sigma_u=1,1,esp_convergence,n_fit_points,601.0
2C_esp_map,leak_rate=1|n_units=200|rho=1.5|sigma_u=1,1,conditional_lyapunov,lyapunov_per_step,-0.059452454514765794
2C_esp_map,leak_rate=1|n_units=200|rho=1.5|sigma_u=1,1,conditional_lyapunov,lyapunov_per_time,-0.059452454514765794
2C_esp_map,leak_rate=1|n_units=200|rho=1.5|sigma_u=1,1,conditional_lyapunov,n_intervals,2799.0
2C_esp_map,leak_rate=1|n_units=200|rho=1.5|sigma_u=1,1,conditional_lyapunov,max_observed_growth,1.252150299733203
2C_esp_map,leak_rate=1|n_units=200|rho=1.5|sigma_u=1,1,autocorrelation_time,tau_1e,0.6172217221601778
2C_esp_map,leak_rate=1|n_units=200|rho=1.5|sigma_u=1,1,autocorrelation_time,tau_censored,0.6172217221601778
2C_esp_map,leak_rate=1|n_units=200|rho=1.5|sigma_u=1,1,autocorrelation_time,tau_integrated,1.0
2C_esp_map,leak_rate=1|n_units=200|rho=1.5|sigma_u=1,1,autocorrelation_time,max_lag,200.0
2C_esp_map,leak_rate=1|n_units=200|rho=1.5|sigma_u=2,1,esp_convergence,d_initial,0.7043763065963219
2C_esp_map,leak_rate=1|n_units=200|rho=1.5|sigma_u=2,1,esp_convergence,d_tail,1.4350932517502798e-16
2C_esp_map,leak_rate=1|n_units=200|rho=1.5|sigma_u=2,1,esp_convergence,converged,1.0
2C_esp_map,leak_rate=1|n_units=200|rho=1.5|sigma_u=2,1,esp_convergence,decay_rate_per_step,-0.18737874123840745
2C_esp_map,leak_rate=1|n_units=200|rho=1.5|sigma_u=2,1,esp_convergence,n_pairs,10.0
2C_esp_map,leak_rate=1|n_units=200|rho=1.5|sigma_u=2,1,esp_convergence,n_fit_points,159.0
2C_esp_map,leak_rate=1|n_units=200|rho=1.5|sigma_u=2,1,conditional_lyapunov,lyapunov_per_step,-0.2203815385588479
2C_esp_map,leak_rate=1|n_units=200|rho=1.5|sigma_u=2,1,conditional_lyapunov,lyapunov_per_time,-0.2203815385588479
2C_esp_map,leak_rate=1|n_units=200|rho=1.5|sigma_u=2,1,conditional_lyapunov,n_intervals,2799.0
2C_esp_map,leak_rate=1|n_units=200|rho=1.5|sigma_u=2,1,conditional_lyapunov,max_observed_growth,1.2713039246107056
2C_esp_map,leak_rate=1|n_units=200|rho=1.5|sigma_u=2,1,autocorrelation_time,tau_1e,0.622909657886162
2C_esp_map,leak_rate=1|n_units=200|rho=1.5|sigma_u=2,1,autocorrelation_time,tau_censored,0.622909657886162
2C_esp_map,leak_rate=1|n_units=200|rho=1.5|sigma_u=2,1,autocorrelation_time,tau_integrated,1.0
2C_esp_map,leak_rate=1|n_units=200|rho=1.5|sigma_u=2,1,autocorrelation_time,max_lag,200.0
2C_esp_map,leak_rate=1|n_units=200|rho=1.6|sigma_u=0,1,esp_convergence,d_initial,0.7287512304789501
2C_esp_map,leak_rate=1|n_units=200|rho=1.6|sigma_u=0,1,esp_convergence,d_tail,1.0299179361781219
2C_esp_map,leak_rate=1|n_units=200|rho=1.6|sigma_u=0,1,esp_convergence,converged,0.0
2C_esp_map,leak_rate=1|n_units=200|rho=1.6|sigma_u=0,1,esp_convergence,decay_rate_per_step,4.369357059767337e-05
2C_esp_map,leak_rate=1|n_units=200|rho=1.6|sigma_u=0,1,esp_convergence,n_pairs,10.0
2C_esp_map,leak_rate=1|n_units=200|rho=1.6|sigma_u=0,1,esp_convergence,n_fit_points,2990.0
2C_esp_map,leak_rate=1|n_units=200|rho=1.6|sigma_u=0,1,conditional_lyapunov,lyapunov_per_step,0.061367410668548734
2C_esp_map,leak_rate=1|n_units=200|rho=1.6|sigma_u=0,1,conditional_lyapunov,lyapunov_per_time,0.061367410668548734
2C_esp_map,leak_rate=1|n_units=200|rho=1.6|sigma_u=0,1,conditional_lyapunov,n_intervals,2799.0
2C_esp_map,leak_rate=1|n_units=200|rho=1.6|sigma_u=0,1,conditional_lyapunov,max_observed_growth,1.3253819685326882
2C_esp_map,leak_rate=1|n_units=200|rho=1.6|sigma_u=0,1,autocorrelation_time,tau_1e,0.6758023954068186
2C_esp_map,leak_rate=1|n_units=200|rho=1.6|sigma_u=0,1,autocorrelation_time,tau_censored,0.6758023954068186
2C_esp_map,leak_rate=1|n_units=200|rho=1.6|sigma_u=0,1,autocorrelation_time,tau_integrated,1.0646369957773905
2C_esp_map,leak_rate=1|n_units=200|rho=1.6|sigma_u=0,1,autocorrelation_time,max_lag,200.0
2C_esp_map,leak_rate=1|n_units=200|rho=1.6|sigma_u=0.05,1,esp_convergence,d_initial,0.7292538115480953
2C_esp_map,leak_rate=1|n_units=200|rho=1.6|sigma_u=0.05,1,esp_convergence,d_tail,0.8966030755416465
2C_esp_map,leak_rate=1|n_units=200|rho=1.6|sigma_u=0.05,1,esp_convergence,converged,0.0
2C_esp_map,leak_rate=1|n_units=200|rho=1.6|sigma_u=0.05,1,esp_convergence,decay_rate_per_step,3.236811424895955e-05
2C_esp_map,leak_rate=1|n_units=200|rho=1.6|sigma_u=0.05,1,esp_convergence,n_pairs,10.0
2C_esp_map,leak_rate=1|n_units=200|rho=1.6|sigma_u=0.05,1,esp_convergence,n_fit_points,2990.0
2C_esp_map,leak_rate=1|n_units=200|rho=1.6|sigma_u=0.05,1,conditional_lyapunov,lyapunov_per_step,0.062094193736709415
2C_esp_map,leak_rate=1|n_units=200|rho=1.6|sigma_u=0.05,1,conditional_lyapunov,lyapunov_per_time,0.062094193736709415
2C_esp_map,leak_rate=1|n_units=200|rho=1.6|sigma_u=0.05,1,conditional_lyapunov,n_intervals,2799.0
2C_esp_map,leak_rate=1|n_units=200|rho=1.6|sigma_u=0.05,1,conditional_lyapunov,max_observed_growth,1.446987487850722
2C_esp_map,leak_rate=1|n_units=200|rho=1.6|sigma_u=0.05,1,autocorrelation_time,tau_1e,0.6470467310066483
2C_esp_map,leak_rate=1|n_units=200|rho=1.6|sigma_u=0.05,1,autocorrelation_time,tau_censored,0.6470467310066483
2C_esp_map,leak_rate=1|n_units=200|rho=1.6|sigma_u=0.05,1,autocorrelation_time,tau_integrated,1.023068151746736
2C_esp_map,leak_rate=1|n_units=200|rho=1.6|sigma_u=0.05,1,autocorrelation_time,max_lag,200.0
2C_esp_map,leak_rate=1|n_units=200|rho=1.6|sigma_u=0.1,1,esp_convergence,d_initial,0.7297348456525555
2C_esp_map,leak_rate=1|n_units=200|rho=1.6|sigma_u=0.1,1,esp_convergence,d_tail,0.9025022132010965
2C_esp_map,leak_rate=1|n_units=200|rho=1.6|sigma_u=0.1,1,esp_convergence,converged,0.0
2C_esp_map,leak_rate=1|n_units=200|rho=1.6|sigma_u=0.1,1,esp_convergence,decay_rate_per_step,1.5928746407788476e-05
2C_esp_map,leak_rate=1|n_units=200|rho=1.6|sigma_u=0.1,1,esp_convergence,n_pairs,10.0
2C_esp_map,leak_rate=1|n_units=200|rho=1.6|sigma_u=0.1,1,esp_convergence,n_fit_points,2990.0
2C_esp_map,leak_rate=1|n_units=200|rho=1.6|sigma_u=0.1,1,conditional_lyapunov,lyapunov_per_step,0.06241003657316164
2C_esp_map,leak_rate=1|n_units=200|rho=1.6|sigma_u=0.1,1,conditional_lyapunov,lyapunov_per_time,0.06241003657316164
2C_esp_map,leak_rate=1|n_units=200|rho=1.6|sigma_u=0.1,1,conditional_lyapunov,n_intervals,2799.0
2C_esp_map,leak_rate=1|n_units=200|rho=1.6|sigma_u=0.1,1,conditional_lyapunov,max_observed_growth,1.3261672929463588
2C_esp_map,leak_rate=1|n_units=200|rho=1.6|sigma_u=0.1,1,autocorrelation_time,tau_1e,0.637004051877809
2C_esp_map,leak_rate=1|n_units=200|rho=1.6|sigma_u=0.1,1,autocorrelation_time,tau_censored,0.637004051877809
2C_esp_map,leak_rate=1|n_units=200|rho=1.6|sigma_u=0.1,1,autocorrelation_time,tau_integrated,1.0076663453471848
2C_esp_map,leak_rate=1|n_units=200|rho=1.6|sigma_u=0.1,1,autocorrelation_time,max_lag,200.0
2C_esp_map,leak_rate=1|n_units=200|rho=1.6|sigma_u=0.2,1,esp_convergence,d_initial,0.7306318017592083
2C_esp_map,leak_rate=1|n_units=200|rho=1.6|sigma_u=0.2,1,esp_convergence,d_tail,0.843335005260655
2C_esp_map,leak_rate=1|n_units=200|rho=1.6|sigma_u=0.2,1,esp_convergence,converged,0.0
2C_esp_map,leak_rate=1|n_units=200|rho=1.6|sigma_u=0.2,1,esp_convergence,decay_rate_per_step,1.8766510914272948e-05
2C_esp_map,leak_rate=1|n_units=200|rho=1.6|sigma_u=0.2,1,esp_convergence,n_pairs,10.0
2C_esp_map,leak_rate=1|n_units=200|rho=1.6|sigma_u=0.2,1,esp_convergence,n_fit_points,2990.0
2C_esp_map,leak_rate=1|n_units=200|rho=1.6|sigma_u=0.2,1,conditional_lyapunov,lyapunov_per_step,0.06297463824541479
2C_esp_map,leak_rate=1|n_units=200|rho=1.6|sigma_u=0.2,1,conditional_lyapunov,lyapunov_per_time,0.06297463824541479
2C_esp_map,leak_rate=1|n_units=200|rho=1.6|sigma_u=0.2,1,conditional_lyapunov,n_intervals,2799.0
2C_esp_map,leak_rate=1|n_units=200|rho=1.6|sigma_u=0.2,1,conditional_lyapunov,max_observed_growth,1.4293537526974667
2C_esp_map,leak_rate=1|n_units=200|rho=1.6|sigma_u=0.2,1,autocorrelation_time,tau_1e,0.6173786633420827
2C_esp_map,leak_rate=1|n_units=200|rho=1.6|sigma_u=0.2,1,autocorrelation_time,tau_censored,0.6173786633420827
2C_esp_map,leak_rate=1|n_units=200|rho=1.6|sigma_u=0.2,1,autocorrelation_time,tau_integrated,1.0000000000000002
2C_esp_map,leak_rate=1|n_units=200|rho=1.6|sigma_u=0.2,1,autocorrelation_time,max_lag,200.0
2C_esp_map,leak_rate=1|n_units=200|rho=1.6|sigma_u=0.5,1,esp_convergence,d_initial,0.732793287635265
2C_esp_map,leak_rate=1|n_units=200|rho=1.6|sigma_u=0.5,1,esp_convergence,d_tail,0.6102015286612732
2C_esp_map,leak_rate=1|n_units=200|rho=1.6|sigma_u=0.5,1,esp_convergence,converged,0.0
2C_esp_map,leak_rate=1|n_units=200|rho=1.6|sigma_u=0.5,1,esp_convergence,decay_rate_per_step,-5.936745297249679e-06
2C_esp_map,leak_rate=1|n_units=200|rho=1.6|sigma_u=0.5,1,esp_convergence,n_pairs,10.0
2C_esp_map,leak_rate=1|n_units=200|rho=1.6|sigma_u=0.5,1,esp_convergence,n_fit_points,2990.0
2C_esp_map,leak_rate=1|n_units=200|rho=1.6|sigma_u=0.5,1,conditional_lyapunov,lyapunov_per_step,0.038050973676617236
2C_esp_map,leak_rate=1|n_units=200|rho=1.6|sigma_u=0.5,1,conditional_lyapunov,lyapunov_per_time,0.038050973676617236
2C_esp_map,leak_rate=1|n_units=200|rho=1.6|sigma_u=0.5,1,conditional_lyapunov,n_intervals,2799.0
2C_esp_map,leak_rate=1|n_units=200|rho=1.6|sigma_u=0.5,1,conditional_lyapunov,max_observed_growth,1.3044174590277786
2C_esp_map,leak_rate=1|n_units=200|rho=1.6|sigma_u=0.5,1,autocorrelation_time,tau_1e,0.5989399211448875
2C_esp_map,leak_rate=1|n_units=200|rho=1.6|sigma_u=0.5,1,autocorrelation_time,tau_censored,0.5989399211448875
2C_esp_map,leak_rate=1|n_units=200|rho=1.6|sigma_u=0.5,1,autocorrelation_time,tau_integrated,0.9999999999999999
2C_esp_map,leak_rate=1|n_units=200|rho=1.6|sigma_u=0.5,1,autocorrelation_time,max_lag,200.0
2C_esp_map,leak_rate=1|n_units=200|rho=1.6|sigma_u=1,1,esp_convergence,d_initial,0.734574859468158
2C_esp_map,leak_rate=1|n_units=200|rho=1.6|sigma_u=1,1,esp_convergence,d_tail,6.788881493861214e-16
2C_esp_map,leak_rate=1|n_units=200|rho=1.6|sigma_u=1,1,esp_convergence,converged,1.0
2C_esp_map,leak_rate=1|n_units=200|rho=1.6|sigma_u=1,1,esp_convergence,decay_rate_per_step,-0.02323295402931146
2C_esp_map,leak_rate=1|n_units=200|rho=1.6|sigma_u=1,1,esp_convergence,n_pairs,10.0
2C_esp_map,leak_rate=1|n_units=200|rho=1.6|sigma_u=1,1,esp_convergence,n_fit_points,1377.0
2C_esp_map,leak_rate=1|n_units=200|rho=1.6|sigma_u=1,1,conditional_lyapunov,lyapunov_per_step,-0.021484550845326196
2C_esp_map,leak_rate=1|n_units=200|rho=1.6|sigma_u=1,1,conditional_lyapunov,lyapunov_per_time,-0.021484550845326196
2C_esp_map,leak_rate=1|n_units=200|rho=1.6|sigma_u=1,1,conditional_lyapunov,n_intervals,2799.0
2C_esp_map,leak_rate=1|n_units=200|rho=1.6|sigma_u=1,1,conditional_lyapunov,max_observed_growth,1.2910998068958417
2C_esp_map,leak_rate=1|n_units=200|rho=1.6|sigma_u=1,1,autocorrelation_time,tau_1e,0.6153833557388685
2C_esp_map,leak_rate=1|n_units=200|rho=1.6|sigma_u=1,1,autocorrelation_time,tau_censored,0.6153833557388685
2C_esp_map,leak_rate=1|n_units=200|rho=1.6|sigma_u=1,1,autocorrelation_time,tau_integrated,1.0
2C_esp_map,leak_rate=1|n_units=200|rho=1.6|sigma_u=1,1,autocorrelation_time,max_lag,200.0
2C_esp_map,leak_rate=1|n_units=200|rho=1.6|sigma_u=2,1,esp_convergence,d_initial,0.7309241603768476
2C_esp_map,leak_rate=1|n_units=200|rho=1.6|sigma_u=2,1,esp_convergence,d_tail,1.7207057626759554e-16
2C_esp_map,leak_rate=1|n_units=200|rho=1.6|sigma_u=2,1,esp_convergence,converged,1.0
2C_esp_map,leak_rate=1|n_units=200|rho=1.6|sigma_u=2,1,esp_convergence,decay_rate_per_step,-0.14181824010751032
2C_esp_map,leak_rate=1|n_units=200|rho=1.6|sigma_u=2,1,esp_convergence,n_pairs,10.0
2C_esp_map,leak_rate=1|n_units=200|rho=1.6|sigma_u=2,1,esp_convergence,n_fit_points,210.0
2C_esp_map,leak_rate=1|n_units=200|rho=1.6|sigma_u=2,1,conditional_lyapunov,lyapunov_per_step,-0.17043282296313517
2C_esp_map,leak_rate=1|n_units=200|rho=1.6|sigma_u=2,1,conditional_lyapunov,lyapunov_per_time,-0.17043282296313517
2C_esp_map,leak_rate=1|n_units=200|rho=1.6|sigma_u=2,1,conditional_lyapunov,n_intervals,2799.0
2C_esp_map,leak_rate=1|n_units=200|rho=1.6|sigma_u=2,1,conditional_lyapunov,max_observed_growth,1.2466464909244444
2C_esp_map,leak_rate=1|n_units=200|rho=1.6|sigma_u=2,1,autocorrelation_time,tau_1e,0.6225019932564515
2C_esp_map,leak_rate=1|n_units=200|rho=1.6|sigma_u=2,1,autocorrelation_time,tau_censored,0.6225019932564515
2C_esp_map,leak_rate=1|n_units=200|rho=1.6|sigma_u=2,1,autocorrelation_time,tau_integrated,0.9999999999999999
2C_esp_map,leak_rate=1|n_units=200|rho=1.6|sigma_u=2,1,autocorrelation_time,max_lag,200.0
2C_esp_map,leak_rate=1|n_units=200|rho=1.7|sigma_u=0,1,esp_convergence,d_initial,0.7503478559265911
2C_esp_map,leak_rate=1|n_units=200|rho=1.7|sigma_u=0,1,esp_convergence,d_tail,1.005077343962827
2C_esp_map,leak_rate=1|n_units=200|rho=1.7|sigma_u=0,1,esp_convergence,converged,0.0
2C_esp_map,leak_rate=1|n_units=200|rho=1.7|sigma_u=0,1,esp_convergence,decay_rate_per_step,5.673160565842022e-06
2C_esp_map,leak_rate=1|n_units=200|rho=1.7|sigma_u=0,1,esp_convergence,n_pairs,10.0
2C_esp_map,leak_rate=1|n_units=200|rho=1.7|sigma_u=0,1,esp_convergence,n_fit_points,2990.0
2C_esp_map,leak_rate=1|n_units=200|rho=1.7|sigma_u=0,1,conditional_lyapunov,lyapunov_per_step,0.08083354945802104
2C_esp_map,leak_rate=1|n_units=200|rho=1.7|sigma_u=0,1,conditional_lyapunov,lyapunov_per_time,0.08083354945802104
2C_esp_map,leak_rate=1|n_units=200|rho=1.7|sigma_u=0,1,conditional_lyapunov,n_intervals,2799.0
2C_esp_map,leak_rate=1|n_units=200|rho=1.7|sigma_u=0,1,conditional_lyapunov,max_observed_growth,1.4115576679265676
2C_esp_map,leak_rate=1|n_units=200|rho=1.7|sigma_u=0,1,autocorrelation_time,tau_1e,0.6344828141103509
2C_esp_map,leak_rate=1|n_units=200|rho=1.7|sigma_u=0,1,autocorrelation_time,tau_censored,0.6344828141103509
2C_esp_map,leak_rate=1|n_units=200|rho=1.7|sigma_u=0,1,autocorrelation_time,tau_integrated,1.0037231194119978
2C_esp_map,leak_rate=1|n_units=200|rho=1.7|sigma_u=0,1,autocorrelation_time,max_lag,200.0
2C_esp_map,leak_rate=1|n_units=200|rho=1.7|sigma_u=0.05,1,esp_convergence,d_initial,0.7508463134565498
2C_esp_map,leak_rate=1|n_units=200|rho=1.7|sigma_u=0.05,1,esp_convergence,d_tail,1.006835818466513
2C_esp_map,leak_rate=1|n_units=200|rho=1.7|sigma_u=0.05,1,esp_convergence,converged,0.0
2C_esp_map,leak_rate=1|n_units=200|rho=1.7|sigma_u=0.05,1,esp_convergence,decay_rate_per_step,3.329727280607392e-05
2C_esp_map,leak_rate=1|n_units=200|rho=1.7|sigma_u=0.05,1,esp_convergence,n_pairs,10.0
2C_esp_map,leak_rate=1|n_units=200|rho=1.7|sigma_u=0.05,1,esp_convergence,n_fit_points,2990.0
2C_esp_map,leak_rate=1|n_units=200|rho=1.7|sigma_u=0.05,1,conditional_lyapunov,lyapunov_per_step,0.080248648866366
2C_esp_map,leak_rate=1|n_units=200|rho=1.7|sigma_u=0.05,1,conditional_lyapunov,lyapunov_per_time,0.080248648866366
2C_esp_map,leak_rate=1|n_units=200|rho=1.7|sigma_u=0.05,1,conditional_lyapunov,n_intervals,2799.0
2C_esp_map,leak_rate=1|n_units=200|rho=1.7|sigma_u=0.05,1,conditional_lyapunov,max_observed_growth,1.438856018219585
2C_esp_map,leak_rate=1|n_units=200|rho=1.7|sigma_u=0.05,1,autocorrelation_time,tau_1e,0.6306372751170112
2C_esp_map,leak_rate=1|n_units=200|rho=1.7|sigma_u=0.05,1,autocorrelation_time,tau_censored,0.6306372751170112
2C_esp_map,leak_rate=1|n_units=200|rho=1.7|sigma_u=0.05,1,autocorrelation_time,tau_integrated,1.0000000000000002
2C_esp_map,leak_rate=1|n_units=200|rho=1.7|sigma_u=0.05,1,autocorrelation_time,max_lag,200.0
2C_esp_map,leak_rate=1|n_units=200|rho=1.7|sigma_u=0.1,1,esp_convergence,d_initial,0.7513249871938883
2C_esp_map,leak_rate=1|n_units=200|rho=1.7|sigma_u=0.1,1,esp_convergence,d_tail,1.0125578580095878
2C_esp_map,leak_rate=1|n_units=200|rho=1.7|sigma_u=0.1,1,esp_convergence,converged,0.0
2C_esp_map,leak_rate=1|n_units=200|rho=1.7|sigma_u=0.1,1,esp_convergence,decay_rate_per_step,1.8558766015737027e-07
2C_esp_map,leak_rate=1|n_units=200|rho=1.7|sigma_u=0.1,1,esp_convergence,n_pairs,10.0
2C_esp_map,leak_rate=1|n_units=200|rho=1.7|sigma_u=0.1,1,esp_convergence,n_fit_points,2990.0
2C_esp_map,leak_rate=1|n_units=200|rho=1.7|sigma_u=0.1,1,conditional_lyapunov,lyapunov_per_step,0.08026800308444587
2C_esp_map,leak_rate=1|n_units=200|rho=1.7|sigma_u=0.1,1,conditional_lyapunov,lyapunov_per_time,0.08026800308444587
2C_esp_map,leak_rate=1|n_units=200|rho=1.7|sigma_u=0.1,1,conditional_lyapunov,n_intervals,2799.0
2C_esp_map,leak_rate=1|n_units=200|rho=1.7|sigma_u=0.1,1,conditional_lyapunov,max_observed_growth,1.3879931408702533
2C_esp_map,leak_rate=1|n_units=200|rho=1.7|sigma_u=0.1,1,autocorrelation_time,tau_1e,0.6186862784839938
2C_esp_map,leak_rate=1|n_units=200|rho=1.7|sigma_u=0.1,1,autocorrelation_time,tau_censored,0.6186862784839938
2C_esp_map,leak_rate=1|n_units=200|rho=1.7|sigma_u=0.1,1,autocorrelation_time,tau_integrated,1.0000000000000002
2C_esp_map,leak_rate=1|n_units=200|rho=1.7|sigma_u=0.1,1,autocorrelation_time,max_lag,200.0
2C_esp_map,leak_rate=1|n_units=200|rho=1.7|sigma_u=0.2,1,esp_convergence,d_initial,0.7522225538024648
2C_esp_map,leak_rate=1|n_units=200|rho=1.7|sigma_u=0.2,1,esp_convergence,d_tail,0.8876550917596051
2C_esp_map,leak_rate=1|n_units=200|rho=1.7|sigma_u=0.2,1,esp_convergence,converged,0.0
2C_esp_map,leak_rate=1|n_units=200|rho=1.7|sigma_u=0.2,1,esp_convergence,decay_rate_per_step,-1.5077979730182817e-05
2C_esp_map,leak_rate=1|n_units=200|rho=1.7|sigma_u=0.2,1,esp_convergence,n_pairs,10.0
2C_esp_map,leak_rate=1|n_units=200|rho=1.7|sigma_u=0.2,1,esp_convergence,n_fit_points,2990.0
2C_esp_map,leak_rate=1|n_units=200|rho=1.7|sigma_u=0.2,1,conditional_lyapunov,lyapunov_per_step,0.0815319255164705
2C_esp_map,leak_rate=1|n_units=200|rho=1.7|sigma_u=0.2,1,conditional_lyapunov,lyapunov_per_time,0.0815319255164705
2C_esp_map,leak_rate=1|n_units=200|rho=1.7|sigma_u=0.2,1,conditional_lyapunov,n_intervals,2799.0
2C_esp_map,leak_rate=1|n_units=200|rho=1.7|sigma_u=0.2,1,conditional_lyapunov,max_observed_growth,1.4456246360081448
2C_esp_map,leak_rate=1|n_units=200|rho=1.7|sigma_u=0.2,1,autocorrelation_time,tau_1e,0.6208677569315052
2C_esp_map,leak_rate=1|n_units=200|rho=1.7|sigma_u=0.2,1,autocorrelation_time,tau_censored,0.6208677569315052
2C_esp_map,leak_rate=1|n_units=200|rho=1.7|sigma_u=0.2,1,autocorrelation_time,tau_integrated,1.0
2C_esp_map,leak_rate=1|n_units=200|rho=1.7|sigma_u=0.2,1,autocorrelation_time,max_lag,200.0
2C_esp_map,leak_rate=1|n_units=200|rho=1.7|sigma_u=0.5,1,esp_convergence,d_initial,0.7544291390924586
2C_esp_map,leak_rate=1|n_units=200|rho=1.7|sigma_u=0.5,1,esp_convergence,d_tail,0.730112151775983
2C_esp_map,leak_rate=1|n_units=200|rho=1.7|sigma_u=0.5,1,esp_convergence,converged,0.0
2C_esp_map,leak_rate=1|n_units=200|rho=1.7|sigma_u=0.5,1,esp_convergence,decay_rate_per_step,-1.6427511343689048e-05
2C_esp_map,leak_rate=1|n_units=200|rho=1.7|sigma_u=0.5,1,esp_convergence,n_pairs,10.0
2C_esp_map,leak_rate=1|n_units=200|rho=1.7|sigma_u=0.5,1,esp_convergence,n_fit_points,2990.0
2C_esp_map,leak_rate=1|n_units=200|rho=1.7|sigma_u=0.5,1,conditional_lyapunov,lyapunov_per_step,0.06321443339499351
2C_esp_map,leak_rate=1|n_units=200|rho=1.7|sigma_u=0.5,1,conditional_lyapunov,lyapunov_per_time,0.06321443339499351
2C_esp_map,leak_rate=1|n_units=200|rho=1.7|sigma_u=0.5,1,conditional_lyapunov,n_intervals,2799.0
2C_esp_map,leak_rate=1|n_units=200|rho=1.7|sigma_u=0.5,1,conditional_lyapunov,max_observed_growth,1.4230774132453439
2C_esp_map,leak_rate=1|n_units=200|rho=1.7|sigma_u=0.5,1,autocorrelation_time,tau_1e,0.5986834567719239
2C_esp_map,leak_rate=1|n_units=200|rho=1.7|sigma_u=0.5,1,autocorrelation_time,tau_censored,0.5986834567719239
2C_esp_map,leak_rate=1|n_units=200|rho=1.7|sigma_u=0.5,1,autocorrelation_time,tau_integrated,1.0
2C_esp_map,leak_rate=1|n_units=200|rho=1.7|sigma_u=0.5,1,autocorrelation_time,max_lag,200.0
2C_esp_map,leak_rate=1|n_units=200|rho=1.7|sigma_u=1,1,esp_convergence,d_initial,0.7564324381626661
2C_esp_map,leak_rate=1|n_units=200|rho=1.7|sigma_u=1,1,esp_convergence,d_tail,0.18944618234160052
2C_esp_map,leak_rate=1|n_units=200|rho=1.7|sigma_u=1,1,esp_convergence,converged,0.0
2C_esp_map,leak_rate=1|n_units=200|rho=1.7|sigma_u=1,1,esp_convergence,decay_rate_per_step,-0.00020312855779904478
2C_esp_map,leak_rate=1|n_units=200|rho=1.7|sigma_u=1,1,esp_convergence,n_pairs,10.0
2C_esp_map,leak_rate=1|n_units=200|rho=1.7|sigma_u=1,1,esp_convergence,n_fit_points,2990.0
2C_esp_map,leak_rate=1|n_units=200|rho=1.7|sigma_u=1,1,conditional_lyapunov,lyapunov_per_step,0.010655488574164079
2C_esp_map,leak_rate=1|n_units=200|rho=1.7|sigma_u=1,1,conditional_lyapunov,lyapunov_per_time,0.010655488574164079
2C_esp_map,leak_rate=1|n_units=200|rho=1.7|sigma_u=1,1,conditional_lyapunov,n_intervals,2799.0
2C_esp_map,leak_rate=1|n_units=200|rho=1.7|sigma_u=1,1,conditional_lyapunov,max_observed_growth,1.4441823961356137
2C_esp_map,leak_rate=1|n_units=200|rho=1.7|sigma_u=1,1,autocorrelation_time,tau_1e,0.6139444293236537
2C_esp_map,leak_rate=1|n_units=200|rho=1.7|sigma_u=1,1,autocorrelation_time,tau_censored,0.6139444293236537
2C_esp_map,leak_rate=1|n_units=200|rho=1.7|sigma_u=1,1,autocorrelation_time,tau_integrated,0.9999999999999999
2C_esp_map,leak_rate=1|n_units=200|rho=1.7|sigma_u=1,1,autocorrelation_time,max_lag,200.0
2C_esp_map,leak_rate=1|n_units=200|rho=1.7|sigma_u=2,1,esp_convergence,d_initial,0.7537615764641735
2C_esp_map,leak_rate=1|n_units=200|rho=1.7|sigma_u=2,1,esp_convergence,d_tail,2.1376890419340168e-16
2C_esp_map,leak_rate=1|n_units=200|rho=1.7|sigma_u=2,1,esp_convergence,converged,1.0
2C_esp_map,leak_rate=1|n_units=200|rho=1.7|sigma_u=2,1,esp_convergence,decay_rate_per_step,-0.11224640094302278
2C_esp_map,leak_rate=1|n_units=200|rho=1.7|sigma_u=2,1,esp_convergence,n_pairs,10.0
2C_esp_map,leak_rate=1|n_units=200|rho=1.7|sigma_u=2,1,esp_convergence,n_fit_points,269.0
2C_esp_map,leak_rate=1|n_units=200|rho=1.7|sigma_u=2,1,conditional_lyapunov,lyapunov_per_step,-0.1312823663745643
2C_esp_map,leak_rate=1|n_units=200|rho=1.7|sigma_u=2,1,conditional_lyapunov,lyapunov_per_time,-0.1312823663745643
2C_esp_map,leak_rate=1|n_units=200|rho=1.7|sigma_u=2,1,conditional_lyapunov,n_intervals,2799.0
2C_esp_map,leak_rate=1|n_units=200|rho=1.7|sigma_u=2,1,conditional_lyapunov,max_observed_growth,1.301569825375308
2C_esp_map,leak_rate=1|n_units=200|rho=1.7|sigma_u=2,1,autocorrelation_time,tau_1e,0.6220188783868397
2C_esp_map,leak_rate=1|n_units=200|rho=1.7|sigma_u=2,1,autocorrelation_time,tau_censored,0.6220188783868397
2C_esp_map,leak_rate=1|n_units=200|rho=1.7|sigma_u=2,1,autocorrelation_time,tau_integrated,1.0
2C_esp_map,leak_rate=1|n_units=200|rho=1.7|sigma_u=2,1,autocorrelation_time,max_lag,200.0
2C_esp_map,leak_rate=1|n_units=200|rho=1.8|sigma_u=0,1,esp_convergence,d_initial,0.7703285852891699
2C_esp_map,leak_rate=1|n_units=200|rho=1.8|sigma_u=0,1,esp_convergence,d_tail,1.015399029500554
2C_esp_map,leak_rate=1|n_units=200|rho=1.8|sigma_u=0,1,esp_convergence,converged,0.0
2C_esp_map,leak_rate=1|n_units=200|rho=1.8|sigma_u=0,1,esp_convergence,decay_rate_per_step,2.7467846445041116e-05
2C_esp_map,leak_rate=1|n_units=200|rho=1.8|sigma_u=0,1,esp_convergence,n_pairs,10.0
2C_esp_map,leak_rate=1|n_units=200|rho=1.8|sigma_u=0,1,esp_convergence,n_fit_points,2990.0
2C_esp_map,leak_rate=1|n_units=200|rho=1.8|sigma_u=0,1,conditional_lyapunov,lyapunov_per_step,0.0968923129988716
2C_esp_map,leak_rate=1|n_units=200|rho=1.8|sigma_u=0,1,conditional_lyapunov,lyapunov_per_time,0.0968923129988716
2C_esp_map,leak_rate=1|n_units=200|rho=1.8|sigma_u=0,1,conditional_lyapunov,n_intervals,2799.0
2C_esp_map,leak_rate=1|n_units=200|rho=1.8|sigma_u=0,1,conditional_lyapunov,max_observed_growth,1.414472983143782
2C_esp_map,leak_rate=1|n_units=200|rho=1.8|sigma_u=0,1,autocorrelation_time,tau_1e,0.631094498601402
2C_esp_map,leak_rate=1|n_units=200|rho=1.8|sigma_u=0,1,autocorrelation_time,tau_censored,0.631094498601402
2C_esp_map,leak_rate=1|n_units=200|rho=1.8|sigma_u=0,1,autocorrelation_time,tau_integrated,1.0
2C_esp_map,leak_rate=1|n_units=200|rho=1.8|sigma_u=0,1,autocorrelation_time,max_lag,200.0
2C_esp_map,leak_rate=1|n_units=200|rho=1.8|sigma_u=0.05,1,esp_convergence,d_initial,0.7708214757269679
2C_esp_map,leak_rate=1|n_units=200|rho=1.8|sigma_u=0.05,1,esp_convergence,d_tail,0.9814189577108681
2C_esp_map,leak_rate=1|n_units=200|rho=1.8|sigma_u=0.05,1,esp_convergence,converged,0.0
2C_esp_map,leak_rate=1|n_units=200|rho=1.8|sigma_u=0.05,1,esp_convergence,decay_rate_per_step,5.029965749208087e-06
2C_esp_map,leak_rate=1|n_units=200|rho=1.8|sigma_u=0.05,1,esp_convergence,n_pairs,10.0
2C_esp_map,leak_rate=1|n_units=200|rho=1.8|sigma_u=0.05,1,esp_convergence,n_fit_points,2990.0
2C_esp_map,leak_rate=1|n_units=200|rho=1.8|sigma_u=0.05,1,conditional_lyapunov,lyapunov_per_step,0.09858372785211879
2C_esp_map,leak_rate=1|n_units=200|rho=1.8|sigma_u=0.05,1,conditional_lyapunov,lyapunov_per_time,0.09858372785211879
2C_esp_map,leak_rate=1|n_units=200|rho=1.8|sigma_u=0.05,1,conditional_lyapunov,n_intervals,2799.0
2C_esp_map,leak_rate=1|n_units=200|rho=1.8|sigma_u=0.05,1,conditional_lyapunov,max_observed_growth,1.3925061758475001
2C_esp_map,leak_rate=1|n_units=200|rho=1.8|sigma_u=0.05,1,autocorrelation_time,tau_1e,0.6330789417740827
2C_esp_map,leak_rate=1|n_units=200|rho=1.8|sigma_u=0.05,1,autocorrelation_time,tau_censored,0.6330789417740827
2C_esp_map,leak_rate=1|n_units=200|rho=1.8|sigma_u=0.05,1,autocorrelation_time,tau_integrated,1.001513844296952
2C_esp_map,leak_rate=1|n_units=200|rho=1.8|sigma_u=0.05,1,autocorrelation_time,max_lag,200.0
2C_esp_map,leak_rate=1|n_units=200|rho=1.8|sigma_u=0.1,1,esp_convergence,d_initial,0.7712962130007558
2C_esp_map,leak_rate=1|n_units=200|rho=1.8|sigma_u=0.1,1,esp_convergence,d_tail,0.9786049169807498
2C_esp_map,leak_rate=1|n_units=200|rho=1.8|sigma_u=0.1,1,esp_convergence,converged,0.0
2C_esp_map,leak_rate=1|n_units=200|rho=1.8|sigma_u=0.1,1,esp_convergence,decay_rate_per_step,9.110826067751901e-06
2C_esp_map,leak_rate=1|n_units=200|rho=1.8|sigma_u=0.1,1,esp_convergence,n_pairs,10.0
2C_esp_map,leak_rate=1|n_units=200|rho=1.8|sigma_u=0.1,1,esp_convergence,n_fit_points,2990.0
2C_esp_map,leak_rate=1|n_units=200|rho=1.8|sigma_u=0.1,1,conditional_lyapunov,lyapunov_per_step,0.09792832452599418
2C_esp_map,leak_rate=1|n_units=200|rho=1.8|sigma_u=0.1,1,conditional_lyapunov,lyapunov_per_time,0.09792832452599418
2C_esp_map,leak_rate=1|n_units=200|rho=1.8|sigma_u=0.1,1,conditional_lyapunov,n_intervals,2799.0
2C_esp_map,leak_rate=1|n_units=200|rho=1.8|sigma_u=0.1,1,conditional_lyapunov,max_observed_growth,1.424380154163748
2C_esp_map,leak_rate=1|n_units=200|rho=1.8|sigma_u=0.1,1,autocorrelation_time,tau_1e,0.6300971999076247
2C_esp_map,leak_rate=1|n_units=200|rho=1.8|sigma_u=0.1,1,autocorrelation_time,tau_censored,0.6300971999076247
2C_esp_map,leak_rate=1|n_units=200|rho=1.8|sigma_u=0.1,1,autocorrelation_time,tau_integrated,1.0
2C_esp_map,leak_rate=1|n_units=200|rho=1.8|sigma_u=0.1,1,autocorrelation_time,max_lag,200.0
2C_esp_map,leak_rate=1|n_units=200|rho=1.8|sigma_u=0.2,1,esp_convergence,d_initial,0.7721908358263525
2C_esp_map,leak_rate=1|n_units=200|rho=1.8|sigma_u=0.2,1,esp_convergence,d_tail,0.916139941626906
2C_esp_map,leak_rate=1|n_units=200|rho=1.8|sigma_u=0.2,1,esp_convergence,converged,0.0
2C_esp_map,leak_rate=1|n_units=200|rho=1.8|sigma_u=0.2,1,esp_convergence,decay_rate_per_step,-9.366158825054032e-06
2C_esp_map,leak_rate=1|n_units=200|rho=1.8|sigma_u=0.2,1,esp_convergence,n_pairs,10.0
2C_esp_map,leak_rate=1|n_units=200|rho=1.8|sigma_u=0.2,1,esp_convergence,n_fit_points,2990.0
2C_esp_map,leak_rate=1|n_units=200|rho=1.8|sigma_u=0.2,1,conditional_lyapunov,lyapunov_per_step,0.09977840532378564
2C_esp_map,leak_rate=1|n_units=200|rho=1.8|sigma_u=0.2,1,conditional_lyapunov,lyapunov_per_time,0.09977840532378564
2C_esp_map,leak_rate=1|n_units=200|rho=1.8|sigma_u=0.2,1,conditional_lyapunov,n_intervals,2799.0
2C_esp_map,leak_rate=1|n_units=200|rho=1.8|sigma_u=0.2,1,conditional_lyapunov,max_observed_growth,1.442192031112488
2C_esp_map,leak_rate=1|n_units=200|rho=1.8|sigma_u=0.2,1,autocorrelation_time,tau_1e,0.6208239240107312
2C_esp_map,leak_rate=1|n_units=200|rho=1.8|sigma_u=0.2,1,autocorrelation_time,tau_censored,0.6208239240107312
2C_esp_map,leak_rate=1|n_units=200|rho=1.8|sigma_u=0.2,1,autocorrelation_time,tau_integrated,1.0000000000000002
2C_esp_map,leak_rate=1|n_units=200|rho=1.8|sigma_u=0.2,1,autocorrelation_time,max_lag,200.0
2C_esp_map,leak_rate=1|n_units=200|rho=1.8|sigma_u=0.5,1,esp_convergence,d_initial,0.774428598965997
2C_esp_map,leak_rate=1|n_units=200|rho=1.8|sigma_u=0.5,1,esp_convergence,d_tail,0.7679021625907851
2C_esp_map,leak_rate=1|n_units=200|rho=1.8|sigma_u=0.5,1,esp_convergence,converged,0.0
2C_esp_map,leak_rate=1|n_units=200|rho=1.8|sigma_u=0.5,1,esp_convergence,decay_rate_per_step,1.3656489109203552e-05
2C_esp_map,leak_rate=1|n_units=200|rho=1.8|sigma_u=0.5,1,esp_convergence,n_pairs,10.0
2C_esp_map,leak_rate=1|n_units=200|rho=1.8|sigma_u=0.5,1,esp_convergence,n_fit_points,2990.0
2C_esp_map,leak_rate=1|n_units=200|rho=1.8|sigma_u=0.5,1,conditional_lyapunov,lyapunov_per_step,0.08360294283124993
2C_esp_map,leak_rate=1|n_units=200|rho=1.8|sigma_u=0.5,1,conditional_lyapunov,lyapunov_per_time,0.08360294283124993
2C_esp_map,leak_rate=1|n_units=200|rho=1.8|sigma_u=0.5,1,conditional_lyapunov,n_intervals,2799.0
2C_esp_map,leak_rate=1|n_units=200|rho=1.8|sigma_u=0.5,1,conditional_lyapunov,max_observed_growth,1.481758766320379
2C_esp_map,leak_rate=1|n_units=200|rho=1.8|sigma_u=0.5,1,autocorrelation_time,tau_1e,0.6041814851045291
2C_esp_map,leak_rate=1|n_units=200|rho=1.8|sigma_u=0.5,1,autocorrelation_time,tau_censored,0.6041814851045291
2C_esp_map,leak_rate=1|n_units=200|rho=1.8|sigma_u=0.5,1,autocorrelation_time,tau_integrated,1.0
2C_esp_map,leak_rate=1|n_units=200|rho=1.8|sigma_u=0.5,1,autocorrelation_time,max_lag,200.0
2C_esp_map,leak_rate=1|n_units=200|rho=1.8|sigma_u=1,1,esp_convergence,d_initial,0.7766197588891603
2C_esp_map,leak_rate=1|n_units=200|rho=1.8|sigma_u=1,1,esp_convergence,d_tail,0.4524914800886087
2C_esp_map,leak_rate=1|n_units=200|rho=1.8|sigma_u=1,1,esp_convergence,converged,0.0
2C_esp_map,leak_rate=1|n_units=200|rho=1.8|sigma_u=1,1,esp_convergence,decay_rate_per_step,-2.6404016497174147e-05
2C_esp_map,leak_rate=1|n_units=200|rho=1.8|sigma_u=1,1,esp_convergence,n_pairs,10.0
2C_esp_map,leak_rate=1|n_units=200|rho=1.8|sigma_u=1,1,esp_convergence,n_fit_points,2990.0
2C_esp_map,leak_rate=1|n_units=200|rho=1.8|sigma_u=1,1,conditional_lyapunov,lyapunov_per_step,0.03778574664524417
2C_esp_map,leak_rate=1|n_units=200|rho=1.8|sigma_u=1,1,conditional_lyapunov,lyapunov_per_time,0.03778574664524417
2C_esp_map,leak_rate=1|n_units=200|rho=1.8|sigma_u=1,1,conditional_lyapunov,n_intervals,2799.0
2C_esp_map,leak_rate=1|n_units=200|rho=1.8|sigma_u=1,1,conditional_lyapunov,max_observed_growth,1.4569692212365026
2C_esp_map,leak_rate=1|n_units=200|rho=1.8|sigma_u=1,1,autocorrelation_time,tau_1e,0.6148498528834935
2C_esp_map,leak_rate=1|n_units=200|rho=1.8|sigma_u=1,1,autocorrelation_time,tau_censored,0.6148498528834935
2C_esp_map,leak_rate=1|n_units=200|rho=1.8|sigma_u=1,1,autocorrelation_time,tau_integrated,1.0
2C_esp_map,leak_rate=1|n_units=200|rho=1.8|sigma_u=1,1,autocorrelation_time,max_lag,200.0
2C_esp_map,leak_rate=1|n_units=200|rho=1.8|sigma_u=2,1,esp_convergence,d_initial,0.7748288322743268
2C_esp_map,leak_rate=1|n_units=200|rho=1.8|sigma_u=2,1,esp_convergence,d_tail,2.6874617384753415e-16
2C_esp_map,leak_rate=1|n_units=200|rho=1.8|sigma_u=2,1,esp_convergence,converged,1.0
2C_esp_map,leak_rate=1|n_units=200|rho=1.8|sigma_u=2,1,esp_convergence,decay_rate_per_step,-0.07699482523923461
2C_esp_map,leak_rate=1|n_units=200|rho=1.8|sigma_u=2,1,esp_convergence,n_pairs,10.0
2C_esp_map,leak_rate=1|n_units=200|rho=1.8|sigma_u=2,1,esp_convergence,n_fit_points,419.0
2C_esp_map,leak_rate=1|n_units=200|rho=1.8|sigma_u=2,1,conditional_lyapunov,lyapunov_per_step,-0.08812457379859075
2C_esp_map,leak_rate=1|n_units=200|rho=1.8|sigma_u=2,1,conditional_lyapunov,lyapunov_per_time,-0.08812457379859075
2C_esp_map,leak_rate=1|n_units=200|rho=1.8|sigma_u=2,1,conditional_lyapunov,n_intervals,2799.0
2C_esp_map,leak_rate=1|n_units=200|rho=1.8|sigma_u=2,1,conditional_lyapunov,max_observed_growth,1.37979219452437
2C_esp_map,leak_rate=1|n_units=200|rho=1.8|sigma_u=2,1,autocorrelation_time,tau_1e,0.6216563793568498
2C_esp_map,leak_rate=1|n_units=200|rho=1.8|sigma_u=2,1,autocorrelation_time,tau_censored,0.6216563793568498
2C_esp_map,leak_rate=1|n_units=200|rho=1.8|sigma_u=2,1,autocorrelation_time,tau_integrated,1.0
2C_esp_map,leak_rate=1|n_units=200|rho=1.8|sigma_u=2,1,autocorrelation_time,max_lag,200.0
2C_esp_map,leak_rate=1|n_units=200|rho=1.9|sigma_u=0,1,esp_convergence,d_initial,0.7888544038098638
2C_esp_map,leak_rate=1|n_units=200|rho=1.9|sigma_u=0,1,esp_convergence,d_tail,1.0357093210877588
2C_esp_map,leak_rate=1|n_units=200|rho=1.9|sigma_u=0,1,esp_convergence,converged,0.0
2C_esp_map,leak_rate=1|n_units=200|rho=1.9|sigma_u=0,1,esp_convergence,decay_rate_per_step,1.366612275376745e-05
2C_esp_map,leak_rate=1|n_units=200|rho=1.9|sigma_u=0,1,esp_convergence,n_pairs,10.0
2C_esp_map,leak_rate=1|n_units=200|rho=1.9|sigma_u=0,1,esp_convergence,n_fit_points,2990.0
2C_esp_map,leak_rate=1|n_units=200|rho=1.9|sigma_u=0,1,conditional_lyapunov,lyapunov_per_step,0.11637750719552124
2C_esp_map,leak_rate=1|n_units=200|rho=1.9|sigma_u=0,1,conditional_lyapunov,lyapunov_per_time,0.11637750719552124
2C_esp_map,leak_rate=1|n_units=200|rho=1.9|sigma_u=0,1,conditional_lyapunov,n_intervals,2799.0
2C_esp_map,leak_rate=1|n_units=200|rho=1.9|sigma_u=0,1,conditional_lyapunov,max_observed_growth,1.4569308461894572
2C_esp_map,leak_rate=1|n_units=200|rho=1.9|sigma_u=0,1,autocorrelation_time,tau_1e,0.6153606956132501
2C_esp_map,leak_rate=1|n_units=200|rho=1.9|sigma_u=0,1,autocorrelation_time,tau_censored,0.6153606956132501
2C_esp_map,leak_rate=1|n_units=200|rho=1.9|sigma_u=0,1,autocorrelation_time,tau_integrated,1.0
2C_esp_map,leak_rate=1|n_units=200|rho=1.9|sigma_u=0,1,autocorrelation_time,max_lag,200.0
2C_esp_map,leak_rate=1|n_units=200|rho=1.9|sigma_u=0.05,1,esp_convergence,d_initial,0.7893407075678368
2C_esp_map,leak_rate=1|n_units=200|rho=1.9|sigma_u=0.05,1,esp_convergence,d_tail,1.003930636033699
2C_esp_map,leak_rate=1|n_units=200|rho=1.9|sigma_u=0.05,1,esp_convergence,converged,0.0
2C_esp_map,leak_rate=1|n_units=200|rho=1.9|sigma_u=0.05,1,esp_convergence,decay_rate_per_step,1.2519644543366755e-05
2C_esp_map,leak_rate=1|n_units=200|rho=1.9|sigma_u=0.05,1,esp_convergence,n_pairs,10.0
2C_esp_map,leak_rate=1|n_units=200|rho=1.9|sigma_u=0.05,1,esp_convergence,n_fit_points,2990.0
2C_esp_map,leak_rate=1|n_units=200|rho=1.9|sigma_u=0.05,1,conditional_lyapunov,lyapunov_per_step,0.11683211443938328
2C_esp_map,leak_rate=1|n_units=200|rho=1.9|sigma_u=0.05,1,conditional_lyapunov,lyapunov_per_time,0.11683211443938328
2C_esp_map,leak_rate=1|n_units=200|rho=1.9|sigma_u=0.05,1,conditional_lyapunov,n_intervals,2799.0
2C_esp_map,leak_rate=1|n_units=200|rho=1.9|sigma_u=0.05,1,conditional_lyapunov,max_observed_growth,1.5142042653077974
2C_esp_map,leak_rate=1|n_units=200|rho=1.9|sigma_u=0.05,1,autocorrelation_time,tau_1e,0.6175433443930518
2C_esp_map,leak_rate=1|n_units=200|rho=1.9|sigma_u=0.05,1,autocorrelation_time,tau_censored,0.6175433443930518
2C_esp_map,leak_rate=1|n_units=200|rho=1.9|sigma_u=0.05,1,autocorrelation_time,tau_integrated,1.0
2C_esp_map,leak_rate=1|n_units=200|rho=1.9|sigma_u=0.05,1,autocorrelation_time,max_lag,200.0
2C_esp_map,leak_rate=1|n_units=200|rho=1.9|sigma_u=0.1,1,esp_convergence,d_initial,0.789810356001085
2C_esp_map,leak_rate=1|n_units=200|rho=1.9|sigma_u=0.1,1,esp_convergence,d_tail,1.007471452054806
2C_esp_map,leak_rate=1|n_units=200|rho=1.9|sigma_u=0.1,1,esp_convergence,converged,0.0
2C_esp_map,leak_rate=1|n_units=200|rho=1.9|sigma_u=0.1,1,esp_convergence,decay_rate_per_step,-3.267963974046261e-06
2C_esp_map,leak_rate=1|n_units=200|rho=1.9|sigma_u=0.1,1,esp_convergence,n_pairs,10.0
2C_esp_map,leak_rate=1|n_units=200|rho=1.9|sigma_u=0.1,1,esp_convergence,n_fit_points,2990.0
2C_esp_map,leak_rate=1|n_units=200|rho=1.9|sigma_u=0.1,1,conditional_lyapunov,lyapunov_per_step,0.11400678372322211
2C_esp_map,leak_rate=1|n_units=200|rho=1.9|sigma_u=0.1,1,conditional_lyapunov,lyapunov_per_time,0.11400678372322211
2C_esp_map,leak_rate=1|n_units=200|rho=1.9|sigma_u=0.1,1,conditional_lyapunov,n_intervals,2799.0
2C_esp_map,leak_rate=1|n_units=200|rho=1.9|sigma_u=0.1,1,conditional_lyapunov,max_observed_growth,1.4362843729610948
2C_esp_map,leak_rate=1|n_units=200|rho=1.9|sigma_u=0.1,1,autocorrelation_time,tau_1e,0.6145552216454594
2C_esp_map,leak_rate=1|n_units=200|rho=1.9|sigma_u=0.1,1,autocorrelation_time,tau_censored,0.6145552216454594
2C_esp_map,leak_rate=1|n_units=200|rho=1.9|sigma_u=0.1,1,autocorrelation_time,tau_integrated,1.0000000000000002
2C_esp_map,leak_rate=1|n_units=200|rho=1.9|sigma_u=0.1,1,autocorrelation_time,max_lag,200.0
2C_esp_map,leak_rate=1|n_units=200|rho=1.9|sigma_u=0.2,1,esp_convergence,d_initial,0.7906993283546975
2C_esp_map,leak_rate=1|n_units=200|rho=1.9|sigma_u=0.2,1,esp_convergence,d_tail,0.9701125888758668
2C_esp_map,leak_rate=1|n_units=200|rho=1.9|sigma_u=0.2,1,esp_convergence,converged,0.0
2C_esp_map,leak_rate=1|n_units=200|rho=1.9|sigma_u=0.2,1,esp_convergence,decay_rate_per_step,6.330077414360515e-06
2C_esp_map,leak_rate=1|n_units=200|rho=1.9|sigma_u=0.2,1,esp_convergence,n_pairs,10.0
2C_esp_map,leak_rate=1|n_units=200|rho=1.9|sigma_u=0.2,1,esp_convergence,n_fit_points,2990.0
2C_esp_map,leak_rate=1|n_units=200|rho=1.9|sigma_u=0.2,1,conditional_lyapunov,lyapunov_per_step,0.1140828204100435
2C_esp_map,leak_rate=1|n_units=200|rho=1.9|sigma_u=0.2,1,conditional_lyapunov,lyapunov_per_time,0.1140828204100435
2C_esp_map,leak_rate=1|n_units=200|rho=1.9|sigma_u=0.2,1,conditional_lyapunov,n_intervals,2799.0
2C_esp_map,leak_rate=1|n_units=200|rho=1.9|sigma_u=0.2,1,conditional_lyapunov,max_observed_growth,1.5372109293260376
2C_esp_map,leak_rate=1|n_units=200|rho=1.9|sigma_u=0.2,1,autocorrelation_time,tau_1e,0.6283421317234518
2C_esp_map,leak_rate=1|n_units=200|rho=1.9|sigma_u=0.2,1,autocorrelation_time,tau_censored,0.6283421317234518
2C_esp_map,leak_rate=1|n_units=200|rho=1.9|sigma_u=0.2,1,autocorrelation_time,tau_integrated,1.0
2C_esp_map,leak_rate=1|n_units=200|rho=1.9|sigma_u=0.2,1,autocorrelation_time,max_lag,200.0
2C_esp_map,leak_rate=1|n_units=200|rho=1.9|sigma_u=0.5,1,esp_convergence,d_initial,0.7929569020360262
2C_esp_map,leak_rate=1|n_units=200|rho=1.9|sigma_u=0.5,1,esp_convergence,d_tail,0.8728159494171279
2C_esp_map,leak_rate=1|n_units=200|rho=1.9|sigma_u=0.5,1,esp_convergence,converged,0.0
2C_esp_map,leak_rate=1|n_units=200|rho=1.9|sigma_u=0.5,1,esp_convergence,decay_rate_per_step,1.2251447160834797e-05
2C_esp_map,leak_rate=1|n_units=200|rho=1.9|sigma_u=0.5,1,esp_convergence,n_pairs,10.0
2C_esp_map,leak_rate=1|n_units=200|rho=1.9|sigma_u=0.5,1,esp_convergence,n_fit_points,2990.0
2C_esp_map,leak_rate=1|n_units=200|rho=1.9|sigma_u=0.5,1,conditional_lyapunov,lyapunov_per_step,0.10086925893758737
2C_esp_map,leak_rate=1|n_units=200|rho=1.9|sigma_u=0.5,1,conditional_lyapunov,lyapunov_per_time,0.10086925893758737
2C_esp_map,leak_rate=1|n_units=200|rho=1.9|sigma_u=0.5,1,conditional_lyapunov,n_intervals,2799.0
2C_esp_map,leak_rate=1|n_units=200|rho=1.9|sigma_u=0.5,1,conditional_lyapunov,max_observed_growth,1.4561616207722456
2C_esp_map,leak_rate=1|n_units=200|rho=1.9|sigma_u=0.5,1,autocorrelation_time,tau_1e,0.6038218388184478
2C_esp_map,leak_rate=1|n_units=200|rho=1.9|sigma_u=0.5,1,autocorrelation_time,tau_censored,0.6038218388184478
2C_esp_map,leak_rate=1|n_units=200|rho=1.9|sigma_u=0.5,1,autocorrelation_time,tau_integrated,0.9999999999999997
2C_esp_map,leak_rate=1|n_units=200|rho=1.9|sigma_u=0.5,1,autocorrelation_time,max_lag,200.0
2C_esp_map,leak_rate=1|n_units=200|rho=1.9|sigma_u=1,1,esp_convergence,d_initial,0.7953063477426668
2C_esp_map,leak_rate=1|n_units=200|rho=1.9|sigma_u=1,1,esp_convergence,d_tail,0.6006627695863057
2C_esp_map,leak_rate=1|n_units=200|rho=1.9|sigma_u=1,1,esp_convergence,converged,0.0
2C_esp_map,leak_rate=1|n_units=200|rho=1.9|sigma_u=1,1,esp_convergence,decay_rate_per_step,-2.3620199969849694e-05
2C_esp_map,leak_rate=1|n_units=200|rho=1.9|sigma_u=1,1,esp_convergence,n_pairs,10.0
2C_esp_map,leak_rate=1|n_units=200|rho=1.9|sigma_u=1,1,esp_convergence,n_fit_points,2990.0
2C_esp_map,leak_rate=1|n_units=200|rho=1.9|sigma_u=1,1,conditional_lyapunov,lyapunov_per_step,0.06669034637773995
2C_esp_map,leak_rate=1|n_units=200|rho=1.9|sigma_u=1,1,conditional_lyapunov,lyapunov_per_time,0.06669034637773995
2C_esp_map,leak_rate=1|n_units=200|rho=1.9|sigma_u=1,1,conditional_lyapunov,n_intervals,2799.0
2C_esp_map,leak_rate=1|n_units=200|rho=1.9|sigma_u=1,1,conditional_lyapunov,max_observed_growth,1.4262224043485057
2C_esp_map,leak_rate=1|n_units=200|rho=1.9|sigma_u=1,1,autocorrelation_time,tau_1e,0.6085958324760755
2C_esp_map,leak_rate=1|n_units=200|rho=1.9|sigma_u=1,1,autocorrelation_time,tau_censored,0.6085958324760755
2C_esp_map,leak_rate=1|n_units=200|rho=1.9|sigma_u=1,1,autocorrelation_time,tau_integrated,0.9999999999999999
2C_esp_map,leak_rate=1|n_units=200|rho=1.9|sigma_u=1,1,autocorrelation_time,max_lag,200.0
2C_esp_map,leak_rate=1|n_units=200|rho=1.9|sigma_u=2,1,esp_convergence,d_initial,0.794303247620146
2C_esp_map,leak_rate=1|n_units=200|rho=1.9|sigma_u=2,1,esp_convergence,d_tail,5.030226169362348e-16
2C_esp_map,leak_rate=1|n_units=200|rho=1.9|sigma_u=2,1,esp_convergence,converged,1.0
2C_esp_map,leak_rate=1|n_units=200|rho=1.9|sigma_u=2,1,esp_convergence,decay_rate_per_step,-0.051050036479159365
2C_esp_map,leak_rate=1|n_units=200|rho=1.9|sigma_u=2,1,esp_convergence,n_pairs,10.0
2C_esp_map,leak_rate=1|n_units=200|rho=1.9|sigma_u=2,1,esp_convergence,n_fit_points,655.0
2C_esp_map,leak_rate=1|n_units=200|rho=1.9|sigma_u=2,1,conditional_lyapunov,lyapunov_per_step,-0.0516125400762727
2C_esp_map,leak_rate=1|n_units=200|rho=1.9|sigma_u=2,1,conditional_lyapunov,lyapunov_per_time,-0.0516125400762727
2C_esp_map,leak_rate=1|n_units=200|rho=1.9|sigma_u=2,1,conditional_lyapunov,n_intervals,2799.0
2C_esp_map,leak_rate=1|n_units=200|rho=1.9|sigma_u=2,1,conditional_lyapunov,max_observed_growth,1.388793831130026
2C_esp_map,leak_rate=1|n_units=200|rho=1.9|sigma_u=2,1,autocorrelation_time,tau_1e,0.6212794678917691
2C_esp_map,leak_rate=1|n_units=200|rho=1.9|sigma_u=2,1,autocorrelation_time,tau_censored,0.6212794678917691
2C_esp_map,leak_rate=1|n_units=200|rho=1.9|sigma_u=2,1,autocorrelation_time,tau_integrated,1.0000000000000002
2C_esp_map,leak_rate=1|n_units=200|rho=1.9|sigma_u=2,1,autocorrelation_time,max_lag,200.0
2C_esp_map,leak_rate=1|n_units=200|rho=0.4|sigma_u=0,2,esp_convergence,d_initial,0.2630553643401271
2C_esp_map,leak_rate=1|n_units=200|rho=0.4|sigma_u=0,2,esp_convergence,d_tail,0.0
2C_esp_map,leak_rate=1|n_units=200|rho=0.4|sigma_u=0,2,esp_convergence,converged,1.0
2C_esp_map,leak_rate=1|n_units=200|rho=0.4|sigma_u=0,2,esp_convergence,decay_rate_per_step,-0.9621198665776574
2C_esp_map,leak_rate=1|n_units=200|rho=0.4|sigma_u=0,2,esp_convergence,n_pairs,10.0
2C_esp_map,leak_rate=1|n_units=200|rho=0.4|sigma_u=0,2,esp_convergence,n_fit_points,23.0
2C_esp_map,leak_rate=1|n_units=200|rho=0.4|sigma_u=0,2,conditional_lyapunov,lyapunov_per_step,-0.9169860078488532
2C_esp_map,leak_rate=1|n_units=200|rho=0.4|sigma_u=0,2,conditional_lyapunov,lyapunov_per_time,-0.9169860078488532
2C_esp_map,leak_rate=1|n_units=200|rho=0.4|sigma_u=0,2,conditional_lyapunov,n_intervals,2799.0
2C_esp_map,leak_rate=1|n_units=200|rho=0.4|sigma_u=0,2,conditional_lyapunov,max_observed_growth,0.4179915220923556
2C_esp_map,leak_rate=1|n_units=200|rho=0.4|sigma_u=0,2,autocorrelation_time,tau_1e,1.1340193563463385
2C_esp_map,leak_rate=1|n_units=200|rho=0.4|sigma_u=0,2,autocorrelation_time,tau_censored,1.1340193563463385
2C_esp_map,leak_rate=1|n_units=200|rho=0.4|sigma_u=0,2,autocorrelation_time,tau_integrated,1.6668169125435204
2C_esp_map,leak_rate=1|n_units=200|rho=0.4|sigma_u=0,2,autocorrelation_time,max_lag,200.0
2C_esp_map,leak_rate=1|n_units=200|rho=0.4|sigma_u=0.05,2,esp_convergence,d_initial,0.2628527788436228
2C_esp_map,leak_rate=1|n_units=200|rho=0.4|sigma_u=0.05,2,esp_convergence,d_tail,1.48926878703348e-18
2C_esp_map,leak_rate=1|n_units=200|rho=0.4|sigma_u=0.05,2,esp_convergence,converged,1.0
2C_esp_map,leak_rate=1|n_units=200|rho=0.4|sigma_u=0.05,2,esp_convergence,decay_rate_per_step,-0.9632456046691148
2C_esp_map,leak_rate=1|n_units=200|rho=0.4|sigma_u=0.05,2,esp_convergence,n_pairs,10.0
2C_esp_map,leak_rate=1|n_units=200|rho=0.4|sigma_u=0.05,2,esp_convergence,n_fit_points,23.0
2C_esp_map,leak_rate=1|n_units=200|rho=0.4|sigma_u=0.05,2,conditional_lyapunov,lyapunov_per_step,-0.917798252244169
2C_esp_map,leak_rate=1|n_units=200|rho=0.4|sigma_u=0.05,2,conditional_lyapunov,lyapunov_per_time,-0.917798252244169
2C_esp_map,leak_rate=1|n_units=200|rho=0.4|sigma_u=0.05,2,conditional_lyapunov,n_intervals,2799.0
2C_esp_map,leak_rate=1|n_units=200|rho=0.4|sigma_u=0.05,2,conditional_lyapunov,max_observed_growth,0.4174070787046637
2C_esp_map,leak_rate=1|n_units=200|rho=0.4|sigma_u=0.05,2,autocorrelation_time,tau_1e,0.5896633153327074
2C_esp_map,leak_rate=1|n_units=200|rho=0.4|sigma_u=0.05,2,autocorrelation_time,tau_censored,0.5896633153327074
2C_esp_map,leak_rate=1|n_units=200|rho=0.4|sigma_u=0.05,2,autocorrelation_time,tau_integrated,1.0
2C_esp_map,leak_rate=1|n_units=200|rho=0.4|sigma_u=0.05,2,autocorrelation_time,max_lag,200.0
2C_esp_map,leak_rate=1|n_units=200|rho=0.4|sigma_u=0.1,2,esp_convergence,d_initial,0.26232062708318304
2C_esp_map,leak_rate=1|n_units=200|rho=0.4|sigma_u=0.1,2,esp_convergence,d_tail,3.0122014446873737e-18
2C_esp_map,leak_rate=1|n_units=200|rho=0.4|sigma_u=0.1,2,esp_convergence,converged,1.0
2C_esp_map,leak_rate=1|n_units=200|rho=0.4|sigma_u=0.1,2,esp_convergence,decay_rate_per_step,-0.9419385801530084
2C_esp_map,leak_rate=1|n_units=200|rho=0.4|sigma_u=0.1,2,esp_convergence,n_pairs,10.0
2C_esp_map,leak_rate=1|n_units=200|rho=0.4|sigma_u=0.1,2,esp_convergence,n_fit_points,23.0
2C_esp_map,leak_rate=1|n_units=200|rho=0.4|sigma_u=0.1,2,conditional_lyapunov,lyapunov_per_step,-0.9202198467685102
2C_esp_map,leak_rate=1|n_units=200|rho=0.4|sigma_u=0.1,2,conditional_lyapunov,lyapunov_per_time,-0.9202198467685102
2C_esp_map,leak_rate=1|n_units=200|rho=0.4|sigma_u=0.1,2,conditional_lyapunov,n_intervals,2799.0
2C_esp_map,leak_rate=1|n_units=200|rho=0.4|sigma_u=0.1,2,conditional_lyapunov,max_observed_growth,0.41567569517650765
2C_esp_map,leak_rate=1|n_units=200|rho=0.4|sigma_u=0.1,2,autocorrelation_time,tau_1e,0.5898463933946678
2C_esp_map,leak_rate=1|n_units=200|rho=0.4|sigma_u=0.1,2,autocorrelation_time,tau_censored,0.5898463933946678
2C_esp_map,leak_rate=1|n_units=200|rho=0.4|sigma_u=0.1,2,autocorrelation_time,tau_integrated,1.0
2C_esp_map,leak_rate=1|n_units=200|rho=0.4|sigma_u=0.1,2,autocorrelation_time,max_lag,200.0
2C_esp_map,leak_rate=1|n_units=200|rho=0.4|sigma_u=0.2,2,esp_convergence,d_initial,0.26029147380067824
2C_esp_map,leak_rate=1|n_units=200|rho=0.4|sigma_u=0.2,2,esp_convergence,d_tail,0.0
2C_esp_map,leak_rate=1|n_units=200|rho=0.4|sigma_u=0.2,2,esp_convergence,converged,1.0
2C_esp_map,leak_rate=1|n_units=200|rho=0.4|sigma_u=0.2,2,esp_convergence,decay_rate_per_step,-0.9781828229662943
2C_esp_map,leak_rate=1|n_units=200|rho=0.4|sigma_u=0.2,2,esp_convergence,n_pairs,10.0
2C_esp_map,leak_rate=1|n_units=200|rho=0.4|sigma_u=0.2,2,esp_convergence,n_fit_points,22.0
2C_esp_map,leak_rate=1|n_units=200|rho=0.4|sigma_u=0.2,2,conditional_lyapunov,lyapunov_per_step,-0.9296866747497246
2C_esp_map,leak_rate=1|n_units=200|rho=0.4|sigma_u=0.2,2,conditional_lyapunov,lyapunov_per_time,-0.9296866747497246
2C_esp_map,leak_rate=1|n_units=200|rho=0.4|sigma_u=0.2,2,conditional_lyapunov,n_intervals,2799.0
2C_esp_map,leak_rate=1|n_units=200|rho=0.4|sigma_u=0.2,2,conditional_lyapunov,max_observed_growth,0.40906766619607143
2C_esp_map,leak_rate=1|n_units=200|rho=0.4|sigma_u=0.2,2,autocorrelation_time,tau_1e,0.5905485180698697
2C_esp_map,leak_rate=1|n_units=200|rho=0.4|sigma_u=0.2,2,autocorrelation_time,tau_censored,0.5905485180698697
2C_esp_map,leak_rate=1|n_units=200|rho=0.4|sigma_u=0.2,2,autocorrelation_time,tau_integrated,1.0000000000000002
2C_esp_map,leak_rate=1|n_units=200|rho=0.4|sigma_u=0.2,2,autocorrelation_time,max_lag,200.0
2C_esp_map,leak_rate=1|n_units=200|rho=0.4|sigma_u=0.5,2,esp_convergence,d_initial,0.24752783272862067
2C_esp_map,leak_rate=1|n_units=200|rho=0.4|sigma_u=0.5,2,esp_convergence,d_tail,0.0
2C_esp_map,leak_rate=1|n_units=200|rho=0.4|sigma_u=0.5,2,esp_convergence,converged,1.0
2C_esp_map,leak_rate=1|n_units=200|rho=0.4|sigma_u=0.5,2,esp_convergence,decay_rate_per_step,-1.0440634942945661
2C_esp_map,leak_rate=1|n_units=200|rho=0.4|sigma_u=0.5,2,esp_convergence,n_pairs,10.0
2C_esp_map,leak_rate=1|n_units=200|rho=0.4|sigma_u=0.5,2,esp_convergence,n_fit_points,20.0
2C_esp_map,leak_rate=1|n_units=200|rho=0.4|sigma_u=0.5,2,conditional_lyapunov,lyapunov_per_step,-0.9877158140528607
2C_esp_map,leak_rate=1|n_units=200|rho=0.4|sigma_u=0.5,2,conditional_lyapunov,lyapunov_per_time,-0.9877158140528607
2C_esp_map,leak_rate=1|n_units=200|rho=0.4|sigma_u=0.5,2,conditional_lyapunov,n_intervals,2799.0
2C_esp_map,leak_rate=1|n_units=200|rho=0.4|sigma_u=0.5,2,conditional_lyapunov,max_observed_growth,0.4067886497255369
2C_esp_map,leak_rate=1|n_units=200|rho=0.4|sigma_u=0.5,2,autocorrelation_time,tau_1e,0.5944747981604072
2C_esp_map,leak_rate=1|n_units=200|rho=0.4|sigma_u=0.5,2,autocorrelation_time,tau_censored,0.5944747981604072
2C_esp_map,leak_rate=1|n_units=200|rho=0.4|sigma_u=0.5,2,autocorrelation_time,tau_integrated,1.0
2C_esp_map,leak_rate=1|n_units=200|rho=0.4|sigma_u=0.5,2,autocorrelation_time,max_lag,200.0
2C_esp_map,leak_rate=1|n_units=200|rho=0.4|sigma_u=1,2,esp_convergence,d_initial,0.214891969934985
2C_esp_map,leak_rate=1|n_units=200|rho=0.4|sigma_u=1,2,esp_convergence,d_tail,0.0
2C_esp_map,leak_rate=1|n_units=200|rho=0.4|sigma_u=1,2,esp_convergence,converged,1.0
2C_esp_map,leak_rate=1|n_units=200|rho=0.4|sigma_u=1,2,esp_convergence,decay_rate_per_step,-1.177890321760792
2C_esp_map,leak_rate=1|n_units=200|rho=0.4|sigma_u=1,2,esp_convergence,n_pairs,10.0
2C_esp_map,leak_rate=1|n_units=200|rho=0.4|sigma_u=1,2,esp_convergence,n_fit_points,17.0
2C_esp_map,leak_rate=1|n_units=200|rho=0.4|sigma_u=1,2,conditional_lyapunov,lyapunov_per_step,-1.122823658442005
2C_esp_map,leak_rate=1|n_units=200|rho=0.4|sigma_u=1,2,conditional_lyapunov,lyapunov_per_time,-1.122823658442005
2C_esp_map,leak_rate=1|n_units=200|rho=0.4|sigma_u=1,2,conditional_lyapunov,n_intervals,2799.0
2C_esp_map,leak_rate=1|n_units=200|rho=0.4|sigma_u=1,2,conditional_lyapunov,max_observed_growth,0.420483552063489
2C_esp_map,leak_rate=1|n_units=200|rho=0.4|sigma_u=1,2,autocorrelation_time,tau_1e,0.601910844470944
2C_esp_map,leak_rate=1|n_units=200|rho=0.4|sigma_u=1,2,autocorrelation_time,tau_censored,0.601910844470944
2C_esp_map,leak_rate=1|n_units=200|rho=0.4|sigma_u=1,2,autocorrelation_time,tau_integrated,0.9999999999999999
2C_esp_map,leak_rate=1|n_units=200|rho=0.4|sigma_u=1,2,autocorrelation_time,max_lag,200.0
2C_esp_map,leak_rate=1|n_units=200|rho=0.4|sigma_u=2,2,esp_convergence,d_initial,0.16380233243371323
2C_esp_map,leak_rate=1|n_units=200|rho=0.4|sigma_u=2,2,esp_convergence,d_tail,0.0
2C_esp_map,leak_rate=1|n_units=200|rho=0.4|sigma_u=2,2,esp_convergence,converged,1.0
2C_esp_map,leak_rate=1|n_units=200|rho=0.4|sigma_u=2,2,esp_convergence,decay_rate_per_step,-1.392692853526139
2C_esp_map,leak_rate=1|n_units=200|rho=0.4|sigma_u=2,2,esp_convergence,n_pairs,10.0
2C_esp_map,leak_rate=1|n_units=200|rho=0.4|sigma_u=2,2,esp_convergence,n_fit_points,13.0
2C_esp_map,leak_rate=1|n_units=200|rho=0.4|sigma_u=2,2,conditional_lyapunov,lyapunov_per_step,-1.3349640275191925
2C_esp_map,leak_rate=1|n_units=200|rho=0.4|sigma_u=2,2,conditional_lyapunov,lyapunov_per_time,-1.3349640275191925
2C_esp_map,leak_rate=1|n_units=200|rho=0.4|sigma_u=2,2,conditional_lyapunov,n_intervals,2799.0
2C_esp_map,leak_rate=1|n_units=200|rho=0.4|sigma_u=2,2,conditional_lyapunov,max_observed_growth,0.41946177457310424
2C_esp_map,leak_rate=1|n_units=200|rho=0.4|sigma_u=2,2,autocorrelation_time,tau_1e,0.6116347947916504
2C_esp_map,leak_rate=1|n_units=200|rho=0.4|sigma_u=2,2,autocorrelation_time,tau_censored,0.6116347947916504
2C_esp_map,leak_rate=1|n_units=200|rho=0.4|sigma_u=2,2,autocorrelation_time,tau_integrated,0.9999999999999999
2C_esp_map,leak_rate=1|n_units=200|rho=0.4|sigma_u=2,2,autocorrelation_time,max_lag,200.0
2C_esp_map,leak_rate=1|n_units=200|rho=0.5|sigma_u=0,2,esp_convergence,d_initial,0.32157983072912777
2C_esp_map,leak_rate=1|n_units=200|rho=0.5|sigma_u=0,2,esp_convergence,d_tail,0.0
2C_esp_map,leak_rate=1|n_units=200|rho=0.5|sigma_u=0,2,esp_convergence,converged,1.0
2C_esp_map,leak_rate=1|n_units=200|rho=0.5|sigma_u=0,2,esp_convergence,decay_rate_per_step,-0.7286347477929264
2C_esp_map,leak_rate=1|n_units=200|rho=0.5|sigma_u=0,2,esp_convergence,n_pairs,10.0
2C_esp_map,leak_rate=1|n_units=200|rho=0.5|sigma_u=0,2,esp_convergence,n_fit_points,33.0
2C_esp_map,leak_rate=1|n_units=200|rho=0.5|sigma_u=0,2,conditional_lyapunov,lyapunov_per_step,-0.6938424565346435
2C_esp_map,leak_rate=1|n_units=200|rho=0.5|sigma_u=0,2,conditional_lyapunov,lyapunov_per_time,-0.6938424565346435
2C_esp_map,leak_rate=1|n_units=200|rho=0.5|sigma_u=0,2,conditional_lyapunov,n_intervals,2799.0
2C_esp_map,leak_rate=1|n_units=200|rho=0.5|sigma_u=0,2,conditional_lyapunov,max_observed_growth,0.5224894026154444
2C_esp_map,leak_rate=1|n_units=200|rho=0.5|sigma_u=0,2,autocorrelation_time,tau_1e,1.5287853444515158
2C_esp_map,leak_rate=1|n_units=200|rho=0.5|sigma_u=0,2,autocorrelation_time,tau_censored,1.5287853444515158
2C_esp_map,leak_rate=1|n_units=200|rho=0.5|sigma_u=0,2,autocorrelation_time,tau_integrated,2.0002907938107986
2C_esp_map,leak_rate=1|n_units=200|rho=0.5|sigma_u=0,2,autocorrelation_time,max_lag,200.0
2C_esp_map,leak_rate=1|n_units=200|rho=0.5|sigma_u=0.05,2,esp_convergence,d_initial,0.3213453660988445
2C_esp_map,leak_rate=1|n_units=200|rho=0.5|sigma_u=0.05,2,esp_convergence,d_tail,2.650583106210446e-18
2C_esp_map,leak_rate=1|n_units=200|rho=0.5|sigma_u=0.05,2,esp_convergence,converged,1.0
2C_esp_map,leak_rate=1|n_units=200|rho=0.5|sigma_u=0.05,2,esp_convergence,decay_rate_per_step,-0.7529555555396409
2C_esp_map,leak_rate=1|n_units=200|rho=0.5|sigma_u=0.05,2,esp_convergence,n_pairs,10.0
2C_esp_map,leak_rate=1|n_units=200|rho=0.5|sigma_u=0.05,2,esp_convergence,n_fit_points,32.0
2C_esp_map,leak_rate=1|n_units=200|rho=0.5|sigma_u=0.05,2,conditional_lyapunov,lyapunov_per_step,-0.6947398775680492
2C_esp_map,leak_rate=1|n_units=200|rho=0.5|sigma_u=0.05,2,conditional_lyapunov,lyapunov_per_time,-0.6947398775680492
2C_esp_map,leak_rate=1|n_units=200|rho=0.5|sigma_u=0.05,2,conditional_lyapunov,n_intervals,2799.0
2C_esp_map,leak_rate=1|n_units=200|rho=0.5|sigma_u=0.05,2,conditional_lyapunov,max_observed_growth,0.5217922694496206
2C_esp_map,leak_rate=1|n_units=200|rho=0.5|sigma_u=0.05,2,autocorrelation_time,tau_1e,0.5783278986006545
2C_esp_map,leak_rate=1|n_units=200|rho=0.5|sigma_u=0.05,2,autocorrelation_time,tau_censored,0.5783278986006545
2C_esp_map,leak_rate=1|n_units=200|rho=0.5|sigma_u=0.05,2,autocorrelation_time,tau_integrated,1.0
2C_esp_map,leak_rate=1|n_units=200|rho=0.5|sigma_u=0.05,2,autocorrelation_time,max_lag,200.0
2C_esp_map,leak_rate=1|n_units=200|rho=0.5|sigma_u=0.1,2,esp_convergence,d_initial,0.32073010690831333
2C_esp_map,leak_rate=1|n_units=200|rho=0.5|sigma_u=0.1,2,esp_convergence,d_tail,5.158068127844026e-18
2C_esp_map,leak_rate=1|n_units=200|rho=0.5|sigma_u=0.1,2,esp_convergence,converged,1.0
2C_esp_map,leak_rate=1|n_units=200|rho=0.5|sigma_u=0.1,2,esp_convergence,decay_rate_per_step,-0.7276949102224561
2C_esp_map,leak_rate=1|n_units=200|rho=0.5|sigma_u=0.1,2,esp_convergence,n_pairs,10.0
2C_esp_map,leak_rate=1|n_units=200|rho=0.5|sigma_u=0.1,2,esp_convergence,n_fit_points,33.0
2C_esp_map,leak_rate=1|n_units=200|rho=0.5|sigma_u=0.1,2,conditional_lyapunov,lyapunov_per_step,-0.6974097473504819
2C_esp_map,leak_rate=1|n_units=200|rho=0.5|sigma_u=0.1,2,conditional_lyapunov,lyapunov_per_time,-0.6974097473504819
2C_esp_map,leak_rate=1|n_units=200|rho=0.5|sigma_u=0.1,2,conditional_lyapunov,n_intervals,2799.0
2C_esp_map,leak_rate=1|n_units=200|rho=0.5|sigma_u=0.1,2,conditional_lyapunov,max_observed_growth,0.5197265409897515
2C_esp_map,leak_rate=1|n_units=200|rho=0.5|sigma_u=0.1,2,autocorrelation_time,tau_1e,0.5785929773203352
2C_esp_map,leak_rate=1|n_units=200|rho=0.5|sigma_u=0.1,2,autocorrelation_time,tau_censored,0.5785929773203352
2C_esp_map,leak_rate=1|n_units=200|rho=0.5|sigma_u=0.1,2,autocorrelation_time,tau_integrated,1.0000000000000002
2C_esp_map,leak_rate=1|n_units=200|rho=0.5|sigma_u=0.1,2,autocorrelation_time,max_lag,200.0
2C_esp_map,leak_rate=1|n_units=200|rho=0.5|sigma_u=0.2,2,esp_convergence,d_initial,0.3183827578030306
2C_esp_map,leak_rate=1|n_units=200|rho=0.5|sigma_u=0.2,2,esp_convergence,d_tail,1.0094614556129734e-17
2C_esp_map,leak_rate=1|n_units=200|rho=0.5|sigma_u=0.2,2,esp_convergence,converged,1.0
2C_esp_map,leak_rate=1|n_units=200|rho=0.5|sigma_u=0.2,2,esp_convergence,decay_rate_per_step,-0.7263409164940581
2C_esp_map,leak_rate=1|n_units=200|rho=0.5|sigma_u=0.2,2,esp_convergence,n_pairs,10.0
2C_esp_map,leak_rate=1|n_units=200|rho=0.5|sigma_u=0.2,2,esp_convergence,n_fit_points,33.0
2C_esp_map,leak_rate=1|n_units=200|rho=0.5|sigma_u=0.2,2,conditional_lyapunov,lyapunov_per_step,-0.7077714965050502
2C_esp_map,leak_rate=1|n_units=200|rho=0.5|sigma_u=0.2,2,conditional_lyapunov,lyapunov_per_time,-0.7077714965050502
2C_esp_map,leak_rate=1|n_units=200|rho=0.5|sigma_u=0.2,2,conditional_lyapunov,n_intervals,2799.0
2C_esp_map,leak_rate=1|n_units=200|rho=0.5|sigma_u=0.2,2,conditional_lyapunov,max_observed_growth,0.5118365196790077
2C_esp_map,leak_rate=1|n_units=200|rho=0.5|sigma_u=0.2,2,autocorrelation_time,tau_1e,0.5795940839836067
2C_esp_map,leak_rate=1|n_units=200|rho=0.5|sigma_u=0.2,2,autocorrelation_time,tau_censored,0.5795940839836067
2C_esp_map,leak_rate=1|n_units=200|rho=0.5|sigma_u=0.2,2,autocorrelation_time,tau_integrated,1.0000000000000002
2C_esp_map,leak_rate=1|n_units=200|rho=0.5|sigma_u=0.2,2,autocorrelation_time,max_lag,200.0
2C_esp_map,leak_rate=1|n_units=200|rho=0.5|sigma_u=0.5,2,esp_convergence,d_initial,0.3035416940589434
2C_esp_map,leak_rate=1|n_units=200|rho=0.5|sigma_u=0.5,2,esp_convergence,d_tail,2.0025351564558318e-17
2C_esp_map,leak_rate=1|n_units=200|rho=0.5|sigma_u=0.5,2,esp_convergence,converged,1.0
2C_esp_map,leak_rate=1|n_units=200|rho=0.5|sigma_u=0.5,2,esp_convergence,decay_rate_per_step,-0.7979962706839431
2C_esp_map,leak_rate=1|n_units=200|rho=0.5|sigma_u=0.5,2,esp_convergence,n_pairs,10.0
2C_esp_map,leak_rate=1|n_units=200|rho=0.5|sigma_u=0.5,2,esp_convergence,n_fit_points,29.0
2C_esp_map,leak_rate=1|n_units=200|rho=0.5|sigma_u=0.5,2,conditional_lyapunov,lyapunov_per_step,-0.7694225426982372
2C_esp_map,leak_rate=1|n_units=200|rho=0.5|sigma_u=0.5,2,conditional_lyapunov,lyapunov_per_time,-0.7694225426982372
2C_esp_map,leak_rate=1|n_units=200|rho=0.5|sigma_u=0.5,2,conditional_lyapunov,n_intervals,2799.0
2C_esp_map,leak_rate=1|n_units=200|rho=0.5|sigma_u=0.5,2,conditional_lyapunov,max_observed_growth,0.5076335590557431
2C_esp_map,leak_rate=1|n_units=200|rho=0.5|sigma_u=0.5,2,autocorrelation_time,tau_1e,0.5849079354980818
2C_esp_map,leak_rate=1|n_units=200|rho=0.5|sigma_u=0.5,2,autocorrelation_time,tau_censored,0.5849079354980818
2C_esp_map,leak_rate=1|n_units=200|rho=0.5|sigma_u=0.5,2,autocorrelation_time,tau_integrated,1.0
2C_esp_map,leak_rate=1|n_units=200|rho=0.5|sigma_u=0.5,2,autocorrelation_time,max_lag,200.0
2C_esp_map,leak_rate=1|n_units=200|rho=0.5|sigma_u=1,2,esp_convergence,d_initial,0.26492177295010644
2C_esp_map,leak_rate=1|n_units=200|rho=0.5|sigma_u=1,2,esp_convergence,d_tail,2.1750536333950126e-17
2C_esp_map,leak_rate=1|n_units=200|rho=0.5|sigma_u=1,2,esp_convergence,converged,1.0
2C_esp_map,leak_rate=1|n_units=200|rho=0.5|sigma_u=1,2,esp_convergence,decay_rate_per_step,-0.9865395632457961
2C_esp_map,leak_rate=1|n_units=200|rho=0.5|sigma_u=1,2,esp_convergence,n_pairs,10.0
2C_esp_map,leak_rate=1|n_units=200|rho=0.5|sigma_u=1,2,esp_convergence,n_fit_points,22.0
2C_esp_map,leak_rate=1|n_units=200|rho=0.5|sigma_u=1,2,conditional_lyapunov,lyapunov_per_step,-0.907389814559507
2C_esp_map,leak_rate=1|n_units=200|rho=0.5|sigma_u=1,2,conditional_lyapunov,lyapunov_per_time,-0.907389814559507
2C_esp_map,leak_rate=1|n_units=200|rho=0.5|sigma_u=1,2,conditional_lyapunov,n_intervals,2799.0
2C_esp_map,leak_rate=1|n_units=200|rho=0.5|sigma_u=1,2,conditional_lyapunov,max_observed_growth,0.5248437958960795
2C_esp_map,leak_rate=1|n_units=200|rho=0.5|sigma_u=1,2,autocorrelation_time,tau_1e,0.5947222718512851
2C_esp_map,leak_rate=1|n_units=200|rho=0.5|sigma_u=1,2,autocorrelation_time,tau_censored,0.5947222718512851
2C_esp_map,leak_rate=1|n_units=200|rho=0.5|sigma_u=1,2,autocorrelation_time,tau_integrated,1.0000000000000002
2C_esp_map,leak_rate=1|n_units=200|rho=0.5|sigma_u=1,2,autocorrelation_time,max_lag,200.0
2C_esp_map,leak_rate=1|n_units=200|rho=0.5|sigma_u=2,2,esp_convergence,d_initial,0.2026463390539471
2C_esp_map,leak_rate=1|n_units=200|rho=0.5|sigma_u=2,2,esp_convergence,d_tail,0.0
2C_esp_map,leak_rate=1|n_units=200|rho=0.5|sigma_u=2,2,esp_convergence,converged,1.0
2C_esp_map,leak_rate=1|n_units=200|rho=0.5|sigma_u=2,2,esp_convergence,decay_rate_per_step,-1.176507502801269
2C_esp_map,leak_rate=1|n_units=200|rho=0.5|sigma_u=2,2,esp_convergence,n_pairs,10.0
2C_esp_map,leak_rate=1|n_units=200|rho=0.5|sigma_u=2,2,esp_convergence,n_fit_points,17.0
2C_esp_map,leak_rate=1|n_units=200|rho=0.5|sigma_u=2,2,conditional_lyapunov,lyapunov_per_step,-1.1206565383230365
2C_esp_map,leak_rate=1|n_units=200|rho=0.5|sigma_u=2,2,conditional_lyapunov,lyapunov_per_time,-1.1206565383230365
2C_esp_map,leak_rate=1|n_units=200|rho=0.5|sigma_u=2,2,conditional_lyapunov,n_intervals,2799.0
2C_esp_map,leak_rate=1|n_units=200|rho=0.5|sigma_u=2,2,conditional_lyapunov,max_observed_growth,0.5157493160706036
2C_esp_map,leak_rate=1|n_units=200|rho=0.5|sigma_u=2,2,autocorrelation_time,tau_1e,0.6074645760280654
2C_esp_map,leak_rate=1|n_units=200|rho=0.5|sigma_u=2,2,autocorrelation_time,tau_censored,0.6074645760280654
2C_esp_map,leak_rate=1|n_units=200|rho=0.5|sigma_u=2,2,autocorrelation_time,tau_integrated,0.9999999999999999
2C_esp_map,leak_rate=1|n_units=200|rho=0.5|sigma_u=2,2,autocorrelation_time,max_lag,200.0
2C_esp_map,leak_rate=1|n_units=200|rho=0.6|sigma_u=0,2,esp_convergence,d_initial,0.37634143054096075
2C_esp_map,leak_rate=1|n_units=200|rho=0.6|sigma_u=0,2,esp_convergence,d_tail,0.0
2C_esp_map,leak_rate=1|n_units=200|rho=0.6|sigma_u=0,2,esp_convergence,converged,1.0
2C_esp_map,leak_rate=1|n_units=200|rho=0.6|sigma_u=0,2,esp_convergence,decay_rate_per_step,-0.5348394974118317
2C_esp_map,leak_rate=1|n_units=200|rho=0.6|sigma_u=0,2,esp_convergence,n_pairs,10.0
2C_esp_map,leak_rate=1|n_units=200|rho=0.6|sigma_u=0,2,esp_convergence,n_fit_points,49.0
2C_esp_map,leak_rate=1|n_units=200|rho=0.6|sigma_u=0,2,conditional_lyapunov,lyapunov_per_step,-0.5115208997407246
2C_esp_map,leak_rate=1|n_units=200|rho=0.6|sigma_u=0,2,conditional_lyapunov,lyapunov_per_time,-0.5115208997407246
2C_esp_map,leak_rate=1|n_units=200|rho=0.6|sigma_u=0,2,conditional_lyapunov,n_intervals,2799.0
2C_esp_map,leak_rate=1|n_units=200|rho=0.6|sigma_u=0,2,conditional_lyapunov,max_observed_growth,0.6269872831385334
2C_esp_map,leak_rate=1|n_units=200|rho=0.6|sigma_u=0,2,autocorrelation_time,tau_1e,1.9677338045819766
2C_esp_map,leak_rate=1|n_units=200|rho=0.6|sigma_u=0,2,autocorrelation_time,tau_censored,1.9677338045819766
2C_esp_map,leak_rate=1|n_units=200|rho=0.6|sigma_u=0,2,autocorrelation_time,tau_integrated,2.50051553415
2C_esp_map,leak_rate=1|n_units=200|rho=0.6|sigma_u=0,2,autocorrelation_time,max_lag,200.0
2C_esp_map,leak_rate=1|n_units=200|rho=0.6|sigma_u=0.05,2,esp_convergence,d_initial,0.3760863742214749
2C_esp_map,leak_rate=1|n_units=200|rho=0.6|sigma_u=0.05,2,esp_convergence,d_tail,3.865918818547178e-18
2C_esp_map,leak_rate=1|n_units=200|rho=0.6|sigma_u=0.05,2,esp_convergence,converged,1.0
2C_esp_map,leak_rate=1|n_units=200|rho=0.6|sigma_u=0.05,2,esp_convergence,decay_rate_per_step,-0.5215189805410699
2C_esp_map,leak_rate=1|n_units=200|rho=0.6|sigma_u=0.05,2,esp_convergence,n_pairs,10.0
2C_esp_map,leak_rate=1|n_units=200|rho=0.6|sigma_u=0.05,2,esp_convergence,n_fit_points,50.0
2C_esp_map,leak_rate=1|n_units=200|rho=0.6|sigma_u=0.05,2,conditional_lyapunov,lyapunov_per_step,-0.512558279287174
2C_esp_map,leak_rate=1|n_units=200|rho=0.6|sigma_u=0.05,2,conditional_lyapunov,lyapunov_per_time,-0.512558279287174
2C_esp_map,leak_rate=1|n_units=200|rho=0.6|sigma_u=0.05,2,conditional_lyapunov,n_intervals,2799.0
2C_esp_map,leak_rate=1|n_units=200|rho=0.6|sigma_u=0.05,2,conditional_lyapunov,max_observed_growth,0.6261525446546218
2C_esp_map,leak_rate=1|n_units=200|rho=0.6|sigma_u=0.05,2,autocorrelation_time,tau_1e,0.5664369671446567
2C_esp_map,leak_rate=1|n_units=200|rho=0.6|sigma_u=0.05,2,autocorrelation_time,tau_censored,0.5664369671446567
2C_esp_map,leak_rate=1|n_units=200|rho=0.6|sigma_u=0.05,2,autocorrelation_time,tau_integrated,1.0
2C_esp_map,leak_rate=1|n_units=200|rho=0.6|sigma_u=0.05,2,autocorrelation_time,max_lag,200.0
2C_esp_map,leak_rate=1|n_units=200|rho=0.6|sigma_u=0.1,2,esp_convergence,d_initial,0.3754128309144534
2C_esp_map,leak_rate=1|n_units=200|rho=0.6|sigma_u=0.1,2,esp_convergence,d_tail,7.70647343699431e-18
2C_esp_map,leak_rate=1|n_units=200|rho=0.6|sigma_u=0.1,2,esp_convergence,converged,1.0
2C_esp_map,leak_rate=1|n_units=200|rho=0.6|sigma_u=0.1,2,esp_convergence,decay_rate_per_step,-0.5363178728377037
2C_esp_map,leak_rate=1|n_units=200|rho=0.6|sigma_u=0.1,2,esp_convergence,n_pairs,10.0
2C_esp_map,leak_rate=1|n_units=200|rho=0.6|sigma_u=0.1,2,esp_convergence,n_fit_points,48.0
2C_esp_map,leak_rate=1|n_units=200|rho=0.6|sigma_u=0.1,2,conditional_lyapunov,lyapunov_per_step,-0.5156324409685614
2C_esp_map,leak_rate=1|n_units=200|rho=0.6|sigma_u=0.1,2,conditional_lyapunov,lyapunov_per_time,-0.5156324409685614
2C_esp_map,leak_rate=1|n_units=200|rho=0.6|sigma_u=0.1,2,conditional_lyapunov,n_intervals,2799.0
2C_esp_map,leak_rate=1|n_units=200|rho=0.6|sigma_u=0.1,2,conditional_lyapunov,max_observed_growth,0.6236799924557787
2C_esp_map,leak_rate=1|n_units=200|rho=0.6|sigma_u=0.1,2,autocorrelation_time,tau_1e,0.5668403423561289
2C_esp_map,leak_rate=1|n_units=200|rho=0.6|sigma_u=0.1,2,autocorrelation_time,tau_censored,0.5668403423561289
2C_esp_map,leak_rate=1|n_units=200|rho=0.6|sigma_u=0.1,2,autocorrelation_time,tau_integrated,1.0
2C_esp_map,leak_rate=1|n_units=200|rho=0.6|sigma_u=0.1,2,autocorrelation_time,max_lag,200.0
2C_esp_map,leak_rate=1|n_units=200|rho=0.6|sigma_u=0.2,2,esp_convergence,d_initial,0.3728366547545233
2C_esp_map,leak_rate=1|n_units=200|rho=0.6|sigma_u=0.2,2,esp_convergence,d_tail,1.4741829766499382e-17
2C_esp_map,leak_rate=1|n_units=200|rho=0.6|sigma_u=0.2,2,esp_convergence,converged,1.0
2C_esp_map,leak_rate=1|n_units=200|rho=0.6|sigma_u=0.2,2,esp_convergence,decay_rate_per_step,-0.5498683215531334
2C_esp_map,leak_rate=1|n_units=200|rho=0.6|sigma_u=0.2,2,esp_convergence,n_pairs,10.0
2C_esp_map,leak_rate=1|n_units=200|rho=0.6|sigma_u=0.2,2,esp_convergence,n_fit_points,47.0
2C_esp_map,leak_rate=1|n_units=200|rho=0.6|sigma_u=0.2,2,conditional_lyapunov,lyapunov_per_step,-0.5274083946580431
2C_esp_map,leak_rate=1|n_units=200|rho=0.6|sigma_u=0.2,2,conditional_lyapunov,lyapunov_per_time,-0.5274083946580431
2C_esp_map,leak_rate=1|n_units=200|rho=0.6|sigma_u=0.2,2,conditional_lyapunov,n_intervals,2799.0
2C_esp_map,leak_rate=1|n_units=200|rho=0.6|sigma_u=0.2,2,conditional_lyapunov,max_observed_growth,0.6142466428988339
2C_esp_map,leak_rate=1|n_units=200|rho=0.6|sigma_u=0.2,2,autocorrelation_time,tau_1e,0.5683257721530152
2C_esp_map,leak_rate=1|n_units=200|rho=0.6|sigma_u=0.2,2,autocorrelation_time,tau_censored,0.5683257721530152
2C_esp_map,leak_rate=1|n_units=200|rho=0.6|sigma_u=0.2,2,autocorrelation_time,tau_integrated,1.0
2C_esp_map,leak_rate=1|n_units=200|rho=0.6|sigma_u=0.2,2,autocorrelation_time,max_lag,200.0
2C_esp_map,leak_rate=1|n_units=200|rho=0.6|sigma_u=0.5,2,esp_convergence,d_initial,0.35645182971823985
2C_esp_map,leak_rate=1|n_units=200|rho=0.6|sigma_u=0.5,2,esp_convergence,d_tail,2.8626547349378524e-17
2C_esp_map,leak_rate=1|n_units=200|rho=0.6|sigma_u=0.5,2,esp_convergence,converged,1.0
2C_esp_map,leak_rate=1|n_units=200|rho=0.6|sigma_u=0.5,2,esp_convergence,decay_rate_per_step,-0.6023377595025162
2C_esp_map,leak_rate=1|n_units=200|rho=0.6|sigma_u=0.5,2,esp_convergence,n_pairs,10.0
2C_esp_map,leak_rate=1|n_units=200|rho=0.6|sigma_u=0.5,2,esp_convergence,n_fit_points,41.0
2C_esp_map,leak_rate=1|n_units=200|rho=0.6|sigma_u=0.5,2,conditional_lyapunov,lyapunov_per_step,-0.5941894444788622
2C_esp_map,leak_rate=1|n_units=200|rho=0.6|sigma_u=0.5,2,conditional_lyapunov,lyapunov_per_time,-0.5941894444788622
2C_esp_map,leak_rate=1|n_units=200|rho=0.6|sigma_u=0.5,2,conditional_lyapunov,n_intervals,2799.0
2C_esp_map,leak_rate=1|n_units=200|rho=0.6|sigma_u=0.5,2,conditional_lyapunov,max_observed_growth,0.609761768662882
2C_esp_map,leak_rate=1|n_units=200|rho=0.6|sigma_u=0.5,2,autocorrelation_time,tau_1e,0.575559752887333
2C_esp_map,leak_rate=1|n_units=200|rho=0.6|sigma_u=0.5,2,autocorrelation_time,tau_censored,0.575559752887333
2C_esp_map,leak_rate=1|n_units=200|rho=0.6|sigma_u=0.5,2,autocorrelation_time,tau_integrated,1.0000000000000002
2C_esp_map,leak_rate=1|n_units=200|rho=0.6|sigma_u=0.5,2,autocorrelation_time,max_lag,200.0
2C_esp_map,leak_rate=1|n_units=200|rho=0.6|sigma_u=1,2,esp_convergence,d_initial,0.31301575128795245
2C_esp_map,leak_rate=1|n_units=200|rho=0.6|sigma_u=1,2,esp_convergence,d_tail,3.295059440527344e-17
2C_esp_map,leak_rate=1|n_units=200|rho=0.6|sigma_u=1,2,esp_convergence,converged,1.0
2C_esp_map,leak_rate=1|n_units=200|rho=0.6|sigma_u=1,2,esp_convergence,decay_rate_per_step,-0.7622964021718877
2C_esp_map,leak_rate=1|n_units=200|rho=0.6|sigma_u=1,2,esp_convergence,n_pairs,10.0
2C_esp_map,leak_rate=1|n_units=200|rho=0.6|sigma_u=1,2,esp_convergence,n_fit_points,32.0
2C_esp_map,leak_rate=1|n_units=200|rho=0.6|sigma_u=1,2,conditional_lyapunov,lyapunov_per_step,-0.7357630256176956
2C_esp_map,leak_rate=1|n_units=200|rho=0.6|sigma_u=1,2,conditional_lyapunov,lyapunov_per_time,-0.7357630256176956
2C_esp_map,leak_rate=1|n_units=200|rho=0.6|sigma_u=1,2,conditional_lyapunov,n_intervals,2799.0
2C_esp_map,leak_rate=1|n_units=200|rho=0.6|sigma_u=1,2,conditional_lyapunov,max_observed_growth,0.6277369682227082
2C_esp_map,leak_rate=1|n_units=200|rho=0.6|sigma_u=1,2,autocorrelation_time,tau_1e,0.5878065176375542
2C_esp_map,leak_rate=1|n_units=200|rho=0.6|sigma_u=1,2,autocorrelation_time,tau_censored,0.5878065176375542
2C_esp_map,leak_rate=1|n_units=200|rho=0.6|sigma_u=1,2,autocorrelation_time,tau_integrated,0.9999999999999999
2C_esp_map,leak_rate=1|n_units=200|rho=0.6|sigma_u=1,2,autocorrelation_time,max_lag,200.0
2C_esp_map,leak_rate=1|n_units=200|rho=0.6|sigma_u=2,2,esp_convergence,d_initial,0.24032588542433023
2C_esp_map,leak_rate=1|n_units=200|rho=0.6|sigma_u=2,2,esp_convergence,d_tail,0.0
2C_esp_map,leak_rate=1|n_units=200|rho=0.6|sigma_u=2,2,esp_convergence,converged,1.0
2C_esp_map,leak_rate=1|n_units=200|rho=0.6|sigma_u=2,2,esp_convergence,decay_rate_per_step,-0.9994021513236331
2C_esp_map,leak_rate=1|n_units=200|rho=0.6|sigma_u=2,2,esp_convergence,n_pairs,10.0
2C_esp_map,leak_rate=1|n_units=200|rho=0.6|sigma_u=2,2,esp_convergence,n_fit_points,21.0
2C_esp_map,leak_rate=1|n_units=200|rho=0.6|sigma_u=2,2,conditional_lyapunov,lyapunov_per_step,-0.9509172855503373
2C_esp_map,leak_rate=1|n_units=200|rho=0.6|sigma_u=2,2,conditional_lyapunov,lyapunov_per_time,-0.9509172855503373
2C_esp_map,leak_rate=1|n_units=200|rho=0.6|sigma_u=2,2,conditional_lyapunov,n_intervals,2799.0
2C_esp_map,leak_rate=1|n_units=200|rho=0.6|sigma_u=2,2,conditional_lyapunov,max_observed_growth,0.6140930030385986
2C_esp_map,leak_rate=1|n_units=200|rho=0.6|sigma_u=2,2,autocorrelation_time,tau_1e,0.6031892613906474
2C_esp_map,leak_rate=1|n_units=200|rho=0.6|sigma_u=2,2,autocorrelation_time,tau_censored,0.6031892613906474
2C_esp_map,leak_rate=1|n_units=200|rho=0.6|sigma_u=2,2,autocorrelation_time,tau_integrated,1.0
2C_esp_map,leak_rate=1|n_units=200|rho=0.6|sigma_u=2,2,autocorrelation_time,max_lag,200.0
2C_esp_map,leak_rate=1|n_units=200|rho=0.7|sigma_u=0,2,esp_convergence,d_initial,0.42731049607590194
2C_esp_map,leak_rate=1|n_units=200|rho=0.7|sigma_u=0,2,esp_convergence,d_tail,0.0
2C_esp_map,leak_rate=1|n_units=200|rho=0.7|sigma_u=0,2,esp_convergence,converged,1.0
2C_esp_map,leak_rate=1|n_units=200|rho=0.7|sigma_u=0,2,esp_convergence,decay_rate_per_step,-0.37040804696610247
2C_esp_map,leak_rate=1|n_units=200|rho=0.7|sigma_u=0,2,esp_convergence,n_pairs,10.0
2C_esp_map,leak_rate=1|n_units=200|rho=0.7|sigma_u=0,2,esp_convergence,n_fit_points,74.0
2C_esp_map,leak_rate=1|n_units=200|rho=0.7|sigma_u=0,2,conditional_lyapunov,lyapunov_per_step,-0.35737021991344853
2C_esp_map,leak_rate=1|n_units=200|rho=0.7|sigma_u=0,2,conditional_lyapunov,lyapunov_per_time,-0.35737021991344853
2C_esp_map,leak_rate=1|n_units=200|rho=0.7|sigma_u=0,2,conditional_lyapunov,n_intervals,2799.0
2C_esp_map,leak_rate=1|n_units=200|rho=0.7|sigma_u=0,2,conditional_lyapunov,max_observed_growth,0.7314851636616221
2C_esp_map,leak_rate=1|n_units=200|rho=0.7|sigma_u=0,2,autocorrelation_time,tau_1e,2.8322282552422497
2C_esp_map,leak_rate=1|n_units=200|rho=0.7|sigma_u=0,2,autocorrelation_time,tau_censored,2.8322282552422497
2C_esp_map,leak_rate=1|n_units=200|rho=0.7|sigma_u=0,2,autocorrelation_time,tau_integrated,3.3340830641147234
2C_esp_map,leak_rate=1|n_units=200|rho=0.7|sigma_u=0,2,autocorrelation_time,max_lag,200.0
2C_esp_map,leak_rate=1|n_units=200|rho=0.7|sigma_u=0.05,2,esp_convergence,d_initial,0.4270436954046605
2C_esp_map,leak_rate=1|n_units=200|rho=0.7|sigma_u=0.05,2,esp_convergence,d_tail,5.758679288095222e-18
2C_esp_map,leak_rate=1|n_units=200|rho=0.7|sigma_u=0.05,2,esp_convergence,converged,1.0
2C_esp_map,leak_rate=1|n_units=200|rho=0.7|sigma_u=0.05,2,esp_convergence,decay_rate_per_step,-0.3695298057260953
2C_esp_map,leak_rate=1|n_units=200|rho=0.7|sigma_u=0.05,2,esp_convergence,n_pairs,10.0
2C_esp_map,leak_rate=1|n_units=200|rho=0.7|sigma_u=0.05,2,esp_convergence,n_fit_points,74.0
2C_esp_map,leak_rate=1|n_units=200|rho=0.7|sigma_u=0.05,2,conditional_lyapunov,lyapunov_per_step,-0.3586501864252021
2C_esp_map,leak_rate=1|n_units=200|rho=0.7|sigma_u=0.05,2,conditional_lyapunov,lyapunov_per_time,-0.3586501864252021
2C_esp_map,leak_rate=1|n_units=200|rho=0.7|sigma_u=0.05,2,conditional_lyapunov,n_intervals,2799.0
2C_esp_map,leak_rate=1|n_units=200|rho=0.7|sigma_u=0.05,2,conditional_lyapunov,max_observed_growth,0.7304384203194877
2C_esp_map,leak_rate=1|n_units=200|rho=0.7|sigma_u=0.05,2,autocorrelation_time,tau_1e,0.553385381402503
2C_esp_map,leak_rate=1|n_units=200|rho=0.7|sigma_u=0.05,2,autocorrelation_time,tau_censored,0.553385381402503
2C_esp_map,leak_rate=1|n_units=200|rho=0.7|sigma_u=0.05,2,autocorrelation_time,tau_integrated,1.0
2C_esp_map,leak_rate=1|n_units=200|rho=0.7|sigma_u=0.05,2,autocorrelation_time,max_lag,200.0
2C_esp_map,leak_rate=1|n_units=200|rho=0.7|sigma_u=0.1,2,esp_convergence,d_initial,0.4263328031309311
2C_esp_map,leak_rate=1|n_units=200|rho=0.7|sigma_u=0.1,2,esp_convergence,d_tail,1.1368230467284839e-17
2C_esp_map,leak_rate=1|n_units=200|rho=0.7|sigma_u=0.1,2,esp_convergence,converged,1.0
2C_esp_map,leak_rate=1|n_units=200|rho=0.7|sigma_u=0.1,2,esp_convergence,decay_rate_per_step,-0.39070225052129887
2C_esp_map,leak_rate=1|n_units=200|rho=0.7|sigma_u=0.1,2,esp_convergence,n_pairs,10.0
2C_esp_map,leak_rate=1|n_units=200|rho=0.7|sigma_u=0.1,2,esp_convergence,n_fit_points,70.0
2C_esp_map,leak_rate=1|n_units=200|rho=0.7|sigma_u=0.1,2,conditional_lyapunov,lyapunov_per_step,-0.36241407283349186
2C_esp_map,leak_rate=1|n_units=200|rho=0.7|sigma_u=0.1,2,conditional_lyapunov,lyapunov_per_time,-0.36241407283349186
2C_esp_map,leak_rate=1|n_units=200|rho=0.7|sigma_u=0.1,2,conditional_lyapunov,n_intervals,2799.0
2C_esp_map,leak_rate=1|n_units=200|rho=0.7|sigma_u=0.1,2,conditional_lyapunov,max_observed_growth,0.7273436137469371
2C_esp_map,leak_rate=1|n_units=200|rho=0.7|sigma_u=0.1,2,autocorrelation_time,tau_1e,0.5540370036136082
2C_esp_map,leak_rate=1|n_units=200|rho=0.7|sigma_u=0.1,2,autocorrelation_time,tau_censored,0.5540370036136082
2C_esp_map,leak_rate=1|n_units=200|rho=0.7|sigma_u=0.1,2,autocorrelation_time,tau_integrated,1.0
2C_esp_map,leak_rate=1|n_units=200|rho=0.7|sigma_u=0.1,2,autocorrelation_time,max_lag,200.0
2C_esp_map,leak_rate=1|n_units=200|rho=0.7|sigma_u=0.2,2,esp_convergence,d_initial,0.4236054916793977
2C_esp_map,leak_rate=1|n_units=200|rho=0.7|sigma_u=0.2,2,esp_convergence,d_tail,2.1440173596248932e-17
2C_esp_map,leak_rate=1|n_units=200|rho=0.7|sigma_u=0.2,2,esp_convergence,converged,1.0
2C_esp_map,leak_rate=1|n_units=200|rho=0.7|sigma_u=0.2,2,esp_convergence,decay_rate_per_step,-0.3844835410006847
2C_esp_map,leak_rate=1|n_units=200|rho=0.7|sigma_u=0.2,2,esp_convergence,n_pairs,10.0
2C_esp_map,leak_rate=1|n_units=200|rho=0.7|sigma_u=0.2,2,esp_convergence,n_fit_points,70.0
2C_esp_map,leak_rate=1|n_units=200|rho=0.7|sigma_u=0.2,2,conditional_lyapunov,lyapunov_per_step,-0.37648485567136464
2C_esp_map,leak_rate=1|n_units=200|rho=0.7|sigma_u=0.2,2,conditional_lyapunov,lyapunov_per_time,-0.37648485567136464
2C_esp_map,leak_rate=1|n_units=200|rho=0.7|sigma_u=0.2,2,conditional_lyapunov,n_intervals,2799.0
2C_esp_map,leak_rate=1|n_units=200|rho=0.7|sigma_u=0.2,2,conditional_lyapunov,max_observed_growth,0.7155859520116382
2C_esp_map,leak_rate=1|n_units=200|rho=0.7|sigma_u=0.2,2,autocorrelation_time,tau_1e,0.5563379804688087
2C_esp_map,leak_rate=1|n_units=200|rho=0.7|sigma_u=0.2,2,autocorrelation_time,tau_censored,0.5563379804688087
2C_esp_map,leak_rate=1|n_units=200|rho=0.7|sigma_u=0.2,2,autocorrelation_time,tau_integrated,1.0
2C_esp_map,leak_rate=1|n_units=200|rho=0.7|sigma_u=0.2,2,autocorrelation_time,max_lag,200.0
2C_esp_map,leak_rate=1|n_units=200|rho=0.7|sigma_u=0.5,2,esp_convergence,d_initial,0.40616027620217776
2C_esp_map,leak_rate=1|n_units=200|rho=0.7|sigma_u=0.5,2,esp_convergence,d_tail,3.980079635034247e-17
2C_esp_map,leak_rate=1|n_units=200|rho=0.7|sigma_u=0.5,2,esp_convergence,converged,1.0
2C_esp_map,leak_rate=1|n_units=200|rho=0.7|sigma_u=0.5,2,esp_convergence,decay_rate_per_step,-0.4556315911096626
2C_esp_map,leak_rate=1|n_units=200|rho=0.7|sigma_u=0.5,2,esp_convergence,n_pairs,10.0
2C_esp_map,leak_rate=1|n_units=200|rho=0.7|sigma_u=0.5,2,esp_convergence,n_fit_points,58.0
2C_esp_map,leak_rate=1|n_units=200|rho=0.7|sigma_u=0.5,2,conditional_lyapunov,lyapunov_per_step,-0.45035845962623744
2C_esp_map,leak_rate=1|n_units=200|rho=0.7|sigma_u=0.5,2,conditional_lyapunov,lyapunov_per_time,-0.45035845962623744
2C_esp_map,leak_rate=1|n_units=200|rho=0.7|sigma_u=0.5,2,conditional_lyapunov,n_intervals,2799.0
2C_esp_map,leak_rate=1|n_units=200|rho=0.7|sigma_u=0.5,2,conditional_lyapunov,max_observed_growth,0.7113870697548745
2C_esp_map,leak_rate=1|n_units=200|rho=0.7|sigma_u=0.5,2,autocorrelation_time,tau_1e,0.566241126502198
2C_esp_map,leak_rate=1|n_units=200|rho=0.7|sigma_u=0.5,2,autocorrelation_time,tau_censored,0.566241126502198
2C_esp_map,leak_rate=1|n_units=200|rho=0.7|sigma_u=0.5,2,autocorrelation_time,tau_integrated,1.0
2C_esp_map,leak_rate=1|n_units=200|rho=0.7|sigma_u=0.5,2,autocorrelation_time,max_lag,200.0
2C_esp_map,leak_rate=1|n_units=200|rho=0.7|sigma_u=1,2,esp_convergence,d_initial,0.3590713317746774
2C_esp_map,leak_rate=1|n_units=200|rho=0.7|sigma_u=1,2,esp_convergence,d_tail,4.3441659128641316e-17
2C_esp_map,leak_rate=1|n_units=200|rho=0.7|sigma_u=1,2,esp_convergence,converged,1.0
2C_esp_map,leak_rate=1|n_units=200|rho=0.7|sigma_u=1,2,esp_convergence,decay_rate_per_step,-0.6016943950232088
2C_esp_map,leak_rate=1|n_units=200|rho=0.7|sigma_u=1,2,esp_convergence,n_pairs,10.0
2C_esp_map,leak_rate=1|n_units=200|rho=0.7|sigma_u=1,2,esp_convergence,n_fit_points,42.0
2C_esp_map,leak_rate=1|n_units=200|rho=0.7|sigma_u=1,2,conditional_lyapunov,lyapunov_per_step,-0.5959894318783954
2C_esp_map,leak_rate=1|n_units=200|rho=0.7|sigma_u=1,2,conditional_lyapunov,lyapunov_per_time,-0.5959894318783954
2C_esp_map,leak_rate=1|n_units=200|rho=0.7|sigma_u=1,2,conditional_lyapunov,n_intervals,2799.0
2C_esp_map,leak_rate=1|n_units=200|rho=0.7|sigma_u=1,2,conditional_lyapunov,max_observed_growth,0.7288394345323641
2C_esp_map,leak_rate=1|n_units=200|rho=0.7|sigma_u=1,2,autocorrelation_time,tau_1e,0.5810884806619969
2C_esp_map,leak_rate=1|n_units=200|rho=0.7|sigma_u=1,2,autocorrelation_time,tau_censored,0.5810884806619969
2C_esp_map,leak_rate=1|n_units=200|rho=0.7|sigma_u=1,2,autocorrelation_time,tau_integrated,1.0000000000000002
2C_esp_map,leak_rate=1|n_units=200|rho=0.7|sigma_u=1,2,autocorrelation_time,max_lag,200.0
2C_esp_map,leak_rate=1|n_units=200|rho=0.7|sigma_u=2,2,esp_convergence,d_initial,0.2768258832045115
2C_esp_map,leak_rate=1|n_units=200|rho=0.7|sigma_u=2,2,esp_convergence,d_tail,0.0
2C_esp_map,leak_rate=1|n_units=200|rho=0.7|sigma_u=2,2,esp_convergence,converged,1.0
2C_esp_map,leak_rate=1|n_units=200|rho=0.7|sigma_u=2,2,esp_convergence,decay_rate_per_step,-0.8493868155708176
2C_esp_map,leak_rate=1|n_units=200|rho=0.7|sigma_u=2,2,esp_convergence,n_pairs,10.0
2C_esp_map,leak_rate=1|n_units=200|rho=0.7|sigma_u=2,2,esp_convergence,n_fit_points,27.0
2C_esp_map,leak_rate=1|n_units=200|rho=0.7|sigma_u=2,2,conditional_lyapunov,lyapunov_per_step,-0.8128757290626252
2C_esp_map,leak_rate=1|n_units=200|rho=0.7|sigma_u=2,2,conditional_lyapunov,lyapunov_per_time,-0.8128757290626252
2C_esp_map,leak_rate=1|n_units=200|rho=0.7|sigma_u=2,2,conditional_lyapunov,n_intervals,2799.0
2C_esp_map,leak_rate=1|n_units=200|rho=0.7|sigma_u=2,2,conditional_lyapunov,max_observed_growth,0.7040114311093246
2C_esp_map,leak_rate=1|n_units=200|rho=0.7|sigma_u=2,2,autocorrelation_time,tau_1e,0.5988820394843444
2C_esp_map,leak_rate=1|n_units=200|rho=0.7|sigma_u=2,2,autocorrelation_time,tau_censored,0.5988820394843444
2C_esp_map,leak_rate=1|n_units=200|rho=0.7|sigma_u=2,2,autocorrelation_time,tau_integrated,1.0000000000000002
2C_esp_map,leak_rate=1|n_units=200|rho=0.7|sigma_u=2,2,autocorrelation_time,max_lag,200.0
2C_esp_map,leak_rate=1|n_units=200|rho=0.8|sigma_u=0,2,esp_convergence,d_initial,0.47459184173505425
2C_esp_map,leak_rate=1|n_units=200|rho=0.8|sigma_u=0,2,esp_convergence,d_tail,0.0
2C_esp_map,leak_rate=1|n_units=200|rho=0.8|sigma_u=0,2,esp_convergence,converged,1.0
2C_esp_map,leak_rate=1|n_units=200|rho=0.8|sigma_u=0,2,esp_convergence,decay_rate_per_step,-0.2289719343636271
2C_esp_map,leak_rate=1|n_units=200|rho=0.8|sigma_u=0,2,esp_convergence,n_pairs,10.0
2C_esp_map,leak_rate=1|n_units=200|rho=0.8|sigma_u=0,2,esp_convergence,n_fit_points,124.0
2C_esp_map,leak_rate=1|n_units=200|rho=0.8|sigma_u=0,2,conditional_lyapunov,lyapunov_per_step,-0.22383882728892218
2C_esp_map,leak_rate=1|n_units=200|rho=0.8|sigma_u=0,2,conditional_lyapunov,lyapunov_per_time,-0.22383882728892218
2C_esp_map,leak_rate=1|n_units=200|rho=0.8|sigma_u=0,2,conditional_lyapunov,n_intervals,2799.0
2C_esp_map,leak_rate=1|n_units=200|rho=0.8|sigma_u=0,2,conditional_lyapunov,max_observed_growth,0.8359830441847113
2C_esp_map,leak_rate=1|n_units=200|rho=0.8|sigma_u=0,2,autocorrelation_time,tau_1e,4.512346114368455
2C_esp_map,leak_rate=1|n_units=200|rho=0.8|sigma_u=0,2,autocorrelation_time,tau_censored,4.512346114368455
2C_esp_map,leak_rate=1|n_units=200|rho=0.8|sigma_u=0,2,autocorrelation_time,tau_integrated,5.0003099070954455
2C_esp_map,leak_rate=1|n_units=200|rho=0.8|sigma_u=0,2,autocorrelation_time,max_lag,200.0
2C_esp_map,leak_rate=1|n_units=200|rho=0.8|sigma_u=0.05,2,esp_convergence,d_initial,0.47431871155026617
2C_esp_map,leak_rate=1|n_units=200|rho=0.8|sigma_u=0.05,2,esp_convergence,d_tail,8.989252884257338e-18
2C_esp_map,leak_rate=1|n_units=200|rho=0.8|sigma_u=0.05,2,esp_convergence,converged,1.0
2C_esp_map,leak_rate=1|n_units=200|rho=0.8|sigma_u=0.05,2,esp_convergence,decay_rate_per_step,-0.2306524766402692
2C_esp_map,leak_rate=1|n_units=200|rho=0.8|sigma_u=0.05,2,esp_convergence,n_pairs,10.0
2C_esp_map,leak_rate=1|n_units=200|rho=0.8|sigma_u=0.05,2,esp_convergence,n_fit_points,123.0
2C_esp_map,leak_rate=1|n_units=200|rho=0.8|sigma_u=0.05,2,conditional_lyapunov,lyapunov_per_step,-0.22558216661547906
2C_esp_map,leak_rate=1|n_units=200|rho=0.8|sigma_u=0.05,2,conditional_lyapunov,lyapunov_per_time,-0.22558216661547906
2C_esp_map,leak_rate=1|n_units=200|rho=0.8|sigma_u=0.05,2,conditional_lyapunov,n_intervals,2799.0
2C_esp_map,leak_rate=1|n_units=200|rho=0.8|sigma_u=0.05,2,conditional_lyapunov,max_observed_growth,0.8345653611441288
2C_esp_map,leak_rate=1|n_units=200|rho=0.8|sigma_u=0.05,2,autocorrelation_time,tau_1e,0.5386914898419505
2C_esp_map,leak_rate=1|n_units=200|rho=0.8|sigma_u=0.05,2,autocorrelation_time,tau_censored,0.5386914898419505
2C_esp_map,leak_rate=1|n_units=200|rho=0.8|sigma_u=0.05,2,autocorrelation_time,tau_integrated,1.0000000000000002
2C_esp_map,leak_rate=1|n_units=200|rho=0.8|sigma_u=0.05,2,autocorrelation_time,max_lag,200.0
2C_esp_map,leak_rate=1|n_units=200|rho=0.8|sigma_u=0.1,2,esp_convergence,d_initial,0.473586222748842
2C_esp_map,leak_rate=1|n_units=200|rho=0.8|sigma_u=0.1,2,esp_convergence,d_tail,1.721227201166305e-17
2C_esp_map,leak_rate=1|n_units=200|rho=0.8|sigma_u=0.1,2,esp_convergence,converged,1.0
2C_esp_map,leak_rate=1|n_units=200|rho=0.8|sigma_u=0.1,2,esp_convergence,decay_rate_per_step,-0.23534691047514844
2C_esp_map,leak_rate=1|n_units=200|rho=0.8|sigma_u=0.1,2,esp_convergence,n_pairs,10.0
2C_esp_map,leak_rate=1|n_units=200|rho=0.8|sigma_u=0.1,2,esp_convergence,n_fit_points,120.0
2C_esp_map,leak_rate=1|n_units=200|rho=0.8|sigma_u=0.1,2,conditional_lyapunov,lyapunov_per_step,-0.23062201560386877
2C_esp_map,leak_rate=1|n_units=200|rho=0.8|sigma_u=0.1,2,conditional_lyapunov,lyapunov_per_time,-0.23062201560386877
2C_esp_map,leak_rate=1|n_units=200|rho=0.8|sigma_u=0.1,2,conditional_lyapunov,n_intervals,2799.0
2C_esp_map,leak_rate=1|n_units=200|rho=0.8|sigma_u=0.1,2,conditional_lyapunov,max_observed_growth,0.8303861143200933
2C_esp_map,leak_rate=1|n_units=200|rho=0.8|sigma_u=0.1,2,autocorrelation_time,tau_1e,0.5398164695465674
2C_esp_map,leak_rate=1|n_units=200|rho=0.8|sigma_u=0.1,2,autocorrelation_time,tau_censored,0.5398164695465674
2C_esp_map,leak_rate=1|n_units=200|rho=0.8|sigma_u=0.1,2,autocorrelation_time,tau_integrated,1.0
2C_esp_map,leak_rate=1|n_units=200|rho=0.8|sigma_u=0.1,2,autocorrelation_time,max_lag,200.0
2C_esp_map,leak_rate=1|n_units=200|rho=0.8|sigma_u=0.2,2,esp_convergence,d_initial,0.47077008189632313
2C_esp_map,leak_rate=1|n_units=200|rho=0.8|sigma_u=0.2,2,esp_convergence,d_tail,3.074375900895666e-17
2C_esp_map,leak_rate=1|n_units=200|rho=0.8|sigma_u=0.2,2,esp_convergence,converged,1.0
2C_esp_map,leak_rate=1|n_units=200|rho=0.8|sigma_u=0.2,2,esp_convergence,decay_rate_per_step,-0.24995405395752912
2C_esp_map,leak_rate=1|n_units=200|rho=0.8|sigma_u=0.2,2,esp_convergence,n_pairs,10.0
2C_esp_map,leak_rate=1|n_units=200|rho=0.8|sigma_u=0.2,2,esp_convergence,n_fit_points,111.0
2C_esp_map,leak_rate=1|n_units=200|rho=0.8|sigma_u=0.2,2,conditional_lyapunov,lyapunov_per_step,-0.24856376512918
2C_esp_map,leak_rate=1|n_units=200|rho=0.8|sigma_u=0.2,2,conditional_lyapunov,lyapunov_per_time,-0.24856376512918
2C_esp_map,leak_rate=1|n_units=200|rho=0.8|sigma_u=0.2,2,conditional_lyapunov,n_intervals,2799.0
2C_esp_map,leak_rate=1|n_units=200|rho=0.8|sigma_u=0.2,2,conditional_lyapunov,max_observed_growth,0.8145651611407746
2C_esp_map,leak_rate=1|n_units=200|rho=0.8|sigma_u=0.2,2,autocorrelation_time,tau_1e,0.5435122397974872
2C_esp_map,leak_rate=1|n_units=200|rho=0.8|sigma_u=0.2,2,autocorrelation_time,tau_censored,0.5435122397974872
2C_esp_map,leak_rate=1|n_units=200|rho=0.8|sigma_u=0.2,2,autocorrelation_time,tau_integrated,1.0
2C_esp_map,leak_rate=1|n_units=200|rho=0.8|sigma_u=0.2,2,autocorrelation_time,max_lag,200.0
2C_esp_map,leak_rate=1|n_units=200|rho=0.8|sigma_u=0.5,2,esp_convergence,d_initial,0.4526740027809628
2C_esp_map,leak_rate=1|n_units=200|rho=0.8|sigma_u=0.5,2,esp_convergence,d_tail,5.285443584730394e-17
2C_esp_map,leak_rate=1|n_units=200|rho=0.8|sigma_u=0.5,2,esp_convergence,converged,1.0
2C_esp_map,leak_rate=1|n_units=200|rho=0.8|sigma_u=0.5,2,esp_convergence,decay_rate_per_step,-0.32601692138661514
2C_esp_map,leak_rate=1|n_units=200|rho=0.8|sigma_u=0.5,2,esp_convergence,n_pairs,10.0
2C_esp_map,leak_rate=1|n_units=200|rho=0.8|sigma_u=0.5,2,esp_convergence,n_fit_points,83.0
2C_esp_map,leak_rate=1|n_units=200|rho=0.8|sigma_u=0.5,2,conditional_lyapunov,lyapunov_per_step,-0.3318018140373163
2C_esp_map,leak_rate=1|n_units=200|rho=0.8|sigma_u=0.5,2,conditional_lyapunov,lyapunov_per_time,-0.3318018140373163
2C_esp_map,leak_rate=1|n_units=200|rho=0.8|sigma_u=0.5,2,conditional_lyapunov,n_intervals,2799.0
2C_esp_map,leak_rate=1|n_units=200|rho=0.8|sigma_u=0.5,2,conditional_lyapunov,max_observed_growth,0.8103386002652356
2C_esp_map,leak_rate=1|n_units=200|rho=0.8|sigma_u=0.5,2,autocorrelation_time,tau_1e,0.557030376687743
2C_esp_map,leak_rate=1|n_units=200|rho=0.8|sigma_u=0.5,2,autocorrelation_time,tau_censored,0.557030376687743
2C_esp_map,leak_rate=1|n_units=200|rho=0.8|sigma_u=0.5,2,autocorrelation_time,tau_integrated,0.9999999999999999
2C_esp_map,leak_rate=1|n_units=200|rho=0.8|sigma_u=0.5,2,autocorrelation_time,max_lag,200.0
2C_esp_map,leak_rate=1|n_units=200|rho=0.8|sigma_u=1,2,esp_convergence,d_initial,0.4030209401959216
2C_esp_map,leak_rate=1|n_units=200|rho=0.8|sigma_u=1,2,esp_convergence,d_tail,5.539203188433494e-17
2C_esp_map,leak_rate=1|n_units=200|rho=0.8|sigma_u=1,2,esp_convergence,converged,1.0
2C_esp_map,leak_rate=1|n_units=200|rho=0.8|sigma_u=1,2,esp_convergence,decay_rate_per_step,-0.4770388655022363
2C_esp_map,leak_rate=1|n_units=200|rho=0.8|sigma_u=1,2,esp_convergence,n_pairs,10.0
2C_esp_map,leak_rate=1|n_units=200|rho=0.8|sigma_u=1,2,esp_convergence,n_fit_points,55.0
2C_esp_map,leak_rate=1|n_units=200|rho=0.8|sigma_u=1,2,conditional_lyapunov,lyapunov_per_step,-0.48122439913161136
2C_esp_map,leak_rate=1|n_units=200|rho=0.8|sigma_u=1,2,conditional_lyapunov,lyapunov_per_time,-0.48122439913161136
2C_esp_map,leak_rate=1|n_units=200|rho=0.8|sigma_u=1,2,conditional_lyapunov,n_intervals,2799.0
2C_esp_map,leak_rate=1|n_units=200|rho=0.8|sigma_u=1,2,conditional_lyapunov,max_observed_growth,0.8258135078109592
2C_esp_map,leak_rate=1|n_units=200|rho=0.8|sigma_u=1,2,autocorrelation_time,tau_1e,0.5745791480505642
2C_esp_map,leak_rate=1|n_units=200|rho=0.8|sigma_u=1,2,autocorrelation_time,tau_censored,0.5745791480505642
2C_esp_map,leak_rate=1|n_units=200|rho=0.8|sigma_u=1,2,autocorrelation_time,tau_integrated,1.0
2C_esp_map,leak_rate=1|n_units=200|rho=0.8|sigma_u=1,2,autocorrelation_time,max_lag,200.0
2C_esp_map,leak_rate=1|n_units=200|rho=0.8|sigma_u=2,2,esp_convergence,d_initial,0.3122125703568526
2C_esp_map,leak_rate=1|n_units=200|rho=0.8|sigma_u=2,2,esp_convergence,d_tail,4.2719159697419924e-17
2C_esp_map,leak_rate=1|n_units=200|rho=0.8|sigma_u=2,2,esp_convergence,converged,1.0
2C_esp_map,leak_rate=1|n_units=200|rho=0.8|sigma_u=2,2,esp_convergence,decay_rate_per_step,-0.706055148551369
2C_esp_map,leak_rate=1|n_units=200|rho=0.8|sigma_u=2,2,esp_convergence,n_pairs,10.0
2C_esp_map,leak_rate=1|n_units=200|rho=0.8|sigma_u=2,2,esp_convergence,n_fit_points,35.0
2C_esp_map,leak_rate=1|n_units=200|rho=0.8|sigma_u=2,2,conditional_lyapunov,lyapunov_per_step,-0.6980281252859577
2C_esp_map,leak_rate=1|n_units=200|rho=0.8|sigma_u=2,2,conditional_lyapunov,lyapunov_per_time,-0.6980281252859577
2C_esp_map,leak_rate=1|n_units=200|rho=0.8|sigma_u=2,2,conditional_lyapunov,n_intervals,2799.0
2C_esp_map,leak_rate=1|n_units=200|rho=0.8|sigma_u=2,2,conditional_lyapunov,max_observed_growth,0.7771466464733127
2C_esp_map,leak_rate=1|n_units=200|rho=0.8|sigma_u=2,2,autocorrelation_time,tau_1e,0.5946365992916753
2C_esp_map,leak_rate=1|n_units=200|rho=0.8|sigma_u=2,2,autocorrelation_time,tau_censored,0.5946365992916753
2C_esp_map,leak_rate=1|n_units=200|rho=0.8|sigma_u=2,2,autocorrelation_time,tau_integrated,1.0
2C_esp_map,leak_rate=1|n_units=200|rho=0.8|sigma_u=2,2,autocorrelation_time,max_lag,200.0
2C_esp_map,leak_rate=1|n_units=200|rho=0.9|sigma_u=0,2,esp_convergence,d_initial,0.5183695487065325
2C_esp_map,leak_rate=1|n_units=200|rho=0.9|sigma_u=0,2,esp_convergence,d_tail,3.0062395951908405e-134
2C_esp_map,leak_rate=1|n_units=200|rho=0.9|sigma_u=0,2,esp_convergence,converged,1.0
2C_esp_map,leak_rate=1|n_units=200|rho=0.9|sigma_u=0,2,esp_convergence,decay_rate_per_step,-0.1058684175839164
2C_esp_map,leak_rate=1|n_units=200|rho=0.9|sigma_u=0,2,esp_convergence,n_pairs,10.0
2C_esp_map,leak_rate=1|n_units=200|rho=0.9|sigma_u=0,2,esp_convergence,n_fit_points,278.0
2C_esp_map,leak_rate=1|n_units=200|rho=0.9|sigma_u=0,2,conditional_lyapunov,lyapunov_per_step,-0.10605579163253134
2C_esp_map,leak_rate=1|n_units=200|rho=0.9|sigma_u=0,2,conditional_lyapunov,lyapunov_per_time,-0.10605579163253134
2C_esp_map,leak_rate=1|n_units=200|rho=0.9|sigma_u=0,2,conditional_lyapunov,n_intervals,2799.0
2C_esp_map,leak_rate=1|n_units=200|rho=0.9|sigma_u=0,2,conditional_lyapunov,max_observed_growth,0.9404809247078
2C_esp_map,leak_rate=1|n_units=200|rho=0.9|sigma_u=0,2,autocorrelation_time,tau_1e,9.50413225792456
2C_esp_map,leak_rate=1|n_units=200|rho=0.9|sigma_u=0,2,autocorrelation_time,tau_censored,9.50413225792456
2C_esp_map,leak_rate=1|n_units=200|rho=0.9|sigma_u=0,2,autocorrelation_time,tau_integrated,9.991890881965476
2C_esp_map,leak_rate=1|n_units=200|rho=0.9|sigma_u=0,2,autocorrelation_time,max_lag,200.0
2C_esp_map,leak_rate=1|n_units=200|rho=0.9|sigma_u=0.05,2,esp_convergence,d_initial,0.5180921695973166
2C_esp_map,leak_rate=1|n_units=200|rho=0.9|sigma_u=0.05,2,esp_convergence,d_tail,1.5189342111037495e-17
2C_esp_map,leak_rate=1|n_units=200|rho=0.9|sigma_u=0.05,2,esp_convergence,converged,1.0
2C_esp_map,leak_rate=1|n_units=200|rho=0.9|sigma_u=0.05,2,esp_convergence,decay_rate_per_step,-0.10932580395702614
2C_esp_map,leak_rate=1|n_units=200|rho=0.9|sigma_u=0.05,2,esp_convergence,n_pairs,10.0
2C_esp_map,leak_rate=1|n_units=200|rho=0.9|sigma_u=0.05,2,esp_convergence,n_fit_points,267.0
2C_esp_map,leak_rate=1|n_units=200|rho=0.9|sigma_u=0.05,2,conditional_lyapunov,lyapunov_per_step,-0.1088370844857738
2C_esp_map,leak_rate=1|n_units=200|rho=0.9|sigma_u=0.05,2,conditional_lyapunov,lyapunov_per_time,-0.1088370844857738
2C_esp_map,leak_rate=1|n_units=200|rho=0.9|sigma_u=0.05,2,conditional_lyapunov,n_intervals,2799.0
2C_esp_map,leak_rate=1|n_units=200|rho=0.9|sigma_u=0.05,2,conditional_lyapunov,max_observed_growth,0.9383641765101028
2C_esp_map,leak_rate=1|n_units=200|rho=0.9|sigma_u=0.05,2,autocorrelation_time,tau_1e,0.5241238049284407
2C_esp_map,leak_rate=1|n_units=200|rho=0.9|sigma_u=0.05,2,autocorrelation_time,tau_censored,0.5241238049284407
2C_esp_map,leak_rate=1|n_units=200|rho=0.9|sigma_u=0.05,2,autocorrelation_time,tau_integrated,1.0
2C_esp_map,leak_rate=1|n_units=200|rho=0.9|sigma_u=0.05,2,autocorrelation_time,max_lag,200.0
2C_esp_map,leak_rate=1|n_units=200|rho=0.9|sigma_u=0.1,2,esp_convergence,d_initial,0.5173487355181302
2C_esp_map,leak_rate=1|n_units=200|rho=0.9|sigma_u=0.1,2,esp_convergence,d_tail,2.9771362192739974e-17
2C_esp_map,leak_rate=1|n_units=200|rho=0.9|sigma_u=0.1,2,esp_convergence,converged,1.0
2C_esp_map,leak_rate=1|n_units=200|rho=0.9|sigma_u=0.1,2,esp_convergence,decay_rate_per_step,-0.11930387764353596
2C_esp_map,leak_rate=1|n_units=200|rho=0.9|sigma_u=0.1,2,esp_convergence,n_pairs,10.0
2C_esp_map,leak_rate=1|n_units=200|rho=0.9|sigma_u=0.1,2,esp_convergence,n_fit_points,239.0
2C_esp_map,leak_rate=1|n_units=200|rho=0.9|sigma_u=0.1,2,conditional_lyapunov,lyapunov_per_step,-0.11652439994618306
2C_esp_map,leak_rate=1|n_units=200|rho=0.9|sigma_u=0.1,2,conditional_lyapunov,lyapunov_per_time,-0.11652439994618306
2C_esp_map,leak_rate=1|n_units=200|rho=0.9|sigma_u=0.1,2,conditional_lyapunov,n_intervals,2799.0
2C_esp_map,leak_rate=1|n_units=200|rho=0.9|sigma_u=0.1,2,conditional_lyapunov,max_observed_growth,0.932129747395078
2C_esp_map,leak_rate=1|n_units=200|rho=0.9|sigma_u=0.1,2,autocorrelation_time,tau_1e,0.5260477467867448
2C_esp_map,leak_rate=1|n_units=200|rho=0.9|sigma_u=0.1,2,autocorrelation_time,tau_censored,0.5260477467867448
2C_esp_map,leak_rate=1|n_units=200|rho=0.9|sigma_u=0.1,2,autocorrelation_time,tau_integrated,1.0000000000000002
2C_esp_map,leak_rate=1|n_units=200|rho=0.9|sigma_u=0.1,2,autocorrelation_time,max_lag,200.0
2C_esp_map,leak_rate=1|n_units=200|rho=0.9|sigma_u=0.2,2,esp_convergence,d_initial,0.5144906176558757
2C_esp_map,leak_rate=1|n_units=200|rho=0.9|sigma_u=0.2,2,esp_convergence,d_tail,4.9015378318766474e-17
2C_esp_map,leak_rate=1|n_units=200|rho=0.9|sigma_u=0.2,2,esp_convergence,converged,1.0
2C_esp_map,leak_rate=1|n_units=200|rho=0.9|sigma_u=0.2,2,esp_convergence,decay_rate_per_step,-0.141433568451316
2C_esp_map,leak_rate=1|n_units=200|rho=0.9|sigma_u=0.2,2,esp_convergence,n_pairs,10.0
2C_esp_map,leak_rate=1|n_units=200|rho=0.9|sigma_u=0.2,2,esp_convergence,n_fit_points,205.0
2C_esp_map,leak_rate=1|n_units=200|rho=0.9|sigma_u=0.2,2,conditional_lyapunov,lyapunov_per_step,-0.1411423522021203
2C_esp_map,leak_rate=1|n_units=200|rho=0.9|sigma_u=0.2,2,conditional_lyapunov,lyapunov_per_time,-0.1411423522021203
2C_esp_map,leak_rate=1|n_units=200|rho=0.9|sigma_u=0.2,2,conditional_lyapunov,n_intervals,2799.0
2C_esp_map,leak_rate=1|n_units=200|rho=0.9|sigma_u=0.2,2,conditional_lyapunov,max_observed_growth,0.9085862905015908
2C_esp_map,leak_rate=1|n_units=200|rho=0.9|sigma_u=0.2,2,autocorrelation_time,tau_1e,0.5315384682686831
2C_esp_map,leak_rate=1|n_units=200|rho=0.9|sigma_u=0.2,2,autocorrelation_time,tau_censored,0.5315384682686831
2C_esp_map,leak_rate=1|n_units=200|rho=0.9|sigma_u=0.2,2,autocorrelation_time,tau_integrated,0.9999999999999999
2C_esp_map,leak_rate=1|n_units=200|rho=0.9|sigma_u=0.2,2,autocorrelation_time,max_lag,200.0
2C_esp_map,leak_rate=1|n_units=200|rho=0.9|sigma_u=0.5,2,esp_convergence,d_initial,0.4960729101087617
2C_esp_map,leak_rate=1|n_units=200|rho=0.9|sigma_u=0.5,2,esp_convergence,d_tail,6.944009361085138e-17
2C_esp_map,leak_rate=1|n_units=200|rho=0.9|sigma_u=0.5,2,esp_convergence,converged,1.0
2C_esp_map,leak_rate=1|n_units=200|rho=0.9|sigma_u=0.5,2,esp_convergence,decay_rate_per_step,-0.22993088424147365
2C_esp_map,leak_rate=1|n_units=200|rho=0.9|sigma_u=0.5,2,esp_convergence,n_pairs,10.0
2C_esp_map,leak_rate=1|n_units=200|rho=0.9|sigma_u=0.5,2,esp_convergence,n_fit_points,123.0
2C_esp_map,leak_rate=1|n_units=200|rho=0.9|sigma_u=0.5,2,conditional_lyapunov,lyapunov_per_step,-0.23545853393822927
2C_esp_map,leak_rate=1|n_units=200|rho=0.9|sigma_u=0.5,2,conditional_lyapunov,lyapunov_per_time,-0.23545853393822927
2C_esp_map,leak_rate=1|n_units=200|rho=0.9|sigma_u=0.5,2,conditional_lyapunov,n_intervals,2799.0
2C_esp_map,leak_rate=1|n_units=200|rho=0.9|sigma_u=0.5,2,conditional_lyapunov,max_observed_growth,0.9096962975897918
2C_esp_map,leak_rate=1|n_units=200|rho=0.9|sigma_u=0.5,2,autocorrelation_time,tau_1e,0.5485379930057641
2C_esp_map,leak_rate=1|n_units=200|rho=0.9|sigma_u=0.5,2,autocorrelation_time,tau_censored,0.5485379930057641
2C_esp_map,leak_rate=1|n_units=200|rho=0.9|sigma_u=0.5,2,autocorrelation_time,tau_integrated,1.0
2C_esp_map,leak_rate=1|n_units=200|rho=0.9|sigma_u=0.5,2,autocorrelation_time,max_lag,200.0
2C_esp_map,leak_rate=1|n_units=200|rho=0.9|sigma_u=1,2,esp_convergence,d_initial,0.4448188206223985
2C_esp_map,leak_rate=1|n_units=200|rho=0.9|sigma_u=1,2,esp_convergence,d_tail,6.919089716361516e-17
2C_esp_map,leak_rate=1|n_units=200|rho=0.9|sigma_u=1,2,esp_convergence,converged,1.0
2C_esp_map,leak_rate=1|n_units=200|rho=0.9|sigma_u=1,2,esp_convergence,decay_rate_per_step,-0.4217949149915958
2C_esp_map,leak_rate=1|n_units=200|rho=0.9|sigma_u=1,2,esp_convergence,n_pairs,10.0
2C_esp_map,leak_rate=1|n_units=200|rho=0.9|sigma_u=1,2,esp_convergence,n_fit_points,65.0
2C_esp_map,leak_rate=1|n_units=200|rho=0.9|sigma_u=1,2,conditional_lyapunov,lyapunov_per_step,-0.38741418477693446
2C_esp_map,leak_rate=1|n_units=200|rho=0.9|sigma_u=1,2,conditional_lyapunov,lyapunov_per_time,-0.38741418477693446
2C_esp_map,leak_rate=1|n_units=200|rho=0.9|sigma_u=1,2,conditional_lyapunov,n_intervals,2799.0
2C_esp_map,leak_rate=1|n_units=200|rho=0.9|sigma_u=1,2,conditional_lyapunov,max_observed_growth,0.9128858473031304
2C_esp_map,leak_rate=1|n_units=200|rho=0.9|sigma_u=1,2,autocorrelation_time,tau_1e,0.5684384306250492
2C_esp_map,leak_rate=1|n_units=200|rho=0.9|sigma_u=1,2,autocorrelation_time,tau_censored,0.5684384306250492
2C_esp_map,leak_rate=1|n_units=200|rho=0.9|sigma_u=1,2,autocorrelation_time,tau_integrated,1.0
2C_esp_map,leak_rate=1|n_units=200|rho=0.9|sigma_u=1,2,autocorrelation_time,max_lag,200.0
2C_esp_map,leak_rate=1|n_units=200|rho=0.9|sigma_u=2,2,esp_convergence,d_initial,0.3466015248249432
2C_esp_map,leak_rate=1|n_units=200|rho=0.9|sigma_u=2,2,esp_convergence,d_tail,5.3099493184675683e-17
2C_esp_map,leak_rate=1|n_units=200|rho=0.9|sigma_u=2,2,esp_convergence,converged,1.0
2C_esp_map,leak_rate=1|n_units=200|rho=0.9|sigma_u=2,2,esp_convergence,decay_rate_per_step,-0.6127693438757968
2C_esp_map,leak_rate=1|n_units=200|rho=0.9|sigma_u=2,2,esp_convergence,n_pairs,10.0
2C_esp_map,leak_rate=1|n_units=200|rho=0.9|sigma_u=2,2,esp_convergence,n_fit_points,42.0
2C_esp_map,leak_rate=1|n_units=200|rho=0.9|sigma_u=2,2,conditional_lyapunov,lyapunov_per_step,-0.5963593923397309
2C_esp_map,leak_rate=1|n_units=200|rho=0.9|sigma_u=2,2,conditional_lyapunov,lyapunov_per_time,-0.5963593923397309
2C_esp_map,leak_rate=1|n_units=200|rho=0.9|sigma_u=2,2,conditional_lyapunov,n_intervals,2799.0
2C_esp_map,leak_rate=1|n_units=200|rho=0.9|sigma_u=2,2,conditional_lyapunov,max_observed_growth,0.892747239975815
2C_esp_map,leak_rate=1|n_units=200|rho=0.9|sigma_u=2,2,autocorrelation_time,tau_1e,0.5905350875012716
2C_esp_map,leak_rate=1|n_units=200|rho=0.9|sigma_u=2,2,autocorrelation_time,tau_censored,0.5905350875012716
2C_esp_map,leak_rate=1|n_units=200|rho=0.9|sigma_u=2,2,autocorrelation_time,tau_integrated,1.0
2C_esp_map,leak_rate=1|n_units=200|rho=0.9|sigma_u=2,2,autocorrelation_time,max_lag,200.0
2C_esp_map,leak_rate=1|n_units=200|rho=1|sigma_u=0,2,esp_convergence,d_initial,0.5588674244976176
2C_esp_map,leak_rate=1|n_units=200|rho=1|sigma_u=0,2,esp_convergence,d_tail,0.027933703661244945
2C_esp_map,leak_rate=1|n_units=200|rho=1|sigma_u=0,2,esp_convergence,converged,0.0
2C_esp_map,leak_rate=1|n_units=200|rho=1|sigma_u=0,2,esp_convergence,decay_rate_per_step,-0.0003554797162247924
2C_esp_map,leak_rate=1|n_units=200|rho=1|sigma_u=0,2,esp_convergence,n_pairs,10.0
2C_esp_map,leak_rate=1|n_units=200|rho=1|sigma_u=0,2,esp_convergence,n_fit_points,2990.0
2C_esp_map,leak_rate=1|n_units=200|rho=1|sigma_u=0,2,conditional_lyapunov,lyapunov_per_step,-0.0019195422034017728
2C_esp_map,leak_rate=1|n_units=200|rho=1|sigma_u=0,2,conditional_lyapunov,lyapunov_per_time,-0.0019195422034017728
2C_esp_map,leak_rate=1|n_units=200|rho=1|sigma_u=0,2,conditional_lyapunov,n_intervals,2799.0
2C_esp_map,leak_rate=1|n_units=200|rho=1|sigma_u=0,2,conditional_lyapunov,max_observed_growth,1.0390133824639212
2C_esp_map,leak_rate=1|n_units=200|rho=1|sigma_u=0,2,autocorrelation_time,tau_1e,nan
2C_esp_map,leak_rate=1|n_units=200|rho=1|sigma_u=0,2,autocorrelation_time,tau_censored,200.0
2C_esp_map,leak_rate=1|n_units=200|rho=1|sigma_u=0,2,autocorrelation_time,tau_integrated,164.8767786069974
2C_esp_map,leak_rate=1|n_units=200|rho=1|sigma_u=0,2,autocorrelation_time,max_lag,200.0
2C_esp_map,leak_rate=1|n_units=200|rho=1|sigma_u=0.05,2,esp_convergence,d_initial,0.558585300316143
2C_esp_map,leak_rate=1|n_units=200|rho=1|sigma_u=0.05,2,esp_convergence,d_tail,1.6340566986294887e-09
2C_esp_map,leak_rate=1|n_units=200|rho=1|sigma_u=0.05,2,esp_convergence,converged,1.0
2C_esp_map,leak_rate=1|n_units=200|rho=1|sigma_u=0.05,2,esp_convergence,decay_rate_per_step,-0.0061643924616854055
2C_esp_map,leak_rate=1|n_units=200|rho=1|sigma_u=0.05,2,esp_convergence,n_pairs,10.0
2C_esp_map,leak_rate=1|n_units=200|rho=1|sigma_u=0.05,2,esp_convergence,n_fit_points,2990.0
2C_esp_map,leak_rate=1|n_units=200|rho=1|sigma_u=0.05,2,conditional_lyapunov,lyapunov_per_step,-0.006890311194427051
2C_esp_map,leak_rate=1|n_units=200|rho=1|sigma_u=0.05,2,conditional_lyapunov,lyapunov_per_time,-0.006890311194427051
2C_esp_map,leak_rate=1|n_units=200|rho=1|sigma_u=0.05,2,conditional_lyapunov,n_intervals,2799.0
2C_esp_map,leak_rate=1|n_units=200|rho=1|sigma_u=0.05,2,conditional_lyapunov,max_observed_growth,1.0407357416943566
2C_esp_map,leak_rate=1|n_units=200|rho=1|sigma_u=0.05,2,autocorrelation_time,tau_1e,0.5302126235581012
2C_esp_map,leak_rate=1|n_units=200|rho=1|sigma_u=0.05,2,autocorrelation_time,tau_censored,0.5302126235581012
2C_esp_map,leak_rate=1|n_units=200|rho=1|sigma_u=0.05,2,autocorrelation_time,tau_integrated,1.0
2C_esp_map,leak_rate=1|n_units=200|rho=1|sigma_u=0.05,2,autocorrelation_time,max_lag,200.0
2C_esp_map,leak_rate=1|n_units=200|rho=1|sigma_u=0.1,2,esp_convergence,d_initial,0.5578373539242801
2C_esp_map,leak_rate=1|n_units=200|rho=1|sigma_u=0.1,2,esp_convergence,d_tail,6.385629962508331e-17
2C_esp_map,leak_rate=1|n_units=200|rho=1|sigma_u=0.1,2,esp_convergence,converged,1.0
2C_esp_map,leak_rate=1|n_units=200|rho=1|sigma_u=0.1,2,esp_convergence,decay_rate_per_step,-0.02057294128350381
2C_esp_map,leak_rate=1|n_units=200|rho=1|sigma_u=0.1,2,esp_convergence,n_pairs,10.0
2C_esp_map,leak_rate=1|n_units=200|rho=1|sigma_u=0.1,2,esp_convergence,n_fit_points,1440.0
2C_esp_map,leak_rate=1|n_units=200|rho=1|sigma_u=0.1,2,conditional_lyapunov,lyapunov_per_step,-0.020842266909764626
2C_esp_map,leak_rate=1|n_units=200|rho=1|sigma_u=0.1,2,conditional_lyapunov,lyapunov_per_time,-0.020842266909764626
2C_esp_map,leak_rate=1|n_units=200|rho=1|sigma_u=0.1,2,conditional_lyapunov,n_intervals,2799.0
2C_esp_map,leak_rate=1|n_units=200|rho=1|sigma_u=0.1,2,conditional_lyapunov,max_observed_growth,1.0295875248639537
2C_esp_map,leak_rate=1|n_units=200|rho=1|sigma_u=0.1,2,autocorrelation_time,tau_1e,0.5251579177970898
2C_esp_map,leak_rate=1|n_units=200|rho=1|sigma_u=0.1,2,autocorrelation_time,tau_censored,0.5251579177970898
2C_esp_map,leak_rate=1|n_units=200|rho=1|sigma_u=0.1,2,autocorrelation_time,tau_integrated,1.0
2C_esp_map,leak_rate=1|n_units=200|rho=1|sigma_u=0.1,2,autocorrelation_time,max_lag,200.0
2C_esp_map,leak_rate=1|n_units=200|rho=1|sigma_u=0.2,2,esp_convergence,d_initial,0.5549706990191541
2C_esp_map,leak_rate=1|n_units=200|rho=1|sigma_u=0.2,2,esp_convergence,d_tail,8.583771170919181e-17
2C_esp_map,leak_rate=1|n_units=200|rho=1|sigma_u=0.2,2,esp_convergence,converged,1.0
2C_esp_map,leak_rate=1|n_units=200|rho=1|sigma_u=0.2,2,esp_convergence,decay_rate_per_step,-0.05786964453575359
2C_esp_map,leak_rate=1|n_units=200|rho=1|sigma_u=0.2,2,esp_convergence,n_pairs,10.0
2C_esp_map,leak_rate=1|n_units=200|rho=1|sigma_u=0.2,2,esp_convergence,n_fit_points,525.0
2C_esp_map,leak_rate=1|n_units=200|rho=1|sigma_u=0.2,2,conditional_lyapunov,lyapunov_per_step,-0.055838168634894776
2C_esp_map,leak_rate=1|n_units=200|rho=1|sigma_u=0.2,2,conditional_lyapunov,lyapunov_per_time,-0.055838168634894776
2C_esp_map,leak_rate=1|n_units=200|rho=1|sigma_u=0.2,2,conditional_lyapunov,n_intervals,2799.0
2C_esp_map,leak_rate=1|n_units=200|rho=1|sigma_u=0.2,2,conditional_lyapunov,max_observed_growth,1.0097262006656764
2C_esp_map,leak_rate=1|n_units=200|rho=1|sigma_u=0.2,2,autocorrelation_time,tau_1e,0.5269220252009587
2C_esp_map,leak_rate=1|n_units=200|rho=1|sigma_u=0.2,2,autocorrelation_time,tau_censored,0.5269220252009587
2C_esp_map,leak_rate=1|n_units=200|rho=1|sigma_u=0.2,2,autocorrelation_time,tau_integrated,1.0
2C_esp_map,leak_rate=1|n_units=200|rho=1|sigma_u=0.2,2,autocorrelation_time,max_lag,200.0
2C_esp_map,leak_rate=1|n_units=200|rho=1|sigma_u=0.5,2,esp_convergence,d_initial,0.5364851316032208
2C_esp_map,leak_rate=1|n_units=200|rho=1|sigma_u=0.5,2,esp_convergence,d_tail,9.28581034782631e-17
2C_esp_map,leak_rate=1|n_units=200|rho=1|sigma_u=0.5,2,esp_convergence,converged,1.0
2C_esp_map,leak_rate=1|n_units=200|rho=1|sigma_u=0.5,2,esp_convergence,decay_rate_per_step,-0.15864367068562948
2C_esp_map,leak_rate=1|n_units=200|rho=1|sigma_u=0.5,2,esp_convergence,n_pairs,10.0
2C_esp_map,leak_rate=1|n_units=200|rho=1|sigma_u=0.5,2,esp_convergence,n_fit_points,180.0
2C_esp_map,leak_rate=1|n_units=200|rho=1|sigma_u=0.5,2,conditional_lyapunov,lyapunov_per_step,-0.15989944466096093
2C_esp_map,leak_rate=1|n_units=200|rho=1|sigma_u=0.5,2,conditional_lyapunov,lyapunov_per_time,-0.15989944466096093
2C_esp_map,leak_rate=1|n_units=200|rho=1|sigma_u=0.5,2,conditional_lyapunov,n_intervals,2799.0
2C_esp_map,leak_rate=1|n_units=200|rho=1|sigma_u=0.5,2,conditional_lyapunov,max_observed_growth,1.0027741626009603
2C_esp_map,leak_rate=1|n_units=200|rho=1|sigma_u=0.5,2,autocorrelation_time,tau_1e,0.5423108128558254
2C_esp_map,leak_rate=1|n_units=200|rho=1|sigma_u=0.5,2,autocorrelation_time,tau_censored,0.5423108128558254
2C_esp_map,leak_rate=1|n_units=200|rho=1|sigma_u=0.5,2,autocorrelation_time,tau_integrated,1.0
2C_esp_map,leak_rate=1|n_units=200|rho=1|sigma_u=0.5,2,autocorrelation_time,max_lag,200.0
2C_esp_map,leak_rate=1|n_units=200|rho=1|sigma_u=1,2,esp_convergence,d_initial,0.484438663093155
2C_esp_map,leak_rate=1|n_units=200|rho=1|sigma_u=1,2,esp_convergence,d_tail,8.443239638356644e-17
2C_esp_map,leak_rate=1|n_units=200|rho=1|sigma_u=1,2,esp_convergence,converged,1.0
2C_esp_map,leak_rate=1|n_units=200|rho=1|sigma_u=1,2,esp_convergence,decay_rate_per_step,-0.29362111502953936
2C_esp_map,leak_rate=1|n_units=200|rho=1|sigma_u=1,2,esp_convergence,n_pairs,10.0
2C_esp_map,leak_rate=1|n_units=200|rho=1|sigma_u=1,2,esp_convergence,n_fit_points,96.0
2C_esp_map,leak_rate=1|n_units=200|rho=1|sigma_u=1,2,conditional_lyapunov,lyapunov_per_step,-0.3100283707402303
2C_esp_map,leak_rate=1|n_units=200|rho=1|sigma_u=1,2,conditional_lyapunov,lyapunov_per_time,-0.3100283707402303
2C_esp_map,leak_rate=1|n_units=200|rho=1|sigma_u=1,2,conditional_lyapunov,n_intervals,2799.0
2C_esp_map,leak_rate=1|n_units=200|rho=1|sigma_u=1,2,conditional_lyapunov,max_observed_growth,0.9787575123327601
2C_esp_map,leak_rate=1|n_units=200|rho=1|sigma_u=1,2,autocorrelation_time,tau_1e,0.5630007996403089
2C_esp_map,leak_rate=1|n_units=200|rho=1|sigma_u=1,2,autocorrelation_time,tau_censored,0.5630007996403089
2C_esp_map,leak_rate=1|n_units=200|rho=1|sigma_u=1,2,autocorrelation_time,tau_integrated,1.0
2C_esp_map,leak_rate=1|n_units=200|rho=1|sigma_u=1,2,autocorrelation_time,max_lag,200.0
2C_esp_map,leak_rate=1|n_units=200|rho=1|sigma_u=2,2,esp_convergence,d_initial,0.38011713907920947
2C_esp_map,leak_rate=1|n_units=200|rho=1|sigma_u=2,2,esp_convergence,d_tail,6.435610898049434e-17
2C_esp_map,leak_rate=1|n_units=200|rho=1|sigma_u=2,2,esp_convergence,converged,1.0
2C_esp_map,leak_rate=1|n_units=200|rho=1|sigma_u=2,2,esp_convergence,decay_rate_per_step,-0.5104890323778801
2C_esp_map,leak_rate=1|n_units=200|rho=1|sigma_u=2,2,esp_convergence,n_pairs,10.0
2C_esp_map,leak_rate=1|n_units=200|rho=1|sigma_u=2,2,esp_convergence,n_fit_points,53.0
2C_esp_map,leak_rate=1|n_units=200|rho=1|sigma_u=2,2,conditional_lyapunov,lyapunov_per_step,-0.5104329418171324
2C_esp_map,leak_rate=1|n_units=200|rho=1|sigma_u=2,2,conditional_lyapunov,lyapunov_per_time,-0.5104329418171324
2C_esp_map,leak_rate=1|n_units=200|rho=1|sigma_u=2,2,conditional_lyapunov,n_intervals,2799.0
2C_esp_map,leak_rate=1|n_units=200|rho=1|sigma_u=2,2,conditional_lyapunov,max_observed_growth,0.9557172875947647
2C_esp_map,leak_rate=1|n_units=200|rho=1|sigma_u=2,2,autocorrelation_time,tau_1e,0.5866410921482265
2C_esp_map,leak_rate=1|n_units=200|rho=1|sigma_u=2,2,autocorrelation_time,tau_censored,0.5866410921482265
2C_esp_map,leak_rate=1|n_units=200|rho=1|sigma_u=2,2,autocorrelation_time,tau_integrated,1.0
2C_esp_map,leak_rate=1|n_units=200|rho=1|sigma_u=2,2,autocorrelation_time,max_lag,200.0
2C_esp_map,leak_rate=1|n_units=200|rho=1.1|sigma_u=0,2,esp_convergence,d_initial,0.5963235165153083
2C_esp_map,leak_rate=1|n_units=200|rho=1.1|sigma_u=0,2,esp_convergence,d_tail,0.662836857481179
2C_esp_map,leak_rate=1|n_units=200|rho=1.1|sigma_u=0,2,esp_convergence,converged,0.0
2C_esp_map,leak_rate=1|n_units=200|rho=1.1|sigma_u=0,2,esp_convergence,decay_rate_per_step,1.3993976146366984e-05
2C_esp_map,leak_rate=1|n_units=200|rho=1.1|sigma_u=0,2,esp_convergence,n_pairs,10.0
2C_esp_map,leak_rate=1|n_units=200|rho=1.1|sigma_u=0,2,esp_convergence,n_fit_points,2990.0
2C_esp_map,leak_rate=1|n_units=200|rho=1.1|sigma_u=0,2,conditional_lyapunov,lyapunov_per_step,-0.05675411000946815
2C_esp_map,leak_rate=1|n_units=200|rho=1.1|sigma_u=0,2,conditional_lyapunov,lyapunov_per_time,-0.05675411000946815
2C_esp_map,leak_rate=1|n_units=200|rho=1.1|sigma_u=0,2,conditional_lyapunov,n_intervals,2799.0
2C_esp_map,leak_rate=1|n_units=200|rho=1.1|sigma_u=0,2,conditional_lyapunov,max_observed_growth,1.0332863118353472
2C_esp_map,leak_rate=1|n_units=200|rho=1.1|sigma_u=0,2,autocorrelation_time,tau_1e,2.139480327996033
2C_esp_map,leak_rate=1|n_units=200|rho=1.1|sigma_u=0,2,autocorrelation_time,tau_censored,2.139480327996033
2C_esp_map,leak_rate=1|n_units=200|rho=1.1|sigma_u=0,2,autocorrelation_time,tau_integrated,2.246035098535198
2C_esp_map,leak_rate=1|n_units=200|rho=1.1|sigma_u=0,2,autocorrelation_time,max_lag,200.0
2C_esp_map,leak_rate=1|n_units=200|rho=1.1|sigma_u=0.05,2,esp_convergence,d_initial,0.5960345647995366
2C_esp_map,leak_rate=1|n_units=200|rho=1.1|sigma_u=0.05,2,esp_convergence,d_tail,0.6456187432117264
2C_esp_map,leak_rate=1|n_units=200|rho=1.1|sigma_u=0.05,2,esp_convergence,converged,0.0
2C_esp_map,leak_rate=1|n_units=200|rho=1.1|sigma_u=0.05,2,esp_convergence,decay_rate_per_step,1.1578716991862685e-05
2C_esp_map,leak_rate=1|n_units=200|rho=1.1|sigma_u=0.05,2,esp_convergence,n_pairs,10.0
2C_esp_map,leak_rate=1|n_units=200|rho=1.1|sigma_u=0.05,2,esp_convergence,n_fit_points,2990.0
2C_esp_map,leak_rate=1|n_units=200|rho=1.1|sigma_u=0.05,2,conditional_lyapunov,lyapunov_per_step,-0.05632718315831499
2C_esp_map,leak_rate=1|n_units=200|rho=1.1|sigma_u=0.05,2,conditional_lyapunov,lyapunov_per_time,-0.05632718315831499
2C_esp_map,leak_rate=1|n_units=200|rho=1.1|sigma_u=0.05,2,conditional_lyapunov,n_intervals,2799.0
2C_esp_map,leak_rate=1|n_units=200|rho=1.1|sigma_u=0.05,2,conditional_lyapunov,max_observed_growth,1.0507989407415022
2C_esp_map,leak_rate=1|n_units=200|rho=1.1|sigma_u=0.05,2,autocorrelation_time,tau_1e,0.5410293427990637
2C_esp_map,leak_rate=1|n_units=200|rho=1.1|sigma_u=0.05,2,autocorrelation_time,tau_censored,0.5410293427990637
2C_esp_map,leak_rate=1|n_units=200|rho=1.1|sigma_u=0.05,2,autocorrelation_time,tau_integrated,1.0
2C_esp_map,leak_rate=1|n_units=200|rho=1.1|sigma_u=0.05,2,autocorrelation_time,max_lag,200.0
2C_esp_map,leak_rate=1|n_units=200|rho=1.1|sigma_u=0.1,2,esp_convergence,d_initial,0.5952854943494749
2C_esp_map,leak_rate=1|n_units=200|rho=1.1|sigma_u=0.1,2,esp_convergence,d_tail,0.5883780194852919
2C_esp_map,leak_rate=1|n_units=200|rho=1.1|sigma_u=0.1,2,esp_convergence,converged,0.0
2C_esp_map,leak_rate=1|n_units=200|rho=1.1|sigma_u=0.1,2,esp_convergence,decay_rate_per_step,2.078496256125917e-05
2C_esp_map,leak_rate=1|n_units=200|rho=1.1|sigma_u=0.1,2,esp_convergence,n_pairs,10.0
2C_esp_map,leak_rate=1|n_units=200|rho=1.1|sigma_u=0.1,2,esp_convergence,n_fit_points,2990.0
2C_esp_map,leak_rate=1|n_units=200|rho=1.1|sigma_u=0.1,2,conditional_lyapunov,lyapunov_per_step,-0.05549398126187256
2C_esp_map,leak_rate=1|n_units=200|rho=1.1|sigma_u=0.1,2,conditional_lyapunov,lyapunov_per_time,-0.05549398126187256
2C_esp_map,leak_rate=1|n_units=200|rho=1.1|sigma_u=0.1,2,conditional_lyapunov,n_intervals,2799.0
2C_esp_map,leak_rate=1|n_units=200|rho=1.1|sigma_u=0.1,2,conditional_lyapunov,max_observed_growth,1.1017869515321863
2C_esp_map,leak_rate=1|n_units=200|rho=1.1|sigma_u=0.1,2,autocorrelation_time,tau_1e,0.5456399331449963
2C_esp_map,leak_rate=1|n_units=200|rho=1.1|sigma_u=0.1,2,autocorrelation_time,tau_censored,0.5456399331449963
2C_esp_map,leak_rate=1|n_units=200|rho=1.1|sigma_u=0.1,2,autocorrelation_time,tau_integrated,1.0
2C_esp_map,leak_rate=1|n_units=200|rho=1.1|sigma_u=0.1,2,autocorrelation_time,max_lag,200.0
2C_esp_map,leak_rate=1|n_units=200|rho=1.1|sigma_u=0.2,2,esp_convergence,d_initial,0.5924331992088951
2C_esp_map,leak_rate=1|n_units=200|rho=1.1|sigma_u=0.2,2,esp_convergence,d_tail,5.445010645589333e-09
2C_esp_map,leak_rate=1|n_units=200|rho=1.1|sigma_u=0.2,2,esp_convergence,converged,1.0
2C_esp_map,leak_rate=1|n_units=200|rho=1.1|sigma_u=0.2,2,esp_convergence,decay_rate_per_step,-0.00603606827972965
2C_esp_map,leak_rate=1|n_units=200|rho=1.1|sigma_u=0.2,2,esp_convergence,n_pairs,10.0
2C_esp_map,leak_rate=1|n_units=200|rho=1.1|sigma_u=0.2,2,esp_convergence,n_fit_points,2990.0
2C_esp_map,leak_rate=1|n_units=200|rho=1.1|sigma_u=0.2,2,conditional_lyapunov,lyapunov_per_step,-0.007811206768604612
2C_esp_map,leak_rate=1|n_units=200|rho=1.1|sigma_u=0.2,2,conditional_lyapunov,lyapunov_per_time,-0.007811206768604612
2C_esp_map,leak_rate=1|n_units=200|rho=1.1|sigma_u=0.2,2,conditional_lyapunov,n_intervals,2799.0
2C_esp_map,leak_rate=1|n_units=200|rho=1.1|sigma_u=0.2,2,conditional_lyapunov,max_observed_growth,1.1027019551618444
2C_esp_map,leak_rate=1|n_units=200|rho=1.1|sigma_u=0.2,2,autocorrelation_time,tau_1e,0.5851150373100158
2C_esp_map,leak_rate=1|n_units=200|rho=1.1|sigma_u=0.2,2,autocorrelation_time,tau_censored,0.5851150373100158
2C_esp_map,leak_rate=1|n_units=200|rho=1.1|sigma_u=0.2,2,autocorrelation_time,tau_integrated,1.0
2C_esp_map,leak_rate=1|n_units=200|rho=1.1|sigma_u=0.2,2,autocorrelation_time,max_lag,200.0
2C_esp_map,leak_rate=1|n_units=200|rho=1.1|sigma_u=0.5,2,esp_convergence,d_initial,0.5740687585627068
2C_esp_map,leak_rate=1|n_units=200|rho=1.1|sigma_u=0.5,2,esp_convergence,d_tail,1.2593900355100098e-16
2C_esp_map,leak_rate=1|n_units=200|rho=1.1|sigma_u=0.5,2,esp_convergence,converged,1.0
2C_esp_map,leak_rate=1|n_units=200|rho=1.1|sigma_u=0.5,2,esp_convergence,decay_rate_per_step,-0.10468061686395333
2C_esp_map,leak_rate=1|n_units=200|rho=1.1|sigma_u=0.5,2,esp_convergence,n_pairs,10.0
2C_esp_map,leak_rate=1|n_units=200|rho=1.1|sigma_u=0.5,2,esp_convergence,n_fit_points,285.0
2C_esp_map,leak_rate=1|n_units=200|rho=1.1|sigma_u=0.5,2,conditional_lyapunov,lyapunov_per_step,-0.1037509963919039
2C_esp_map,leak_rate=1|n_units=200|rho=1.1|sigma_u=0.5,2,conditional_lyapunov,lyapunov_per_time,-0.1037509963919039
2C_esp_map,leak_rate=1|n_units=200|rho=1.1|sigma_u=0.5,2,conditional_lyapunov,n_intervals,2799.0
2C_esp_map,leak_rate=1|n_units=200|rho=1.1|sigma_u=0.5,2,conditional_lyapunov,max_observed_growth,1.0828965496840648
2C_esp_map,leak_rate=1|n_units=200|rho=1.1|sigma_u=0.5,2,autocorrelation_time,tau_1e,0.5404886852929036
2C_esp_map,leak_rate=1|n_units=200|rho=1.1|sigma_u=0.5,2,autocorrelation_time,tau_censored,0.5404886852929036
2C_esp_map,leak_rate=1|n_units=200|rho=1.1|sigma_u=0.5,2,autocorrelation_time,tau_integrated,1.0
2C_esp_map,leak_rate=1|n_units=200|rho=1.1|sigma_u=0.5,2,autocorrelation_time,max_lag,200.0
2C_esp_map,leak_rate=1|n_units=200|rho=1.1|sigma_u=1,2,esp_convergence,d_initial,0.5218769344626718
2C_esp_map,leak_rate=1|n_units=200|rho=1.1|sigma_u=1,2,esp_convergence,d_tail,1.0268683487822047e-16
2C_esp_map,leak_rate=1|n_units=200|rho=1.1|sigma_u=1,2,esp_convergence,converged,1.0
2C_esp_map,leak_rate=1|n_units=200|rho=1.1|sigma_u=1,2,esp_convergence,decay_rate_per_step,-0.22661625051335504
2C_esp_map,leak_rate=1|n_units=200|rho=1.1|sigma_u=1,2,esp_convergence,n_pairs,10.0
2C_esp_map,leak_rate=1|n_units=200|rho=1.1|sigma_u=1,2,esp_convergence,n_fit_points,127.0
2C_esp_map,leak_rate=1|n_units=200|rho=1.1|sigma_u=1,2,conditional_lyapunov,lyapunov_per_step,-0.24923215346507102
2C_esp_map,leak_rate=1|n_units=200|rho=1.1|sigma_u=1,2,conditional_lyapunov,lyapunov_per_time,-0.24923215346507102
2C_esp_map,leak_rate=1|n_units=200|rho=1.1|sigma_u=1,2,conditional_lyapunov,n_intervals,2799.0
2C_esp_map,leak_rate=1|n_units=200|rho=1.1|sigma_u=1,2,conditional_lyapunov,max_observed_growth,1.014563029186844
2C_esp_map,leak_rate=1|n_units=200|rho=1.1|sigma_u=1,2,autocorrelation_time,tau_1e,0.5587080272427365
2C_esp_map,leak_rate=1|n_units=200|rho=1.1|sigma_u=1,2,autocorrelation_time,tau_censored,0.5587080272427365
2C_esp_map,leak_rate=1|n_units=200|rho=1.1|sigma_u=1,2,autocorrelation_time,tau_integrated,1.0
2C_esp_map,leak_rate=1|n_units=200|rho=1.1|sigma_u=1,2,autocorrelation_time,max_lag,200.0
2C_esp_map,leak_rate=1|n_units=200|rho=1.1|sigma_u=2,2,esp_convergence,d_initial,0.41285579861080696
2C_esp_map,leak_rate=1|n_units=200|rho=1.1|sigma_u=2,2,esp_convergence,d_tail,7.987868379891095e-17
2C_esp_map,leak_rate=1|n_units=200|rho=1.1|sigma_u=2,2,esp_convergence,converged,1.0
2C_esp_map,leak_rate=1|n_units=200|rho=1.1|sigma_u=2,2,esp_convergence,decay_rate_per_step,-0.41548453356697645
2C_esp_map,leak_rate=1|n_units=200|rho=1.1|sigma_u=2,2,esp_convergence,n_pairs,10.0
2C_esp_map,leak_rate=1|n_units=200|rho=1.1|sigma_u=2,2,esp_convergence,n_fit_points,65.0
2C_esp_map,leak_rate=1|n_units=200|rho=1.1|sigma_u=2,2,conditional_lyapunov,lyapunov_per_step,-0.4349362219257782
2C_esp_map,leak_rate=1|n_units=200|rho=1.1|sigma_u=2,2,conditional_lyapunov,lyapunov_per_time,-0.4349362219257782
2C_esp_map,leak_rate=1|n_units=200|rho=1.1|sigma_u=2,2,conditional_lyapunov,n_intervals,2799.0
2C_esp_map,leak_rate=1|n_units=200|rho=1.1|sigma_u=2,2,conditional_lyapunov,max_observed_growth,0.9727790479528741
2C_esp_map,leak_rate=1|n_units=200|rho=1.1|sigma_u=2,2,autocorrelation_time,tau_1e,0.583018017488699
2C_esp_map,leak_rate=1|n_units=200|rho=1.1|sigma_u=2,2,autocorrelation_time,tau_censored,0.583018017488699
2C_esp_map,leak_rate=1|n_units=200|rho=1.1|sigma_u=2,2,autocorrelation_time,tau_integrated,1.0
2C_esp_map,leak_rate=1|n_units=200|rho=1.1|sigma_u=2,2,autocorrelation_time,max_lag,200.0
2C_esp_map,leak_rate=1|n_units=200|rho=1.2|sigma_u=0,2,esp_convergence,d_initial,0.6309749911711001
2C_esp_map,leak_rate=1|n_units=200|rho=1.2|sigma_u=0,2,esp_convergence,d_tail,0.8867036539942094
2C_esp_map,leak_rate=1|n_units=200|rho=1.2|sigma_u=0,2,esp_convergence,converged,0.0
2C_esp_map,leak_rate=1|n_units=200|rho=1.2|sigma_u=0,2,esp_convergence,decay_rate_per_step,1.079148949510777e-05
2C_esp_map,leak_rate=1|n_units=200|rho=1.2|sigma_u=0,2,esp_convergence,n_pairs,10.0
2C_esp_map,leak_rate=1|n_units=200|rho=1.2|sigma_u=0,2,esp_convergence,n_fit_points,2990.0
2C_esp_map,leak_rate=1|n_units=200|rho=1.2|sigma_u=0,2,conditional_lyapunov,lyapunov_per_step,-0.06402854655012354
2C_esp_map,leak_rate=1|n_units=200|rho=1.2|sigma_u=0,2,conditional_lyapunov,lyapunov_per_time,-0.06402854655012354
2C_esp_map,leak_rate=1|n_units=200|rho=1.2|sigma_u=0,2,conditional_lyapunov,n_intervals,2799.0
2C_esp_map,leak_rate=1|n_units=200|rho=1.2|sigma_u=0,2,conditional_lyapunov,max_observed_growth,1.010998940524685
2C_esp_map,leak_rate=1|n_units=200|rho=1.2|sigma_u=0,2,autocorrelation_time,tau_1e,2.1408114348359226
2C_esp_map,leak_rate=1|n_units=200|rho=1.2|sigma_u=0,2,autocorrelation_time,tau_censored,2.1408114348359226
2C_esp_map,leak_rate=1|n_units=200|rho=1.2|sigma_u=0,2,autocorrelation_time,tau_integrated,2.240272992698678
2C_esp_map,leak_rate=1|n_units=200|rho=1.2|sigma_u=0,2,autocorrelation_time,max_lag,200.0
2C_esp_map,leak_rate=1|n_units=200|rho=1.2|sigma_u=0.05,2,esp_convergence,d_initial,0.6306764725477717
2C_esp_map,leak_rate=1|n_units=200|rho=1.2|sigma_u=0.05,2,esp_convergence,d_tail,0.8759836257546556
2C_esp_map,leak_rate=1|n_units=200|rho=1.2|sigma_u=0.05,2,esp_convergence,converged,0.0
2C_esp_map,leak_rate=1|n_units=200|rho=1.2|sigma_u=0.05,2,esp_convergence,decay_rate_per_step,1.1949022170098956e-05
2C_esp_map,leak_rate=1|n_units=200|rho=1.2|sigma_u=0.05,2,esp_convergence,n_pairs,10.0
2C_esp_map,leak_rate=1|n_units=200|rho=1.2|sigma_u=0.05,2,esp_convergence,n_fit_points,2990.0
2C_esp_map,leak_rate=1|n_units=200|rho=1.2|sigma_u=0.05,2,conditional_lyapunov,lyapunov_per_step,-0.06311467067082203
2C_esp_map,leak_rate=1|n_units=200|rho=1.2|sigma_u=0.05,2,conditional_lyapunov,lyapunov_per_time,-0.06311467067082203
2C_esp_map,leak_rate=1|n_units=200|rho=1.2|sigma_u=0.05,2,conditional_lyapunov,n_intervals,2799.0
2C_esp_map,leak_rate=1|n_units=200|rho=1.2|sigma_u=0.05,2,conditional_lyapunov,max_observed_growth,1.0662849561099694
2C_esp_map,leak_rate=1|n_units=200|rho=1.2|sigma_u=0.05,2,autocorrelation_time,tau_1e,0.5454438299769373
2C_esp_map,leak_rate=1|n_units=200|rho=1.2|sigma_u=0.05,2,autocorrelation_time,tau_censored,0.5454438299769373
2C_esp_map,leak_rate=1|n_units=200|rho=1.2|sigma_u=0.05,2,autocorrelation_time,tau_integrated,1.0000000000000002
2C_esp_map,leak_rate=1|n_units=200|rho=1.2|sigma_u=0.05,2,autocorrelation_time,max_lag,200.0
2C_esp_map,leak_rate=1|n_units=200|rho=1.2|sigma_u=0.1,2,esp_convergence,d_initial,0.6299277485715538
2C_esp_map,leak_rate=1|n_units=200|rho=1.2|sigma_u=0.1,2,esp_convergence,d_tail,0.8432015714258716
2C_esp_map,leak_rate=1|n_units=200|rho=1.2|sigma_u=0.1,2,esp_convergence,converged,0.0
2C_esp_map,leak_rate=1|n_units=200|rho=1.2|sigma_u=0.1,2,esp_convergence,decay_rate_per_step,1.3586662393403018e-05
2C_esp_map,leak_rate=1|n_units=200|rho=1.2|sigma_u=0.1,2,esp_convergence,n_pairs,10.0
2C_esp_map,leak_rate=1|n_units=200|rho=1.2|sigma_u=0.1,2,esp_convergence,n_fit_points,2990.0
2C_esp_map,leak_rate=1|n_units=200|rho=1.2|sigma_u=0.1,2,conditional_lyapunov,lyapunov_per_step,-0.060301960947700024
2C_esp_map,leak_rate=1|n_units=200|rho=1.2|sigma_u=0.1,2,conditional_lyapunov,lyapunov_per_time,-0.060301960947700024
2C_esp_map,leak_rate=1|n_units=200|rho=1.2|sigma_u=0.1,2,conditional_lyapunov,n_intervals,2799.0
2C_esp_map,leak_rate=1|n_units=200|rho=1.2|sigma_u=0.1,2,conditional_lyapunov,max_observed_growth,1.0996587060486114
2C_esp_map,leak_rate=1|n_units=200|rho=1.2|sigma_u=0.1,2,autocorrelation_time,tau_1e,0.5504462496922631
2C_esp_map,leak_rate=1|n_units=200|rho=1.2|sigma_u=0.1,2,autocorrelation_time,tau_censored,0.5504462496922631
2C_esp_map,leak_rate=1|n_units=200|rho=1.2|sigma_u=0.1,2,autocorrelation_time,tau_integrated,1.0000000000000002
2C_esp_map,leak_rate=1|n_units=200|rho=1.2|sigma_u=0.1,2,autocorrelation_time,max_lag,200.0
2C_esp_map,leak_rate=1|n_units=200|rho=1.2|sigma_u=0.2,2,esp_convergence,d_initial,0.627105032788501
2C_esp_map,leak_rate=1|n_units=200|rho=1.2|sigma_u=0.2,2,esp_convergence,d_tail,0.6833077399763142
2C_esp_map,leak_rate=1|n_units=200|rho=1.2|sigma_u=0.2,2,esp_convergence,converged,0.0
2C_esp_map,leak_rate=1|n_units=200|rho=1.2|sigma_u=0.2,2,esp_convergence,decay_rate_per_step,4.0372041798275025e-05
2C_esp_map,leak_rate=1|n_units=200|rho=1.2|sigma_u=0.2,2,esp_convergence,n_pairs,10.0
2C_esp_map,leak_rate=1|n_units=200|rho=1.2|sigma_u=0.2,2,esp_convergence,n_fit_points,2990.0
2C_esp_map,leak_rate=1|n_units=200|rho=1.2|sigma_u=0.2,2,conditional_lyapunov,lyapunov_per_step,-0.0524487735412695
2C_esp_map,leak_rate=1|n_units=200|rho=1.2|sigma_u=0.2,2,conditional_lyapunov,lyapunov_per_time,-0.0524487735412695
2C_esp_map,leak_rate=1|n_units=200|rho=1.2|sigma_u=0.2,2,conditional_lyapunov,n_intervals,2799.0
2C_esp_map,leak_rate=1|n_units=200|rho=1.2|sigma_u=0.2,2,conditional_lyapunov,max_observed_growth,1.158097367345592
2C_esp_map,leak_rate=1|n_units=200|rho=1.2|sigma_u=0.2,2,autocorrelation_time,tau_1e,0.5642938004954546
2C_esp_map,leak_rate=1|n_units=200|rho=1.2|sigma_u=0.2,2,autocorrelation_time,tau_censored,0.5642938004954546
2C_esp_map,leak_rate=1|n_units=200|rho=1.2|sigma_u=0.2,2,autocorrelation_time,tau_integrated,1.0
2C_esp_map,leak_rate=1|n_units=200|rho=1.2|sigma_u=0.2,2,autocorrelation_time,max_lag,200.0
2C_esp_map,leak_rate=1|n_units=200|rho=1.2|sigma_u=0.5,2,esp_convergence,d_initial,0.6089984844190092
2C_esp_map,leak_rate=1|n_units=200|rho=1.2|sigma_u=0.5,2,esp_convergence,d_tail,1.7323280420632684e-16
2C_esp_map,leak_rate=1|n_units=200|rho=1.2|sigma_u=0.5,2,esp_convergence,converged,1.0
2C_esp_map,leak_rate=1|n_units=200|rho=1.2|sigma_u=0.5,2,esp_convergence,decay_rate_per_step,-0.06761806339512678
2C_esp_map,leak_rate=1|n_units=200|rho=1.2|sigma_u=0.5,2,esp_convergence,n_pairs,10.0
2C_esp_map,leak_rate=1|n_units=200|rho=1.2|sigma_u=0.5,2,esp_convergence,n_fit_points,449.0
2C_esp_map,leak_rate=1|n_units=200|rho=1.2|sigma_u=0.5,2,conditional_lyapunov,lyapunov_per_step,-0.06477517438862625
2C_esp_map,leak_rate=1|n_units=200|rho=1.2|sigma_u=0.5,2,conditional_lyapunov,lyapunov_per_time,-0.06477517438862625
2C_esp_map,leak_rate=1|n_units=200|rho=1.2|sigma_u=0.5,2,conditional_lyapunov,n_intervals,2799.0
2C_esp_map,leak_rate=1|n_units=200|rho=1.2|sigma_u=0.5,2,conditional_lyapunov,max_observed_growth,1.1481341812317198
2C_esp_map,leak_rate=1|n_units=200|rho=1.2|sigma_u=0.5,2,autocorrelation_time,tau_1e,0.5444405824985772
2C_esp_map,leak_rate=1|n_units=200|rho=1.2|sigma_u=0.5,2,autocorrelation_time,tau_censored,0.5444405824985772
2C_esp_map,leak_rate=1|n_units=200|rho=1.2|sigma_u=0.5,2,autocorrelation_time,tau_integrated,1.0
2C_esp_map,leak_rate=1|n_units=200|rho=1.2|sigma_u=0.5,2,autocorrelation_time,max_lag,200.0
2C_esp_map,leak_rate=1|n_units=200|rho=1.2|sigma_u=1,2,esp_convergence,d_initial,0.5571564375860376
2C_esp_map,leak_rate=1|n_units=200|rho=1.2|sigma_u=1,2,esp_convergence,d_tail,1.2757001221222445e-16
2C_esp_map,leak_rate=1|n_units=200|rho=1.2|sigma_u=1,2,esp_convergence,converged,1.0
2C_esp_map,leak_rate=1|n_units=200|rho=1.2|sigma_u=1,2,esp_convergence,decay_rate_per_step,-0.1796069875242296
2C_esp_map,leak_rate=1|n_units=200|rho=1.2|sigma_u=1,2,esp_convergence,n_pairs,10.0
2C_esp_map,leak_rate=1|n_units=200|rho=1.2|sigma_u=1,2,esp_convergence,n_fit_points,159.0
2C_esp_map,leak_rate=1|n_units=200|rho=1.2|sigma_u=1,2,conditional_lyapunov,lyapunov_per_step,-0.19732463482201884
2C_esp_map,leak_rate=1|n_units=200|rho=1.2|sigma_u=1,2,conditional_lyapunov,lyapunov_per_time,-0.19732463482201884
2C_esp_map,leak_rate=1|n_units=200|rho=1.2|sigma_u=1,2,conditional_lyapunov,n_intervals,2799.0
2C_esp_map,leak_rate=1|n_units=200|rho=1.2|sigma_u=1,2,conditional_lyapunov,max_observed_growth,1.1003144661410755
2C_esp_map,leak_rate=1|n_units=200|rho=1.2|sigma_u=1,2,autocorrelation_time,tau_1e,0.5559581501286396
2C_esp_map,leak_rate=1|n_units=200|rho=1.2|sigma_u=1,2,autocorrelation_time,tau_censored,0.5559581501286396
2C_esp_map,leak_rate=1|n_units=200|rho=1.2|sigma_u=1,2,autocorrelation_time,tau_integrated,1.0
2C_esp_map,leak_rate=1|n_units=200|rho=1.2|sigma_u=1,2,autocorrelation_time,max_lag,200.0
2C_esp_map,leak_rate=1|n_units=200|rho=1.2|sigma_u=2,2,esp_convergence,d_initial,0.44486163271382995
2C_esp_map,leak_rate=1|n_units=200|rho=1.2|sigma_u=2,2,esp_convergence,d_tail,9.012819219952398e-17
2C_esp_map,leak_rate=1|n_units=200|rho=1.2|sigma_u=2,2,esp_convergence,converged,1.0
2C_esp_map,leak_rate=1|n_units=200|rho=1.2|sigma_u=2,2,esp_convergence,decay_rate_per_step,-0.33843973420095574
2C_esp_map,leak_rate=1|n_units=200|rho=1.2|sigma_u=2,2,esp_convergence,n_pairs,10.0
2C_esp_map,leak_rate=1|n_units=200|rho=1.2|sigma_u=2,2,esp_convergence,n_fit_points,81.0
2C_esp_map,leak_rate=1|n_units=200|rho=1.2|sigma_u=2,2,conditional_lyapunov,lyapunov_per_step,-0.36774959713564565
2C_esp_map,leak_rate=1|n_units=200|rho=1.2|sigma_u=2,2,conditional_lyapunov,lyapunov_per_time,-0.36774959713564565
2C_esp_map,leak_rate=1|n_units=200|rho=1.2|sigma_u=2,2,conditional_lyapunov,n_intervals,2799.0
2C_esp_map,leak_rate=1|n_units=200|rho=1.2|sigma_u=2,2,conditional_lyapunov,max_observed_growth,1.0251709014357941
2C_esp_map,leak_rate=1|n_units=200|rho=1.2|sigma_u=2,2,autocorrelation_time,tau_1e,0.5797502258278466
2C_esp_map,leak_rate=1|n_units=200|rho=1.2|sigma_u=2,2,autocorrelation_time,tau_censored,0.5797502258278466
2C_esp_map,leak_rate=1|n_units=200|rho=1.2|sigma_u=2,2,autocorrelation_time,tau_integrated,1.0000000000000002
2C_esp_map,leak_rate=1|n_units=200|rho=1.2|sigma_u=2,2,autocorrelation_time,max_lag,200.0
2C_esp_map,leak_rate=1|n_units=200|rho=1.3|sigma_u=0,2,esp_convergence,d_initial,0.663049831601062
2C_esp_map,leak_rate=1|n_units=200|rho=1.3|sigma_u=0,2,esp_convergence,d_tail,1.0339099390320028
2C_esp_map,leak_rate=1|n_units=200|rho=1.3|sigma_u=0,2,esp_convergence,converged,0.0
2C_esp_map,leak_rate=1|n_units=200|rho=1.3|sigma_u=0,2,esp_convergence,decay_rate_per_step,1.2592565751726485e-05
2C_esp_map,leak_rate=1|n_units=200|rho=1.3|sigma_u=0,2,esp_convergence,n_pairs,10.0
2C_esp_map,leak_rate=1|n_units=200|rho=1.3|sigma_u=0,2,esp_convergence,n_fit_points,2990.0
2C_esp_map,leak_rate=1|n_units=200|rho=1.3|sigma_u=0,2,conditional_lyapunov,lyapunov_per_step,-0.06604619501849622
2C_esp_map,leak_rate=1|n_units=200|rho=1.3|sigma_u=0,2,conditional_lyapunov,lyapunov_per_time,-0.06604619501849622
2C_esp_map,leak_rate=1|n_units=200|rho=1.3|sigma_u=0,2,conditional_lyapunov,n_intervals,2799.0
2C_esp_map,leak_rate=1|n_units=200|rho=1.3|sigma_u=0,2,conditional_lyapunov,max_observed_growth,1.014551794165933
2C_esp_map,leak_rate=1|n_units=200|rho=1.3|sigma_u=0,2,autocorrelation_time,tau_1e,0.36113880667587017
2C_esp_map,leak_rate=1|n_units=200|rho=1.3|sigma_u=0,2,autocorrelation_time,tau_censored,0.36113880667587017
2C_esp_map,leak_rate=1|n_units=200|rho=1.3|sigma_u=0,2,autocorrelation_time,tau_integrated,0.9999999999999968
2C_esp_map,leak_rate=1|n_units=200|rho=1.3|sigma_u=0,2,autocorrelation_time,max_lag,200.0
2C_esp_map,leak_rate=1|n_units=200|rho=1.3|sigma_u=0.05,2,esp_convergence,d_initial,0.6627390705232679
2C_esp_map,leak_rate=1|n_units=200|rho=1.3|sigma_u=0.05,2,esp_convergence,d_tail,1.0252025340364832
2C_esp_map,leak_rate=1|n_units=200|rho=1.3|sigma_u=0.05,2,esp_convergence,converged,0.0
2C_esp_map,leak_rate=1|n_units=200|rho=1.3|sigma_u=0.05,2,esp_convergence,decay_rate_per_step,1.3436715901927242e-05
2C_esp_map,leak_rate=1|n_units=200|rho=1.3|sigma_u=0.05,2,esp_convergence,n_pairs,10.0
2C_esp_map,leak_rate=1|n_units=200|rho=1.3|sigma_u=0.05,2,esp_convergence,n_fit_points,2990.0
2C_esp_map,leak_rate=1|n_units=200|rho=1.3|sigma_u=0.05,2,conditional_lyapunov,lyapunov_per_step,-0.06710510133402368
2C_esp_map,leak_rate=1|n_units=200|rho=1.3|sigma_u=0.05,2,conditional_lyapunov,lyapunov_per_time,-0.06710510133402368
2C_esp_map,leak_rate=1|n_units=200|rho=1.3|sigma_u=0.05,2,conditional_lyapunov,n_intervals,2799.0
2C_esp_map,leak_rate=1|n_units=200|rho=1.3|sigma_u=0.05,2,conditional_lyapunov,max_observed_growth,1.033865168409165
2C_esp_map,leak_rate=1|n_units=200|rho=1.3|sigma_u=0.05,2,autocorrelation_time,tau_1e,0.5532452328890842
2C_esp_map,leak_rate=1|n_units=200|rho=1.3|sigma_u=0.05,2,autocorrelation_time,tau_censored,0.5532452328890842
2C_esp_map,leak_rate=1|n_units=200|rho=1.3|sigma_u=0.05,2,autocorrelation_time,tau_integrated,1.0
2C_esp_map,leak_rate=1|n_units=200|rho=1.3|sigma_u=0.05,2,autocorrelation_time,max_lag,200.0
2C_esp_map,leak_rate=1|n_units=200|rho=1.3|sigma_u=0.1,2,esp_convergence,d_initial,0.6619911580549012
2C_esp_map,leak_rate=1|n_units=200|rho=1.3|sigma_u=0.1,2,esp_convergence,d_tail,0.9994232651415986
2C_esp_map,leak_rate=1|n_units=200|rho=1.3|sigma_u=0.1,2,esp_convergence,converged,0.0
2C_esp_map,leak_rate=1|n_units=200|rho=1.3|sigma_u=0.1,2,esp_convergence,decay_rate_per_step,1.328467332124787e-05
2C_esp_map,leak_rate=1|n_units=200|rho=1.3|sigma_u=0.1,2,esp_convergence,n_pairs,10.0
2C_esp_map,leak_rate=1|n_units=200|rho=1.3|sigma_u=0.1,2,esp_convergence,n_fit_points,2990.0
2C_esp_map,leak_rate=1|n_units=200|rho=1.3|sigma_u=0.1,2,conditional_lyapunov,lyapunov_per_step,-0.0702247649041395
2C_esp_map,leak_rate=1|n_units=200|rho=1.3|sigma_u=0.1,2,conditional_lyapunov,lyapunov_per_time,-0.0702247649041395
2C_esp_map,leak_rate=1|n_units=200|rho=1.3|sigma_u=0.1,2,conditional_lyapunov,n_intervals,2799.0
2C_esp_map,leak_rate=1|n_units=200|rho=1.3|sigma_u=0.1,2,conditional_lyapunov,max_observed_growth,1.1133351499286979
2C_esp_map,leak_rate=1|n_units=200|rho=1.3|sigma_u=0.1,2,autocorrelation_time,tau_1e,0.5578815083404471
2C_esp_map,leak_rate=1|n_units=200|rho=1.3|sigma_u=0.1,2,autocorrelation_time,tau_censored,0.5578815083404471
2C_esp_map,leak_rate=1|n_units=200|rho=1.3|sigma_u=0.1,2,autocorrelation_time,tau_integrated,1.0
2C_esp_map,leak_rate=1|n_units=200|rho=1.3|sigma_u=0.1,2,autocorrelation_time,max_lag,200.0
2C_esp_map,leak_rate=1|n_units=200|rho=1.3|sigma_u=0.2,2,esp_convergence,d_initial,0.6592080017093731
2C_esp_map,leak_rate=1|n_units=200|rho=1.3|sigma_u=0.2,2,esp_convergence,d_tail,0.8906701297950117
2C_esp_map,leak_rate=1|n_units=200|rho=1.3|sigma_u=0.2,2,esp_convergence,converged,0.0
2C_esp_map,leak_rate=1|n_units=200|rho=1.3|sigma_u=0.2,2,esp_convergence,decay_rate_per_step,3.0672372113397496e-05
2C_esp_map,leak_rate=1|n_units=200|rho=1.3|sigma_u=0.2,2,esp_convergence,n_pairs,10.0
2C_esp_map,leak_rate=1|n_units=200|rho=1.3|sigma_u=0.2,2,esp_convergence,n_fit_points,2990.0
2C_esp_map,leak_rate=1|n_units=200|rho=1.3|sigma_u=0.2,2,conditional_lyapunov,lyapunov_per_step,-0.05504323603312936
2C_esp_map,leak_rate=1|n_units=200|rho=1.3|sigma_u=0.2,2,conditional_lyapunov,lyapunov_per_time,-0.05504323603312936
2C_esp_map,leak_rate=1|n_units=200|rho=1.3|sigma_u=0.2,2,conditional_lyapunov,n_intervals,2799.0
2C_esp_map,leak_rate=1|n_units=200|rho=1.3|sigma_u=0.2,2,conditional_lyapunov,max_observed_growth,1.150748212729242
2C_esp_map,leak_rate=1|n_units=200|rho=1.3|sigma_u=0.2,2,autocorrelation_time,tau_1e,0.5729956916162146
2C_esp_map,leak_rate=1|n_units=200|rho=1.3|sigma_u=0.2,2,autocorrelation_time,tau_censored,0.5729956916162146
2C_esp_map,leak_rate=1|n_units=200|rho=1.3|sigma_u=0.2,2,autocorrelation_time,tau_integrated,1.0
2C_esp_map,leak_rate=1|n_units=200|rho=1.3|sigma_u=0.2,2,autocorrelation_time,max_lag,200.0
2C_esp_map,leak_rate=1|n_units=200|rho=1.3|sigma_u=0.5,2,esp_convergence,d_initial,0.641455892918081
2C_esp_map,leak_rate=1|n_units=200|rho=1.3|sigma_u=0.5,2,esp_convergence,d_tail,2.5297361450929636e-16
2C_esp_map,leak_rate=1|n_units=200|rho=1.3|sigma_u=0.5,2,esp_convergence,converged,1.0
2C_esp_map,leak_rate=1|n_units=200|rho=1.3|sigma_u=0.5,2,esp_convergence,decay_rate_per_step,-0.04964161122311828
2C_esp_map,leak_rate=1|n_units=200|rho=1.3|sigma_u=0.5,2,esp_convergence,n_pairs,10.0
2C_esp_map,leak_rate=1|n_units=200|rho=1.3|sigma_u=0.5,2,esp_convergence,n_fit_points,624.0
2C_esp_map,leak_rate=1|n_units=200|rho=1.3|sigma_u=0.5,2,conditional_lyapunov,lyapunov_per_step,-0.040536654572663526
2C_esp_map,leak_rate=1|n_units=200|rho=1.3|sigma_u=0.5,2,conditional_lyapunov,lyapunov_per_time,-0.040536654572663526
2C_esp_map,leak_rate=1|n_units=200|rho=1.3|sigma_u=0.5,2,conditional_lyapunov,n_intervals,2799.0
2C_esp_map,leak_rate=1|n_units=200|rho=1.3|sigma_u=0.5,2,conditional_lyapunov,max_observed_growth,1.2020079099216372
2C_esp_map,leak_rate=1|n_units=200|rho=1.3|sigma_u=0.5,2,autocorrelation_time,tau_1e,0.5539679182138075
2C_esp_map,leak_rate=1|n_units=200|rho=1.3|sigma_u=0.5,2,autocorrelation_time,tau_censored,0.5539679182138075
2C_esp_map,leak_rate=1|n_units=200|rho=1.3|sigma_u=0.5,2,autocorrelation_time,tau_integrated,0.9999999999999997
2C_esp_map,leak_rate=1|n_units=200|rho=1.3|sigma_u=0.5,2,autocorrelation_time,max_lag,200.0
2C_esp_map,leak_rate=1|n_units=200|rho=1.3|sigma_u=1,2,esp_convergence,d_initial,0.5903270333830989
2C_esp_map,leak_rate=1|n_units=200|rho=1.3|sigma_u=1,2,esp_convergence,d_tail,1.5794931030246634e-16
2C_esp_map,leak_rate=1|n_units=200|rho=1.3|sigma_u=1,2,esp_convergence,converged,1.0
2C_esp_map,leak_rate=1|n_units=200|rho=1.3|sigma_u=1,2,esp_convergence,decay_rate_per_step,-0.14425841448924404
2C_esp_map,leak_rate=1|n_units=200|rho=1.3|sigma_u=1,2,esp_convergence,n_pairs,10.0
2C_esp_map,leak_rate=1|n_units=200|rho=1.3|sigma_u=1,2,esp_convergence,n_fit_points,211.0
2C_esp_map,leak_rate=1|n_units=200|rho=1.3|sigma_u=1,2,conditional_lyapunov,lyapunov_per_step,-0.1490294934134975
2C_esp_map,leak_rate=1|n_units=200|rho=1.3|sigma_u=1,2,conditional_lyapunov,lyapunov_per_time,-0.1490294934134975
2C_esp_map,leak_rate=1|n_units=200|rho=1.3|sigma_u=1,2,conditional_lyapunov,n_intervals,2799.0
2C_esp_map,leak_rate=1|n_units=200|rho=1.3|sigma_u=1,2,conditional_lyapunov,max_observed_growth,1.143783271493989
2C_esp_map,leak_rate=1|n_units=200|rho=1.3|sigma_u=1,2,autocorrelation_time,tau_1e,0.55502038168927
2C_esp_map,leak_rate=1|n_units=200|rho=1.3|sigma_u=1,2,autocorrelation_time,tau_censored,0.55502038168927
2C_esp_map,leak_rate=1|n_units=200|rho=1.3|sigma_u=1,2,autocorrelation_time,tau_integrated,1.0
2C_esp_map,leak_rate=1|n_units=200|rho=1.3|sigma_u=1,2,autocorrelation_time,max_lag,200.0
2C_esp_map,leak_rate=1|n_units=200|rho=1.3|sigma_u=2,2,esp_convergence,d_initial,0.4761188213522698
2C_esp_map,leak_rate=1|n_units=200|rho=1.3|sigma_u=2,2,esp_convergence,d_tail,1.0248654892524377e-16
2C_esp_map,leak_rate=1|n_units=200|rho=1.3|sigma_u=2,2,esp_convergence,converged,1.0
2C_esp_map,leak_rate=1|n_units=200|rho=1.3|sigma_u=2,2,esp_convergence,decay_rate_per_step,-0.2709089464677804
2C_esp_map,leak_rate=1|n_units=200|rho=1.3|sigma_u=2,2,esp_convergence,n_pairs,10.0
2C_esp_map,leak_rate=1|n_units=200|rho=1.3|sigma_u=2,2,esp_convergence,n_fit_points,102.0
2C_esp_map,leak_rate=1|n_units=200|rho=1.3|sigma_u=2,2,conditional_lyapunov,lyapunov_per_step,-0.3092781085861165
2C_esp_map,leak_rate=1|n_units=200|rho=1.3|sigma_u=2,2,conditional_lyapunov,lyapunov_per_time,-0.3092781085861165
2C_esp_map,leak_rate=1|n_units=200|rho=1.3|sigma_u=2,2,conditional_lyapunov,n_intervals,2799.0
2C_esp_map,leak_rate=1|n_units=200|rho=1.3|sigma_u=2,2,conditional_lyapunov,max_observed_growth,1.1147520521368888
2C_esp_map,leak_rate=1|n_units=200|rho=1.3|sigma_u=2,2,autocorrelation_time,tau_1e,0.576931361004143
2C_esp_map,leak_rate=1|n_units=200|rho=1.3|sigma_u=2,2,autocorrelation_time,tau_censored,0.576931361004143
2C_esp_map,leak_rate=1|n_units=200|rho=1.3|sigma_u=2,2,autocorrelation_time,tau_integrated,1.0
2C_esp_map,leak_rate=1|n_units=200|rho=1.3|sigma_u=2,2,autocorrelation_time,max_lag,200.0
2C_esp_map,leak_rate=1|n_units=200|rho=1.4|sigma_u=0,2,esp_convergence,d_initial,0.6927626962619887
2C_esp_map,leak_rate=1|n_units=200|rho=1.4|sigma_u=0,2,esp_convergence,d_tail,1.1420908440239814
2C_esp_map,leak_rate=1|n_units=200|rho=1.4|sigma_u=0,2,esp_convergence,converged,0.0
2C_esp_map,leak_rate=1|n_units=200|rho=1.4|sigma_u=0,2,esp_convergence,decay_rate_per_step,2.1705807207285615e-05
2C_esp_map,leak_rate=1|n_units=200|rho=1.4|sigma_u=0,2,esp_convergence,n_pairs,10.0
2C_esp_map,leak_rate=1|n_units=200|rho=1.4|sigma_u=0,2,esp_convergence,n_fit_points,2990.0
2C_esp_map,leak_rate=1|n_units=200|rho=1.4|sigma_u=0,2,conditional_lyapunov,lyapunov_per_step,-0.040450293885437964
2C_esp_map,leak_rate=1|n_units=200|rho=1.4|sigma_u=0,2,conditional_lyapunov,lyapunov_per_time,-0.040450293885437964
2C_esp_map,leak_rate=1|n_units=200|rho=1.4|sigma_u=0,2,conditional_lyapunov,n_intervals,2799.0
2C_esp_map,leak_rate=1|n_units=200|rho=1.4|sigma_u=0,2,conditional_lyapunov,max_observed_growth,1.0317379590727243
2C_esp_map,leak_rate=1|n_units=200|rho=1.4|sigma_u=0,2,autocorrelation_time,tau_1e,0.33250177751995724
2C_esp_map,leak_rate=1|n_units=200|rho=1.4|sigma_u=0,2,autocorrelation_time,tau_censored,0.33250177751995724
2C_esp_map,leak_rate=1|n_units=200|rho=1.4|sigma_u=0,2,autocorrelation_time,tau_integrated,1.0
2C_esp_map,leak_rate=1|n_units=200|rho=1.4|sigma_u=0,2,autocorrelation_time,max_lag,200.0
2C_esp_map,leak_rate=1|n_units=200|rho=1.4|sigma_u=0.05,2,esp_convergence,d_initial,0.6924375543171702
2C_esp_map,leak_rate=1|n_units=200|rho=1.4|sigma_u=0.05,2,esp_convergence,d_tail,1.133857490497564
2C_esp_map,leak_rate=1|n_units=200|rho=1.4|sigma_u=0.05,2,esp_convergence,converged,0.0
2C_esp_map,leak_rate=1|n_units=200|rho=1.4|sigma_u=0.05,2,esp_convergence,decay_rate_per_step,1.92472055344951e-05
2C_esp_map,leak_rate=1|n_units=200|rho=1.4|sigma_u=0.05,2,esp_convergence,n_pairs,10.0
2C_esp_map,leak_rate=1|n_units=200|rho=1.4|sigma_u=0.05,2,esp_convergence,n_fit_points,2990.0
2C_esp_map,leak_rate=1|n_units=200|rho=1.4|sigma_u=0.05,2,conditional_lyapunov,lyapunov_per_step,-0.042189088796198336
2C_esp_map,leak_rate=1|n_units=200|rho=1.4|sigma_u=0.05,2,conditional_lyapunov,lyapunov_per_time,-0.042189088796198336
2C_esp_map,leak_rate=1|n_units=200|rho=1.4|sigma_u=0.05,2,conditional_lyapunov,n_intervals,2799.0
2C_esp_map,leak_rate=1|n_units=200|rho=1.4|sigma_u=0.05,2,conditional_lyapunov,max_observed_growth,1.090529149366381
2C_esp_map,leak_rate=1|n_units=200|rho=1.4|sigma_u=0.05,2,autocorrelation_time,tau_1e,0.5604165579123896
2C_esp_map,leak_rate=1|n_units=200|rho=1.4|sigma_u=0.05,2,autocorrelation_time,tau_censored,0.5604165579123896
2C_esp_map,leak_rate=1|n_units=200|rho=1.4|sigma_u=0.05,2,autocorrelation_time,tau_integrated,1.0
2C_esp_map,leak_rate=1|n_units=200|rho=1.4|sigma_u=0.05,2,autocorrelation_time,max_lag,200.0
2C_esp_map,leak_rate=1|n_units=200|rho=1.4|sigma_u=0.1,2,esp_convergence,d_initial,0.6916905624374697
2C_esp_map,leak_rate=1|n_units=200|rho=1.4|sigma_u=0.1,2,esp_convergence,d_tail,1.1102094604306054
2C_esp_map,leak_rate=1|n_units=200|rho=1.4|sigma_u=0.1,2,esp_convergence,converged,0.0
2C_esp_map,leak_rate=1|n_units=200|rho=1.4|sigma_u=0.1,2,esp_convergence,decay_rate_per_step,1.533383499229603e-05
2C_esp_map,leak_rate=1|n_units=200|rho=1.4|sigma_u=0.1,2,esp_convergence,n_pairs,10.0
2C_esp_map,leak_rate=1|n_units=200|rho=1.4|sigma_u=0.1,2,esp_convergence,n_fit_points,2990.0
2C_esp_map,leak_rate=1|n_units=200|rho=1.4|sigma_u=0.1,2,conditional_lyapunov,lyapunov_per_step,-0.045459920498499964
2C_esp_map,leak_rate=1|n_units=200|rho=1.4|sigma_u=0.1,2,conditional_lyapunov,lyapunov_per_time,-0.045459920498499964
2C_esp_map,leak_rate=1|n_units=200|rho=1.4|sigma_u=0.1,2,conditional_lyapunov,n_intervals,2799.0
2C_esp_map,leak_rate=1|n_units=200|rho=1.4|sigma_u=0.1,2,conditional_lyapunov,max_observed_growth,1.133854309449243
2C_esp_map,leak_rate=1|n_units=200|rho=1.4|sigma_u=0.1,2,autocorrelation_time,tau_1e,0.5663037747897816
2C_esp_map,leak_rate=1|n_units=200|rho=1.4|sigma_u=0.1,2,autocorrelation_time,tau_censored,0.5663037747897816
2C_esp_map,leak_rate=1|n_units=200|rho=1.4|sigma_u=0.1,2,autocorrelation_time,tau_integrated,1.0
2C_esp_map,leak_rate=1|n_units=200|rho=1.4|sigma_u=0.1,2,autocorrelation_time,max_lag,200.0
2C_esp_map,leak_rate=1|n_units=200|rho=1.4|sigma_u=0.2,2,esp_convergence,d_initial,0.6889535735854113
2C_esp_map,leak_rate=1|n_units=200|rho=1.4|sigma_u=0.2,2,esp_convergence,d_tail,1.0165581127034478
2C_esp_map,leak_rate=1|n_units=200|rho=1.4|sigma_u=0.2,2,esp_convergence,converged,0.0
2C_esp_map,leak_rate=1|n_units=200|rho=1.4|sigma_u=0.2,2,esp_convergence,decay_rate_per_step,4.0380080341259764e-05
2C_esp_map,leak_rate=1|n_units=200|rho=1.4|sigma_u=0.2,2,esp_convergence,n_pairs,10.0
2C_esp_map,leak_rate=1|n_units=200|rho=1.4|sigma_u=0.2,2,esp_convergence,n_fit_points,2990.0
2C_esp_map,leak_rate=1|n_units=200|rho=1.4|sigma_u=0.2,2,conditional_lyapunov,lyapunov_per_step,-0.04531977762558828
2C_esp_map,leak_rate=1|n_units=200|rho=1.4|sigma_u=0.2,2,conditional_lyapunov,lyapunov_per_time,-0.04531977762558828
2C_esp_map,leak_rate=1|n_units=200|rho=1.4|sigma_u=0.2,2,conditional_lyapunov,n_intervals,2799.0
2C_esp_map,leak_rate=1|n_units=200|rho=1.4|sigma_u=0.2,2,conditional_lyapunov,max_observed_growth,1.1824488926969248
2C_esp_map,leak_rate=1|n_units=200|rho=1.4|sigma_u=0.2,2,autocorrelation_time,tau_1e,0.5822705995730392
2C_esp_map,leak_rate=1|n_units=200|rho=1.4|sigma_u=0.2,2,autocorrelation_time,tau_censored,0.5822705995730392
2C_esp_map,leak_rate=1|n_units=200|rho=1.4|sigma_u=0.2,2,autocorrelation_time,tau_integrated,1.0000000000000002
2C_esp_map,leak_rate=1|n_units=200|rho=1.4|sigma_u=0.2,2,autocorrelation_time,max_lag,200.0
2C_esp_map,leak_rate=1|n_units=200|rho=1.4|sigma_u=0.5,2,esp_convergence,d_initial,0.6716224854185414
2C_esp_map,leak_rate=1|n_units=200|rho=1.4|sigma_u=0.5,2,esp_convergence,d_tail,4.899061456950182e-16
2C_esp_map,leak_rate=1|n_units=200|rho=1.4|sigma_u=0.5,2,esp_convergence,converged,1.0
2C_esp_map,leak_rate=1|n_units=200|rho=1.4|sigma_u=0.5,2,esp_convergence,decay_rate_per_step,-0.017810553316289272
2C_esp_map,leak_rate=1|n_units=200|rho=1.4|sigma_u=0.5,2,esp_convergence,n_pairs,10.0
2C_esp_map,leak_rate=1|n_units=200|rho=1.4|sigma_u=0.5,2,esp_convergence,n_fit_points,1710.0
2C_esp_map,leak_rate=1|n_units=200|rho=1.4|sigma_u=0.5,2,conditional_lyapunov,lyapunov_per_step,-0.017599618712655998
2C_esp_map,leak_rate=1|n_units=200|rho=1.4|sigma_u=0.5,2,conditional_lyapunov,lyapunov_per_time,-0.017599618712655998
2C_esp_map,leak_rate=1|n_units=200|rho=1.4|sigma_u=0.5,2,conditional_lyapunov,n_intervals,2799.0
2C_esp_map,leak_rate=1|n_units=200|rho=1.4|sigma_u=0.5,2,conditional_lyapunov,max_observed_growth,1.2538033061050908
2C_esp_map,leak_rate=1|n_units=200|rho=1.4|sigma_u=0.5,2,autocorrelation_time,tau_1e,0.5680390065957813
2C_esp_map,leak_rate=1|n_units=200|rho=1.4|sigma_u=0.5,2,autocorrelation_time,tau_censored,0.5680390065957813
2C_esp_map,leak_rate=1|n_units=200|rho=1.4|sigma_u=0.5,2,autocorrelation_time,tau_integrated,1.0000000000000002
2C_esp_map,leak_rate=1|n_units=200|rho=1.4|sigma_u=0.5,2,autocorrelation_time,max_lag,200.0
2C_esp_map,leak_rate=1|n_units=200|rho=1.4|sigma_u=1,2,esp_convergence,d_initial,0.6214630337165462
2C_esp_map,leak_rate=1|n_units=200|rho=1.4|sigma_u=1,2,esp_convergence,d_tail,1.8707168514878604e-16
2C_esp_map,leak_rate=1|n_units=200|rho=1.4|sigma_u=1,2,esp_convergence,converged,1.0
2C_esp_map,leak_rate=1|n_units=200|rho=1.4|sigma_u=1,2,esp_convergence,decay_rate_per_step,-0.10591160791246713
2C_esp_map,leak_rate=1|n_units=200|rho=1.4|sigma_u=1,2,esp_convergence,n_pairs,10.0
2C_esp_map,leak_rate=1|n_units=200|rho=1.4|sigma_u=1,2,esp_convergence,n_fit_points,280.0
2C_esp_map,leak_rate=1|n_units=200|rho=1.4|sigma_u=1,2,conditional_lyapunov,lyapunov_per_step,-0.10493378482459793
2C_esp_map,leak_rate=1|n_units=200|rho=1.4|sigma_u=1,2,conditional_lyapunov,lyapunov_per_time,-0.10493378482459793
2C_esp_map,leak_rate=1|n_units=200|rho=1.4|sigma_u=1,2,conditional_lyapunov,n_intervals,2799.0
2C_esp_map,leak_rate=1|n_units=200|rho=1.4|sigma_u=1,2,conditional_lyapunov,max_observed_growth,1.195663869765441
2C_esp_map,leak_rate=1|n_units=200|rho=1.4|sigma_u=1,2,autocorrelation_time,tau_1e,0.5559387982269117
2C_esp_map,leak_rate=1|n_units=200|rho=1.4|sigma_u=1,2,autocorrelation_time,tau_censored,0.5559387982269117
2C_esp_map,leak_rate=1|n_units=200|rho=1.4|sigma_u=1,2,autocorrelation_time,tau_integrated,1.0
2C_esp_map,leak_rate=1|n_units=200|rho=1.4|sigma_u=1,2,autocorrelation_time,max_lag,200.0
2C_esp_map,leak_rate=1|n_units=200|rho=1.4|sigma_u=2,2,esp_convergence,d_initial,0.5065595908550924
2C_esp_map,leak_rate=1|n_units=200|rho=1.4|sigma_u=2,2,esp_convergence,d_tail,1.2533301963192776e-16
2C_esp_map,leak_rate=1|n_units=200|rho=1.4|sigma_u=2,2,esp_convergence,converged,1.0
2C_esp_map,leak_rate=1|n_units=200|rho=1.4|sigma_u=2,2,esp_convergence,decay_rate_per_step,-0.22121005080193293
2C_esp_map,leak_rate=1|n_units=200|rho=1.4|sigma_u=2,2,esp_convergence,n_pairs,10.0
2C_esp_map,leak_rate=1|n_units=200|rho=1.4|sigma_u=2,2,esp_convergence,n_fit_points,127.0
2C_esp_map,leak_rate=1|n_units=200|rho=1.4|sigma_u=2,2,conditional_lyapunov,lyapunov_per_step,-0.25461460492418253
2C_esp_map,leak_rate=1|n_units=200|rho=1.4|sigma_u=2,2,conditional_lyapunov,lyapunov_per_time,-0.25461460492418253
2C_esp_map,leak_rate=1|n_units=200|rho=1.4|sigma_u=2,2,conditional_lyapunov,n_intervals,2799.0
2C_esp_map,leak_rate=1|n_units=200|rho=1.4|sigma_u=2,2,conditional_lyapunov,max_observed_growth,1.1572184990244816
2C_esp_map,leak_rate=1|n_units=200|rho=1.4|sigma_u=2,2,autocorrelation_time,tau_1e,0.5746361740632757
2C_esp_map,leak_rate=1|n_units=200|rho=1.4|sigma_u=2,2,autocorrelation_time,tau_censored,0.5746361740632757
2C_esp_map,leak_rate=1|n_units=200|rho=1.4|sigma_u=2,2,autocorrelation_time,tau_integrated,1.0
2C_esp_map,leak_rate=1|n_units=200|rho=1.4|sigma_u=2,2,autocorrelation_time,max_lag,200.0
2C_esp_map,leak_rate=1|n_units=200|rho=1.5|sigma_u=0,2,esp_convergence,d_initial,0.7203131869195677
2C_esp_map,leak_rate=1|n_units=200|rho=1.5|sigma_u=0,2,esp_convergence,d_tail,1.2260429831587345
2C_esp_map,leak_rate=1|n_units=200|rho=1.5|sigma_u=0,2,esp_convergence,converged,0.0
2C_esp_map,leak_rate=1|n_units=200|rho=1.5|sigma_u=0,2,esp_convergence,decay_rate_per_step,1.935728046686997e-05
2C_esp_map,leak_rate=1|n_units=200|rho=1.5|sigma_u=0,2,esp_convergence,n_pairs,10.0
2C_esp_map,leak_rate=1|n_units=200|rho=1.5|sigma_u=0,2,esp_convergence,n_fit_points,2990.0
2C_esp_map,leak_rate=1|n_units=200|rho=1.5|sigma_u=0,2,conditional_lyapunov,lyapunov_per_step,-0.021028639219527533
2C_esp_map,leak_rate=1|n_units=200|rho=1.5|sigma_u=0,2,conditional_lyapunov,lyapunov_per_time,-0.021028639219527533
2C_esp_map,leak_rate=1|n_units=200|rho=1.5|sigma_u=0,2,conditional_lyapunov,n_intervals,2799.0
2C_esp_map,leak_rate=1|n_units=200|rho=1.5|sigma_u=0,2,conditional_lyapunov,max_observed_growth,1.1006169865772066
2C_esp_map,leak_rate=1|n_units=200|rho=1.5|sigma_u=0,2,autocorrelation_time,tau_1e,0.3288331896554627
2C_esp_map,leak_rate=1|n_units=200|rho=1.5|sigma_u=0,2,autocorrelation_time,tau_censored,0.3288331896554627
2C_esp_map,leak_rate=1|n_units=200|rho=1.5|sigma_u=0,2,autocorrelation_time,tau_integrated,0.9999999999999903
2C_esp_map,leak_rate=1|n_units=200|rho=1.5|sigma_u=0,2,autocorrelation_time,max_lag,200.0
2C_esp_map,leak_rate=1|n_units=200|rho=1.5|sigma_u=0.05,2,esp_convergence,d_initial,0.7199723127426649
2C_esp_map,leak_rate=1|n_units=200|rho=1.5|sigma_u=0.05,2,esp_convergence,d_tail,1.2174303214198257
2C_esp_map,leak_rate=1|n_units=200|rho=1.5|sigma_u=0.05,2,esp_convergence,converged,0.0
2C_esp_map,leak_rate=1|n_units=200|rho=1.5|sigma_u=0.05,2,esp_convergence,decay_rate_per_step,1.7351356044846187e-05
2C_esp_map,leak_rate=1|n_units=200|rho=1.5|sigma_u=0.05,2,esp_convergence,n_pairs,10.0
2C_esp_map,leak_rate=1|n_units=200|rho=1.5|sigma_u=0.05,2,esp_convergence,n_fit_points,2990.0
2C_esp_map,leak_rate=1|n_units=200|rho=1.5|sigma_u=0.05,2,conditional_lyapunov,lyapunov_per_step,-0.02211696820463505
2C_esp_map,leak_rate=1|n_units=200|rho=1.5|sigma_u=0.05,2,conditional_lyapunov,lyapunov_per_time,-0.02211696820463505
2C_esp_map,leak_rate=1|n_units=200|rho=1.5|sigma_u=0.05,2,conditional_lyapunov,n_intervals,2799.0
2C_esp_map,leak_rate=1|n_units=200|rho=1.5|sigma_u=0.05,2,conditional_lyapunov,max_observed_growth,1.1251307849285135
2C_esp_map,leak_rate=1|n_units=200|rho=1.5|sigma_u=0.05,2,autocorrelation_time,tau_1e,0.5581736274594127
2C_esp_map,leak_rate=1|n_units=200|rho=1.5|sigma_u=0.05,2,autocorrelation_time,tau_censored,0.5581736274594127
2C_esp_map,leak_rate=1|n_units=200|rho=1.5|sigma_u=0.05,2,autocorrelation_time,tau_integrated,1.0
2C_esp_map,leak_rate=1|n_units=200|rho=1.5|sigma_u=0.05,2,autocorrelation_time,max_lag,200.0
2C_esp_map,leak_rate=1|n_units=200|rho=1.5|sigma_u=0.1,2,esp_convergence,d_initial,0.7192264018754613
2C_esp_map,leak_rate=1|n_units=200|rho=1.5|sigma_u=0.1,2,esp_convergence,d_tail,1.1920960271507446
2C_esp_map,leak_rate=1|n_units=200|rho=1.5|sigma_u=0.1,2,esp_convergence,converged,0.0
2C_esp_map,leak_rate=1|n_units=200|rho=1.5|sigma_u=0.1,2,esp_convergence,decay_rate_per_step,1.290233335653089e-05
2C_esp_map,leak_rate=1|n_units=200|rho=1.5|sigma_u=0.1,2,esp_convergence,n_pairs,10.0
2C_esp_map,leak_rate=1|n_units=200|rho=1.5|sigma_u=0.1,2,esp_convergence,n_fit_points,2990.0
2C_esp_map,leak_rate=1|n_units=200|rho=1.5|sigma_u=0.1,2,conditional_lyapunov,lyapunov_per_step,-0.026944095324133246
2C_esp_map,leak_rate=1|n_units=200|rho=1.5|sigma_u=0.1,2,conditional_lyapunov,lyapunov_per_time,-0.026944095324133246
2C_esp_map,leak_rate=1|n_units=200|rho=1.5|sigma_u=0.1,2,conditional_lyapunov,n_intervals,2799.0
2C_esp_map,leak_rate=1|n_units=200|rho=1.5|sigma_u=0.1,2,conditional_lyapunov,max_observed_growth,1.1925823201102552
2C_esp_map,leak_rate=1|n_units=200|rho=1.5|sigma_u=0.1,2,autocorrelation_time,tau_1e,0.5693012292455899
2C_esp_map,leak_rate=1|n_units=200|rho=1.5|sigma_u=0.1,2,autocorrelation_time,tau_censored,0.5693012292455899
2C_esp_map,leak_rate=1|n_units=200|rho=1.5|sigma_u=0.1,2,autocorrelation_time,tau_integrated,1.0
2C_esp_map,leak_rate=1|n_units=200|rho=1.5|sigma_u=0.1,2,autocorrelation_time,max_lag,200.0
2C_esp_map,leak_rate=1|n_units=200|rho=1.5|sigma_u=0.2,2,esp_convergence,d_initial,0.7165401340918105
2C_esp_map,leak_rate=1|n_units=200|rho=1.5|sigma_u=0.2,2,esp_convergence,d_tail,1.1027992434354772
2C_esp_map,leak_rate=1|n_units=200|rho=1.5|sigma_u=0.2,2,esp_convergence,converged,0.0
2C_esp_map,leak_rate=1|n_units=200|rho=1.5|sigma_u=0.2,2,esp_convergence,decay_rate_per_step,2.3225696633252595e-05
2C_esp_map,leak_rate=1|n_units=200|rho=1.5|sigma_u=0.2,2,esp_convergence,n_pairs,10.0
2C_esp_map,leak_rate=1|n_units=200|rho=1.5|sigma_u=0.2,2,esp_convergence,n_fit_points,2990.0
2C_esp_map,leak_rate=1|n_units=200|rho=1.5|sigma_u=0.2,2,conditional_lyapunov,lyapunov_per_step,-0.025557673895625955
2C_esp_map,leak_rate=1|n_units=200|rho=1.5|sigma_u=0.2,2,conditional_lyapunov,lyapunov_per_time,-0.025557673895625955
2C_esp_map,leak_rate=1|n_units=200|rho=1.5|sigma_u=0.2,2,conditional_lyapunov,n_intervals,2799.0
2C_esp_map,leak_rate=1|n_units=200|rho=1.5|sigma_u=0.2,2,conditional_lyapunov,max_observed_growth,1.221644841069517
2C_esp_map,leak_rate=1|n_units=200|rho=1.5|sigma_u=0.2,2,autocorrelation_time,tau_1e,0.5901784136080184
2C_esp_map,leak_rate=1|n_units=200|rho=1.5|sigma_u=0.2,2,autocorrelation_time,tau_censored,0.5901784136080184
2C_esp_map,leak_rate=1|n_units=200|rho=1.5|sigma_u=0.2,2,autocorrelation_time,tau_integrated,0.9999999999999999
2C_esp_map,leak_rate=1|n_units=200|rho=1.5|sigma_u=0.2,2,autocorrelation_time,max_lag,200.0
2C_esp_map,leak_rate=1|n_units=200|rho=1.5|sigma_u=0.5,2,esp_convergence,d_initial,0.6996748159416928
2C_esp_map,leak_rate=1|n_units=200|rho=1.5|sigma_u=0.5,2,esp_convergence,d_tail,0.31046381272926493
2C_esp_map,leak_rate=1|n_units=200|rho=1.5|sigma_u=0.5,2,esp_convergence,converged,0.0
2C_esp_map,leak_rate=1|n_units=200|rho=1.5|sigma_u=0.5,2,esp_convergence,decay_rate_per_step,0.00022694567930131324
2C_esp_map,leak_rate=1|n_units=200|rho=1.5|sigma_u=0.5,2,esp_convergence,n_pairs,10.0
2C_esp_map,leak_rate=1|n_units=200|rho=1.5|sigma_u=0.5,2,esp_convergence,n_fit_points,2990.0
2C_esp_map,leak_rate=1|n_units=200|rho=1.5|sigma_u=0.5,2,conditional_lyapunov,lyapunov_per_step,0.00941591070012603
2C_esp_map,leak_rate=1|n_units=200|rho=1.5|sigma_u=0.5,2,conditional_lyapunov,lyapunov_per_time,0.00941591070012603
2C_esp_map,leak_rate=1|n_units=200|rho=1.5|sigma_u=0.5,2,conditional_lyapunov,n_intervals,2799.0
2C_esp_map,leak_rate=1|n_units=200|rho=1.5|sigma_u=0.5,2,conditional_lyapunov,max_observed_growth,1.291476171137199
2C_esp_map,leak_rate=1|n_units=200|rho=1.5|sigma_u=0.5,2,autocorrelation_time,tau_1e,0.5902850579797886
2C_esp_map,leak_rate=1|n_units=200|rho=1.5|sigma_u=0.5,2,autocorrelation_time,tau_censored,0.5902850579797886
2C_esp_map,leak_rate=1|n_units=200|rho=1.5|sigma_u=0.5,2,autocorrelation_time,tau_integrated,0.9999999999999999
2C_esp_map,leak_rate=1|n_units=200|rho=1.5|sigma_u=0.5,2,autocorrelation_time,max_lag,200.0
2C_esp_map,leak_rate=1|n_units=200|rho=1.5|sigma_u=1,2,esp_convergence,d_initial,0.650658234807578
2C_esp_map,leak_rate=1|n_units=200|rho=1.5|sigma_u=1,2,esp_convergence,d_tail,2.4131645685041805e-16
2C_esp_map,leak_rate=1|n_units=200|rho=1.5|sigma_u=1,2,esp_convergence,converged,1.0
2C_esp_map,leak_rate=1|n_units=200|rho=1.5|sigma_u=1,2,esp_convergence,decay_rate_per_step,-0.07146413426605171
2C_esp_map,leak_rate=1|n_units=200|rho=1.5|sigma_u=1,2,esp_convergence,n_pairs,10.0
2C_esp_map,leak_rate=1|n_units=200|rho=1.5|sigma_u=1,2,esp_convergence,n_fit_points,443.0
2C_esp_map,leak_rate=1|n_units=200|rho=1.5|sigma_u=1,2,conditional_lyapunov,lyapunov_per_step,-0.0675777457342331
2C_esp_map,leak_rate=1|n_units=200|rho=1.5|sigma_u=1,2,conditional_lyapunov,lyapunov_per_time,-0.0675777457342331
2C_esp_map,leak_rate=1|n_units=200|rho=1.5|sigma_u=1,2,conditional_lyapunov,n_intervals,2799.0
2C_esp_map,leak_rate=1|n_units=200|rho=1.5|sigma_u=1,2,conditional_lyapunov,max_observed_growth,1.256036537209004
2C_esp_map,leak_rate=1|n_units=200|rho=1.5|sigma_u=1,2,autocorrelation_time,tau_1e,0.5584568337094982
2C_esp_map,leak_rate=1|n_units=200|rho=1.5|sigma_u=1,2,autocorrelation_time,tau_censored,0.5584568337094982
2C_esp_map,leak_rate=1|n_units=200|rho=1.5|sigma_u=1,2,autocorrelation_time,tau_integrated,1.0000000000000002
2C_esp_map,leak_rate=1|n_units=200|rho=1.5|sigma_u=1,2,autocorrelation_time,max_lag,200.0
2C_esp_map,leak_rate=1|n_units=200|rho=1.5|sigma_u=2,2,esp_convergence,d_initial,0.5360829936899153
2C_esp_map,leak_rate=1|n_units=200|rho=1.5|sigma_u=2,2,esp_convergence,d_tail,1.4518017845873292e-16
2C_esp_map,leak_rate=1|n_units=200|rho=1.5|sigma_u=2,2,esp_convergence,converged,1.0
2C_esp_map,leak_rate=1|n_units=200|rho=1.5|sigma_u=2,2,esp_convergence,decay_rate_per_step,-0.1836027602163433
2C_esp_map,leak_rate=1|n_units=200|rho=1.5|sigma_u=2,2,esp_convergence,n_pairs,10.0
2C_esp_map,leak_rate=1|n_units=200|rho=1.5|sigma_u=2,2,esp_convergence,n_fit_points,150.0
2C_esp_map,leak_rate=1|n_units=200|rho=1.5|sigma_u=2,2,conditional_lyapunov,lyapunov_per_step,-0.20286230443600853
2C_esp_map,leak_rate=1|n_units=200|rho=1.5|sigma_u=2,2,conditional_lyapunov,lyapunov_per_time,-0.20286230443600853
2C_esp_map,leak_rate=1|n_units=200|rho=1.5|sigma_u=2,2,conditional_lyapunov,n_intervals,2799.0
2C_esp_map,leak_rate=1|n_units=200|rho=1.5|sigma_u=2,2,conditional_lyapunov,max_observed_growth,1.2071022514568759
2C_esp_map,leak_rate=1|n_units=200|rho=1.5|sigma_u=2,2,autocorrelation_time,tau_1e,0.5729096323219203
2C_esp_map,leak_rate=1|n_units=200|rho=1.5|sigma_u=2,2,autocorrelation_time,tau_censored,0.5729096323219203
2C_esp_map,leak_rate=1|n_units=200|rho=1.5|sigma_u=2,2,autocorrelation_time,tau_integrated,1.0
2C_esp_map,leak_rate=1|n_units=200|rho=1.5|sigma_u=2,2,autocorrelation_time,max_lag,200.0
2C_esp_map,leak_rate=1|n_units=200|rho=1.6|sigma_u=0,2,esp_convergence,d_initial,0.7458854582824133
2C_esp_map,leak_rate=1|n_units=200|rho=1.6|sigma_u=0,2,esp_convergence,d_tail,1.2933663813432235
2C_esp_map,leak_rate=1|n_units=200|rho=1.6|sigma_u=0,2,esp_convergence,converged,0.0
2C_esp_map,leak_rate=1|n_units=200|rho=1.6|sigma_u=0,2,esp_convergence,decay_rate_per_step,1.2980047553433884e-05
2C_esp_map,leak_rate=1|n_units=200|rho=1.6|sigma_u=0,2,esp_convergence,n_pairs,10.0
2C_esp_map,leak_rate=1|n_units=200|rho=1.6|sigma_u=0,2,esp_convergence,n_fit_points,2990.0
2C_esp_map,leak_rate=1|n_units=200|rho=1.6|sigma_u=0,2,conditional_lyapunov,lyapunov_per_step,-0.005873457180267077
2C_esp_map,leak_rate=1|n_units=200|rho=1.6|sigma_u=0,2,conditional_lyapunov,lyapunov_per_time,-0.005873457180267077
2C_esp_map,leak_rate=1|n_units=200|rho=1.6|sigma_u=0,2,conditional_lyapunov,n_intervals,2799.0
2C_esp_map,leak_rate=1|n_units=200|rho=1.6|sigma_u=0,2,conditional_lyapunov,max_observed_growth,1.1277535843338293
2C_esp_map,leak_rate=1|n_units=200|rho=1.6|sigma_u=0,2,autocorrelation_time,tau_1e,0.32880320204029
2C_esp_map,leak_rate=1|n_units=200|rho=1.6|sigma_u=0,2,autocorrelation_time,tau_censored,0.32880320204029
2C_esp_map,leak_rate=1|n_units=200|rho=1.6|sigma_u=0,2,autocorrelation_time,tau_integrated,1.0
2C_esp_map,leak_rate=1|n_units=200|rho=1.6|sigma_u=0,2,autocorrelation_time,max_lag,200.0
2C_esp_map,leak_rate=1|n_units=200|rho=1.6|sigma_u=0.05,2,esp_convergence,d_initial,0.7455283647705608
2C_esp_map,leak_rate=1|n_units=200|rho=1.6|sigma_u=0.05,2,esp_convergence,d_tail,1.282446691148981
2C_esp_map,leak_rate=1|n_units=200|rho=1.6|sigma_u=0.05,2,esp_convergence,converged,0.0
2C_esp_map,leak_rate=1|n_units=200|rho=1.6|sigma_u=0.05,2,esp_convergence,decay_rate_per_step,1.4684522078567895e-05
2C_esp_map,leak_rate=1|n_units=200|rho=1.6|sigma_u=0.05,2,esp_convergence,n_pairs,10.0
2C_esp_map,leak_rate=1|n_units=200|rho=1.6|sigma_u=0.05,2,esp_convergence,n_fit_points,2990.0
2C_esp_map,leak_rate=1|n_units=200|rho=1.6|sigma_u=0.05,2,conditional_lyapunov,lyapunov_per_step,-0.01039218409716222
2C_esp_map,leak_rate=1|n_units=200|rho=1.6|sigma_u=0.05,2,conditional_lyapunov,lyapunov_per_time,-0.01039218409716222
2C_esp_map,leak_rate=1|n_units=200|rho=1.6|sigma_u=0.05,2,conditional_lyapunov,n_intervals,2799.0
2C_esp_map,leak_rate=1|n_units=200|rho=1.6|sigma_u=0.05,2,conditional_lyapunov,max_observed_growth,1.1938621354302117
2C_esp_map,leak_rate=1|n_units=200|rho=1.6|sigma_u=0.05,2,autocorrelation_time,tau_1e,0.5334884934626077
2C_esp_map,leak_rate=1|n_units=200|rho=1.6|sigma_u=0.05,2,autocorrelation_time,tau_censored,0.5334884934626077
2C_esp_map,leak_rate=1|n_units=200|rho=1.6|sigma_u=0.05,2,autocorrelation_time,tau_integrated,1.0
2C_esp_map,leak_rate=1|n_units=200|rho=1.6|sigma_u=0.05,2,autocorrelation_time,max_lag,200.0
2C_esp_map,leak_rate=1|n_units=200|rho=1.6|sigma_u=0.1,2,esp_convergence,d_initial,0.7447839616125701
2C_esp_map,leak_rate=1|n_units=200|rho=1.6|sigma_u=0.1,2,esp_convergence,d_tail,1.2547232340499148
2C_esp_map,leak_rate=1|n_units=200|rho=1.6|sigma_u=0.1,2,esp_convergence,converged,0.0
2C_esp_map,leak_rate=1|n_units=200|rho=1.6|sigma_u=0.1,2,esp_convergence,decay_rate_per_step,2.256072760396618e-05
2C_esp_map,leak_rate=1|n_units=200|rho=1.6|sigma_u=0.1,2,esp_convergence,n_pairs,10.0
2C_esp_map,leak_rate=1|n_units=200|rho=1.6|sigma_u=0.1,2,esp_convergence,n_fit_points,2990.0
2C_esp_map,leak_rate=1|n_units=200|rho=1.6|sigma_u=0.1,2,conditional_lyapunov,lyapunov_per_step,-0.013995132318462654
2C_esp_map,leak_rate=1|n_units=200|rho=1.6|sigma_u=0.1,2,conditional_lyapunov,lyapunov_per_time,-0.013995132318462654
2C_esp_map,leak_rate=1|n_units=200|rho=1.6|sigma_u=0.1,2,conditional_lyapunov,n_intervals,2799.0
2C_esp_map,leak_rate=1|n_units=200|rho=1.6|sigma_u=0.1,2,conditional_lyapunov,max_observed_growth,1.2492901265698548
2C_esp_map,leak_rate=1|n_units=200|rho=1.6|sigma_u=0.1,2,autocorrelation_time,tau_1e,0.5675715178807343
2C_esp_map,leak_rate=1|n_units=200|rho=1.6|sigma_u=0.1,2,autocorrelation_time,tau_censored,0.5675715178807343
2C_esp_map,leak_rate=1|n_units=200|rho=1.6|sigma_u=0.1,2,autocorrelation_time,tau_integrated,1.0
2C_esp_map,leak_rate=1|n_units=200|rho=1.6|sigma_u=0.1,2,autocorrelation_time,max_lag,200.0
2C_esp_map,leak_rate=1|n_units=200|rho=1.6|sigma_u=0.2,2,esp_convergence,d_initial,0.7421517757159086
2C_esp_map,leak_rate=1|n_units=200|rho=1.6|sigma_u=0.2,2,esp_convergence,d_tail,1.1646407599773874
2C_esp_map,leak_rate=1|n_units=200|rho=1.6|sigma_u=0.2,2,esp_convergence,converged,0.0
2C_esp_map,leak_rate=1|n_units=200|rho=1.6|sigma_u=0.2,2,esp_convergence,decay_rate_per_step,2.6834900849293034e-05
2C_esp_map,leak_rate=1|n_units=200|rho=1.6|sigma_u=0.2,2,esp_convergence,n_pairs,10.0
2C_esp_map,leak_rate=1|n_units=200|rho=1.6|sigma_u=0.2,2,esp_convergence,n_fit_points,2990.0
2C_esp_map,leak_rate=1|n_units=200|rho=1.6|sigma_u=0.2,2,conditional_lyapunov,lyapunov_per_step,-0.004116203131148253
2C_esp_map,leak_rate=1|n_units=200|rho=1.6|sigma_u=0.2,2,conditional_lyapunov,lyapunov_per_time,-0.004116203131148253
2C_esp_map,leak_rate=1|n_units=200|rho=1.6|sigma_u=0.2,2,conditional_lyapunov,n_intervals,2799.0
2C_esp_map,leak_rate=1|n_units=200|rho=1.6|sigma_u=0.2,2,conditional_lyapunov,max_observed_growth,1.3178659294288197
2C_esp_map,leak_rate=1|n_units=200|rho=1.6|sigma_u=0.2,2,autocorrelation_time,tau_1e,0.6037594450446343
2C_esp_map,leak_rate=1|n_units=200|rho=1.6|sigma_u=0.2,2,autocorrelation_time,tau_censored,0.6037594450446343
2C_esp_map,leak_rate=1|n_units=200|rho=1.6|sigma_u=0.2,2,autocorrelation_time,tau_integrated,1.0
2C_esp_map,leak_rate=1|n_units=200|rho=1.6|sigma_u=0.2,2,autocorrelation_time,max_lag,200.0
2C_esp_map,leak_rate=1|n_units=200|rho=1.6|sigma_u=0.5,2,esp_convergence,d_initial,0.7257812651655553
2C_esp_map,leak_rate=1|n_units=200|rho=1.6|sigma_u=0.5,2,esp_convergence,d_tail,0.5817062657209457
2C_esp_map,leak_rate=1|n_units=200|rho=1.6|sigma_u=0.5,2,esp_convergence,converged,0.0
2C_esp_map,leak_rate=1|n_units=200|rho=1.6|sigma_u=0.5,2,esp_convergence,decay_rate_per_step,3.5014159777238824e-05
2C_esp_map,leak_rate=1|n_units=200|rho=1.6|sigma_u=0.5,2,esp_convergence,n_pairs,10.0
2C_esp_map,leak_rate=1|n_units=200|rho=1.6|sigma_u=0.5,2,esp_convergence,n_fit_points,2990.0
2C_esp_map,leak_rate=1|n_units=200|rho=1.6|sigma_u=0.5,2,conditional_lyapunov,lyapunov_per_step,0.0333968707406136
2C_esp_map,leak_rate=1|n_units=200|rho=1.6|sigma_u=0.5,2,conditional_lyapunov,lyapunov_per_time,0.0333968707406136
2C_esp_map,leak_rate=1|n_units=200|rho=1.6|sigma_u=0.5,2,conditional_lyapunov,n_intervals,2799.0
2C_esp_map,leak_rate=1|n_units=200|rho=1.6|sigma_u=0.5,2,conditional_lyapunov,max_observed_growth,1.3205585690312958
2C_esp_map,leak_rate=1|n_units=200|rho=1.6|sigma_u=0.5,2,autocorrelation_time,tau_1e,0.6008883907715692
2C_esp_map,leak_rate=1|n_units=200|rho=1.6|sigma_u=0.5,2,autocorrelation_time,tau_censored,0.6008883907715692
2C_esp_map,leak_rate=1|n_units=200|rho=1.6|sigma_u=0.5,2,autocorrelation_time,tau_integrated,1.0
2C_esp_map,leak_rate=1|n_units=200|rho=1.6|sigma_u=0.5,2,autocorrelation_time,max_lag,200.0
2C_esp_map,leak_rate=1|n_units=200|rho=1.6|sigma_u=1,2,esp_convergence,d_initial,0.6780199237585859
2C_esp_map,leak_rate=1|n_units=200|rho=1.6|sigma_u=1,2,esp_convergence,d_tail,3.8681754436264534e-16
2C_esp_map,leak_rate=1|n_units=200|rho=1.6|sigma_u=1,2,esp_convergence,converged,1.0
2C_esp_map,leak_rate=1|n_units=200|rho=1.6|sigma_u=1,2,esp_convergence,decay_rate_per_step,-0.03375827333076803
2C_esp_map,leak_rate=1|n_units=200|rho=1.6|sigma_u=1,2,esp_convergence,n_pairs,10.0
2C_esp_map,leak_rate=1|n_units=200|rho=1.6|sigma_u=1,2,esp_convergence,n_fit_points,933.0
2C_esp_map,leak_rate=1|n_units=200|rho=1.6|sigma_u=1,2,conditional_lyapunov,lyapunov_per_step,-0.03097053635699921
2C_esp_map,leak_rate=1|n_units=200|rho=1.6|sigma_u=1,2,conditional_lyapunov,lyapunov_per_time,-0.03097053635699921
2C_esp_map,leak_rate=1|n_units=200|rho=1.6|sigma_u=1,2,conditional_lyapunov,n_intervals,2799.0
2C_esp_map,leak_rate=1|n_units=200|rho=1.6|sigma_u=1,2,conditional_lyapunov,max_observed_growth,1.2689699635933314
2C_esp_map,leak_rate=1|n_units=200|rho=1.6|sigma_u=1,2,autocorrelation_time,tau_1e,0.5620029129495061
2C_esp_map,leak_rate=1|n_units=200|rho=1.6|sigma_u=1,2,autocorrelation_time,tau_censored,0.5620029129495061
2C_esp_map,leak_rate=1|n_units=200|rho=1.6|sigma_u=1,2,autocorrelation_time,tau_integrated,1.0
2C_esp_map,leak_rate=1|n_units=200|rho=1.6|sigma_u=1,2,autocorrelation_time,max_lag,200.0
2C_esp_map,leak_rate=1|n_units=200|rho=1.6|sigma_u=2,2,esp_convergence,d_initial,0.5645774514411251
2C_esp_map,leak_rate=1|n_units=200|rho=1.6|sigma_u=2,2,esp_convergence,d_tail,1.6970383773488366e-16
2C_esp_map,leak_rate=1|n_units=200|rho=1.6|sigma_u=2,2,esp_convergence,converged,1.0
2C_esp_map,leak_rate=1|n_units=200|rho=1.6|sigma_u=2,2,esp_convergence,decay_rate_per_step,-0.15028461589428613
2C_esp_map,leak_rate=1|n_units=200|rho=1.6|sigma_u=2,2,esp_convergence,n_pairs,10.0
2C_esp_map,leak_rate=1|n_units=200|rho=1.6|sigma_u=2,2,esp_convergence,n_fit_points,198.0
2C_esp_map,leak_rate=1|n_units=200|rho=1.6|sigma_u=2,2,conditional_lyapunov,lyapunov_per_step,-0.15760597927061562
2C_esp_map,leak_rate=1|n_units=200|rho=1.6|sigma_u=2,2,conditional_lyapunov,lyapunov_per_time,-0.15760597927061562
2C_esp_map,leak_rate=1|n_units=200|rho=1.6|sigma_u=2,2,conditional_lyapunov,n_intervals,2799.0
2C_esp_map,leak_rate=1|n_units=200|rho=1.6|sigma_u=2,2,conditional_lyapunov,max_observed_growth,1.2362298846522517
2C_esp_map,leak_rate=1|n_units=200|rho=1.6|sigma_u=2,2,autocorrelation_time,tau_1e,0.5717429344979182
2C_esp_map,leak_rate=1|n_units=200|rho=1.6|sigma_u=2,2,autocorrelation_time,tau_censored,0.5717429344979182
2C_esp_map,leak_rate=1|n_units=200|rho=1.6|sigma_u=2,2,autocorrelation_time,tau_integrated,1.0
2C_esp_map,leak_rate=1|n_units=200|rho=1.6|sigma_u=2,2,autocorrelation_time,max_lag,200.0
2C_esp_map,leak_rate=1|n_units=200|rho=1.7|sigma_u=0,2,esp_convergence,d_initial,0.7696485498531836
2C_esp_map,leak_rate=1|n_units=200|rho=1.7|sigma_u=0,2,esp_convergence,d_tail,1.347057124002974
2C_esp_map,leak_rate=1|n_units=200|rho=1.7|sigma_u=0,2,esp_convergence,converged,0.0
2C_esp_map,leak_rate=1|n_units=200|rho=1.7|sigma_u=0,2,esp_convergence,decay_rate_per_step,1.138675141813093e-05
2C_esp_map,leak_rate=1|n_units=200|rho=1.7|sigma_u=0,2,esp_convergence,n_pairs,10.0
2C_esp_map,leak_rate=1|n_units=200|rho=1.7|sigma_u=0,2,esp_convergence,n_fit_points,2990.0
2C_esp_map,leak_rate=1|n_units=200|rho=1.7|sigma_u=0,2,conditional_lyapunov,lyapunov_per_step,-0.000642097396388816
2C_esp_map,leak_rate=1|n_units=200|rho=1.7|sigma_u=0,2,conditional_lyapunov,lyapunov_per_time,-0.000642097396388816
2C_esp_map,leak_rate=1|n_units=200|rho=1.7|sigma_u=0,2,conditional_lyapunov,n_intervals,2799.0
2C_esp_map,leak_rate=1|n_units=200|rho=1.7|sigma_u=0,2,conditional_lyapunov,max_observed_growth,1.183013134825416
2C_esp_map,leak_rate=1|n_units=200|rho=1.7|sigma_u=0,2,autocorrelation_time,tau_1e,0.34060774369611185
2C_esp_map,leak_rate=1|n_units=200|rho=1.7|sigma_u=0,2,autocorrelation_time,tau_censored,0.34060774369611185
2C_esp_map,leak_rate=1|n_units=200|rho=1.7|sigma_u=0,2,autocorrelation_time,tau_integrated,1.0
2C_esp_map,leak_rate=1|n_units=200|rho=1.7|sigma_u=0,2,autocorrelation_time,max_lag,200.0
2C_esp_map,leak_rate=1|n_units=200|rho=1.7|sigma_u=0.05,2,esp_convergence,d_initial,0.7692755735872663
2C_esp_map,leak_rate=1|n_units=200|rho=1.7|sigma_u=0.05,2,esp_convergence,d_tail,1.3321599859519297
2C_esp_map,leak_rate=1|n_units=200|rho=1.7|sigma_u=0.05,2,esp_convergence,converged,0.0
2C_esp_map,leak_rate=1|n_units=200|rho=1.7|sigma_u=0.05,2,esp_convergence,decay_rate_per_step,2.6938737668935716e-05
2C_esp_map,leak_rate=1|n_units=200|rho=1.7|sigma_u=0.05,2,esp_convergence,n_pairs,10.0
2C_esp_map,leak_rate=1|n_units=200|rho=1.7|sigma_u=0.05,2,esp_convergence,n_fit_points,2990.0
2C_esp_map,leak_rate=1|n_units=200|rho=1.7|sigma_u=0.05,2,conditional_lyapunov,lyapunov_per_step,-0.0041637976403855114
2C_esp_map,leak_rate=1|n_units=200|rho=1.7|sigma_u=0.05,2,conditional_lyapunov,lyapunov_per_time,-0.0041637976403855114
2C_esp_map,leak_rate=1|n_units=200|rho=1.7|sigma_u=0.05,2,conditional_lyapunov,n_intervals,2799.0
2C_esp_map,leak_rate=1|n_units=200|rho=1.7|sigma_u=0.05,2,conditional_lyapunov,max_observed_growth,1.350938896204647
2C_esp_map,leak_rate=1|n_units=200|rho=1.7|sigma_u=0.05,2,autocorrelation_time,tau_1e,0.5007773502625773
2C_esp_map,leak_rate=1|n_units=200|rho=1.7|sigma_u=0.05,2,autocorrelation_time,tau_censored,0.5007773502625773
2C_esp_map,leak_rate=1|n_units=200|rho=1.7|sigma_u=0.05,2,autocorrelation_time,tau_integrated,1.0000000000000002
2C_esp_map,leak_rate=1|n_units=200|rho=1.7|sigma_u=0.05,2,autocorrelation_time,max_lag,200.0
2C_esp_map,leak_rate=1|n_units=200|rho=1.7|sigma_u=0.1,2,esp_convergence,d_initial,0.7685334492162496
2C_esp_map,leak_rate=1|n_units=200|rho=1.7|sigma_u=0.1,2,esp_convergence,d_tail,1.2987888266660677
2C_esp_map,leak_rate=1|n_units=200|rho=1.7|sigma_u=0.1,2,esp_convergence,converged,0.0
2C_esp_map,leak_rate=1|n_units=200|rho=1.7|sigma_u=0.1,2,esp_convergence,decay_rate_per_step,4.4338629628485953e-05
2C_esp_map,leak_rate=1|n_units=200|rho=1.7|sigma_u=0.1,2,esp_convergence,n_pairs,10.0
2C_esp_map,leak_rate=1|n_units=200|rho=1.7|sigma_u=0.1,2,esp_convergence,n_fit_points,2990.0
2C_esp_map,leak_rate=1|n_units=200|rho=1.7|sigma_u=0.1,2,conditional_lyapunov,lyapunov_per_step,-0.0009789191427286978
2C_esp_map,leak_rate=1|n_units=200|rho=1.7|sigma_u=0.1,2,conditional_lyapunov,lyapunov_per_time,-0.0009789191427286978
2C_esp_map,leak_rate=1|n_units=200|rho=1.7|sigma_u=0.1,2,conditional_lyapunov,n_intervals,2799.0
2C_esp_map,leak_rate=1|n_units=200|rho=1.7|sigma_u=0.1,2,conditional_lyapunov,max_observed_growth,1.2800074135304051
2C_esp_map,leak_rate=1|n_units=200|rho=1.7|sigma_u=0.1,2,autocorrelation_time,tau_1e,0.6381427392716714
2C_esp_map,leak_rate=1|n_units=200|rho=1.7|sigma_u=0.1,2,autocorrelation_time,tau_censored,0.6381427392716714
2C_esp_map,leak_rate=1|n_units=200|rho=1.7|sigma_u=0.1,2,autocorrelation_time,tau_integrated,1.2182713181623708
2C_esp_map,leak_rate=1|n_units=200|rho=1.7|sigma_u=0.1,2,autocorrelation_time,max_lag,200.0
2C_esp_map,leak_rate=1|n_units=200|rho=1.7|sigma_u=0.2,2,esp_convergence,d_initial,0.7659580328890844
2C_esp_map,leak_rate=1|n_units=200|rho=1.7|sigma_u=0.2,2,esp_convergence,d_tail,1.2125018616857788
2C_esp_map,leak_rate=1|n_units=200|rho=1.7|sigma_u=0.2,2,esp_convergence,converged,0.0
2C_esp_map,leak_rate=1|n_units=200|rho=1.7|sigma_u=0.2,2,esp_convergence,decay_rate_per_step,2.589866036232612e-05
2C_esp_map,leak_rate=1|n_units=200|rho=1.7|sigma_u=0.2,2,esp_convergence,n_pairs,10.0
2C_esp_map,leak_rate=1|n_units=200|rho=1.7|sigma_u=0.2,2,esp_convergence,n_fit_points,2990.0
2C_esp_map,leak_rate=1|n_units=200|rho=1.7|sigma_u=0.2,2,conditional_lyapunov,lyapunov_per_step,0.020628765945822157
2C_esp_map,leak_rate=1|n_units=200|rho=1.7|sigma_u=0.2,2,conditional_lyapunov,lyapunov_per_time,0.020628765945822157
2C_esp_map,leak_rate=1|n_units=200|rho=1.7|sigma_u=0.2,2,conditional_lyapunov,n_intervals,2799.0
2C_esp_map,leak_rate=1|n_units=200|rho=1.7|sigma_u=0.2,2,conditional_lyapunov,max_observed_growth,1.2938071640799433
2C_esp_map,leak_rate=1|n_units=200|rho=1.7|sigma_u=0.2,2,autocorrelation_time,tau_1e,0.6164646198320912
2C_esp_map,leak_rate=1|n_units=200|rho=1.7|sigma_u=0.2,2,autocorrelation_time,tau_censored,0.6164646198320912
2C_esp_map,leak_rate=1|n_units=200|rho=1.7|sigma_u=0.2,2,autocorrelation_time,tau_integrated,1.0000000000000002
2C_esp_map,leak_rate=1|n_units=200|rho=1.7|sigma_u=0.2,2,autocorrelation_time,max_lag,200.0
2C_esp_map,leak_rate=1|n_units=200|rho=1.7|sigma_u=0.5,2,esp_convergence,d_initial,0.7501000789443021
2C_esp_map,leak_rate=1|n_units=200|rho=1.7|sigma_u=0.5,2,esp_convergence,d_tail,0.7098603348317627
2C_esp_map,leak_rate=1|n_units=200|rho=1.7|sigma_u=0.5,2,esp_convergence,converged,0.0
2C_esp_map,leak_rate=1|n_units=200|rho=1.7|sigma_u=0.5,2,esp_convergence,decay_rate_per_step,-8.307639874778323e-06
2C_esp_map,leak_rate=1|n_units=200|rho=1.7|sigma_u=0.5,2,esp_convergence,n_pairs,10.0
2C_esp_map,leak_rate=1|n_units=200|rho=1.7|sigma_u=0.5,2,esp_convergence,n_fit_points,2990.0
2C_esp_map,leak_rate=1|n_units=200|rho=1.7|sigma_u=0.5,2,conditional_lyapunov,lyapunov_per_step,0.05909875156118255
2C_esp_map,leak_rate=1|n_units=200|rho=1.7|sigma_u=0.5,2,conditional_lyapunov,lyapunov_per_time,0.05909875156118255
2C_esp_map,leak_rate=1|n_units=200|rho=1.7|sigma_u=0.5,2,conditional_lyapunov,n_intervals,2799.0
2C_esp_map,leak_rate=1|n_units=200|rho=1.7|sigma_u=0.5,2,conditional_lyapunov,max_observed_growth,1.387948069170586
2C_esp_map,leak_rate=1|n_units=200|rho=1.7|sigma_u=0.5,2,autocorrelation_time,tau_1e,0.6277279062188186
2C_esp_map,leak_rate=1|n_units=200|rho=1.7|sigma_u=0.5,2,autocorrelation_time,tau_censored,0.6277279062188186
2C_esp_map,leak_rate=1|n_units=200|rho=1.7|sigma_u=0.5,2,autocorrelation_time,tau_integrated,1.0
2C_esp_map,leak_rate=1|n_units=200|rho=1.7|sigma_u=0.5,2,autocorrelation_time,max_lag,200.0
2C_esp_map,leak_rate=1|n_units=200|rho=1.7|sigma_u=1,2,esp_convergence,d_initial,0.7036629539805888
2C_esp_map,leak_rate=1|n_units=200|rho=1.7|sigma_u=1,2,esp_convergence,d_tail,0.06708593691323614
2C_esp_map,leak_rate=1|n_units=200|rho=1.7|sigma_u=1,2,esp_convergence,converged,0.0
2C_esp_map,leak_rate=1|n_units=200|rho=1.7|sigma_u=1,2,esp_convergence,decay_rate_per_step,-0.00023976705383958177
2C_esp_map,leak_rate=1|n_units=200|rho=1.7|sigma_u=1,2,esp_convergence,n_pairs,10.0
2C_esp_map,leak_rate=1|n_units=200|rho=1.7|sigma_u=1,2,esp_convergence,n_fit_points,2990.0
2C_esp_map,leak_rate=1|n_units=200|rho=1.7|sigma_u=1,2,conditional_lyapunov,lyapunov_per_step,0.0008696235350473717
2C_esp_map,leak_rate=1|n_units=200|rho=1.7|sigma_u=1,2,conditional_lyapunov,lyapunov_per_time,0.0008696235350473717
2C_esp_map,leak_rate=1|n_units=200|rho=1.7|sigma_u=1,2,conditional_lyapunov,n_intervals,2799.0
2C_esp_map,leak_rate=1|n_units=200|rho=1.7|sigma_u=1,2,conditional_lyapunov,max_observed_growth,1.373516914297644
2C_esp_map,leak_rate=1|n_units=200|rho=1.7|sigma_u=1,2,autocorrelation_time,tau_1e,0.5662617651321529
2C_esp_map,leak_rate=1|n_units=200|rho=1.7|sigma_u=1,2,autocorrelation_time,tau_censored,0.5662617651321529
2C_esp_map,leak_rate=1|n_units=200|rho=1.7|sigma_u=1,2,autocorrelation_time,tau_integrated,1.0
2C_esp_map,leak_rate=1|n_units=200|rho=1.7|sigma_u=1,2,autocorrelation_time,max_lag,200.0
2C_esp_map,leak_rate=1|n_units=200|rho=1.7|sigma_u=2,2,esp_convergence,d_initial,0.5919406503737374
2C_esp_map,leak_rate=1|n_units=200|rho=1.7|sigma_u=2,2,esp_convergence,d_tail,2.0533592513980814e-16
2C_esp_map,leak_rate=1|n_units=200|rho=1.7|sigma_u=2,2,esp_convergence,converged,1.0
2C_esp_map,leak_rate=1|n_units=200|rho=1.7|sigma_u=2,2,esp_convergence,decay_rate_per_step,-0.11838593812991585
2C_esp_map,leak_rate=1|n_units=200|rho=1.7|sigma_u=2,2,esp_convergence,n_pairs,10.0
2C_esp_map,leak_rate=1|n_units=200|rho=1.7|sigma_u=2,2,esp_convergence,n_fit_points,255.0
2C_esp_map,leak_rate=1|n_units=200|rho=1.7|sigma_u=2,2,conditional_lyapunov,lyapunov_per_step,-0.11773002264128586
2C_esp_map,leak_rate=1|n_units=200|rho=1.7|sigma_u=2,2,conditional_lyapunov,lyapunov_per_time,-0.11773002264128586
2C_esp_map,leak_rate=1|n_units=200|rho=1.7|sigma_u=2,2,conditional_lyapunov,n_intervals,2799.0
2C_esp_map,leak_rate=1|n_units=200|rho=1.7|sigma_u=2,2,conditional_lyapunov,max_observed_growth,1.2888479325426245
2C_esp_map,leak_rate=1|n_units=200|rho=1.7|sigma_u=2,2,autocorrelation_time,tau_1e,0.5710344644429306
2C_esp_map,leak_rate=1|n_units=200|rho=1.7|sigma_u=2,2,autocorrelation_time,tau_censored,0.5710344644429306
2C_esp_map,leak_rate=1|n_units=200|rho=1.7|sigma_u=2,2,autocorrelation_time,tau_integrated,1.0
2C_esp_map,leak_rate=1|n_units=200|rho=1.7|sigma_u=2,2,autocorrelation_time,max_lag,200.0
2C_esp_map,leak_rate=1|n_units=200|rho=1.8|sigma_u=0,2,esp_convergence,d_initial,0.7917570913734432
2C_esp_map,leak_rate=1|n_units=200|rho=1.8|sigma_u=0,2,esp_convergence,d_tail,1.3892977707406362
2C_esp_map,leak_rate=1|n_units=200|rho=1.8|sigma_u=0,2,esp_convergence,converged,0.0
2C_esp_map,leak_rate=1|n_units=200|rho=1.8|sigma_u=0,2,esp_convergence,decay_rate_per_step,1.5124652489569912e-05
2C_esp_map,leak_rate=1|n_units=200|rho=1.8|sigma_u=0,2,esp_convergence,n_pairs,10.0
2C_esp_map,leak_rate=1|n_units=200|rho=1.8|sigma_u=0,2,esp_convergence,n_fit_points,2990.0
2C_esp_map,leak_rate=1|n_units=200|rho=1.8|sigma_u=0,2,conditional_lyapunov,lyapunov_per_step,0.00193756309857865
2C_esp_map,leak_rate=1|n_units=200|rho=1.8|sigma_u=0,2,conditional_lyapunov,lyapunov_per_time,0.00193756309857865
2C_esp_map,leak_rate=1|n_units=200|rho=1.8|sigma_u=0,2,conditional_lyapunov,n_intervals,2799.0
2C_esp_map,leak_rate=1|n_units=200|rho=1.8|sigma_u=0,2,conditional_lyapunov,max_observed_growth,1.2817432437677154
2C_esp_map,leak_rate=1|n_units=200|rho=1.8|sigma_u=0,2,autocorrelation_time,tau_1e,0.47947810169388183
2C_esp_map,leak_rate=1|n_units=200|rho=1.8|sigma_u=0,2,autocorrelation_time,tau_censored,0.47947810169388183
2C_esp_map,leak_rate=1|n_units=200|rho=1.8|sigma_u=0,2,autocorrelation_time,tau_integrated,1.0
2C_esp_map,leak_rate=1|n_units=200|rho=1.8|sigma_u=0,2,autocorrelation_time,max_lag,200.0
2C_esp_map,leak_rate=1|n_units=200|rho=1.8|sigma_u=0.05,2,esp_convergence,d_initial,0.7913692820640613
2C_esp_map,leak_rate=1|n_units=200|rho=1.8|sigma_u=0.05,2,esp_convergence,d_tail,1.3671513156562385
2C_esp_map,leak_rate=1|n_units=200|rho=1.8|sigma_u=0.05,2,esp_convergence,converged,0.0
2C_esp_map,leak_rate=1|n_units=200|rho=1.8|sigma_u=0.05,2,esp_convergence,decay_rate_per_step,1.3304082159133145e-05
2C_esp_map,leak_rate=1|n_units=200|rho=1.8|sigma_u=0.05,2,esp_convergence,n_pairs,10.0
2C_esp_map,leak_rate=1|n_units=200|rho=1.8|sigma_u=0.05,2,esp_convergence,n_fit_points,2990.0
2C_esp_map,leak_rate=1|n_units=200|rho=1.8|sigma_u=0.05,2,conditional_lyapunov,lyapunov_per_step,0.010839372239178932
2C_esp_map,leak_rate=1|n_units=200|rho=1.8|sigma_u=0.05,2,conditional_lyapunov,lyapunov_per_time,0.010839372239178932
2C_esp_map,leak_rate=1|n_units=200|rho=1.8|sigma_u=0.05,2,conditional_lyapunov,n_intervals,2799.0
2C_esp_map,leak_rate=1|n_units=200|rho=1.8|sigma_u=0.05,2,conditional_lyapunov,max_observed_growth,1.313011678069625
2C_esp_map,leak_rate=1|n_units=200|rho=1.8|sigma_u=0.05,2,autocorrelation_time,tau_1e,0.5277396529529034
2C_esp_map,leak_rate=1|n_units=200|rho=1.8|sigma_u=0.05,2,autocorrelation_time,tau_censored,0.5277396529529034
2C_esp_map,leak_rate=1|n_units=200|rho=1.8|sigma_u=0.05,2,autocorrelation_time,tau_integrated,1.0
2C_esp_map,leak_rate=1|n_units=200|rho=1.8|sigma_u=0.05,2,autocorrelation_time,max_lag,200.0
2C_esp_map,leak_rate=1|n_units=200|rho=1.8|sigma_u=0.1,2,esp_convergence,d_initial,0.7906305424272146
2C_esp_map,leak_rate=1|n_units=200|rho=1.8|sigma_u=0.1,2,esp_convergence,d_tail,1.3209335396189703
2C_esp_map,leak_rate=1|n_units=200|rho=1.8|sigma_u=0.1,2,esp_convergence,converged,0.0
2C_esp_map,leak_rate=1|n_units=200|rho=1.8|sigma_u=0.1,2,esp_convergence,decay_rate_per_step,1.3852689265936087e-05
2C_esp_map,leak_rate=1|n_units=200|rho=1.8|sigma_u=0.1,2,esp_convergence,n_pairs,10.0
2C_esp_map,leak_rate=1|n_units=200|rho=1.8|sigma_u=0.1,2,esp_convergence,n_fit_points,2990.0
2C_esp_map,leak_rate=1|n_units=200|rho=1.8|sigma_u=0.1,2,conditional_lyapunov,lyapunov_per_step,0.027427512748850698
2C_esp_map,leak_rate=1|n_units=200|rho=1.8|sigma_u=0.1,2,conditional_lyapunov,lyapunov_per_time,0.027427512748850698
2C_esp_map,leak_rate=1|n_units=200|rho=1.8|sigma_u=0.1,2,conditional_lyapunov,n_intervals,2799.0
2C_esp_map,leak_rate=1|n_units=200|rho=1.8|sigma_u=0.1,2,conditional_lyapunov,max_observed_growth,1.3350442358182464
2C_esp_map,leak_rate=1|n_units=200|rho=1.8|sigma_u=0.1,2,autocorrelation_time,tau_1e,0.5888595403849473
2C_esp_map,leak_rate=1|n_units=200|rho=1.8|sigma_u=0.1,2,autocorrelation_time,tau_censored,0.5888595403849473
2C_esp_map,leak_rate=1|n_units=200|rho=1.8|sigma_u=0.1,2,autocorrelation_time,tau_integrated,1.0
2C_esp_map,leak_rate=1|n_units=200|rho=1.8|sigma_u=0.1,2,autocorrelation_time,max_lag,200.0
2C_esp_map,leak_rate=1|n_units=200|rho=1.8|sigma_u=0.2,2,esp_convergence,d_initial,0.7881141927913075
2C_esp_map,leak_rate=1|n_units=200|rho=1.8|sigma_u=0.2,2,esp_convergence,d_tail,1.2425748328282173
2C_esp_map,leak_rate=1|n_units=200|rho=1.8|sigma_u=0.2,2,esp_convergence,converged,0.0
2C_esp_map,leak_rate=1|n_units=200|rho=1.8|sigma_u=0.2,2,esp_convergence,decay_rate_per_step,0.0003028059899879933
2C_esp_map,leak_rate=1|n_units=200|rho=1.8|sigma_u=0.2,2,esp_convergence,n_pairs,10.0
2C_esp_map,leak_rate=1|n_units=200|rho=1.8|sigma_u=0.2,2,esp_convergence,n_fit_points,2990.0
2C_esp_map,leak_rate=1|n_units=200|rho=1.8|sigma_u=0.2,2,conditional_lyapunov,lyapunov_per_step,0.053157899393041316
2C_esp_map,leak_rate=1|n_units=200|rho=1.8|sigma_u=0.2,2,conditional_lyapunov,lyapunov_per_time,0.053157899393041316
2C_esp_map,leak_rate=1|n_units=200|rho=1.8|sigma_u=0.2,2,conditional_lyapunov,n_intervals,2799.0
2C_esp_map,leak_rate=1|n_units=200|rho=1.8|sigma_u=0.2,2,conditional_lyapunov,max_observed_growth,1.4060839107585275
2C_esp_map,leak_rate=1|n_units=200|rho=1.8|sigma_u=0.2,2,autocorrelation_time,tau_1e,126.94035876986942
2C_esp_map,leak_rate=1|n_units=200|rho=1.8|sigma_u=0.2,2,autocorrelation_time,tau_censored,126.94035876986942
2C_esp_map,leak_rate=1|n_units=200|rho=1.8|sigma_u=0.2,2,autocorrelation_time,tau_integrated,79.3266372539498
2C_esp_map,leak_rate=1|n_units=200|rho=1.8|sigma_u=0.2,2,autocorrelation_time,max_lag,200.0
2C_esp_map,leak_rate=1|n_units=200|rho=1.8|sigma_u=0.5,2,esp_convergence,d_initial,0.7727783599780329
2C_esp_map,leak_rate=1|n_units=200|rho=1.8|sigma_u=0.5,2,esp_convergence,d_tail,0.7378012277938314
2C_esp_map,leak_rate=1|n_units=200|rho=1.8|sigma_u=0.5,2,esp_convergence,converged,0.0
2C_esp_map,leak_rate=1|n_units=200|rho=1.8|sigma_u=0.5,2,esp_convergence,decay_rate_per_step,-2.6991831765132206e-05
2C_esp_map,leak_rate=1|n_units=200|rho=1.8|sigma_u=0.5,2,esp_convergence,n_pairs,10.0
2C_esp_map,leak_rate=1|n_units=200|rho=1.8|sigma_u=0.5,2,esp_convergence,n_fit_points,2990.0
2C_esp_map,leak_rate=1|n_units=200|rho=1.8|sigma_u=0.5,2,conditional_lyapunov,lyapunov_per_step,0.07835445947490216
2C_esp_map,leak_rate=1|n_units=200|rho=1.8|sigma_u=0.5,2,conditional_lyapunov,lyapunov_per_time,0.07835445947490216
2C_esp_map,leak_rate=1|n_units=200|rho=1.8|sigma_u=0.5,2,conditional_lyapunov,n_intervals,2799.0
2C_esp_map,leak_rate=1|n_units=200|rho=1.8|sigma_u=0.5,2,conditional_lyapunov,max_observed_growth,1.38377404165183
2C_esp_map,leak_rate=1|n_units=200|rho=1.8|sigma_u=0.5,2,autocorrelation_time,tau_1e,0.6192096757744909
2C_esp_map,leak_rate=1|n_units=200|rho=1.8|sigma_u=0.5,2,autocorrelation_time,tau_censored,0.6192096757744909
2C_esp_map,leak_rate=1|n_units=200|rho=1.8|sigma_u=0.5,2,autocorrelation_time,tau_integrated,0.9999999999999999
2C_esp_map,leak_rate=1|n_units=200|rho=1.8|sigma_u=0.5,2,autocorrelation_time,max_lag,200.0
2C_esp_map,leak_rate=1|n_units=200|rho=1.8|sigma_u=1,2,esp_convergence,d_initial,0.7277045769853686
2C_esp_map,leak_rate=1|n_units=200|rho=1.8|sigma_u=1,2,esp_convergence,d_tail,0.3346864791615949
2C_esp_map,leak_rate=1|n_units=200|rho=1.8|sigma_u=1,2,esp_convergence,converged,0.0
2C_esp_map,leak_rate=1|n_units=200|rho=1.8|sigma_u=1,2,esp_convergence,decay_rate_per_step,2.0296602366056537e-05
2C_esp_map,leak_rate=1|n_units=200|rho=1.8|sigma_u=1,2,esp_convergence,n_pairs,10.0
2C_esp_map,leak_rate=1|n_units=200|rho=1.8|sigma_u=1,2,esp_convergence,n_fit_points,2990.0
2C_esp_map,leak_rate=1|n_units=200|rho=1.8|sigma_u=1,2,conditional_lyapunov,lyapunov_per_step,0.03144141459782615
2C_esp_map,leak_rate=1|n_units=200|rho=1.8|sigma_u=1,2,conditional_lyapunov,lyapunov_per_time,0.03144141459782615
2C_esp_map,leak_rate=1|n_units=200|rho=1.8|sigma_u=1,2,conditional_lyapunov,n_intervals,2799.0
2C_esp_map,leak_rate=1|n_units=200|rho=1.8|sigma_u=1,2,conditional_lyapunov,max_observed_growth,1.3515742743745942
2C_esp_map,leak_rate=1|n_units=200|rho=1.8|sigma_u=1,2,autocorrelation_time,tau_1e,0.5699628612428919
2C_esp_map,leak_rate=1|n_units=200|rho=1.8|sigma_u=1,2,autocorrelation_time,tau_censored,0.5699628612428919
2C_esp_map,leak_rate=1|n_units=200|rho=1.8|sigma_u=1,2,autocorrelation_time,tau_integrated,1.0000000000000002
2C_esp_map,leak_rate=1|n_units=200|rho=1.8|sigma_u=1,2,autocorrelation_time,max_lag,200.0
2C_esp_map,leak_rate=1|n_units=200|rho=1.8|sigma_u=2,2,esp_convergence,d_initial,0.6180931063295602
2C_esp_map,leak_rate=1|n_units=200|rho=1.8|sigma_u=2,2,esp_convergence,d_tail,2.7117583973952835e-16
2C_esp_map,leak_rate=1|n_units=200|rho=1.8|sigma_u=2,2,esp_convergence,converged,1.0
2C_esp_map,leak_rate=1|n_units=200|rho=1.8|sigma_u=2,2,esp_convergence,decay_rate_per_step,-0.08191779147180202
2C_esp_map,leak_rate=1|n_units=200|rho=1.8|sigma_u=2,2,esp_convergence,n_pairs,10.0
2C_esp_map,leak_rate=1|n_units=200|rho=1.8|sigma_u=2,2,esp_convergence,n_fit_points,375.0
2C_esp_map,leak_rate=1|n_units=200|rho=1.8|sigma_u=2,2,conditional_lyapunov,lyapunov_per_step,-0.0779105540454522
2C_esp_map,leak_rate=1|n_units=200|rho=1.8|sigma_u=2,2,conditional_lyapunov,lyapunov_per_time,-0.0779105540454522
2C_esp_map,leak_rate=1|n_units=200|rho=1.8|sigma_u=2,2,conditional_lyapunov,n_intervals,2799.0
2C_esp_map,leak_rate=1|n_units=200|rho=1.8|sigma_u=2,2,conditional_lyapunov,max_observed_growth,1.3524678990423753
2C_esp_map,leak_rate=1|n_units=200|rho=1.8|sigma_u=2,2,autocorrelation_time,tau_1e,0.5706966988197041
2C_esp_map,leak_rate=1|n_units=200|rho=1.8|sigma_u=2,2,autocorrelation_time,tau_censored,0.5706966988197041
2C_esp_map,leak_rate=1|n_units=200|rho=1.8|sigma_u=2,2,autocorrelation_time,tau_integrated,1.0000000000000002
2C_esp_map,leak_rate=1|n_units=200|rho=1.8|sigma_u=2,2,autocorrelation_time,max_lag,200.0
2C_esp_map,leak_rate=1|n_units=200|rho=1.9|sigma_u=0,2,esp_convergence,d_initial,0.8123521885597291
2C_esp_map,leak_rate=1|n_units=200|rho=1.9|sigma_u=0,2,esp_convergence,d_tail,1.400520556634782
2C_esp_map,leak_rate=1|n_units=200|rho=1.9|sigma_u=0,2,esp_convergence,converged,0.0
2C_esp_map,leak_rate=1|n_units=200|rho=1.9|sigma_u=0,2,esp_convergence,decay_rate_per_step,3.6970559509403964e-05
2C_esp_map,leak_rate=1|n_units=200|rho=1.9|sigma_u=0,2,esp_convergence,n_pairs,10.0
2C_esp_map,leak_rate=1|n_units=200|rho=1.9|sigma_u=0,2,esp_convergence,n_fit_points,2990.0
2C_esp_map,leak_rate=1|n_units=200|rho=1.9|sigma_u=0,2,conditional_lyapunov,lyapunov_per_step,0.04575712623230167
2C_esp_map,leak_rate=1|n_units=200|rho=1.9|sigma_u=0,2,conditional_lyapunov,lyapunov_per_time,0.04575712623230167
2C_esp_map,leak_rate=1|n_units=200|rho=1.9|sigma_u=0,2,conditional_lyapunov,n_intervals,2799.0
2C_esp_map,leak_rate=1|n_units=200|rho=1.9|sigma_u=0,2,conditional_lyapunov,max_observed_growth,1.3783158531062705
2C_esp_map,leak_rate=1|n_units=200|rho=1.9|sigma_u=0,2,autocorrelation_time,tau_1e,0.6862349094673664
2C_esp_map,leak_rate=1|n_units=200|rho=1.9|sigma_u=0,2,autocorrelation_time,tau_censored,0.6862349094673664
2C_esp_map,leak_rate=1|n_units=200|rho=1.9|sigma_u=0,2,autocorrelation_time,tau_integrated,5.123707281053768
2C_esp_map,leak_rate=1|n_units=200|rho=1.9|sigma_u=0,2,autocorrelation_time,max_lag,200.0
2C_esp_map,leak_rate=1|n_units=200|rho=1.9|sigma_u=0.05,2,esp_convergence,d_initial,0.8119511652125168
2C_esp_map,leak_rate=1|n_units=200|rho=1.9|sigma_u=0.05,2,esp_convergence,d_tail,1.357322400738319
2C_esp_map,leak_rate=1|n_units=200|rho=1.9|sigma_u=0.05,2,esp_convergence,converged,0.0
2C_esp_map,leak_rate=1|n_units=200|rho=1.9|sigma_u=0.05,2,esp_convergence,decay_rate_per_step,2.34594947654568e-05
2C_esp_map,leak_rate=1|n_units=200|rho=1.9|sigma_u=0.05,2,esp_convergence,n_pairs,10.0
2C_esp_map,leak_rate=1|n_units=200|rho=1.9|sigma_u=0.05,2,esp_convergence,n_fit_points,2990.0
2C_esp_map,leak_rate=1|n_units=200|rho=1.9|sigma_u=0.05,2,conditional_lyapunov,lyapunov_per_step,0.04485528959032743
2C_esp_map,leak_rate=1|n_units=200|rho=1.9|sigma_u=0.05,2,conditional_lyapunov,lyapunov_per_time,0.04485528959032743
2C_esp_map,leak_rate=1|n_units=200|rho=1.9|sigma_u=0.05,2,conditional_lyapunov,n_intervals,2799.0
2C_esp_map,leak_rate=1|n_units=200|rho=1.9|sigma_u=0.05,2,conditional_lyapunov,max_observed_growth,1.3620232868989686
2C_esp_map,leak_rate=1|n_units=200|rho=1.9|sigma_u=0.05,2,autocorrelation_time,tau_1e,0.5985434626719537
2C_esp_map,leak_rate=1|n_units=200|rho=1.9|sigma_u=0.05,2,autocorrelation_time,tau_censored,0.5985434626719537
2C_esp_map,leak_rate=1|n_units=200|rho=1.9|sigma_u=0.05,2,autocorrelation_time,tau_integrated,1.0000000000000002
2C_esp_map,leak_rate=1|n_units=200|rho=1.9|sigma_u=0.05,2,autocorrelation_time,max_lag,200.0
2C_esp_map,leak_rate=1|n_units=200|rho=1.9|sigma_u=0.1,2,esp_convergence,d_initial,0.8112171924120601
2C_esp_map,leak_rate=1|n_units=200|rho=1.9|sigma_u=0.1,2,esp_convergence,d_tail,1.276636468632295
2C_esp_map,leak_rate=1|n_units=200|rho=1.9|sigma_u=0.1,2,esp_convergence,converged,0.0
2C_esp_map,leak_rate=1|n_units=200|rho=1.9|sigma_u=0.1,2,esp_convergence,decay_rate_per_step,4.0766212521603115e-05
2C_esp_map,leak_rate=1|n_units=200|rho=1.9|sigma_u=0.1,2,esp_convergence,n_pairs,10.0
2C_esp_map,leak_rate=1|n_units=200|rho=1.9|sigma_u=0.1,2,esp_convergence,n_fit_points,2990.0
2C_esp_map,leak_rate=1|n_units=200|rho=1.9|sigma_u=0.1,2,conditional_lyapunov,lyapunov_per_step,0.06056515182119232
2C_esp_map,leak_rate=1|n_units=200|rho=1.9|sigma_u=0.1,2,conditional_lyapunov,lyapunov_per_time,0.06056515182119232
2C_esp_map,leak_rate=1|n_units=200|rho=1.9|sigma_u=0.1,2,conditional_lyapunov,n_intervals,2799.0
2C_esp_map,leak_rate=1|n_units=200|rho=1.9|sigma_u=0.1,2,conditional_lyapunov,max_observed_growth,1.4070837446398021
2C_esp_map,leak_rate=1|n_units=200|rho=1.9|sigma_u=0.1,2,autocorrelation_time,tau_1e,0.995779936990327
2C_esp_map,leak_rate=1|n_units=200|rho=1.9|sigma_u=0.1,2,autocorrelation_time,tau_censored,0.995779936990327
2C_esp_map,leak_rate=1|n_units=200|rho=1.9|sigma_u=0.1,2,autocorrelation_time,tau_integrated,43.257653666117456
2C_esp_map,leak_rate=1|n_units=200|rho=1.9|sigma_u=0.1,2,autocorrelation_time,max_lag,200.0
2C_esp_map,leak_rate=1|n_units=200|rho=1.9|sigma_u=0.2,2,esp_convergence,d_initial,0.8087619465029139
2C_esp_map,leak_rate=1|n_units=200|rho=1.9|sigma_u=0.2,2,esp_convergence,d_tail,1.1680387858140384
2C_esp_map,leak_rate=1|n_units=200|rho=1.9|sigma_u=0.2,2,esp_convergence,converged,0.0
2C_esp_map,leak_rate=1|n_units=200|rho=1.9|sigma_u=0.2,2,esp_convergence,decay_rate_per_step,1.8277688132555144e-05
2C_esp_map,leak_rate=1|n_units=200|rho=1.9|sigma_u=0.2,2,esp_convergence,n_pairs,10.0
2C_esp_map,leak_rate=1|n_units=200|rho=1.9|sigma_u=0.2,2,esp_convergence,n_fit_points,2990.0
2C_esp_map,leak_rate=1|n_units=200|rho=1.9|sigma_u=0.2,2,conditional_lyapunov,lyapunov_per_step,0.08653102563935607
2C_esp_map,leak_rate=1|n_units=200|rho=1.9|sigma_u=0.2,2,conditional_lyapunov,lyapunov_per_time,0.08653102563935607
2C_esp_map,leak_rate=1|n_units=200|rho=1.9|sigma_u=0.2,2,conditional_lyapunov,n_intervals,2799.0
2C_esp_map,leak_rate=1|n_units=200|rho=1.9|sigma_u=0.2,2,conditional_lyapunov,max_observed_growth,1.4844301915378053
2C_esp_map,leak_rate=1|n_units=200|rho=1.9|sigma_u=0.2,2,autocorrelation_time,tau_1e,0.9834105541529233
2C_esp_map,leak_rate=1|n_units=200|rho=1.9|sigma_u=0.2,2,autocorrelation_time,tau_censored,0.9834105541529233
2C_esp_map,leak_rate=1|n_units=200|rho=1.9|sigma_u=0.2,2,autocorrelation_time,tau_integrated,61.25287270807936
2C_esp_map,leak_rate=1|n_units=200|rho=1.9|sigma_u=0.2,2,autocorrelation_time,max_lag,200.0
2C_esp_map,leak_rate=1|n_units=200|rho=1.9|sigma_u=0.5,2,esp_convergence,d_initial,0.7939517528656644
2C_esp_map,leak_rate=1|n_units=200|rho=1.9|sigma_u=0.5,2,esp_convergence,d_tail,0.8520368359900956
2C_esp_map,leak_rate=1|n_units=200|rho=1.9|sigma_u=0.5,2,esp_convergence,converged,0.0
2C_esp_map,leak_rate=1|n_units=200|rho=1.9|sigma_u=0.5,2,esp_convergence,decay_rate_per_step,6.900520210440358e-06
2C_esp_map,leak_rate=1|n_units=200|rho=1.9|sigma_u=0.5,2,esp_convergence,n_pairs,10.0
2C_esp_map,leak_rate=1|n_units=200|rho=1.9|sigma_u=0.5,2,esp_convergence,n_fit_points,2990.0
2C_esp_map,leak_rate=1|n_units=200|rho=1.9|sigma_u=0.5,2,conditional_lyapunov,lyapunov_per_step,0.0974959745127826
2C_esp_map,leak_rate=1|n_units=200|rho=1.9|sigma_u=0.5,2,conditional_lyapunov,lyapunov_per_time,0.0974959745127826
2C_esp_map,leak_rate=1|n_units=200|rho=1.9|sigma_u=0.5,2,conditional_lyapunov,n_intervals,2799.0
2C_esp_map,leak_rate=1|n_units=200|rho=1.9|sigma_u=0.5,2,conditional_lyapunov,max_observed_growth,1.4804560159491609
2C_esp_map,leak_rate=1|n_units=200|rho=1.9|sigma_u=0.5,2,autocorrelation_time,tau_1e,0.6297274791018517
2C_esp_map,leak_rate=1|n_units=200|rho=1.9|sigma_u=0.5,2,autocorrelation_time,tau_censored,0.6297274791018517
2C_esp_map,leak_rate=1|n_units=200|rho=1.9|sigma_u=0.5,2,autocorrelation_time,tau_integrated,1.0
2C_esp_map,leak_rate=1|n_units=200|rho=1.9|sigma_u=0.5,2,autocorrelation_time,max_lag,200.0
2C_esp_map,leak_rate=1|n_units=200|rho=1.9|sigma_u=1,2,esp_convergence,d_initial,0.7502603527201193
2C_esp_map,leak_rate=1|n_units=200|rho=1.9|sigma_u=1,2,esp_convergence,d_tail,0.5009884608454503
2C_esp_map,leak_rate=1|n_units=200|rho=1.9|sigma_u=1,2,esp_convergence,converged,0.0
2C_esp_map,leak_rate=1|n_units=200|rho=1.9|sigma_u=1,2,esp_convergence,decay_rate_per_step,6.281300630321103e-06
2C_esp_map,leak_rate=1|n_units=200|rho=1.9|sigma_u=1,2,esp_convergence,n_pairs,10.0
2C_esp_map,leak_rate=1|n_units=200|rho=1.9|sigma_u=1,2,esp_convergence,n_fit_points,2990.0
2C_esp_map,leak_rate=1|n_units=200|rho=1.9|sigma_u=1,2,conditional_lyapunov,lyapunov_per_step,0.058489768699530764
2C_esp_map,leak_rate=1|n_units=200|rho=1.9|sigma_u=1,2,conditional_lyapunov,lyapunov_per_time,0.058489768699530764
2C_esp_map,leak_rate=1|n_units=200|rho=1.9|sigma_u=1,2,conditional_lyapunov,n_intervals,2799.0
2C_esp_map,leak_rate=1|n_units=200|rho=1.9|sigma_u=1,2,conditional_lyapunov,max_observed_growth,1.427833143771165
2C_esp_map,leak_rate=1|n_units=200|rho=1.9|sigma_u=1,2,autocorrelation_time,tau_1e,0.5764783116298181
2C_esp_map,leak_rate=1|n_units=200|rho=1.9|sigma_u=1,2,autocorrelation_time,tau_censored,0.5764783116298181
2C_esp_map,leak_rate=1|n_units=200|rho=1.9|sigma_u=1,2,autocorrelation_time,tau_integrated,1.0
2C_esp_map,leak_rate=1|n_units=200|rho=1.9|sigma_u=1,2,autocorrelation_time,max_lag,200.0
2C_esp_map,leak_rate=1|n_units=200|rho=1.9|sigma_u=2,2,esp_convergence,d_initial,0.6429848189844461
2C_esp_map,leak_rate=1|n_units=200|rho=1.9|sigma_u=2,2,esp_convergence,d_tail,3.4651251982743724e-16
2C_esp_map,leak_rate=1|n_units=200|rho=1.9|sigma_u=2,2,esp_convergence,converged,1.0
2C_esp_map,leak_rate=1|n_units=200|rho=1.9|sigma_u=2,2,esp_convergence,decay_rate_per_step,-0.057550568372540946
2C_esp_map,leak_rate=1|n_units=200|rho=1.9|sigma_u=2,2,esp_convergence,n_pairs,10.0
2C_esp_map,leak_rate=1|n_units=200|rho=1.9|sigma_u=2,2,esp_convergence,n_fit_points,549.0
2C_esp_map,leak_rate=1|n_units=200|rho=1.9|sigma_u=2,2,conditional_lyapunov,lyapunov_per_step,-0.042078404860220936
2C_esp_map,leak_rate=1|n_units=200|rho=1.9|sigma_u=2,2,conditional_lyapunov,lyapunov_per_time,-0.042078404860220936
2C_esp_map,leak_rate=1|n_units=200|rho=1.9|sigma_u=2,2,conditional_lyapunov,n_intervals,2799.0
2C_esp_map,leak_rate=1|n_units=200|rho=1.9|sigma_u=2,2,conditional_lyapunov,max_observed_growth,1.4106013295740334
2C_esp_map,leak_rate=1|n_units=200|rho=1.9|sigma_u=2,2,autocorrelation_time,tau_1e,0.5708003616374737
2C_esp_map,leak_rate=1|n_units=200|rho=1.9|sigma_u=2,2,autocorrelation_time,tau_censored,0.5708003616374737
2C_esp_map,leak_rate=1|n_units=200|rho=1.9|sigma_u=2,2,autocorrelation_time,tau_integrated,1.0
2C_esp_map,leak_rate=1|n_units=200|rho=1.9|sigma_u=2,2,autocorrelation_time,max_lag,200.0
