experiment,condition_id,replicate,diagnostic,key,value
3A_mc_sweep,leak_rate=0.3|n_units=200|rho=0.5|state_noise=0,0,memory_capacity,mc_total,10.609589323443563
3A_mc_sweep,leak_rate=0.3|n_units=200|rho=0.5|state_noise=0,0,memory_capacity,mc_total_raw,11.602192491225807
3A_mc_sweep,leak_rate=0.3|n_units=200|rho=0.5|state_noise=0,0,memory_capacity,mc_threshold,0.004609074451242151
3A_mc_sweep,leak_rate=0.3|n_units=200|rho=0.5|state_noise=0,0,memory_capacity,mc_effective_delay,20.95088757964317
3A_mc_sweep,leak_rate=0.3|n_units=200|rho=0.5|state_noise=0,0,memory_capacity,mc_ratio,0.05304794661721782
3A_mc_sweep,leak_rate=0.3|n_units=200|rho=0.5|state_noise=0,0,memory_capacity,n_delays,400.0
3A_mc_sweep,leak_rate=0.3|n_units=200|rho=0.5|state_noise=0,0,ipc,ipc_total,25.76788471394125
3A_mc_sweep,leak_rate=0.3|n_units=200|rho=0.5|state_noise=0,0,ipc,ipc_total_raw,26.868546735970355
3A_mc_sweep,leak_rate=0.3|n_units=200|rho=0.5|state_noise=0,0,ipc,ipc_linear,10.160945815013376
3A_mc_sweep,leak_rate=0.3|n_units=200|rho=0.5|state_noise=0,0,ipc,ipc_nonlinear,15.606938898927874
3A_mc_sweep,leak_rate=0.3|n_units=200|rho=0.5|state_noise=0,0,ipc,n_targets,601.0
3A_mc_sweep,leak_rate=0.3|n_units=200|rho=0.5|state_noise=0,0,ipc,n_targets_kept,297.0
3A_mc_sweep,leak_rate=0.3|n_units=200|rho=0.5|state_noise=0,0,ipc,saturation_ratio,0.12883942356970624
3A_mc_sweep,leak_rate=0.3|n_units=200|rho=0.5|state_noise=0,0,ipc,ipc_threshold_degree1,0.004642469741010083
3A_mc_sweep,leak_rate=0.3|n_units=200|rho=0.5|state_noise=0,0,ipc,ipc_threshold_degree2,0.004785284763995915
3A_mc_sweep,leak_rate=0.3|n_units=200|rho=0.5|state_noise=0,0,ipc,ipc_threshold_degree3,0.004601187655249188
3A_mc_sweep,leak_rate=0.3|n_units=200|rho=0.5|state_noise=0,0,ipc,ipc_threshold_degree4,0.004936802645449026
3A_mc_sweep,leak_rate=0.6|n_units=200|rho=0.5|state_noise=0,0,memory_capacity,mc_total,12.518944469936505
3A_mc_sweep,leak_rate=0.6|n_units=200|rho=0.5|state_noise=0,0,memory_capacity,mc_total_raw,14.353810224447631
3A_mc_sweep,leak_rate=0.6|n_units=200|rho=0.5|state_noise=0,0,memory_capacity,mc_threshold,0.006898656722126171
3A_mc_sweep,leak_rate=0.6|n_units=200|rho=0.5|state_noise=0,0,memory_capacity,mc_effective_delay,10.899283737340895
3A_mc_sweep,leak_rate=0.6|n_units=200|rho=0.5|state_noise=0,0,memory_capacity,mc_ratio,0.06259472234968252
3A_mc_sweep,leak_rate=0.6|n_units=200|rho=0.5|state_noise=0,0,memory_capacity,n_delays,400.0
3A_mc_sweep,leak_rate=0.6|n_units=200|rho=0.5|state_noise=0,0,ipc,ipc_total,58.235898552041206
3A_mc_sweep,leak_rate=0.6|n_units=200|rho=0.5|state_noise=0,0,ipc,ipc_total_raw,59.9435073171024
3A_mc_sweep,leak_rate=0.6|n_units=200|rho=0.5|state_noise=0,0,ipc,ipc_linear,12.466066876393402
3A_mc_sweep,leak_rate=0.6|n_units=200|rho=0.5|state_noise=0,0,ipc,ipc_nonlinear,45.76983167564781
3A_mc_sweep,leak_rate=0.6|n_units=200|rho=0.5|state_noise=0,0,ipc,n_targets,601.0
3A_mc_sweep,leak_rate=0.6|n_units=200|rho=0.5|state_noise=0,0,ipc,n_targets_kept,304.0
3A_mc_sweep,leak_rate=0.6|n_units=200|rho=0.5|state_noise=0,0,ipc,saturation_ratio,0.29117949276020605
3A_mc_sweep,leak_rate=0.6|n_units=200|rho=0.5|state_noise=0,0,ipc,ipc_threshold_degree1,0.007217599851157226
3A_mc_sweep,leak_rate=0.6|n_units=200|rho=0.5|state_noise=0,0,ipc,ipc_threshold_degree2,0.0070931962267515814
3A_mc_sweep,leak_rate=0.6|n_units=200|rho=0.5|state_noise=0,0,ipc,ipc_threshold_degree3,0.007127181231140674
3A_mc_sweep,leak_rate=0.6|n_units=200|rho=0.5|state_noise=0,0,ipc,ipc_threshold_degree4,0.007501231496267596
3A_mc_sweep,leak_rate=1|n_units=200|rho=0.5|state_noise=0,0,memory_capacity,mc_total,16.043422113353813
3A_mc_sweep,leak_rate=1|n_units=200|rho=0.5|state_noise=0,0,memory_capacity,mc_total_raw,19.53367521419483
3A_mc_sweep,leak_rate=1|n_units=200|rho=0.5|state_noise=0,0,memory_capacity,mc_threshold,0.012075604493694296
3A_mc_sweep,leak_rate=1|n_units=200|rho=0.5|state_noise=0,0,memory_capacity,mc_effective_delay,9.03745860866758
3A_mc_sweep,leak_rate=1|n_units=200|rho=0.5|state_noise=0,0,memory_capacity,mc_ratio,0.08021711056676907
3A_mc_sweep,leak_rate=1|n_units=200|rho=0.5|state_noise=0,0,memory_capacity,n_delays,400.0
3A_mc_sweep,leak_rate=1|n_units=200|rho=0.5|state_noise=0,0,ipc,ipc_total,124.10262704179257
3A_mc_sweep,leak_rate=1|n_units=200|rho=0.5|state_noise=0,0,ipc,ipc_total_raw,127.02938715245277
3A_mc_sweep,leak_rate=1|n_units=200|rho=0.5|state_noise=0,0,ipc,ipc_linear,16.015369069016668
3A_mc_sweep,leak_rate=1|n_units=200|rho=0.5|state_noise=0,0,ipc,ipc_nonlinear,108.0872579727759
3A_mc_sweep,leak_rate=1|n_units=200|rho=0.5|state_noise=0,0,ipc,n_targets,601.0
3A_mc_sweep,leak_rate=1|n_units=200|rho=0.5|state_noise=0,0,ipc,n_targets_kept,304.0
3A_mc_sweep,leak_rate=1|n_units=200|rho=0.5|state_noise=0,0,ipc,saturation_ratio,0.6205131352089629
3A_mc_sweep,leak_rate=1|n_units=200|rho=0.5|state_noise=0,0,ipc,ipc_threshold_degree1,0.011438336542650994
3A_mc_sweep,leak_rate=1|n_units=200|rho=0.5|state_noise=0,0,ipc,ipc_threshold_degree2,0.011755914361040566
3A_mc_sweep,leak_rate=1|n_units=200|rho=0.5|state_noise=0,0,ipc,ipc_threshold_degree3,0.011904818197880885
3A_mc_sweep,leak_rate=1|n_units=200|rho=0.5|state_noise=0,0,ipc,ipc_threshold_degree4,0.012023888394114531
3A_mc_sweep,leak_rate=0.3|n_units=200|rho=0.7|state_noise=0,0,memory_capacity,mc_total,14.76506524835274
3A_mc_sweep,leak_rate=0.3|n_units=200|rho=0.7|state_noise=0,0,memory_capacity,mc_total_raw,16.458505842379164
3A_mc_sweep,leak_rate=0.3|n_units=200|rho=0.7|state_noise=0,0,memory_capacity,mc_threshold,0.008576983875757326
3A_mc_sweep,leak_rate=0.3|n_units=200|rho=0.7|state_noise=0,0,memory_capacity,mc_effective_delay,31.297303074927893
3A_mc_sweep,leak_rate=0.3|n_units=200|rho=0.7|state_noise=0,0,memory_capacity,mc_ratio,0.07382532624176369
3A_mc_sweep,leak_rate=0.3|n_units=200|rho=0.7|state_noise=0,0,memory_capacity,n_delays,400.0
3A_mc_sweep,leak_rate=0.3|n_units=200|rho=0.7|state_noise=0,0,ipc,ipc_total,33.24519280800928
3A_mc_sweep,leak_rate=0.3|n_units=200|rho=0.7|state_noise=0,0,ipc,ipc_total_raw,35.23510801097476
3A_mc_sweep,leak_rate=0.3|n_units=200|rho=0.7|state_noise=0,0,ipc,ipc_linear,12.11356968248668
3A_mc_sweep,leak_rate=0.3|n_units=200|rho=0.7|state_noise=0,0,ipc,ipc_nonlinear,21.131623125522598
3A_mc_sweep,leak_rate=0.3|n_units=200|rho=0.7|state_noise=0,0,ipc,n_targets,601.0
3A_mc_sweep,leak_rate=0.3|n_units=200|rho=0.7|state_noise=0,0,ipc,n_targets_kept,308.0
3A_mc_sweep,leak_rate=0.3|n_units=200|rho=0.7|state_noise=0,0,ipc,saturation_ratio,0.1662259640400464
3A_mc_sweep,leak_rate=0.3|n_units=200|rho=0.7|state_noise=0,0,ipc,ipc_threshold_degree1,0.007844705792790648
3A_mc_sweep,leak_rate=0.3|n_units=200|rho=0.7|state_noise=0,0,ipc,ipc_threshold_degree2,0.00816849281403036
3A_mc_sweep,leak_rate=0.3|n_units=200|rho=0.7|state_noise=0,0,ipc,ipc_threshold_degree3,0.008235385147095238
3A_mc_sweep,leak_rate=0.3|n_units=200|rho=0.7|state_noise=0,0,ipc,ipc_threshold_degree4,0.008246723634959022
3A_mc_sweep,leak_rate=0.6|n_units=200|rho=0.7|state_noise=0,0,memory_capacity,mc_total,16.868760926269797
3A_mc_sweep,leak_rate=0.6|n_units=200|rho=0.7|state_noise=0,0,memory_capacity,mc_total_raw,19.95365695367994
3A_mc_sweep,leak_rate=0.6|n_units=200|rho=0.7|state_noise=0,0,memory_capacity,mc_threshold,0.011426667512174067
3A_mc_sweep,leak_rate=0.6|n_units=200|rho=0.7|state_noise=0,0,memory_capacity,mc_effective_delay,15.492807599070584
3A_mc_sweep,leak_rate=0.6|n_units=200|rho=0.7|state_noise=0,0,memory_capacity,mc_ratio,0.08434380463134898
3A_mc_sweep,leak_rate=0.6|n_units=200|rho=0.7|state_noise=0,0,memory_capacity,n_delays,400.0
3A_mc_sweep,leak_rate=0.6|n_units=200|rho=0.7|state_noise=0,0,ipc,ipc_total,80.15620825952138
3A_mc_sweep,leak_rate=0.6|n_units=200|rho=0.7|state_noise=0,0,ipc,ipc_total_raw,82.71601898511092
3A_mc_sweep,leak_rate=0.6|n_units=200|rho=0.7|state_noise=0,0,ipc,ipc_linear,16.793799987513076
3A_mc_sweep,leak_rate=0.6|n_units=200|rho=0.7|state_noise=0,0,ipc,ipc_nonlinear,63.3624082720083
3A_mc_sweep,leak_rate=0.6|n_units=200|rho=0.7|state_noise=0,0,ipc,n_targets,601.0
3A_mc_sweep,leak_rate=0.6|n_units=200|rho=0.7|state_noise=0,0,ipc,n_targets_kept,346.0
3A_mc_sweep,leak_rate=0.6|n_units=200|rho=0.7|state_noise=0,0,ipc,saturation_ratio,0.4007810412976069
3A_mc_sweep,leak_rate=0.6|n_units=200|rho=0.7|state_noise=0,0,ipc,ipc_threshold_degree1,0.011481260403253665
3A_mc_sweep,leak_rate=0.6|n_units=200|rho=0.7|state_noise=0,0,ipc,ipc_threshold_degree2,0.011505547332901295
3A_mc_sweep,leak_rate=0.6|n_units=200|rho=0.7|state_noise=0,0,ipc,ipc_threshold_degree3,0.011627374007876584
3A_mc_sweep,leak_rate=0.6|n_units=200|rho=0.7|state_noise=0,0,ipc,ipc_threshold_degree4,0.011874488566154058
3A_mc_sweep,leak_rate=1|n_units=200|rho=0.7|state_noise=0,0,memory_capacity,mc_total,20.860390862139255
3A_mc_sweep,leak_rate=1|n_units=200|rho=0.7|state_noise=0,0,memory_capacity,mc_total_raw,24.518085730657702
3A_mc_sweep,leak_rate=1|n_units=200|rho=0.7|state_noise=0,0,memory_capacity,mc_threshold,0.01274053868457021
3A_mc_sweep,leak_rate=1|n_units=200|rho=0.7|state_noise=0,0,memory_capacity,mc_effective_delay,11.805218909105287
3A_mc_sweep,leak_rate=1|n_units=200|rho=0.7|state_noise=0,0,memory_capacity,mc_ratio,0.10430195431069628
3A_mc_sweep,leak_rate=1|n_units=200|rho=0.7|state_noise=0,0,memory_capacity,n_delays,400.0
3A_mc_sweep,leak_rate=1|n_units=200|rho=0.7|state_noise=0,0,ipc,ipc_total,137.56169202954783
3A_mc_sweep,leak_rate=1|n_units=200|rho=0.7|state_noise=0,0,ipc,ipc_total_raw,140.55707180070453
3A_mc_sweep,leak_rate=1|n_units=200|rho=0.7|state_noise=0,0,ipc,ipc_linear,20.776694193247312
3A_mc_sweep,leak_rate=1|n_units=200|rho=0.7|state_noise=0,0,ipc,ipc_nonlinear,116.78499783630052
3A_mc_sweep,leak_rate=1|n_units=200|rho=0.7|state_noise=0,0,ipc,n_targets,601.0
3A_mc_sweep,leak_rate=1|n_units=200|rho=0.7|state_noise=0,0,ipc,n_targets_kept,319.0
3A_mc_sweep,leak_rate=1|n_units=200|rho=0.7|state_noise=0,0,ipc,saturation_ratio,0.6878084601477391
3A_mc_sweep,leak_rate=1|n_units=200|rho=0.7|state_noise=0,0,ipc,ipc_threshold_degree1,0.012154059808795251
3A_mc_sweep,leak_rate=1|n_units=200|rho=0.7|state_noise=0,0,ipc,ipc_threshold_degree2,0.01260371597459851
3A_mc_sweep,leak_rate=1|n_units=200|rho=0.7|state_noise=0,0,ipc,ipc_threshold_degree3,0.01273862741345062
3A_mc_sweep,leak_rate=1|n_units=200|rho=0.7|state_noise=0,0,ipc,ipc_threshold_degree4,0.012842558454324358
3A_mc_sweep,leak_rate=0.3|n_units=200|rho=0.9|state_noise=0,0,memory_capacity,mc_total,19.70031073005755
3A_mc_sweep,leak_rate=0.3|n_units=200|rho=0.9|state_noise=0,0,memory_capacity,mc_total_raw,21.73035939766185
3A_mc_sweep,leak_rate=0.3|n_units=200|rho=0.9|state_noise=0,0,memory_capacity,mc_threshold,0.012218199646027893
3A_mc_sweep,leak_rate=0.3|n_units=200|rho=0.9|state_noise=0,0,memory_capacity,mc_effective_delay,50.40248229573506
3A_mc_sweep,leak_rate=0.3|n_units=200|rho=0.9|state_noise=0,0,memory_capacity,mc_ratio,0.09850155365028775
3A_mc_sweep,leak_rate=0.3|n_units=200|rho=0.9|state_noise=0,0,memory_capacity,n_delays,400.0
3A_mc_sweep,leak_rate=0.3|n_units=200|rho=0.9|state_noise=0,0,ipc,ipc_total,34.6870534537886
3A_mc_sweep,leak_rate=0.3|n_units=200|rho=0.9|state_noise=0,0,ipc,ipc_total_raw,37.964986007504365
3A_mc_sweep,leak_rate=0.3|n_units=200|rho=0.9|state_noise=0,0,ipc,ipc_linear,13.084745484273443
3A_mc_sweep,leak_rate=0.3|n_units=200|rho=0.9|state_noise=0,0,ipc,ipc_nonlinear,21.60230796951516
3A_mc_sweep,leak_rate=0.3|n_units=200|rho=0.9|state_noise=0,0,ipc,n_targets,601.0
3A_mc_sweep,leak_rate=0.3|n_units=200|rho=0.9|state_noise=0,0,ipc,n_targets_kept,300.0
3A_mc_sweep,leak_rate=0.3|n_units=200|rho=0.9|state_noise=0,0,ipc,saturation_ratio,0.173435267268943
3A_mc_sweep,leak_rate=0.3|n_units=200|rho=0.9|state_noise=0,0,ipc,ipc_threshold_degree1,0.01197955755328368
3A_mc_sweep,leak_rate=0.3|n_units=200|rho=0.9|state_noise=0,0,ipc,ipc_threshold_degree2,0.012507819580793287
3A_mc_sweep,leak_rate=0.3|n_units=200|rho=0.9|state_noise=0,0,ipc,ipc_threshold_degree3,0.012067000111340499
3A_mc_sweep,leak_rate=0.3|n_units=200|rho=0.9|state_noise=0,0,ipc,ipc_threshold_degree4,0.012632453963013148
3A_mc_sweep,leak_rate=0.6|n_units=200|rho=0.9|state_noise=0,0,memory_capacity,mc_total,21.1594283293069
3A_mc_sweep,leak_rate=0.6|n_units=200|rho=0.9|state_noise=0,0,memory_capacity,mc_total_raw,24.081042983571137
3A_mc_sweep,leak_rate=0.6|n_units=200|rho=0.9|state_noise=0,0,memory_capacity,mc_threshold,0.01204026898241817
3A_mc_sweep,leak_rate=0.6|n_units=200|rho=0.9|state_noise=0,0,memory_capacity,mc_effective_delay,23.330283843836604
3A_mc_sweep,leak_rate=0.6|n_units=200|rho=0.9|state_noise=0,0,memory_capacity,mc_ratio,0.10579714164653449
3A_mc_sweep,leak_rate=0.6|n_units=200|rho=0.9|state_noise=0,0,memory_capacity,n_delays,400.0
3A_mc_sweep,leak_rate=0.6|n_units=200|rho=0.9|state_noise=0,0,ipc,ipc_total,70.15821635116978
3A_mc_sweep,leak_rate=0.6|n_units=200|rho=0.9|state_noise=0,0,ipc,ipc_total_raw,73.12569798836776
3A_mc_sweep,leak_rate=0.6|n_units=200|rho=0.9|state_noise=0,0,ipc,ipc_linear,19.64199816476396
3A_mc_sweep,leak_rate=0.6|n_units=200|rho=0.9|state_noise=0,0,ipc,ipc_nonlinear,50.51621818640582
3A_mc_sweep,leak_rate=0.6|n_units=200|rho=0.9|state_noise=0,0,ipc,n_targets,601.0
3A_mc_sweep,leak_rate=0.6|n_units=200|rho=0.9|state_noise=0,0,ipc,n_targets_kept,330.0
3A_mc_sweep,leak_rate=0.6|n_units=200|rho=0.9|state_noise=0,0,ipc,saturation_ratio,0.35079108175584894
3A_mc_sweep,leak_rate=0.6|n_units=200|rho=0.9|state_noise=0,0,ipc,ipc_threshold_degree1,0.012498167737148829
3A_mc_sweep,leak_rate=0.6|n_units=200|rho=0.9|state_noise=0,0,ipc,ipc_threshold_degree2,0.012439181536560935
3A_mc_sweep,leak_rate=0.6|n_units=200|rho=0.9|state_noise=0,0,ipc,ipc_threshold_degree3,0.012606727064712034
3A_mc_sweep,leak_rate=0.6|n_units=200|rho=0.9|state_noise=0,0,ipc,ipc_threshold_degree4,0.012813386057462227
3A_mc_sweep,leak_rate=1|n_units=200|rho=0.9|state_noise=0,0,memory_capacity,mc_total,29.490625520800368
3A_mc_sweep,leak_rate=1|n_units=200|rho=0.9|state_noise=0,0,memory_capacity,mc_total_raw,32.977952476927975
3A_mc_sweep,leak_rate=1|n_units=200|rho=0.9|state_noise=0,0,memory_capacity,mc_threshold,0.013447050326806624
3A_mc_sweep,leak_rate=1|n_units=200|rho=0.9|state_noise=0,0,memory_capacity,mc_effective_delay,15.837200698524246
3A_mc_sweep,leak_rate=1|n_units=200|rho=0.9|state_noise=0,0,memory_capacity,mc_ratio,0.14745312760400184
3A_mc_sweep,leak_rate=1|n_units=200|rho=0.9|state_noise=0,0,memory_capacity,n_delays,400.0
3A_mc_sweep,leak_rate=1|n_units=200|rho=0.9|state_noise=0,0,ipc,ipc_total,115.96474134486209
3A_mc_sweep,leak_rate=1|n_units=200|rho=0.9|state_noise=0,0,ipc,ipc_total_raw,119.09259218721917
3A_mc_sweep,leak_rate=1|n_units=200|rho=0.9|state_noise=0,0,ipc,ipc_linear,29.50154799509936
3A_mc_sweep,leak_rate=1|n_units=200|rho=0.9|state_noise=0,0,ipc,ipc_nonlinear,86.46319334976273
3A_mc_sweep,leak_rate=1|n_units=200|rho=0.9|state_noise=0,0,ipc,n_targets,601.0
3A_mc_sweep,leak_rate=1|n_units=200|rho=0.9|state_noise=0,0,ipc,n_targets_kept,313.0
3A_mc_sweep,leak_rate=1|n_units=200|rho=0.9|state_noise=0,0,ipc,saturation_ratio,0.5798237067243105
3A_mc_sweep,leak_rate=1|n_units=200|rho=0.9|state_noise=0,0,ipc,ipc_threshold_degree1,0.01241524169026852
3A_mc_sweep,leak_rate=1|n_units=200|rho=0.9|state_noise=0,0,ipc,ipc_threshold_degree2,0.01260086245778849
3A_mc_sweep,leak_rate=1|n_units=200|rho=0.9|state_noise=0,0,ipc,ipc_threshold_degree3,0.01303652150664874
3A_mc_sweep,leak_rate=1|n_units=200|rho=0.9|state_noise=0,0,ipc,ipc_threshold_degree4,0.01306868091110945
3A_mc_sweep,leak_rate=0.3|n_units=200|rho=0.95|state_noise=0,0,memory_capacity,mc_total,20.764485155110197
3A_mc_sweep,leak_rate=0.3|n_units=200|rho=0.95|state_noise=0,0,memory_capacity,mc_total_raw,22.43671268292093
3A_mc_sweep,leak_rate=0.3|n_units=200|rho=0.95|state_noise=0,0,memory_capacity,mc_threshold,0.012919150802539314
3A_mc_sweep,leak_rate=0.3|n_units=200|rho=0.95|state_noise=0,0,memory_capacity,mc_effective_delay,58.432305972277504
3A_mc_sweep,leak_rate=0.3|n_units=200|rho=0.95|state_noise=0,0,memory_capacity,mc_ratio,0.10382242577555098
3A_mc_sweep,leak_rate=0.3|n_units=200|rho=0.95|state_noise=0,0,memory_capacity,n_delays,400.0
3A_mc_sweep,leak_rate=0.3|n_units=200|rho=0.95|state_noise=0,0,ipc,ipc_total,31.668758176648943
3A_mc_sweep,leak_rate=0.3|n_units=200|rho=0.95|state_noise=0,0,ipc,ipc_total_raw,34.928030950477435
3A_mc_sweep,leak_rate=0.3|n_units=200|rho=0.95|state_noise=0,0,ipc,ipc_linear,12.91516474478389
3A_mc_sweep,leak_rate=0.3|n_units=200|rho=0.95|state_noise=0,0,ipc,ipc_nonlinear,18.753593431865053
3A_mc_sweep,leak_rate=0.3|n_units=200|rho=0.95|state_noise=0,0,ipc,n_targets,601.0
3A_mc_sweep,leak_rate=0.3|n_units=200|rho=0.95|state_noise=0,0,ipc,n_targets_kept,305.0
3A_mc_sweep,leak_rate=0.3|n_units=200|rho=0.95|state_noise=0,0,ipc,saturation_ratio,0.1583437908832447
3A_mc_sweep,leak_rate=0.3|n_units=200|rho=0.95|state_noise=0,0,ipc,ipc_threshold_degree1,0.012223716702119657
3A_mc_sweep,leak_rate=0.3|n_units=200|rho=0.95|state_noise=0,0,ipc,ipc_threshold_degree2,0.012813914073352951
3A_mc_sweep,leak_rate=0.3|n_units=200|rho=0.95|state_noise=0,0,ipc,ipc_threshold_degree3,0.012329598316645827
3A_mc_sweep,leak_rate=0.3|n_units=200|rho=0.95|state_noise=0,0,ipc,ipc_threshold_degree4,0.012603470006627721
3A_mc_sweep,leak_rate=0.6|n_units=200|rho=0.95|state_noise=0,0,memory_capacity,mc_total,22.069092136187866
3A_mc_sweep,leak_rate=0.6|n_units=200|rho=0.95|state_noise=0,0,memory_capacity,mc_total_raw,25.024505162724605
3A_mc_sweep,leak_rate=0.6|n_units=200|rho=0.95|state_noise=0,0,memory_capacity,mc_threshold,0.012698270842551932
3A_mc_sweep,leak_rate=0.6|n_units=200|rho=0.95|state_noise=0,0,memory_capacity,mc_effective_delay,25.27720951342682
3A_mc_sweep,leak_rate=0.6|n_units=200|rho=0.95|state_noise=0,0,memory_capacity,mc_ratio,0.11034546068093933
3A_mc_sweep,leak_rate=0.6|n_units=200|rho=0.95|state_noise=0,0,memory_capacity,n_delays,400.0
3A_mc_sweep,leak_rate=0.6|n_units=200|rho=0.95|state_noise=0,0,ipc,ipc_total,61.69694199513226
3A_mc_sweep,leak_rate=0.6|n_units=200|rho=0.95|state_noise=0,0,ipc,ipc_total_raw,64.64428503468982
3A_mc_sweep,leak_rate=0.6|n_units=200|rho=0.95|state_noise=0,0,ipc,ipc_linear,19.920202039439108
3A_mc_sweep,leak_rate=0.6|n_units=200|rho=0.95|state_noise=0,0,ipc,ipc_nonlinear,41.77673995569316
3A_mc_sweep,leak_rate=0.6|n_units=200|rho=0.95|state_noise=0,0,ipc,n_targets,601.0
3A_mc_sweep,leak_rate=0.6|n_units=200|rho=0.95|state_noise=0,0,ipc,n_targets_kept,331.0
3A_mc_sweep,leak_rate=0.6|n_units=200|rho=0.95|state_noise=0,0,ipc,saturation_ratio,0.3084847099756613
3A_mc_sweep,leak_rate=0.6|n_units=200|rho=0.95|state_noise=0,0,ipc,ipc_threshold_degree1,0.012485374242896344
3A_mc_sweep,leak_rate=0.6|n_units=200|rho=0.95|state_noise=0,0,ipc,ipc_threshold_degree2,0.012270482431219323
3A_mc_sweep,leak_rate=0.6|n_units=200|rho=0.95|state_noise=0,0,ipc,ipc_threshold_degree3,0.0128039654970726
3A_mc_sweep,leak_rate=0.6|n_units=200|rho=0.95|state_noise=0,0,ipc,ipc_threshold_degree4,0.012877049502840226
3A_mc_sweep,leak_rate=1|n_units=200|rho=0.95|state_noise=0,0,memory_capacity,mc_total,32.768868103002745
3A_mc_sweep,leak_rate=1|n_units=200|rho=0.95|state_noise=0,0,memory_capacity,mc_total_raw,36.15350889780241
3A_mc_sweep,leak_rate=1|n_units=200|rho=0.95|state_noise=0,0,memory_capacity,mc_threshold,0.012878116441761662
3A_mc_sweep,leak_rate=1|n_units=200|rho=0.95|state_noise=0,0,memory_capacity,mc_effective_delay,17.8392562813892
3A_mc_sweep,leak_rate=1|n_units=200|rho=0.95|state_noise=0,0,memory_capacity,mc_ratio,0.16384434051501373
3A_mc_sweep,leak_rate=1|n_units=200|rho=0.95|state_noise=0,0,memory_capacity,n_delays,400.0
3A_mc_sweep,leak_rate=1|n_units=200|rho=0.95|state_noise=0,0,ipc,ipc_total,102.0950156347253
3A_mc_sweep,leak_rate=1|n_units=200|rho=0.95|state_noise=0,0,ipc,ipc_total_raw,104.97603035061886
3A_mc_sweep,leak_rate=1|n_units=200|rho=0.95|state_noise=0,0,ipc,ipc_linear,32.76203214302342
3A_mc_sweep,leak_rate=1|n_units=200|rho=0.95|state_noise=0,0,ipc,ipc_nonlinear,69.33298349170188
3A_mc_sweep,leak_rate=1|n_units=200|rho=0.95|state_noise=0,0,ipc,n_targets,601.0
3A_mc_sweep,leak_rate=1|n_units=200|rho=0.95|state_noise=0,0,ipc,n_targets_kept,336.0
3A_mc_sweep,leak_rate=1|n_units=200|rho=0.95|state_noise=0,0,ipc,saturation_ratio,0.5104750781736265
3A_mc_sweep,leak_rate=1|n_units=200|rho=0.95|state_noise=0,0,ipc,ipc_threshold_degree1,0.012314979616039862
3A_mc_sweep,leak_rate=1|n_units=200|rho=0.95|state_noise=0,0,ipc,ipc_threshold_degree2,0.012356827429238687
3A_mc_sweep,leak_rate=1|n_units=200|rho=0.95|state_noise=0,0,ipc,ipc_threshold_degree3,0.012906297725621069
3A_mc_sweep,leak_rate=1|n_units=200|rho=0.95|state_noise=0,0,ipc,ipc_threshold_degree4,0.012799519474068871
3A_mc_sweep,leak_rate=0.3|n_units=200|rho=1|state_noise=0,0,memory_capacity,mc_total,21.141330984067693
3A_mc_sweep,leak_rate=0.3|n_units=200|rho=1|state_noise=0,0,memory_capacity,mc_total_raw,22.394338263607736
3A_mc_sweep,leak_rate=0.3|n_units=200|rho=1|state_noise=0,0,memory_capacity,mc_threshold,0.012554129240762053
3A_mc_sweep,leak_rate=0.3|n_units=200|rho=1|state_noise=0,0,memory_capacity,mc_effective_delay,65.78651230616045
3A_mc_sweep,leak_rate=0.3|n_units=200|rho=1|state_noise=0,0,memory_capacity,mc_ratio,0.10570665492033847
3A_mc_sweep,leak_rate=0.3|n_units=200|rho=1|state_noise=0,0,memory_capacity,n_delays,400.0
3A_mc_sweep,leak_rate=0.3|n_units=200|rho=1|state_noise=0,0,ipc,ipc_total,26.952576327206785
3A_mc_sweep,leak_rate=0.3|n_units=200|rho=1|state_noise=0,0,ipc,ipc_total_raw,29.813949069408405
3A_mc_sweep,leak_rate=0.3|n_units=200|rho=1|state_noise=0,0,ipc,ipc_linear,12.507072960024509
3A_mc_sweep,leak_rate=0.3|n_units=200|rho=1|state_noise=0,0,ipc,ipc_nonlinear,14.445503367182276
3A_mc_sweep,leak_rate=0.3|n_units=200|rho=1|state_noise=0,0,ipc,n_targets,601.0
3A_mc_sweep,leak_rate=0.3|n_units=200|rho=1|state_noise=0,0,ipc,n_targets_kept,342.0
3A_mc_sweep,leak_rate=0.3|n_units=200|rho=1|state_noise=0,0,ipc,saturation_ratio,0.13476288163603392
3A_mc_sweep,leak_rate=0.3|n_units=200|rho=1|state_noise=0,0,ipc,ipc_threshold_degree1,0.012429312184897193
3A_mc_sweep,leak_rate=0.3|n_units=200|rho=1|state_noise=0,0,ipc,ipc_threshold_degree2,0.012490157988057532
3A_mc_sweep,leak_rate=0.3|n_units=200|rho=1|state_noise=0,0,ipc,ipc_threshold_degree3,0.012651396714159439
3A_mc_sweep,leak_rate=0.3|n_units=200|rho=1|state_noise=0,0,ipc,ipc_threshold_degree4,0.012906960406574597
3A_mc_sweep,leak_rate=0.6|n_units=200|rho=1|state_noise=0,0,memory_capacity,mc_total,23.346575569787415
3A_mc_sweep,leak_rate=0.6|n_units=200|rho=1|state_noise=0,0,memory_capacity,mc_total_raw,25.50632129372376
3A_mc_sweep,leak_rate=0.6|n_units=200|rho=1|state_noise=0,0,memory_capacity,mc_threshold,0.012791344433241961
3A_mc_sweep,leak_rate=0.6|n_units=200|rho=1|state_noise=0,0,memory_capacity,mc_effective_delay,32.74081525585361
3A_mc_sweep,leak_rate=0.6|n_units=200|rho=1|state_noise=0,0,memory_capacity,mc_ratio,0.11673287784893707
3A_mc_sweep,leak_rate=0.6|n_units=200|rho=1|state_noise=0,0,memory_capacity,n_delays,400.0
3A_mc_sweep,leak_rate=0.6|n_units=200|rho=1|state_noise=0,0,ipc,ipc_total,48.87978706441588
3A_mc_sweep,leak_rate=0.6|n_units=200|rho=1|state_noise=0,0,ipc,ipc_total_raw,52.019631799710936
3A_mc_sweep,leak_rate=0.6|n_units=200|rho=1|state_noise=0,0,ipc,ipc_linear,19.776095361969833
3A_mc_sweep,leak_rate=0.6|n_units=200|rho=1|state_noise=0,0,ipc,ipc_nonlinear,29.103691702446046
3A_mc_sweep,leak_rate=0.6|n_units=200|rho=1|state_noise=0,0,ipc,n_targets,601.0
3A_mc_sweep,leak_rate=0.6|n_units=200|rho=1|state_noise=0,0,ipc,n_targets_kept,311.0
3A_mc_sweep,leak_rate=0.6|n_units=200|rho=1|state_noise=0,0,ipc,saturation_ratio,0.2443989353220794
3A_mc_sweep,leak_rate=0.6|n_units=200|rho=1|state_noise=0,0,ipc,ipc_threshold_degree1,0.012525752516027675
3A_mc_sweep,leak_rate=0.6|n_units=200|rho=1|state_noise=0,0,ipc,ipc_threshold_degree2,0.012283304739194019
3A_mc_sweep,leak_rate=0.6|n_units=200|rho=1|state_noise=0,0,ipc,ipc_threshold_degree3,0.012748792580335698
3A_mc_sweep,leak_rate=0.6|n_units=200|rho=1|state_noise=0,0,ipc,ipc_threshold_degree4,0.013042792903424649
3A_mc_sweep,leak_rate=1|n_units=200|rho=1|state_noise=0,0,memory_capacity,mc_total,35.58254849152372
3A_mc_sweep,leak_rate=1|n_units=200|rho=1|state_noise=0,0,memory_capacity,mc_total_raw,38.65697672024799
3A_mc_sweep,leak_rate=1|n_units=200|rho=1|state_noise=0,0,memory_capacity,mc_threshold,0.012158300587237974
3A_mc_sweep,leak_rate=1|n_units=200|rho=1|state_noise=0,0,memory_capacity,mc_effective_delay,20.609919170120516
3A_mc_sweep,leak_rate=1|n_units=200|rho=1|state_noise=0,0,memory_capacity,mc_ratio,0.1779127424576186
3A_mc_sweep,leak_rate=1|n_units=200|rho=1|state_noise=0,0,memory_capacity,n_delays,400.0
3A_mc_sweep,leak_rate=1|n_units=200|rho=1|state_noise=0,0,ipc,ipc_total,78.78974176801108
3A_mc_sweep,leak_rate=1|n_units=200|rho=1|state_noise=0,0,ipc,ipc_total_raw,81.91379057096555
3A_mc_sweep,leak_rate=1|n_units=200|rho=1|state_noise=0,0,ipc,ipc_linear,35.010169460869236
3A_mc_sweep,leak_rate=1|n_units=200|rho=1|state_noise=0,0,ipc,ipc_nonlinear,43.77957230714185
3A_mc_sweep,leak_rate=1|n_units=200|rho=1|state_noise=0,0,ipc,n_targets,601.0
3A_mc_sweep,leak_rate=1|n_units=200|rho=1|state_noise=0,0,ipc,n_targets_kept,315.0
3A_mc_sweep,leak_rate=1|n_units=200|rho=1|state_noise=0,0,ipc,saturation_ratio,0.3939487088400554
3A_mc_sweep,leak_rate=1|n_units=200|rho=1|state_noise=0,0,ipc,ipc_threshold_degree1,0.012385941847886996
3A_mc_sweep,leak_rate=1|n_units=200|rho=1|state_noise=0,0,ipc,ipc_threshold_degree2,0.012919823978719767
3A_mc_sweep,leak_rate=1|n_units=200|rho=1|state_noise=0,0,ipc,ipc_threshold_degree3,0.012861777268478206
3A_mc_sweep,leak_rate=1|n_units=200|rho=1|state_noise=0,0,ipc,ipc_threshold_degree4,0.012825808534435414
3A_mc_sweep,leak_rate=0.3|n_units=200|rho=1.1|state_noise=0,0,memory_capacity,mc_total,19.193579394661715
3A_mc_sweep,leak_rate=0.3|n_units=200|rho=1.1|state_noise=0,0,memory_capacity,mc_total_raw,21.1385549335222
3A_mc_sweep,leak_rate=0.3|n_units=200|rho=1.1|state_noise=0,0,memory_capacity,mc_threshold,0.012714150511299418
3A_mc_sweep,leak_rate=0.3|n_units=200|rho=1.1|state_noise=0,0,memory_capacity,mc_effective_delay,56.81930955296062
3A_mc_sweep,leak_rate=0.3|n_units=200|rho=1.1|state_noise=0,0,memory_capacity,mc_ratio,0.09596789697330857
3A_mc_sweep,leak_rate=0.3|n_units=200|rho=1.1|state_noise=0,0,memory_capacity,n_delays,400.0
3A_mc_sweep,leak_rate=0.3|n_units=200|rho=1.1|state_noise=0,0,ipc,ipc_total,41.33979569701114
3A_mc_sweep,leak_rate=0.3|n_units=200|rho=1.1|state_noise=0,0,ipc,ipc_total_raw,42.287358831492085
3A_mc_sweep,leak_rate=0.3|n_units=200|rho=1.1|state_noise=0,0,ipc,ipc_linear,11.905433400178003
3A_mc_sweep,leak_rate=0.3|n_units=200|rho=1.1|state_noise=0,0,ipc,ipc_nonlinear,29.434362296833136
3A_mc_sweep,leak_rate=0.3|n_units=200|rho=1.1|state_noise=0,0,ipc,n_targets,601.0
3A_mc_sweep,leak_rate=0.3|n_units=200|rho=1.1|state_noise=0,0,ipc,n_targets_kept,517.0
3A_mc_sweep,leak_rate=0.3|n_units=200|rho=1.1|state_noise=0,0,ipc,saturation_ratio,0.2066989784850557
3A_mc_sweep,leak_rate=0.3|n_units=200|rho=1.1|state_noise=0,0,ipc,ipc_threshold_degree1,0.012609916057071808
3A_mc_sweep,leak_rate=0.3|n_units=200|rho=1.1|state_noise=0,0,ipc,ipc_threshold_degree2,0.012295666067573475
3A_mc_sweep,leak_rate=0.3|n_units=200|rho=1.1|state_noise=0,0,ipc,ipc_threshold_degree3,0.012691837798359834
3A_mc_sweep,leak_rate=0.3|n_units=200|rho=1.1|state_noise=0,0,ipc,ipc_threshold_degree4,0.012862472909090388
3A_mc_sweep,leak_rate=0.6|n_units=200|rho=1.1|state_noise=0,0,memory_capacity,mc_total,20.782772260878357
3A_mc_sweep,leak_rate=0.6|n_units=200|rho=1.1|state_noise=0,0,memory_capacity,mc_total_raw,23.742316555103987
3A_mc_sweep,leak_rate=0.6|n_units=200|rho=1.1|state_noise=0,0,memory_capacity,mc_threshold,0.012928815316465725
3A_mc_sweep,leak_rate=0.6|n_units=200|rho=1.1|state_noise=0,0,memory_capacity,mc_effective_delay,25.965841010272445
3A_mc_sweep,leak_rate=0.6|n_units=200|rho=1.1|state_noise=0,0,memory_capacity,mc_ratio,0.10391386130439179
3A_mc_sweep,leak_rate=0.6|n_units=200|rho=1.1|state_noise=0,0,memory_capacity,n_delays,400.0
3A_mc_sweep,leak_rate=0.6|n_units=200|rho=1.1|state_noise=0,0,ipc,ipc_total,71.23764212117288
3A_mc_sweep,leak_rate=0.6|n_units=200|rho=1.1|state_noise=0,0,ipc,ipc_total_raw,72.11173374563512
3A_mc_sweep,leak_rate=0.6|n_units=200|rho=1.1|state_noise=0,0,ipc,ipc_linear,18.554773175176013
3A_mc_sweep,leak_rate=0.6|n_units=200|rho=1.1|state_noise=0,0,ipc,ipc_nonlinear,52.68286894599687
3A_mc_sweep,leak_rate=0.6|n_units=200|rho=1.1|state_noise=0,0,ipc,n_targets,601.0
3A_mc_sweep,leak_rate=0.6|n_units=200|rho=1.1|state_noise=0,0,ipc,n_targets_kept,526.0
3A_mc_sweep,leak_rate=0.6|n_units=200|rho=1.1|state_noise=0,0,ipc,saturation_ratio,0.3561882106058644
3A_mc_sweep,leak_rate=0.6|n_units=200|rho=1.1|state_noise=0,0,ipc,ipc_threshold_degree1,0.012577902972231611
3A_mc_sweep,leak_rate=0.6|n_units=200|rho=1.1|state_noise=0,0,ipc,ipc_threshold_degree2,0.01269282419253219
3A_mc_sweep,leak_rate=0.6|n_units=200|rho=1.1|state_noise=0,0,ipc,ipc_threshold_degree3,0.012474186921978698
3A_mc_sweep,leak_rate=0.6|n_units=200|rho=1.1|state_noise=0,0,ipc,ipc_threshold_degree4,0.012998905265982925
3A_mc_sweep,leak_rate=1|n_units=200|rho=1.1|state_noise=0,0,memory_capacity,mc_total,31.835517062296883
3A_mc_sweep,leak_rate=1|n_units=200|rho=1.1|state_noise=0,0,memory_capacity,mc_total_raw,34.973712305915384
3A_mc_sweep,leak_rate=1|n_units=200|rho=1.1|state_noise=0,0,memory_capacity,mc_threshold,0.01269970139117967
3A_mc_sweep,leak_rate=1|n_units=200|rho=1.1|state_noise=0,0,memory_capacity,mc_effective_delay,19.895463260047645
3A_mc_sweep,leak_rate=1|n_units=200|rho=1.1|state_noise=0,0,memory_capacity,mc_ratio,0.1591775853114844
3A_mc_sweep,leak_rate=1|n_units=200|rho=1.1|state_noise=0,0,memory_capacity,n_delays,400.0
3A_mc_sweep,leak_rate=1|n_units=200|rho=1.1|state_noise=0,0,ipc,ipc_total,94.97407421555323
3A_mc_sweep,leak_rate=1|n_units=200|rho=1.1|state_noise=0,0,ipc,ipc_total_raw,96.07638241099163
3A_mc_sweep,leak_rate=1|n_units=200|rho=1.1|state_noise=0,0,ipc,ipc_linear,31.35748262069647
3A_mc_sweep,leak_rate=1|n_units=200|rho=1.1|state_noise=0,0,ipc,ipc_nonlinear,63.61659159485676
3A_mc_sweep,leak_rate=1|n_units=200|rho=1.1|state_noise=0,0,ipc,n_targets,601.0
3A_mc_sweep,leak_rate=1|n_units=200|rho=1.1|state_noise=0,0,ipc,n_targets_kept,506.0
3A_mc_sweep,leak_rate=1|n_units=200|rho=1.1|state_noise=0,0,ipc,saturation_ratio,0.47487037107776614
3A_mc_sweep,leak_rate=1|n_units=200|rho=1.1|state_noise=0,0,ipc,ipc_threshold_degree1,0.012627023077103118
3A_mc_sweep,leak_rate=1|n_units=200|rho=1.1|state_noise=0,0,ipc,ipc_threshold_degree2,0.012615332361549606
3A_mc_sweep,leak_rate=1|n_units=200|rho=1.1|state_noise=0,0,ipc,ipc_threshold_degree3,0.012723946599265614
3A_mc_sweep,leak_rate=1|n_units=200|rho=1.1|state_noise=0,0,ipc,ipc_threshold_degree4,0.012931535089434941
3A_mc_sweep,leak_rate=0.3|n_units=200|rho=0.5|state_noise=0,1,memory_capacity,mc_total,11.076667215009245
3A_mc_sweep,leak_rate=0.3|n_units=200|rho=0.5|state_noise=0,1,memory_capacity,mc_total_raw,12.17515624337185
3A_mc_sweep,leak_rate=0.3|n_units=200|rho=0.5|state_noise=0,1,memory_capacity,mc_threshold,0.004718445285056881
3A_mc_sweep,leak_rate=0.3|n_units=200|rho=0.5|state_noise=0,1,memory_capacity,mc_effective_delay,21.074424965072357
3A_mc_sweep,leak_rate=0.3|n_units=200|rho=0.5|state_noise=0,1,memory_capacity,mc_ratio,0.055383336075046224
3A_mc_sweep,leak_rate=0.3|n_units=200|rho=0.5|state_noise=0,1,memory_capacity,n_delays,400.0
3A_mc_sweep,leak_rate=0.3|n_units=200|rho=0.5|state_noise=0,1,ipc,ipc_total,27.66797964769021
3A_mc_sweep,leak_rate=0.3|n_units=200|rho=0.5|state_noise=0,1,ipc,ipc_total_raw,28.79021260667265
3A_mc_sweep,leak_rate=0.3|n_units=200|rho=0.5|state_noise=0,1,ipc,ipc_linear,10.593005131484249
3A_mc_sweep,leak_rate=0.3|n_units=200|rho=0.5|state_noise=0,1,ipc,ipc_nonlinear,17.074974516205963
3A_mc_sweep,leak_rate=0.3|n_units=200|rho=0.5|state_noise=0,1,ipc,n_targets,601.0
3A_mc_sweep,leak_rate=0.3|n_units=200|rho=0.5|state_noise=0,1,ipc,n_targets_kept,327.0
3A_mc_sweep,leak_rate=0.3|n_units=200|rho=0.5|state_noise=0,1,ipc,saturation_ratio,0.13833989823845105
3A_mc_sweep,leak_rate=0.3|n_units=200|rho=0.5|state_noise=0,1,ipc,ipc_threshold_degree1,0.0049345255348179195
3A_mc_sweep,leak_rate=0.3|n_units=200|rho=0.5|state_noise=0,1,ipc,ipc_threshold_degree2,0.005040362077629376
3A_mc_sweep,leak_rate=0.3|n_units=200|rho=0.5|state_noise=0,1,ipc,ipc_threshold_degree3,0.005101645525980594
3A_mc_sweep,leak_rate=0.3|n_units=200|rho=0.5|state_noise=0,1,ipc,ipc_threshold_degree4,0.004837978649116131
3A_mc_sweep,leak_rate=0.6|n_units=200|rho=0.5|state_noise=0,1,memory_capacity,mc_total,12.742702688426656
3A_mc_sweep,leak_rate=0.6|n_units=200|rho=0.5|state_noise=0,1,memory_capacity,mc_total_raw,14.720490895132961
3A_mc_sweep,leak_rate=0.6|n_units=200|rho=0.5|state_noise=0,1,memory_capacity,mc_threshold,0.007282621859814027
3A_mc_sweep,leak_rate=0.6|n_units=200|rho=0.5|state_noise=0,1,memory_capacity,mc_effective_delay,11.087824587817138
3A_mc_sweep,leak_rate=0.6|n_units=200|rho=0.5|state_noise=0,1,memory_capacity,mc_ratio,0.06371351344213327
3A_mc_sweep,leak_rate=0.6|n_units=200|rho=0.5|state_noise=0,1,memory_capacity,n_delays,400.0
3A_mc_sweep,leak_rate=0.6|n_units=200|rho=0.5|state_noise=0,1,ipc,ipc_total,61.81577713386893
3A_mc_sweep,leak_rate=0.6|n_units=200|rho=0.5|state_noise=0,1,ipc,ipc_total_raw,63.49233683586136
3A_mc_sweep,leak_rate=0.6|n_units=200|rho=0.5|state_noise=0,1,ipc,ipc_linear,12.704453065589007
3A_mc_sweep,leak_rate=0.6|n_units=200|rho=0.5|state_noise=0,1,ipc,ipc_nonlinear,49.11132406827992
3A_mc_sweep,leak_rate=0.6|n_units=200|rho=0.5|state_noise=0,1,ipc,n_targets,601.0
3A_mc_sweep,leak_rate=0.6|n_units=200|rho=0.5|state_noise=0,1,ipc,n_targets_kept,337.0
3A_mc_sweep,leak_rate=0.6|n_units=200|rho=0.5|state_noise=0,1,ipc,saturation_ratio,0.30907888566934466
3A_mc_sweep,leak_rate=0.6|n_units=200|rho=0.5|state_noise=0,1,ipc,ipc_threshold_degree1,0.007564205562064895
3A_mc_sweep,leak_rate=0.6|n_units=200|rho=0.5|state_noise=0,1,ipc,ipc_threshold_degree2,0.007768956824100331
3A_mc_sweep,leak_rate=0.6|n_units=200|rho=0.5|state_noise=0,1,ipc,ipc_threshold_degree3,0.007728445977746724
3A_mc_sweep,leak_rate=0.6|n_units=200|rho=0.5|state_noise=0,1,ipc,ipc_threshold_degree4,0.007550988545509595
3A_mc_sweep,leak_rate=1|n_units=200|rho=0.5|state_noise=0,1,memory_capacity,mc_total,16.013753661110595
3A_mc_sweep,leak_rate=1|n_units=200|rho=0.5|state_noise=0,1,memory_capacity,mc_total_raw,19.638610905111186
3A_mc_sweep,leak_rate=1|n_units=200|rho=0.5|state_noise=0,1,memory_capacity,mc_threshold,0.01187888691302639
3A_mc_sweep,leak_rate=1|n_units=200|rho=0.5|state_noise=0,1,memory_capacity,mc_effective_delay,9.055894682060217
3A_mc_sweep,leak_rate=1|n_units=200|rho=0.5|state_noise=0,1,memory_capacity,mc_ratio,0.08006876830555297
3A_mc_sweep,leak_rate=1|n_units=200|rho=0.5|state_noise=0,1,memory_capacity,n_delays,400.0
3A_mc_sweep,leak_rate=1|n_units=200|rho=0.5|state_noise=0,1,ipc,ipc_total,129.06279898279757
3A_mc_sweep,leak_rate=1|n_units=200|rho=0.5|state_noise=0,1,ipc,ipc_total_raw,131.53271341074213
3A_mc_sweep,leak_rate=1|n_units=200|rho=0.5|state_noise=0,1,ipc,ipc_linear,15.989941396266586
3A_mc_sweep,leak_rate=1|n_units=200|rho=0.5|state_noise=0,1,ipc,ipc_nonlinear,113.07285758653099
3A_mc_sweep,leak_rate=1|n_units=200|rho=0.5|state_noise=0,1,ipc,n_targets,601.0
3A_mc_sweep,leak_rate=1|n_units=200|rho=0.5|state_noise=0,1,ipc,n_targets_kept,363.0
3A_mc_sweep,leak_rate=1|n_units=200|rho=0.5|state_noise=0,1,ipc,saturation_ratio,0.6453139949139879
3A_mc_sweep,leak_rate=1|n_units=200|rho=0.5|state_noise=0,1,ipc,ipc_threshold_degree1,0.012059167213856579
3A_mc_sweep,leak_rate=1|n_units=200|rho=0.5|state_noise=0,1,ipc,ipc_threshold_degree2,0.01225001668344859
3A_mc_sweep,leak_rate=1|n_units=200|rho=0.5|state_noise=0,1,ipc,ipc_threshold_degree3,0.011980352492282976
3A_mc_sweep,leak_rate=1|n_units=200|rho=0.5|state_noise=0,1,ipc,ipc_threshold_degree4,0.012299122636194823
3A_mc_sweep,leak_rate=0.3|n_units=200|rho=0.7|state_noise=0,1,memory_capacity,mc_total,15.28885900622078
3A_mc_sweep,leak_rate=0.3|n_units=200|rho=0.7|state_noise=0,1,memory_capacity,mc_total_raw,17.106065193742428
3A_mc_sweep,leak_rate=0.3|n_units=200|rho=0.7|state_noise=0,1,memory_capacity,mc_threshold,0.008287350747965605
3A_mc_sweep,leak_rate=0.3|n_units=200|rho=0.7|state_noise=0,1,memory_capacity,mc_effective_delay,31.15983831906766
3A_mc_sweep,leak_rate=0.3|n_units=200|rho=0.7|state_noise=0,1,memory_capacity,mc_ratio,0.0764442950311039
3A_mc_sweep,leak_rate=0.3|n_units=200|rho=0.7|state_noise=0,1,memory_capacity,n_delays,400.0
3A_mc_sweep,leak_rate=0.3|n_units=200|rho=0.7|state_noise=0,1,ipc,ipc_total,35.73773835618809
3A_mc_sweep,leak_rate=0.3|n_units=200|rho=0.7|state_noise=0,1,ipc,ipc_total_raw,37.64319918054696
3A_mc_sweep,leak_rate=0.3|n_units=200|rho=0.7|state_noise=0,1,ipc,ipc_linear,12.552695870543545
3A_mc_sweep,leak_rate=0.3|n_units=200|rho=0.7|state_noise=0,1,ipc,ipc_nonlinear,23.185042485644544
3A_mc_sweep,leak_rate=0.3|n_units=200|rho=0.7|state_noise=0,1,ipc,n_targets,601.0
3A_mc_sweep,leak_rate=0.3|n_units=200|rho=0.7|state_noise=0,1,ipc,n_targets_kept,345.0
3A_mc_sweep,leak_rate=0.3|n_units=200|rho=0.7|state_noise=0,1,ipc,saturation_ratio,0.17868869178094043
3A_mc_sweep,leak_rate=0.3|n_units=200|rho=0.7|state_noise=0,1,ipc,ipc_threshold_degree1,0.008542523722962206
3A_mc_sweep,leak_rate=0.3|n_units=200|rho=0.7|state_noise=0,1,ipc,ipc_threshold_degree2,0.00865395481175841
3A_mc_sweep,leak_rate=0.3|n_units=200|rho=0.7|state_noise=0,1,ipc,ipc_threshold_degree3,0.008387286851057996
3A_mc_sweep,leak_rate=0.3|n_units=200|rho=0.7|state_noise=0,1,ipc,ipc_threshold_degree4,0.008384805548866342
3A_mc_sweep,leak_rate=0.6|n_units=200|rho=0.7|state_noise=0,1,memory_capacity,mc_total,16.880618379745968
3A_mc_sweep,leak_rate=0.6|n_units=200|rho=0.7|state_noise=0,1,memory_capacity,mc_total_raw,20.091281777699677
3A_mc_sweep,leak_rate=0.6|n_units=200|rho=0.7|state_noise=0,1,memory_capacity,mc_threshold,0.011731969567529392
3A_mc_sweep,leak_rate=0.6|n_units=200|rho=0.7|state_noise=0,1,memory_capacity,mc_effective_delay,14.734975315105123
3A_mc_sweep,leak_rate=0.6|n_units=200|rho=0.7|state_noise=0,1,memory_capacity,mc_ratio,0.08440309189872984
3A_mc_sweep,leak_rate=0.6|n_units=200|rho=0.7|state_noise=0,1,memory_capacity,n_delays,400.0
3A_mc_sweep,leak_rate=0.6|n_units=200|rho=0.7|state_noise=0,1,ipc,ipc_total,84.86869677499439
3A_mc_sweep,leak_rate=0.6|n_units=200|rho=0.7|state_noise=0,1,ipc,ipc_total_raw,86.89712087283036
3A_mc_sweep,leak_rate=0.6|n_units=200|rho=0.7|state_noise=0,1,ipc,ipc_linear,16.864942733830066
3A_mc_sweep,leak_rate=0.6|n_units=200|rho=0.7|state_noise=0,1,ipc,ipc_nonlinear,68.00375404116433
3A_mc_sweep,leak_rate=0.6|n_units=200|rho=0.7|state_noise=0,1,ipc,n_targets,601.0
3A_mc_sweep,leak_rate=0.6|n_units=200|rho=0.7|state_noise=0,1,ipc,n_targets_kept,410.0
3A_mc_sweep,leak_rate=0.6|n_units=200|rho=0.7|state_noise=0,1,ipc,saturation_ratio,0.42434348387497195
3A_mc_sweep,leak_rate=0.6|n_units=200|rho=0.7|state_noise=0,1,ipc,ipc_threshold_degree1,0.01157574297403109
3A_mc_sweep,leak_rate=0.6|n_units=200|rho=0.7|state_noise=0,1,ipc,ipc_threshold_degree2,0.011910788593959441
3A_mc_sweep,leak_rate=0.6|n_units=200|rho=0.7|state_noise=0,1,ipc,ipc_threshold_degree3,0.011843135685530339
3A_mc_sweep,leak_rate=0.6|n_units=200|rho=0.7|state_noise=0,1,ipc,ipc_threshold_degree4,0.011961089402879507
3A_mc_sweep,leak_rate=1|n_units=200|rho=0.7|state_noise=0,1,memory_capacity,mc_total,20.931737210582703
3A_mc_sweep,leak_rate=1|n_units=200|rho=0.7|state_noise=0,1,memory_capacity,mc_total_raw,24.534376503650087
3A_mc_sweep,leak_rate=1|n_units=200|rho=0.7|state_noise=0,1,memory_capacity,mc_threshold,0.012225390413376495
3A_mc_sweep,leak_rate=1|n_units=200|rho=0.7|state_noise=0,1,memory_capacity,mc_effective_delay,12.012820951599759
3A_mc_sweep,leak_rate=1|n_units=200|rho=0.7|state_noise=0,1,memory_capacity,mc_ratio,0.10465868605291352
3A_mc_sweep,leak_rate=1|n_units=200|rho=0.7|state_noise=0,1,memory_capacity,n_delays,400.0
3A_mc_sweep,leak_rate=1|n_units=200|rho=0.7|state_noise=0,1,ipc,ipc_total,139.710286733157
3A_mc_sweep,leak_rate=1|n_units=200|rho=0.7|state_noise=0,1,ipc,ipc_total_raw,142.12294464149454
3A_mc_sweep,leak_rate=1|n_units=200|rho=0.7|state_noise=0,1,ipc,ipc_linear,20.845608678039866
3A_mc_sweep,leak_rate=1|n_units=200|rho=0.7|state_noise=0,1,ipc,ipc_nonlinear,118.86467805511714
3A_mc_sweep,leak_rate=1|n_units=200|rho=0.7|state_noise=0,1,ipc,n_targets,601.0
3A_mc_sweep,leak_rate=1|n_units=200|rho=0.7|state_noise=0,1,ipc,n_targets_kept,377.0
3A_mc_sweep,leak_rate=1|n_units=200|rho=0.7|state_noise=0,1,ipc,saturation_ratio,0.698551433665785
3A_mc_sweep,leak_rate=1|n_units=200|rho=0.7|state_noise=0,1,ipc,ipc_threshold_degree1,0.012521451261231937
3A_mc_sweep,leak_rate=1|n_units=200|rho=0.7|state_noise=0,1,ipc,ipc_threshold_degree2,0.012716755625309594
3A_mc_sweep,leak_rate=1|n_units=200|rho=0.7|state_noise=0,1,ipc,ipc_threshold_degree3,0.012469301425107746
3A_mc_sweep,leak_rate=1|n_units=200|rho=0.7|state_noise=0,1,ipc,ipc_threshold_degree4,0.01246988198406571
3A_mc_sweep,leak_rate=0.3|n_units=200|rho=0.9|state_noise=0,1,memory_capacity,mc_total,20.54253516349463
3A_mc_sweep,leak_rate=0.3|n_units=200|rho=0.9|state_noise=0,1,memory_capacity,mc_total_raw,22.544782943755592
3A_mc_sweep,leak_rate=0.3|n_units=200|rho=0.9|state_noise=0,1,memory_capacity,mc_threshold,0.012663278632823268
3A_mc_sweep,leak_rate=0.3|n_units=200|rho=0.9|state_noise=0,1,memory_capacity,mc_effective_delay,51.36984753831775
3A_mc_sweep,leak_rate=0.3|n_units=200|rho=0.9|state_noise=0,1,memory_capacity,mc_ratio,0.10271267581747315
3A_mc_sweep,leak_rate=0.3|n_units=200|rho=0.9|state_noise=0,1,memory_capacity,n_delays,400.0
3A_mc_sweep,leak_rate=0.3|n_units=200|rho=0.9|state_noise=0,1,ipc,ipc_total,37.25128307513763
3A_mc_sweep,leak_rate=0.3|n_units=200|rho=0.9|state_noise=0,1,ipc,ipc_total_raw,40.12549416870815
3A_mc_sweep,leak_rate=0.3|n_units=200|rho=0.9|state_noise=0,1,ipc,ipc_linear,13.505602200797291
3A_mc_sweep,leak_rate=0.3|n_units=200|rho=0.9|state_noise=0,1,ipc,ipc_nonlinear,23.745680874340337
3A_mc_sweep,leak_rate=0.3|n_units=200|rho=0.9|state_noise=0,1,ipc,n_targets,601.0
3A_mc_sweep,leak_rate=0.3|n_units=200|rho=0.9|state_noise=0,1,ipc,n_targets_kept,340.0
3A_mc_sweep,leak_rate=0.3|n_units=200|rho=0.9|state_noise=0,1,ipc,saturation_ratio,0.18625641537568816
3A_mc_sweep,leak_rate=0.3|n_units=200|rho=0.9|state_noise=0,1,ipc,ipc_threshold_degree1,0.012433312487917838
3A_mc_sweep,leak_rate=0.3|n_units=200|rho=0.9|state_noise=0,1,ipc,ipc_threshold_degree2,0.012378395706460689
3A_mc_sweep,leak_rate=0.3|n_units=200|rho=0.9|state_noise=0,1,ipc,ipc_threshold_degree3,0.012685017343668807
3A_mc_sweep,leak_rate=0.3|n_units=200|rho=0.9|state_noise=0,1,ipc,ipc_threshold_degree4,0.012203841022954078
3A_mc_sweep,leak_rate=0.6|n_units=200|rho=0.9|state_noise=0,1,memory_capacity,mc_total,21.174815220307153
3A_mc_sweep,leak_rate=0.6|n_units=200|rho=0.9|state_noise=0,1,memory_capacity,mc_total_raw,24.249073598140853
3A_mc_sweep,leak_rate=0.6|n_units=200|rho=0.9|state_noise=0,1,memory_capacity,mc_threshold,0.0129031594760979
3A_mc_sweep,leak_rate=0.6|n_units=200|rho=0.9|state_noise=0,1,memory_capacity,mc_effective_delay,21.72393914163835
3A_mc_sweep,leak_rate=0.6|n_units=200|rho=0.9|state_noise=0,1,memory_capacity,mc_ratio,0.10587407610153576
3A_mc_sweep,leak_rate=0.6|n_units=200|rho=0.9|state_noise=0,1,memory_capacity,n_delays,400.0
3A_mc_sweep,leak_rate=0.6|n_units=200|rho=0.9|state_noise=0,1,ipc,ipc_total,75.77217771349713
3A_mc_sweep,leak_rate=0.6|n_units=200|rho=0.9|state_noise=0,1,ipc,ipc_total_raw,78.03897023163233
3A_mc_sweep,leak_rate=0.6|n_units=200|rho=0.9|state_noise=0,1,ipc,ipc_linear,19.85407337549408
3A_mc_sweep,leak_rate=0.6|n_units=200|rho=0.9|state_noise=0,1,ipc,ipc_nonlinear,55.91810433800305
3A_mc_sweep,leak_rate=0.6|n_units=200|rho=0.9|state_noise=0,1,ipc,n_targets,601.0
3A_mc_sweep,leak_rate=0.6|n_units=200|rho=0.9|state_noise=0,1,ipc,n_targets_kept,400.0
3A_mc_sweep,leak_rate=0.6|n_units=200|rho=0.9|state_noise=0,1,ipc,saturation_ratio,0.3788608885674856
3A_mc_sweep,leak_rate=0.6|n_units=200|rho=0.9|state_noise=0,1,ipc,ipc_threshold_degree1,0.012535734725195476
3A_mc_sweep,leak_rate=0.6|n_units=200|rho=0.9|state_noise=0,1,ipc,ipc_threshold_degree2,0.012566483236915999
3A_mc_sweep,leak_rate=0.6|n_units=200|rho=0.9|state_noise=0,1,ipc,ipc_threshold_degree3,0.01243668505439913
3A_mc_sweep,leak_rate=0.6|n_units=200|rho=0.9|state_noise=0,1,ipc,ipc_threshold_degree4,0.01256495506349138
3A_mc_sweep,leak_rate=1|n_units=200|rho=0.9|state_noise=0,1,memory_capacity,mc_total,30.404098289940755
3A_mc_sweep,leak_rate=1|n_units=200|rho=0.9|state_noise=0,1,memory_capacity,mc_total_raw,33.86332593233915
3A_mc_sweep,leak_rate=1|n_units=200|rho=0.9|state_noise=0,1,memory_capacity,mc_threshold,0.012503989212147123
3A_mc_sweep,leak_rate=1|n_units=200|rho=0.9|state_noise=0,1,memory_capacity,mc_effective_delay,16.37685186747313
3A_mc_sweep,leak_rate=1|n_units=200|rho=0.9|state_noise=0,1,memory_capacity,mc_ratio,0.15202049144970378
3A_mc_sweep,leak_rate=1|n_units=200|rho=0.9|state_noise=0,1,memory_capacity,n_delays,400.0
3A_mc_sweep,leak_rate=1|n_units=200|rho=0.9|state_noise=0,1,ipc,ipc_total,117.19669757699528
3A_mc_sweep,leak_rate=1|n_units=200|rho=0.9|state_noise=0,1,ipc,ipc_total_raw,119.44998465959321
3A_mc_sweep,leak_rate=1|n_units=200|rho=0.9|state_noise=0,1,ipc,ipc_linear,30.352802246401435
3A_mc_sweep,leak_rate=1|n_units=200|rho=0.9|state_noise=0,1,ipc,ipc_nonlinear,86.84389533059384
3A_mc_sweep,leak_rate=1|n_units=200|rho=0.9|state_noise=0,1,ipc,n_targets,601.0
3A_mc_sweep,leak_rate=1|n_units=200|rho=0.9|state_noise=0,1,ipc,n_targets_kept,392.0
3A_mc_sweep,leak_rate=1|n_units=200|rho=0.9|state_noise=0,1,ipc,saturation_ratio,0.5859834878849763
3A_mc_sweep,leak_rate=1|n_units=200|rho=0.9|state_noise=0,1,ipc,ipc_threshold_degree1,0.01273162296565056
3A_mc_sweep,leak_rate=1|n_units=200|rho=0.9|state_noise=0,1,ipc,ipc_threshold_degree2,0.012529637731315754
3A_mc_sweep,leak_rate=1|n_units=200|rho=0.9|state_noise=0,1,ipc,ipc_threshold_degree3,0.012848331031606333
3A_mc_sweep,leak_rate=1|n_units=200|rho=0.9|state_noise=0,1,ipc,ipc_threshold_degree4,0.012352008014994347
3A_mc_sweep,leak_rate=0.3|n_units=200|rho=0.95|state_noise=0,1,memory_capacity,mc_total,21.995814373708576
3A_mc_sweep,leak_rate=0.3|n_units=200|rho=0.95|state_noise=0,1,memory_capacity,mc_total_raw,23.72764461666725
3A_mc_sweep,leak_rate=0.3|n_units=200|rho=0.95|state_noise=0,1,memory_capacity,mc_threshold,0.01308822032916824
3A_mc_sweep,leak_rate=0.3|n_units=200|rho=0.95|state_noise=0,1,memory_capacity,mc_effective_delay,60.77421338292628
3A_mc_sweep,leak_rate=0.3|n_units=200|rho=0.95|state_noise=0,1,memory_capacity,mc_ratio,0.10997907186854289
3A_mc_sweep,leak_rate=0.3|n_units=200|rho=0.95|state_noise=0,1,memory_capacity,n_delays,400.0
3A_mc_sweep,leak_rate=0.3|n_units=200|rho=0.95|state_noise=0,1,ipc,ipc_total,33.85125588655075
3A_mc_sweep,leak_rate=0.3|n_units=200|rho=0.95|state_noise=0,1,ipc,ipc_total_raw,36.9533566393822
3A_mc_sweep,leak_rate=0.3|n_units=200|rho=0.95|state_noise=0,1,ipc,ipc_linear,13.387351166374382
3A_mc_sweep,leak_rate=0.3|n_units=200|rho=0.95|state_noise=0,1,ipc,ipc_nonlinear,20.463904720176373
3A_mc_sweep,leak_rate=0.3|n_units=200|rho=0.95|state_noise=0,1,ipc,n_targets,601.0
3A_mc_sweep,leak_rate=0.3|n_units=200|rho=0.95|state_noise=0,1,ipc,n_targets_kept,323.0
3A_mc_sweep,leak_rate=0.3|n_units=200|rho=0.95|state_noise=0,1,ipc,saturation_ratio,0.16925627943275376
3A_mc_sweep,leak_rate=0.3|n_units=200|rho=0.95|state_noise=0,1,ipc,ipc_threshold_degree1,0.012228271551370837
3A_mc_sweep,leak_rate=0.3|n_units=200|rho=0.95|state_noise=0,1,ipc,ipc_threshold_degree2,0.012468688229009931
3A_mc_sweep,leak_rate=0.3|n_units=200|rho=0.95|state_noise=0,1,ipc,ipc_threshold_degree3,0.01265334447426552
3A_mc_sweep,leak_rate=0.3|n_units=200|rho=0.95|state_noise=0,1,ipc,ipc_threshold_degree4,0.012618957824452754
3A_mc_sweep,leak_rate=0.6|n_units=200|rho=0.95|state_noise=0,1,memory_capacity,mc_total,22.817416783690263
3A_mc_sweep,leak_rate=0.6|n_units=200|rho=0.95|state_noise=0,1,memory_capacity,mc_total_raw,25.679140953186938
3A_mc_sweep,leak_rate=0.6|n_units=200|rho=0.95|state_noise=0,1,memory_capacity,mc_threshold,0.012367176007437454
3A_mc_sweep,leak_rate=0.6|n_units=200|rho=0.95|state_noise=0,1,memory_capacity,mc_effective_delay,25.864100215155172
3A_mc_sweep,leak_rate=0.6|n_units=200|rho=0.95|state_noise=0,1,memory_capacity,mc_ratio,0.1140870839184513
3A_mc_sweep,leak_rate=0.6|n_units=200|rho=0.95|state_noise=0,1,memory_capacity,n_delays,400.0
3A_mc_sweep,leak_rate=0.6|n_units=200|rho=0.95|state_noise=0,1,ipc,ipc_total,66.70113888833801
3A_mc_sweep,leak_rate=0.6|n_units=200|rho=0.95|state_noise=0,1,ipc,ipc_total_raw,69.23409771736164
3A_mc_sweep,leak_rate=0.6|n_units=200|rho=0.95|state_noise=0,1,ipc,ipc_linear,20.25390110237631
3A_mc_sweep,leak_rate=0.6|n_units=200|rho=0.95|state_noise=0,1,ipc,ipc_nonlinear,46.4472377859617
3A_mc_sweep,leak_rate=0.6|n_units=200|rho=0.95|state_noise=0,1,ipc,n_targets,601.0
3A_mc_sweep,leak_rate=0.6|n_units=200|rho=0.95|state_noise=0,1,ipc,n_targets_kept,377.0
3A_mc_sweep,leak_rate=0.6|n_units=200|rho=0.95|state_noise=0,1,ipc,saturation_ratio,0.33350569444169004
3A_mc_sweep,leak_rate=0.6|n_units=200|rho=0.95|state_noise=0,1,ipc,ipc_threshold_degree1,0.012329472094897983
3A_mc_sweep,leak_rate=0.6|n_units=200|rho=0.95|state_noise=0,1,ipc,ipc_threshold_degree2,0.01258318096326627
3A_mc_sweep,leak_rate=0.6|n_units=200|rho=0.95|state_noise=0,1,ipc,ipc_threshold_degree3,0.012447909241165287
3A_mc_sweep,leak_rate=0.6|n_units=200|rho=0.95|state_noise=0,1,ipc,ipc_threshold_degree4,0.012566536845391277
3A_mc_sweep,leak_rate=1|n_units=200|rho=0.95|state_noise=0,1,memory_capacity,mc_total,34.17701202539729
3A_mc_sweep,leak_rate=1|n_units=200|rho=0.95|state_noise=0,1,memory_capacity,mc_total_raw,37.52508069882014
3A_mc_sweep,leak_rate=1|n_units=200|rho=0.95|state_noise=0,1,memory_capacity,mc_threshold,0.012268473548113843
3A_mc_sweep,leak_rate=1|n_units=200|rho=0.95|state_noise=0,1,memory_capacity,mc_effective_delay,18.766452698146637
3A_mc_sweep,leak_rate=1|n_units=200|rho=0.95|state_noise=0,1,memory_capacity,mc_ratio,0.17088506012698645
3A_mc_sweep,leak_rate=1|n_units=200|rho=0.95|state_noise=0,1,memory_capacity,n_delays,400.0
3A_mc_sweep,leak_rate=1|n_units=200|rho=0.95|state_noise=0,1,ipc,ipc_total,101.32871635476099
3A_mc_sweep,leak_rate=1|n_units=200|rho=0.95|state_noise=0,1,ipc,ipc_total_raw,103.92907597053534
3A_mc_sweep,leak_rate=1|n_units=200|rho=0.95|state_noise=0,1,ipc,ipc_linear,34.061822095543526
3A_mc_sweep,leak_rate=1|n_units=200|rho=0.95|state_noise=0,1,ipc,ipc_nonlinear,67.26689425921745
3A_mc_sweep,leak_rate=1|n_units=200|rho=0.95|state_noise=0,1,ipc,n_targets,601.0
3A_mc_sweep,leak_rate=1|n_units=200|rho=0.95|state_noise=0,1,ipc,n_targets_kept,365.0
3A_mc_sweep,leak_rate=1|n_units=200|rho=0.95|state_noise=0,1,ipc,saturation_ratio,0.506643581773805
3A_mc_sweep,leak_rate=1|n_units=200|rho=0.95|state_noise=0,1,ipc,ipc_threshold_degree1,0.012429351193491497
3A_mc_sweep,leak_rate=1|n_units=200|rho=0.95|state_noise=0,1,ipc,ipc_threshold_degree2,0.012656277116904481
3A_mc_sweep,leak_rate=1|n_units=200|rho=0.95|state_noise=0,1,ipc,ipc_threshold_degree3,0.012610184456969459
3A_mc_sweep,leak_rate=1|n_units=200|rho=0.95|state_noise=0,1,ipc,ipc_threshold_degree4,0.012636691074314425
3A_mc_sweep,leak_rate=0.3|n_units=200|rho=1|state_noise=0,1,memory_capacity,mc_total,23.988233271380267
3A_mc_sweep,leak_rate=0.3|n_units=200|rho=1|state_noise=0,1,memory_capacity,mc_total_raw,25.00097635075224
3A_mc_sweep,leak_rate=0.3|n_units=200|rho=1|state_noise=0,1,memory_capacity,mc_threshold,0.012951935763744307
3A_mc_sweep,leak_rate=0.3|n_units=200|rho=1|state_noise=0,1,memory_capacity,mc_effective_delay,77.73035130694686
3A_mc_sweep,leak_rate=0.3|n_units=200|rho=1|state_noise=0,1,memory_capacity,mc_ratio,0.11994116635690133
3A_mc_sweep,leak_rate=0.3|n_units=200|rho=1|state_noise=0,1,memory_capacity,n_delays,400.0
3A_mc_sweep,leak_rate=0.3|n_units=200|rho=1|state_noise=0,1,ipc,ipc_total,29.070095748450075
3A_mc_sweep,leak_rate=0.3|n_units=200|rho=1|state_noise=0,1,ipc,ipc_total_raw,32.102383072297684
3A_mc_sweep,leak_rate=0.3|n_units=200|rho=1|state_noise=0,1,ipc,ipc_linear,13.064169025549207
3A_mc_sweep,leak_rate=0.3|n_units=200|rho=1|state_noise=0,1,ipc,ipc_nonlinear,16.005926722900867
3A_mc_sweep,leak_rate=0.3|n_units=200|rho=1|state_noise=0,1,ipc,n_targets,601.0
3A_mc_sweep,leak_rate=0.3|n_units=200|rho=1|state_noise=0,1,ipc,n_targets_kept,328.0
3A_mc_sweep,leak_rate=0.3|n_units=200|rho=1|state_noise=0,1,ipc,saturation_ratio,0.14535047874225038
3A_mc_sweep,leak_rate=0.3|n_units=200|rho=1|state_noise=0,1,ipc,ipc_threshold_degree1,0.012546701210112955
3A_mc_sweep,leak_rate=0.3|n_units=200|rho=1|state_noise=0,1,ipc,ipc_threshold_degree2,0.012474531620235652
3A_mc_sweep,leak_rate=0.3|n_units=200|rho=1|state_noise=0,1,ipc,ipc_threshold_degree3,0.01263721085276764
3A_mc_sweep,leak_rate=0.3|n_units=200|rho=1|state_noise=0,1,ipc,ipc_threshold_degree4,0.012804225538695648
3A_mc_sweep,leak_rate=0.6|n_units=200|rho=1|state_noise=0,1,memory_capacity,mc_total,24.793305774274376
3A_mc_sweep,leak_rate=0.6|n_units=200|rho=1|state_noise=0,1,memory_capacity,mc_total_raw,27.224612922190836
3A_mc_sweep,leak_rate=0.6|n_units=200|rho=1|state_noise=0,1,memory_capacity,mc_threshold,0.012313802096178154
3A_mc_sweep,leak_rate=0.6|n_units=200|rho=1|state_noise=0,1,memory_capacity,mc_effective_delay,32.7993909459353
3A_mc_sweep,leak_rate=0.6|n_units=200|rho=1|state_noise=0,1,memory_capacity,mc_ratio,0.12396652887137188
3A_mc_sweep,leak_rate=0.6|n_units=200|rho=1|state_noise=0,1,memory_capacity,n_delays,400.0
3A_mc_sweep,leak_rate=0.6|n_units=200|rho=1|state_noise=0,1,ipc,ipc_total,53.45924756375358
3A_mc_sweep,leak_rate=0.6|n_units=200|rho=1|state_noise=0,1,ipc,ipc_total_raw,56.166096108624515
3A_mc_sweep,leak_rate=0.6|n_units=200|rho=1|state_noise=0,1,ipc,ipc_linear,20.32278242666469
3A_mc_sweep,leak_rate=0.6|n_units=200|rho=1|state_noise=0,1,ipc,ipc_nonlinear,33.13646513708889
3A_mc_sweep,leak_rate=0.6|n_units=200|rho=1|state_noise=0,1,ipc,n_targets,601.0
3A_mc_sweep,leak_rate=0.6|n_units=200|rho=1|state_noise=0,1,ipc,n_targets_kept,360.0
3A_mc_sweep,leak_rate=0.6|n_units=200|rho=1|state_noise=0,1,ipc,saturation_ratio,0.2672962378187679
3A_mc_sweep,leak_rate=0.6|n_units=200|rho=1|state_noise=0,1,ipc,ipc_threshold_degree1,0.01240113597469011
3A_mc_sweep,leak_rate=0.6|n_units=200|rho=1|state_noise=0,1,ipc,ipc_threshold_degree2,0.01263949691469522
3A_mc_sweep,leak_rate=0.6|n_units=200|rho=1|state_noise=0,1,ipc,ipc_threshold_degree3,0.012406452250621565
3A_mc_sweep,leak_rate=0.6|n_units=200|rho=1|state_noise=0,1,ipc,ipc_threshold_degree4,0.012757645706405243
3A_mc_sweep,leak_rate=1|n_units=200|rho=1|state_noise=0,1,memory_capacity,mc_total,37.83521955562136
3A_mc_sweep,leak_rate=1|n_units=200|rho=1|state_noise=0,1,memory_capacity,mc_total_raw,40.70489895575783
3A_mc_sweep,leak_rate=1|n_units=200|rho=1|state_noise=0,1,memory_capacity,mc_threshold,0.012202883736132425
3A_mc_sweep,leak_rate=1|n_units=200|rho=1|state_noise=0,1,memory_capacity,mc_effective_delay,22.56453940400905
3A_mc_sweep,leak_rate=1|n_units=200|rho=1|state_noise=0,1,memory_capacity,mc_ratio,0.1891760977781068
3A_mc_sweep,leak_rate=1|n_units=200|rho=1|state_noise=0,1,memory_capacity,n_delays,400.0
3A_mc_sweep,leak_rate=1|n_units=200|rho=1|state_noise=0,1,ipc,ipc_total,76.62736210167321
3A_mc_sweep,leak_rate=1|n_units=200|rho=1|state_noise=0,1,ipc,ipc_total_raw,79.54760670455995
3A_mc_sweep,leak_rate=1|n_units=200|rho=1|state_noise=0,1,ipc,ipc_linear,36.69049372802978
3A_mc_sweep,leak_rate=1|n_units=200|rho=1|state_noise=0,1,ipc,ipc_nonlinear,39.936868373643435
3A_mc_sweep,leak_rate=1|n_units=200|rho=1|state_noise=0,1,ipc,n_targets,601.0
3A_mc_sweep,leak_rate=1|n_units=200|rho=1|state_noise=0,1,ipc,n_targets_kept,335.0
3A_mc_sweep,leak_rate=1|n_units=200|rho=1|state_noise=0,1,ipc,saturation_ratio,0.38313681050836607
3A_mc_sweep,leak_rate=1|n_units=200|rho=1|state_noise=0,1,ipc,ipc_threshold_degree1,0.01229941536353576
3A_mc_sweep,leak_rate=1|n_units=200|rho=1|state_noise=0,1,ipc,ipc_threshold_degree2,0.012628133659425231
3A_mc_sweep,leak_rate=1|n_units=200|rho=1|state_noise=0,1,ipc,ipc_threshold_degree3,0.012740743201371797
3A_mc_sweep,leak_rate=1|n_units=200|rho=1|state_noise=0,1,ipc,ipc_threshold_degree4,0.012764626453546113
3A_mc_sweep,leak_rate=0.3|n_units=200|rho=1.1|state_noise=0,1,memory_capacity,mc_total,19.55549706475883
3A_mc_sweep,leak_rate=0.3|n_units=200|rho=1.1|state_noise=0,1,memory_capacity,mc_total_raw,20.2291382818597
3A_mc_sweep,leak_rate=0.3|n_units=200|rho=1.1|state_noise=0,1,memory_capacity,mc_threshold,0.01241761516477184
3A_mc_sweep,leak_rate=0.3|n_units=200|rho=1.1|state_noise=0,1,memory_capacity,mc_effective_delay,79.02278294580421
3A_mc_sweep,leak_rate=0.3|n_units=200|rho=1.1|state_noise=0,1,memory_capacity,mc_ratio,0.09777748532379414
3A_mc_sweep,leak_rate=0.3|n_units=200|rho=1.1|state_noise=0,1,memory_capacity,n_delays,400.0
3A_mc_sweep,leak_rate=0.3|n_units=200|rho=1.1|state_noise=0,1,ipc,ipc_total,15.471466927616923
3A_mc_sweep,leak_rate=0.3|n_units=200|rho=1.1|state_noise=0,1,ipc,ipc_total_raw,19.042598320721964
3A_mc_sweep,leak_rate=0.3|n_units=200|rho=1.1|state_noise=0,1,ipc,ipc_linear,11.086303442502029
3A_mc_sweep,leak_rate=0.3|n_units=200|rho=1.1|state_noise=0,1,ipc,ipc_nonlinear,4.385163485114894
3A_mc_sweep,leak_rate=0.3|n_units=200|rho=1.1|state_noise=0,1,ipc,n_targets,601.0
3A_mc_sweep,leak_rate=0.3|n_units=200|rho=1.1|state_noise=0,1,ipc,n_targets_kept,271.0
3A_mc_sweep,leak_rate=0.3|n_units=200|rho=1.1|state_noise=0,1,ipc,saturation_ratio,0.07735733463808461
3A_mc_sweep,leak_rate=0.3|n_units=200|rho=1.1|state_noise=0,1,ipc,ipc_threshold_degree1,0.012677739993197351
3A_mc_sweep,leak_rate=0.3|n_units=200|rho=1.1|state_noise=0,1,ipc,ipc_threshold_degree2,0.012492305488446705
3A_mc_sweep,leak_rate=0.3|n_units=200|rho=1.1|state_noise=0,1,ipc,ipc_threshold_degree3,0.012856827710421325
3A_mc_sweep,leak_rate=0.3|n_units=200|rho=1.1|state_noise=0,1,ipc,ipc_threshold_degree4,0.012817686946859525
3A_mc_sweep,leak_rate=0.6|n_units=200|rho=1.1|state_noise=0,1,memory_capacity,mc_total,20.832737243836565
3A_mc_sweep,leak_rate=0.6|n_units=200|rho=1.1|state_noise=0,1,memory_capacity,mc_total_raw,23.122208981010996
3A_mc_sweep,leak_rate=0.6|n_units=200|rho=1.1|state_noise=0,1,memory_capacity,mc_threshold,0.013051464761089227
3A_mc_sweep,leak_rate=0.6|n_units=200|rho=1.1|state_noise=0,1,memory_capacity,mc_effective_delay,34.94587703054838
3A_mc_sweep,leak_rate=0.6|n_units=200|rho=1.1|state_noise=0,1,memory_capacity,mc_ratio,0.10416368621918283
3A_mc_sweep,leak_rate=0.6|n_units=200|rho=1.1|state_noise=0,1,memory_capacity,n_delays,400.0
3A_mc_sweep,leak_rate=0.6|n_units=200|rho=1.1|state_noise=0,1,ipc,ipc_total,24.14266684570498
3A_mc_sweep,leak_rate=0.6|n_units=200|rho=1.1|state_noise=0,1,ipc,ipc_total_raw,27.38042236170706
3A_mc_sweep,leak_rate=0.6|n_units=200|rho=1.1|state_noise=0,1,ipc,ipc_linear,17.106606143707143
3A_mc_sweep,leak_rate=0.6|n_units=200|rho=1.1|state_noise=0,1,ipc,ipc_nonlinear,7.036060701997837
3A_mc_sweep,leak_rate=0.6|n_units=200|rho=1.1|state_noise=0,1,ipc,n_targets,601.0
3A_mc_sweep,leak_rate=0.6|n_units=200|rho=1.1|state_noise=0,1,ipc,n_targets_kept,304.0
3A_mc_sweep,leak_rate=0.6|n_units=200|rho=1.1|state_noise=0,1,ipc,saturation_ratio,0.1207133342285249
3A_mc_sweep,leak_rate=0.6|n_units=200|rho=1.1|state_noise=0,1,ipc,ipc_threshold_degree1,0.012501838002948157
3A_mc_sweep,leak_rate=0.6|n_units=200|rho=1.1|state_noise=0,1,ipc,ipc_threshold_degree2,0.012613214488033521
3A_mc_sweep,leak_rate=0.6|n_units=200|rho=1.1|state_noise=0,1,ipc,ipc_threshold_degree3,0.012387714354029317
3A_mc_sweep,leak_rate=0.6|n_units=200|rho=1.1|state_noise=0,1,ipc,ipc_threshold_degree4,0.012618914523315372
3A_mc_sweep,leak_rate=1|n_units=200|rho=1.1|state_noise=0,1,memory_capacity,mc_total,31.296232440787204
3A_mc_sweep,leak_rate=1|n_units=200|rho=1.1|state_noise=0,1,memory_capacity,mc_total_raw,33.75463197363782
3A_mc_sweep,leak_rate=1|n_units=200|rho=1.1|state_noise=0,1,memory_capacity,mc_threshold,0.012661182378649447
3A_mc_sweep,leak_rate=1|n_units=200|rho=1.1|state_noise=0,1,memory_capacity,mc_effective_delay,26.394602370255583
3A_mc_sweep,leak_rate=1|n_units=200|rho=1.1|state_noise=0,1,memory_capacity,mc_ratio,0.15648116220393601
3A_mc_sweep,leak_rate=1|n_units=200|rho=1.1|state_noise=0,1,memory_capacity,n_delays,400.0
3A_mc_sweep,leak_rate=1|n_units=200|rho=1.1|state_noise=0,1,ipc,ipc_total,35.27378868913066
3A_mc_sweep,leak_rate=1|n_units=200|rho=1.1|state_noise=0,1,ipc,ipc_total_raw,38.56966953185394
3A_mc_sweep,leak_rate=1|n_units=200|rho=1.1|state_noise=0,1,ipc,ipc_linear,29.194491314231225
3A_mc_sweep,leak_rate=1|n_units=200|rho=1.1|state_noise=0,1,ipc,ipc_nonlinear,6.079297374899436
3A_mc_sweep,leak_rate=1|n_units=200|rho=1.1|state_noise=0,1,ipc,n_targets,601.0
3A_mc_sweep,leak_rate=1|n_units=200|rho=1.1|state_noise=0,1,ipc,n_targets_kept,291.0
3A_mc_sweep,leak_rate=1|n_units=200|rho=1.1|state_noise=0,1,ipc,saturation_ratio,0.17636894344565332
3A_mc_sweep,leak_rate=1|n_units=200|rho=1.1|state_noise=0,1,ipc,ipc_threshold_degree1,0.012390330640420057
3A_mc_sweep,leak_rate=1|n_units=200|rho=1.1|state_noise=0,1,ipc,ipc_threshold_degree2,0.012885606753651966
3A_mc_sweep,leak_rate=1|n_units=200|rho=1.1|state_noise=0,1,ipc,ipc_threshold_degree3,0.012586238804919882
3A_mc_sweep,leak_rate=1|n_units=200|rho=1.1|state_noise=0,1,ipc,ipc_threshold_degree4,0.012689839466806668
3A_mc_sweep,leak_rate=0.3|n_units=200|rho=0.5|state_noise=0,2,memory_capacity,mc_total,10.981266929502038
3A_mc_sweep,leak_rate=0.3|n_units=200|rho=0.5|state_noise=0,2,memory_capacity,mc_total_raw,12.08590581128649
3A_mc_sweep,leak_rate=0.3|n_units=200|rho=0.5|state_noise=0,2,memory_capacity,mc_threshold,0.004748919171329622
3A_mc_sweep,leak_rate=0.3|n_units=200|rho=0.5|state_noise=0,2,memory_capacity,mc_effective_delay,20.95769878590245
3A_mc_sweep,leak_rate=0.3|n_units=200|rho=0.5|state_noise=0,2,memory_capacity,mc_ratio,0.054906334647510185
3A_mc_sweep,leak_rate=0.3|n_units=200|rho=0.5|state_noise=0,2,memory_capacity,n_delays,400.0
3A_mc_sweep,leak_rate=0.3|n_units=200|rho=0.5|state_noise=0,2,ipc,ipc_total,28.12160027138782
3A_mc_sweep,leak_rate=0.3|n_units=200|rho=0.5|state_noise=0,2,ipc,ipc_total_raw,29.14259303192793
3A_mc_sweep,leak_rate=0.3|n_units=200|rho=0.5|state_noise=0,2,ipc,ipc_linear,10.565064533738532
3A_mc_sweep,leak_rate=0.3|n_units=200|rho=0.5|state_noise=0,2,ipc,ipc_nonlinear,17.556535737649288
3A_mc_sweep,leak_rate=0.3|n_units=200|rho=0.5|state_noise=0,2,ipc,n_targets,601.0
3A_mc_sweep,leak_rate=0.3|n_units=200|rho=0.5|state_noise=0,2,ipc,n_targets_kept,333.0
3A_mc_sweep,leak_rate=0.3|n_units=200|rho=0.5|state_noise=0,2,ipc,saturation_ratio,0.1406080013569391
3A_mc_sweep,leak_rate=0.3|n_units=200|rho=0.5|state_noise=0,2,ipc,ipc_threshold_degree1,0.004792796945205196
3A_mc_sweep,leak_rate=0.3|n_units=200|rho=0.5|state_noise=0,2,ipc,ipc_threshold_degree2,0.004779268417134216
3A_mc_sweep,leak_rate=0.3|n_units=200|rho=0.5|state_noise=0,2,ipc,ipc_threshold_degree3,0.004873395513994961
3A_mc_sweep,leak_rate=0.3|n_units=200|rho=0.5|state_noise=0,2,ipc,ipc_threshold_degree4,0.004760475710104578
3A_mc_sweep,leak_rate=0.6|n_units=200|rho=0.5|state_noise=0,2,memory_capacity,mc_total,12.780909922454507
3A_mc_sweep,leak_rate=0.6|n_units=200|rho=0.5|state_noise=0,2,memory_capacity,mc_total_raw,14.652576988431967
3A_mc_sweep,leak_rate=0.6|n_units=200|rho=0.5|state_noise=0,2,memory_capacity,mc_threshold,0.006751604372573415
3A_mc_sweep,leak_rate=0.6|n_units=200|rho=0.5|state_noise=0,2,memory_capacity,mc_effective_delay,13.360392581358994
3A_mc_sweep,leak_rate=0.6|n_units=200|rho=0.5|state_noise=0,2,memory_capacity,mc_ratio,0.06390454961227253
3A_mc_sweep,leak_rate=0.6|n_units=200|rho=0.5|state_noise=0,2,memory_capacity,n_delays,400.0
3A_mc_sweep,leak_rate=0.6|n_units=200|rho=0.5|state_noise=0,2,ipc,ipc_total,62.124728205237425
3A_mc_sweep,leak_rate=0.6|n_units=200|rho=0.5|state_noise=0,2,ipc,ipc_total_raw,63.43960444726141
3A_mc_sweep,leak_rate=0.6|n_units=200|rho=0.5|state_noise=0,2,ipc,ipc_linear,12.630379291153785
3A_mc_sweep,leak_rate=0.6|n_units=200|rho=0.5|state_noise=0,2,ipc,ipc_nonlinear,49.49434891408364
3A_mc_sweep,leak_rate=0.6|n_units=200|rho=0.5|state_noise=0,2,ipc,n_targets,601.0
3A_mc_sweep,leak_rate=0.6|n_units=200|rho=0.5|state_noise=0,2,ipc,n_targets_kept,379.0
3A_mc_sweep,leak_rate=0.6|n_units=200|rho=0.5|state_noise=0,2,ipc,saturation_ratio,0.3106236410261871
3A_mc_sweep,leak_rate=0.6|n_units=200|rho=0.5|state_noise=0,2,ipc,ipc_threshold_degree1,0.007115816101254823
3A_mc_sweep,leak_rate=0.6|n_units=200|rho=0.5|state_noise=0,2,ipc,ipc_threshold_degree2,0.007179946378212554
3A_mc_sweep,leak_rate=0.6|n_units=200|rho=0.5|state_noise=0,2,ipc,ipc_threshold_degree3,0.007211149149090686
3A_mc_sweep,leak_rate=0.6|n_units=200|rho=0.5|state_noise=0,2,ipc,ipc_threshold_degree4,0.007182470620204885
3A_mc_sweep,leak_rate=1|n_units=200|rho=0.5|state_noise=0,2,memory_capacity,mc_total,15.962143265787265
3A_mc_sweep,leak_rate=1|n_units=200|rho=0.5|state_noise=0,2,memory_capacity,mc_total_raw,19.667327180674548
3A_mc_sweep,leak_rate=1|n_units=200|rho=0.5|state_noise=0,2,memory_capacity,mc_threshold,0.0119398004511112
3A_mc_sweep,leak_rate=1|n_units=200|rho=0.5|state_noise=0,2,memory_capacity,mc_effective_delay,9.501645534141144
3A_mc_sweep,leak_rate=1|n_units=200|rho=0.5|state_noise=0,2,memory_capacity,mc_ratio,0.07981071632893633
3A_mc_sweep,leak_rate=1|n_units=200|rho=0.5|state_noise=0,2,memory_capacity,n_delays,400.0
3A_mc_sweep,leak_rate=1|n_units=200|rho=0.5|state_noise=0,2,ipc,ipc_total,127.50921720122898
3A_mc_sweep,leak_rate=1|n_units=200|rho=0.5|state_noise=0,2,ipc,ipc_total_raw,129.88063019481746
3A_mc_sweep,leak_rate=1|n_units=200|rho=0.5|state_noise=0,2,ipc,ipc_linear,15.898735956709379
3A_mc_sweep,leak_rate=1|n_units=200|rho=0.5|state_noise=0,2,ipc,ipc_nonlinear,111.6104812445196
3A_mc_sweep,leak_rate=1|n_units=200|rho=0.5|state_noise=0,2,ipc,n_targets,601.0
3A_mc_sweep,leak_rate=1|n_units=200|rho=0.5|state_noise=0,2,ipc,n_targets_kept,369.0
3A_mc_sweep,leak_rate=1|n_units=200|rho=0.5|state_noise=0,2,ipc,saturation_ratio,0.6375460860061449
3A_mc_sweep,leak_rate=1|n_units=200|rho=0.5|state_noise=0,2,ipc,ipc_threshold_degree1,0.012128036260625377
3A_mc_sweep,leak_rate=1|n_units=200|rho=0.5|state_noise=0,2,ipc,ipc_threshold_degree2,0.011956297977038751
3A_mc_sweep,leak_rate=1|n_units=200|rho=0.5|state_noise=0,2,ipc,ipc_threshold_degree3,0.011848169344863472
3A_mc_sweep,leak_rate=1|n_units=200|rho=0.5|state_noise=0,2,ipc,ipc_threshold_degree4,0.012210028194556981
3A_mc_sweep,leak_rate=0.3|n_units=200|rho=0.7|state_noise=0,2,memory_capacity,mc_total,14.860325547796155
3A_mc_sweep,leak_rate=0.3|n_units=200|rho=0.7|state_noise=0,2,memory_capacity,mc_total_raw,16.624852306752615
3A_mc_sweep,leak_rate=0.3|n_units=200|rho=0.7|state_noise=0,2,memory_capacity,mc_threshold,0.007866500751988857
3A_mc_sweep,leak_rate=0.3|n_units=200|rho=0.7|state_noise=0,2,memory_capacity,mc_effective_delay,29.42048575509928
3A_mc_sweep,leak_rate=0.3|n_units=200|rho=0.7|state_noise=0,2,memory_capacity,mc_ratio,0.07430162773898077
3A_mc_sweep,leak_rate=0.3|n_units=200|rho=0.7|state_noise=0,2,memory_capacity,n_delays,400.0
3A_mc_sweep,leak_rate=0.3|n_units=200|rho=0.7|state_noise=0,2,ipc,ipc_total,36.615551332605115
3A_mc_sweep,leak_rate=0.3|n_units=200|rho=0.7|state_noise=0,2,ipc,ipc_total_raw,38.27912612655822
3A_mc_sweep,leak_rate=0.3|n_units=200|rho=0.7|state_noise=0,2,ipc,ipc_linear,12.56718406296433
3A_mc_sweep,leak_rate=0.3|n_units=200|rho=0.7|state_noise=0,2,ipc,ipc_nonlinear,24.048367269640785
3A_mc_sweep,leak_rate=0.3|n_units=200|rho=0.7|state_noise=0,2,ipc,n_targets,601.0
3A_mc_sweep,leak_rate=0.3|n_units=200|rho=0.7|state_noise=0,2,ipc,n_targets_kept,354.0
3A_mc_sweep,leak_rate=0.3|n_units=200|rho=0.7|state_noise=0,2,ipc,saturation_ratio,0.1830777566630256
3A_mc_sweep,leak_rate=0.3|n_units=200|rho=0.7|state_noise=0,2,ipc,ipc_threshold_degree1,0.007909371313344241
3A_mc_sweep,leak_rate=0.3|n_units=200|rho=0.7|state_noise=0,2,ipc,ipc_threshold_degree2,0.007776697347753671
3A_mc_sweep,leak_rate=0.3|n_units=200|rho=0.7|state_noise=0,2,ipc,ipc_threshold_degree3,0.008064212337542592
3A_mc_sweep,leak_rate=0.3|n_units=200|rho=0.7|state_noise=0,2,ipc,ipc_threshold_degree4,0.007835317812104755
3A_mc_sweep,leak_rate=0.6|n_units=200|rho=0.7|state_noise=0,2,memory_capacity,mc_total,16.795283820444343
3A_mc_sweep,leak_rate=0.6|n_units=200|rho=0.7|state_noise=0,2,memory_capacity,mc_total_raw,19.911874837931002
3A_mc_sweep,leak_rate=0.6|n_units=200|rho=0.7|state_noise=0,2,memory_capacity,mc_threshold,0.01113491954633529
3A_mc_sweep,leak_rate=0.6|n_units=200|rho=0.7|state_noise=0,2,memory_capacity,mc_effective_delay,17.163185711772336
3A_mc_sweep,leak_rate=0.6|n_units=200|rho=0.7|state_noise=0,2,memory_capacity,mc_ratio,0.08397641910222171
3A_mc_sweep,leak_rate=0.6|n_units=200|rho=0.7|state_noise=0,2,memory_capacity,n_delays,400.0
3A_mc_sweep,leak_rate=0.6|n_units=200|rho=0.7|state_noise=0,2,ipc,ipc_total,87.62092971713261
3A_mc_sweep,leak_rate=0.6|n_units=200|rho=0.7|state_noise=0,2,ipc,ipc_total_raw,89.49147041751684
3A_mc_sweep,leak_rate=0.6|n_units=200|rho=0.7|state_noise=0,2,ipc,ipc_linear,16.577766105578238
3A_mc_sweep,leak_rate=0.6|n_units=200|rho=0.7|state_noise=0,2,ipc,ipc_nonlinear,71.04316361155438
3A_mc_sweep,leak_rate=0.6|n_units=200|rho=0.7|state_noise=0,2,ipc,n_targets,601.0
3A_mc_sweep,leak_rate=0.6|n_units=200|rho=0.7|state_noise=0,2,ipc,n_targets_kept,417.0
3A_mc_sweep,leak_rate=0.6|n_units=200|rho=0.7|state_noise=0,2,ipc,saturation_ratio,0.43810464858566306
3A_mc_sweep,leak_rate=0.6|n_units=200|rho=0.7|state_noise=0,2,ipc,ipc_threshold_degree1,0.011591279020349034
3A_mc_sweep,leak_rate=0.6|n_units=200|rho=0.7|state_noise=0,2,ipc,ipc_threshold_degree2,0.01164228662274927
3A_mc_sweep,leak_rate=0.6|n_units=200|rho=0.7|state_noise=0,2,ipc,ipc_threshold_degree3,0.011466585526867867
3A_mc_sweep,leak_rate=0.6|n_units=200|rho=0.7|state_noise=0,2,ipc,ipc_threshold_degree4,0.011434490586919326
3A_mc_sweep,leak_rate=1|n_units=200|rho=0.7|state_noise=0,2,memory_capacity,mc_total,20.317970324816287
3A_mc_sweep,leak_rate=1|n_units=200|rho=0.7|state_noise=0,2,memory_capacity,mc_total_raw,24.179258916931094
3A_mc_sweep,leak_rate=1|n_units=200|rho=0.7|state_noise=0,2,memory_capacity,mc_threshold,0.012801651210695167
3A_mc_sweep,leak_rate=1|n_units=200|rho=0.7|state_noise=0,2,memory_capacity,mc_effective_delay,11.111076958926535
3A_mc_sweep,leak_rate=1|n_units=200|rho=0.7|state_noise=0,2,memory_capacity,mc_ratio,0.10158985162408143
3A_mc_sweep,leak_rate=1|n_units=200|rho=0.7|state_noise=0,2,memory_capacity,n_delays,400.0
3A_mc_sweep,leak_rate=1|n_units=200|rho=0.7|state_noise=0,2,ipc,ipc_total,138.9745324747986
3A_mc_sweep,leak_rate=1|n_units=200|rho=0.7|state_noise=0,2,ipc,ipc_total_raw,141.5612738288665
3A_mc_sweep,leak_rate=1|n_units=200|rho=0.7|state_noise=0,2,ipc,ipc_linear,20.284630010834643
3A_mc_sweep,leak_rate=1|n_units=200|rho=0.7|state_noise=0,2,ipc,ipc_nonlinear,118.68990246396395
3A_mc_sweep,leak_rate=1|n_units=200|rho=0.7|state_noise=0,2,ipc,n_targets,601.0
3A_mc_sweep,leak_rate=1|n_units=200|rho=0.7|state_noise=0,2,ipc,n_targets_kept,363.0
3A_mc_sweep,leak_rate=1|n_units=200|rho=0.7|state_noise=0,2,ipc,saturation_ratio,0.6948726623739929
3A_mc_sweep,leak_rate=1|n_units=200|rho=0.7|state_noise=0,2,ipc,ipc_threshold_degree1,0.012567938089830972
3A_mc_sweep,leak_rate=1|n_units=200|rho=0.7|state_noise=0,2,ipc,ipc_threshold_degree2,0.012842918941399021
3A_mc_sweep,leak_rate=1|n_units=200|rho=0.7|state_noise=0,2,ipc,ipc_threshold_degree3,0.01240480029551667
3A_mc_sweep,leak_rate=1|n_units=200|rho=0.7|state_noise=0,2,ipc,ipc_threshold_degree4,0.012614224527946466
3A_mc_sweep,leak_rate=0.3|n_units=200|rho=0.9|state_noise=0,2,memory_capacity,mc_total,20.12461949336393
3A_mc_sweep,leak_rate=0.3|n_units=200|rho=0.9|state_noise=0,2,memory_capacity,mc_total_raw,22.247810277437853
3A_mc_sweep,leak_rate=0.3|n_units=200|rho=0.9|state_noise=0,2,memory_capacity,mc_threshold,0.011869557697864755
3A_mc_sweep,leak_rate=0.3|n_units=200|rho=0.9|state_noise=0,2,memory_capacity,mc_effective_delay,47.094377374368584
3A_mc_sweep,leak_rate=0.3|n_units=200|rho=0.9|state_noise=0,2,memory_capacity,mc_ratio,0.10062309746681965
3A_mc_sweep,leak_rate=0.3|n_units=200|rho=0.9|state_noise=0,2,memory_capacity,n_delays,400.0
3A_mc_sweep,leak_rate=0.3|n_units=200|rho=0.9|state_noise=0,2,ipc,ipc_total,41.20638426716211
3A_mc_sweep,leak_rate=0.3|n_units=200|rho=0.9|state_noise=0,2,ipc,ipc_total_raw,43.795265042471364
3A_mc_sweep,leak_rate=0.3|n_units=200|rho=0.9|state_noise=0,2,ipc,ipc_linear,13.82793888880726
3A_mc_sweep,leak_rate=0.3|n_units=200|rho=0.9|state_noise=0,2,ipc,ipc_nonlinear,27.378445378354847
3A_mc_sweep,leak_rate=0.3|n_units=200|rho=0.9|state_noise=0,2,ipc,n_targets,601.0
3A_mc_sweep,leak_rate=0.3|n_units=200|rho=0.9|state_noise=0,2,ipc,n_targets_kept,358.0
3A_mc_sweep,leak_rate=0.3|n_units=200|rho=0.9|state_noise=0,2,ipc,saturation_ratio,0.20603192133581053
3A_mc_sweep,leak_rate=0.3|n_units=200|rho=0.9|state_noise=0,2,ipc,ipc_threshold_degree1,0.012079220963758361
3A_mc_sweep,leak_rate=0.3|n_units=200|rho=0.9|state_noise=0,2,ipc,ipc_threshold_degree2,0.012004520928561994
3A_mc_sweep,leak_rate=0.3|n_units=200|rho=0.9|state_noise=0,2,ipc,ipc_threshold_degree3,0.012109516040236697
3A_mc_sweep,leak_rate=0.3|n_units=200|rho=0.9|state_noise=0,2,ipc,ipc_threshold_degree4,0.011901216092541522
3A_mc_sweep,leak_rate=0.6|n_units=200|rho=0.9|state_noise=0,2,memory_capacity,mc_total,21.232832753992295
3A_mc_sweep,leak_rate=0.6|n_units=200|rho=0.9|state_noise=0,2,memory_capacity,mc_total_raw,24.439979846505395
3A_mc_sweep,leak_rate=0.6|n_units=200|rho=0.9|state_noise=0,2,memory_capacity,mc_threshold,0.012553526063085517
3A_mc_sweep,leak_rate=0.6|n_units=200|rho=0.9|state_noise=0,2,memory_capacity,mc_effective_delay,21.135311516603558
3A_mc_sweep,leak_rate=0.6|n_units=200|rho=0.9|state_noise=0,2,memory_capacity,mc_ratio,0.10616416376996148
3A_mc_sweep,leak_rate=0.6|n_units=200|rho=0.9|state_noise=0,2,memory_capacity,n_delays,400.0
3A_mc_sweep,leak_rate=0.6|n_units=200|rho=0.9|state_noise=0,2,ipc,ipc_total,85.95969151297587
3A_mc_sweep,leak_rate=0.6|n_units=200|rho=0.9|state_noise=0,2,ipc,ipc_total_raw,88.11902990179772
3A_mc_sweep,leak_rate=0.6|n_units=200|rho=0.9|state_noise=0,2,ipc,ipc_linear,20.474609173280083
3A_mc_sweep,leak_rate=0.6|n_units=200|rho=0.9|state_noise=0,2,ipc,ipc_nonlinear,65.48508233969578
3A_mc_sweep,leak_rate=0.6|n_units=200|rho=0.9|state_noise=0,2,ipc,n_targets,601.0
3A_mc_sweep,leak_rate=0.6|n_units=200|rho=0.9|state_noise=0,2,ipc,n_targets_kept,410.0
3A_mc_sweep,leak_rate=0.6|n_units=200|rho=0.9|state_noise=0,2,ipc,saturation_ratio,0.42979845756487933
3A_mc_sweep,leak_rate=0.6|n_units=200|rho=0.9|state_noise=0,2,ipc,ipc_threshold_degree1,0.01244227728158077
3A_mc_sweep,leak_rate=0.6|n_units=200|rho=0.9|state_noise=0,2,ipc,ipc_threshold_degree2,0.012762812282357454
3A_mc_sweep,leak_rate=0.6|n_units=200|rho=0.9|state_noise=0,2,ipc,ipc_threshold_degree3,0.012644902775824607
3A_mc_sweep,leak_rate=0.6|n_units=200|rho=0.9|state_noise=0,2,ipc,ipc_threshold_degree4,0.012702656881646452
3A_mc_sweep,leak_rate=1|n_units=200|rho=0.9|state_noise=0,2,memory_capacity,mc_total,28.516792738633153
3A_mc_sweep,leak_rate=1|n_units=200|rho=0.9|state_noise=0,2,memory_capacity,mc_total_raw,32.04751703580835
3A_mc_sweep,leak_rate=1|n_units=200|rho=0.9|state_noise=0,2,memory_capacity,mc_threshold,0.012310328916469458
3A_mc_sweep,leak_rate=1|n_units=200|rho=0.9|state_noise=0,2,memory_capacity,mc_effective_delay,16.658040375539063
3A_mc_sweep,leak_rate=1|n_units=200|rho=0.9|state_noise=0,2,memory_capacity,mc_ratio,0.14258396369316576
3A_mc_sweep,leak_rate=1|n_units=200|rho=0.9|state_noise=0,2,memory_capacity,n_delays,400.0
3A_mc_sweep,leak_rate=1|n_units=200|rho=0.9|state_noise=0,2,ipc,ipc_total,120.13190164765942
3A_mc_sweep,leak_rate=1|n_units=200|rho=0.9|state_noise=0,2,ipc,ipc_total_raw,122.9240221846531
3A_mc_sweep,leak_rate=1|n_units=200|rho=0.9|state_noise=0,2,ipc,ipc_linear,28.290087127268613
3A_mc_sweep,leak_rate=1|n_units=200|rho=0.9|state_noise=0,2,ipc,ipc_nonlinear,91.84181452039081
3A_mc_sweep,leak_rate=1|n_units=200|rho=0.9|state_noise=0,2,ipc,n_targets,601.0
3A_mc_sweep,leak_rate=1|n_units=200|rho=0.9|state_noise=0,2,ipc,n_targets_kept,345.0
3A_mc_sweep,leak_rate=1|n_units=200|rho=0.9|state_noise=0,2,ipc,saturation_ratio,0.6006595082382971
3A_mc_sweep,leak_rate=1|n_units=200|rho=0.9|state_noise=0,2,ipc,ipc_threshold_degree1,0.012521826250676694
3A_mc_sweep,leak_rate=1|n_units=200|rho=0.9|state_noise=0,2,ipc,ipc_threshold_degree2,0.012867363343488604
3A_mc_sweep,leak_rate=1|n_units=200|rho=0.9|state_noise=0,2,ipc,ipc_threshold_degree3,0.012976421327007244
3A_mc_sweep,leak_rate=1|n_units=200|rho=0.9|state_noise=0,2,ipc,ipc_threshold_degree4,0.012868532818753813
3A_mc_sweep,leak_rate=0.3|n_units=200|rho=0.95|state_noise=0,2,memory_capacity,mc_total,22.020881941982672
3A_mc_sweep,leak_rate=0.3|n_units=200|rho=0.95|state_noise=0,2,memory_capacity,mc_total_raw,23.614686848864473
3A_mc_sweep,leak_rate=0.3|n_units=200|rho=0.95|state_noise=0,2,memory_capacity,mc_threshold,0.01242320487098772
3A_mc_sweep,leak_rate=0.3|n_units=200|rho=0.95|state_noise=0,2,memory_capacity,mc_effective_delay,57.64601225495093
3A_mc_sweep,leak_rate=0.3|n_units=200|rho=0.95|state_noise=0,2,memory_capacity,mc_ratio,0.11010440970991336
3A_mc_sweep,leak_rate=0.3|n_units=200|rho=0.95|state_noise=0,2,memory_capacity,n_delays,400.0
3A_mc_sweep,leak_rate=0.3|n_units=200|rho=0.95|state_noise=0,2,ipc,ipc_total,39.63393783890537
3A_mc_sweep,leak_rate=0.3|n_units=200|rho=0.95|state_noise=0,2,ipc,ipc_total_raw,42.36127179635316
3A_mc_sweep,leak_rate=0.3|n_units=200|rho=0.95|state_noise=0,2,ipc,ipc_linear,13.905729651344394
3A_mc_sweep,leak_rate=0.3|n_units=200|rho=0.95|state_noise=0,2,ipc,ipc_nonlinear,25.728208187560973
3A_mc_sweep,leak_rate=0.3|n_units=200|rho=0.95|state_noise=0,2,ipc,n_targets,601.0
3A_mc_sweep,leak_rate=0.3|n_units=200|rho=0.95|state_noise=0,2,ipc,n_targets_kept,355.0
3A_mc_sweep,leak_rate=0.3|n_units=200|rho=0.95|state_noise=0,2,ipc,saturation_ratio,0.19816968919452685
3A_mc_sweep,leak_rate=0.3|n_units=200|rho=0.95|state_noise=0,2,ipc,ipc_threshold_degree1,0.012548564235245774
3A_mc_sweep,leak_rate=0.3|n_units=200|rho=0.95|state_noise=0,2,ipc,ipc_threshold_degree2,0.012422849013176735
3A_mc_sweep,leak_rate=0.3|n_units=200|rho=0.95|state_noise=0,2,ipc,ipc_threshold_degree3,0.012397687685601866
3A_mc_sweep,leak_rate=0.3|n_units=200|rho=0.95|state_noise=0,2,ipc,ipc_threshold_degree4,0.012533377058665281
3A_mc_sweep,leak_rate=0.6|n_units=200|rho=0.95|state_noise=0,2,memory_capacity,mc_total,22.656420951466533
3A_mc_sweep,leak_rate=0.6|n_units=200|rho=0.95|state_noise=0,2,memory_capacity,mc_total_raw,25.6833110579311
3A_mc_sweep,leak_rate=0.6|n_units=200|rho=0.95|state_noise=0,2,memory_capacity,mc_threshold,0.012629184972715883
3A_mc_sweep,leak_rate=0.6|n_units=200|rho=0.95|state_noise=0,2,memory_capacity,mc_effective_delay,23.860449104401887
3A_mc_sweep,leak_rate=0.6|n_units=200|rho=0.95|state_noise=0,2,memory_capacity,mc_ratio,0.11328210475733266
3A_mc_sweep,leak_rate=0.6|n_units=200|rho=0.95|state_noise=0,2,memory_capacity,n_delays,400.0
3A_mc_sweep,leak_rate=0.6|n_units=200|rho=0.95|state_noise=0,2,ipc,ipc_total,79.93351764875469
3A_mc_sweep,leak_rate=0.6|n_units=200|rho=0.95|state_noise=0,2,ipc,ipc_total_raw,82.19768211346334
3A_mc_sweep,leak_rate=0.6|n_units=200|rho=0.95|state_noise=0,2,ipc,ipc_linear,20.989880785182624
3A_mc_sweep,leak_rate=0.6|n_units=200|rho=0.95|state_noise=0,2,ipc,ipc_nonlinear,58.94363686357207
3A_mc_sweep,leak_rate=0.6|n_units=200|rho=0.95|state_noise=0,2,ipc,n_targets,601.0
3A_mc_sweep,leak_rate=0.6|n_units=200|rho=0.95|state_noise=0,2,ipc,n_targets_kept,401.0
3A_mc_sweep,leak_rate=0.6|n_units=200|rho=0.95|state_noise=0,2,ipc,saturation_ratio,0.39966758824377346
3A_mc_sweep,leak_rate=0.6|n_units=200|rho=0.95|state_noise=0,2,ipc,ipc_threshold_degree1,0.012487687801680697
3A_mc_sweep,leak_rate=0.6|n_units=200|rho=0.95|state_noise=0,2,ipc,ipc_threshold_degree2,0.012685862549160924
3A_mc_sweep,leak_rate=0.6|n_units=200|rho=0.95|state_noise=0,2,ipc,ipc_threshold_degree3,0.012481260137775828
3A_mc_sweep,leak_rate=0.6|n_units=200|rho=0.95|state_noise=0,2,ipc,ipc_threshold_degree4,0.012719033537872963
3A_mc_sweep,leak_rate=1|n_units=200|rho=0.95|state_noise=0,2,memory_capacity,mc_total,31.46678462750432
3A_mc_sweep,leak_rate=1|n_units=200|rho=0.95|state_noise=0,2,memory_capacity,mc_total_raw,34.879403204010835
3A_mc_sweep,leak_rate=1|n_units=200|rho=0.95|state_noise=0,2,memory_capacity,mc_threshold,0.012378686975199742
3A_mc_sweep,leak_rate=1|n_units=200|rho=0.95|state_noise=0,2,memory_capacity,mc_effective_delay,17.958738944195186
3A_mc_sweep,leak_rate=1|n_units=200|rho=0.95|state_noise=0,2,memory_capacity,mc_ratio,0.1573339231375216
3A_mc_sweep,leak_rate=1|n_units=200|rho=0.95|state_noise=0,2,memory_capacity,n_delays,400.0
3A_mc_sweep,leak_rate=1|n_units=200|rho=0.95|state_noise=0,2,ipc,ipc_total,109.04853080992896
3A_mc_sweep,leak_rate=1|n_units=200|rho=0.95|state_noise=0,2,ipc,ipc_total_raw,111.57099200141792
3A_mc_sweep,leak_rate=1|n_units=200|rho=0.95|state_noise=0,2,ipc,ipc_linear,31.265408779448453
3A_mc_sweep,leak_rate=1|n_units=200|rho=0.95|state_noise=0,2,ipc,ipc_nonlinear,77.78312203048051
3A_mc_sweep,leak_rate=1|n_units=200|rho=0.95|state_noise=0,2,ipc,n_targets,601.0
3A_mc_sweep,leak_rate=1|n_units=200|rho=0.95|state_noise=0,2,ipc,n_targets_kept,366.0
3A_mc_sweep,leak_rate=1|n_units=200|rho=0.95|state_noise=0,2,ipc,saturation_ratio,0.5452426540496448
3A_mc_sweep,leak_rate=1|n_units=200|rho=0.95|state_noise=0,2,ipc,ipc_threshold_degree1,0.012829374977385236
3A_mc_sweep,leak_rate=1|n_units=200|rho=0.95|state_noise=0,2,ipc,ipc_threshold_degree2,0.012581284190762017
3A_mc_sweep,leak_rate=1|n_units=200|rho=0.95|state_noise=0,2,ipc,ipc_threshold_degree3,0.012567509064076401
3A_mc_sweep,leak_rate=1|n_units=200|rho=0.95|state_noise=0,2,ipc,ipc_threshold_degree4,0.012694814852642936
3A_mc_sweep,leak_rate=0.3|n_units=200|rho=1|state_noise=0,2,memory_capacity,mc_total,22.614916893239194
3A_mc_sweep,leak_rate=0.3|n_units=200|rho=1|state_noise=0,2,memory_capacity,mc_total_raw,24.134216911863327
3A_mc_sweep,leak_rate=0.3|n_units=200|rho=1|state_noise=0,2,memory_capacity,mc_threshold,0.012757970629669784
3A_mc_sweep,leak_rate=0.3|n_units=200|rho=1|state_noise=0,2,memory_capacity,mc_effective_delay,64.66961739653821
3A_mc_sweep,leak_rate=0.3|n_units=200|rho=1|state_noise=0,2,memory_capacity,mc_ratio,0.11307458446619596
3A_mc_sweep,leak_rate=0.3|n_units=200|rho=1|state_noise=0,2,memory_capacity,n_delays,400.0
3A_mc_sweep,leak_rate=0.3|n_units=200|rho=1|state_noise=0,2,ipc,ipc_total,35.01341840862718
3A_mc_sweep,leak_rate=0.3|n_units=200|rho=1|state_noise=0,2,ipc,ipc_total_raw,37.939750543626324
3A_mc_sweep,leak_rate=0.3|n_units=200|rho=1|state_noise=0,2,ipc,ipc_linear,13.721343514677756
3A_mc_sweep,leak_rate=0.3|n_units=200|rho=1|state_noise=0,2,ipc,ipc_nonlinear,21.292074893949426
3A_mc_sweep,leak_rate=0.3|n_units=200|rho=1|state_noise=0,2,ipc,n_targets,601.0
3A_mc_sweep,leak_rate=0.3|n_units=200|rho=1|state_noise=0,2,ipc,n_targets_kept,338.0
3A_mc_sweep,leak_rate=0.3|n_units=200|rho=1|state_noise=0,2,ipc,saturation_ratio,0.17506709204313592
3A_mc_sweep,leak_rate=0.3|n_units=200|rho=1|state_noise=0,2,ipc,ipc_threshold_degree1,0.01265104391176902
3A_mc_sweep,leak_rate=0.3|n_units=200|rho=1|state_noise=0,2,ipc,ipc_threshold_degree2,0.012509944541770592
3A_mc_sweep,leak_rate=0.3|n_units=200|rho=1|state_noise=0,2,ipc,ipc_threshold_degree3,0.013003748155978012
3A_mc_sweep,leak_rate=0.3|n_units=200|rho=1|state_noise=0,2,ipc,ipc_threshold_degree4,0.01256832725177678
3A_mc_sweep,leak_rate=0.6|n_units=200|rho=1|state_noise=0,2,memory_capacity,mc_total,25.553120162961875
3A_mc_sweep,leak_rate=0.6|n_units=200|rho=1|state_noise=0,2,memory_capacity,mc_total_raw,26.871726373851285
3A_mc_sweep,leak_rate=0.6|n_units=200|rho=1|state_noise=0,2,memory_capacity,mc_threshold,0.012422202318256083
3A_mc_sweep,leak_rate=0.6|n_units=200|rho=1|state_noise=0,2,memory_capacity,mc_effective_delay,41.64975776155994
3A_mc_sweep,leak_rate=0.6|n_units=200|rho=1|state_noise=0,2,memory_capacity,mc_ratio,0.12776560081480937
3A_mc_sweep,leak_rate=0.6|n_units=200|rho=1|state_noise=0,2,memory_capacity,n_delays,400.0
3A_mc_sweep,leak_rate=0.6|n_units=200|rho=1|state_noise=0,2,ipc,ipc_total,67.76464036202857
3A_mc_sweep,leak_rate=0.6|n_units=200|rho=1|state_noise=0,2,ipc,ipc_total_raw,70.15968563577928
3A_mc_sweep,leak_rate=0.6|n_units=200|rho=1|state_noise=0,2,ipc,ipc_linear,21.11802512299385
3A_mc_sweep,leak_rate=0.6|n_units=200|rho=1|state_noise=0,2,ipc,ipc_nonlinear,46.64661523903472
3A_mc_sweep,leak_rate=0.6|n_units=200|rho=1|state_noise=0,2,ipc,n_targets,601.0
3A_mc_sweep,leak_rate=0.6|n_units=200|rho=1|state_noise=0,2,ipc,n_targets_kept,388.0
3A_mc_sweep,leak_rate=0.6|n_units=200|rho=1|state_noise=0,2,ipc,saturation_ratio,0.33882320181014286
3A_mc_sweep,leak_rate=0.6|n_units=200|rho=1|state_noise=0,2,ipc,ipc_threshold_degree1,0.012654357755982858
3A_mc_sweep,leak_rate=0.6|n_units=200|rho=1|state_noise=0,2,ipc,ipc_threshold_degree2,0.012942886904689787
3A_mc_sweep,leak_rate=0.6|n_units=200|rho=1|state_noise=0,2,ipc,ipc_threshold_degree3,0.012651524452083625
3A_mc_sweep,leak_rate=0.6|n_units=200|rho=1|state_noise=0,2,ipc,ipc_threshold_degree4,0.012504898652923717
3A_mc_sweep,leak_rate=1|n_units=200|rho=1|state_noise=0,2,memory_capacity,mc_total,35.22293239635293
3A_mc_sweep,leak_rate=1|n_units=200|rho=1|state_noise=0,2,memory_capacity,mc_total_raw,37.876776300175024
3A_mc_sweep,leak_rate=1|n_units=200|rho=1|state_noise=0,2,memory_capacity,mc_threshold,0.012215997612905831
3A_mc_sweep,leak_rate=1|n_units=200|rho=1|state_noise=0,2,memory_capacity,mc_effective_delay,22.033205299184083
3A_mc_sweep,leak_rate=1|n_units=200|rho=1|state_noise=0,2,memory_capacity,mc_ratio,0.17611466198176465
3A_mc_sweep,leak_rate=1|n_units=200|rho=1|state_noise=0,2,memory_capacity,n_delays,400.0
3A_mc_sweep,leak_rate=1|n_units=200|rho=1|state_noise=0,2,ipc,ipc_total,91.50948010486817
3A_mc_sweep,leak_rate=1|n_units=200|rho=1|state_noise=0,2,ipc,ipc_total_raw,94.12729507591365
3A_mc_sweep,leak_rate=1|n_units=200|rho=1|state_noise=0,2,ipc,ipc_linear,34.0144562325464
3A_mc_sweep,leak_rate=1|n_units=200|rho=1|state_noise=0,2,ipc,ipc_nonlinear,57.495023872321774
3A_mc_sweep,leak_rate=1|n_units=200|rho=1|state_noise=0,2,ipc,n_targets,601.0
3A_mc_sweep,leak_rate=1|n_units=200|rho=1|state_noise=0,2,ipc,n_targets_kept,355.0
3A_mc_sweep,leak_rate=1|n_units=200|rho=1|state_noise=0,2,ipc,saturation_ratio,0.4575474005243409
3A_mc_sweep,leak_rate=1|n_units=200|rho=1|state_noise=0,2,ipc,ipc_threshold_degree1,0.012595774218144088
3A_mc_sweep,leak_rate=1|n_units=200|rho=1|state_noise=0,2,ipc,ipc_threshold_degree2,0.012546029232589257
3A_mc_sweep,leak_rate=1|n_units=200|rho=1|state_noise=0,2,ipc,ipc_threshold_degree3,0.012622815503998117
3A_mc_sweep,leak_rate=1|n_units=200|rho=1|state_noise=0,2,ipc,ipc_threshold_degree4,0.012769908093056904
3A_mc_sweep,leak_rate=0.3|n_units=200|rho=1.1|state_noise=0,2,memory_capacity,mc_total,18.55987206743414
3A_mc_sweep,leak_rate=0.3|n_units=200|rho=1.1|state_noise=0,2,memory_capacity,mc_total_raw,21.01014688339965
3A_mc_sweep,leak_rate=0.3|n_units=200|rho=1.1|state_noise=0,2,memory_capacity,mc_threshold,0.012468018576289304
3A_mc_sweep,leak_rate=0.3|n_units=200|rho=1.1|state_noise=0,2,memory_capacity,mc_effective_delay,44.878541519977524
3A_mc_sweep,leak_rate=0.3|n_units=200|rho=1.1|state_noise=0,2,memory_capacity,mc_ratio,0.09279936033717069
3A_mc_sweep,leak_rate=0.3|n_units=200|rho=1.1|state_noise=0,2,memory_capacity,n_delays,400.0
3A_mc_sweep,leak_rate=0.3|n_units=200|rho=1.1|state_noise=0,2,ipc,ipc_total,56.77576717703704
3A_mc_sweep,leak_rate=0.3|n_units=200|rho=1.1|state_noise=0,2,ipc,ipc_total_raw,56.92430763992831
3A_mc_sweep,leak_rate=0.3|n_units=200|rho=1.1|state_noise=0,2,ipc,ipc_linear,12.620337039510847
3A_mc_sweep,leak_rate=0.3|n_units=200|rho=1.1|state_noise=0,2,ipc,ipc_nonlinear,44.155430137526196
3A_mc_sweep,leak_rate=0.3|n_units=200|rho=1.1|state_noise=0,2,ipc,n_targets,601.0
3A_mc_sweep,leak_rate=0.3|n_units=200|rho=1.1|state_noise=0,2,ipc,n_targets_kept,588.0
3A_mc_sweep,leak_rate=0.3|n_units=200|rho=1.1|state_noise=0,2,ipc,saturation_ratio,0.2838788358851852
3A_mc_sweep,leak_rate=0.3|n_units=200|rho=1.1|state_noise=0,2,ipc,ipc_threshold_degree1,0.012913455627090622
3A_mc_sweep,leak_rate=0.3|n_units=200|rho=1.1|state_noise=0,2,ipc,ipc_threshold_degree2,0.012772714355069187
3A_mc_sweep,leak_rate=0.3|n_units=200|rho=1.1|state_noise=0,2,ipc,ipc_threshold_degree3,0.012509175903020394
3A_mc_sweep,leak_rate=0.3|n_units=200|rho=1.1|state_noise=0,2,ipc,ipc_threshold_degree4,0.01246294382729879
3A_mc_sweep,leak_rate=0.6|n_units=200|rho=1.1|state_noise=0,2,memory_capacity,mc_total,19.635372221305524
3A_mc_sweep,leak_rate=0.6|n_units=200|rho=1.1|state_noise=0,2,memory_capacity,mc_total_raw,22.89727881719016
3A_mc_sweep,leak_rate=0.6|n_units=200|rho=1.1|state_noise=0,2,memory_capacity,mc_threshold,0.012609850518019348
3A_mc_sweep,leak_rate=0.6|n_units=200|rho=1.1|state_noise=0,2,memory_capacity,mc_effective_delay,20.03690389993996
3A_mc_sweep,leak_rate=0.6|n_units=200|rho=1.1|state_noise=0,2,memory_capacity,mc_ratio,0.09817686110652762
3A_mc_sweep,leak_rate=0.6|n_units=200|rho=1.1|state_noise=0,2,memory_capacity,n_delays,400.0
3A_mc_sweep,leak_rate=0.6|n_units=200|rho=1.1|state_noise=0,2,ipc,ipc_total,108.42260796089934
3A_mc_sweep,leak_rate=0.6|n_units=200|rho=1.1|state_noise=0,2,ipc,ipc_total_raw,108.53520683224558
3A_mc_sweep,leak_rate=0.6|n_units=200|rho=1.1|state_noise=0,2,ipc,ipc_linear,19.06496386286358
3A_mc_sweep,leak_rate=0.6|n_units=200|rho=1.1|state_noise=0,2,ipc,ipc_nonlinear,89.35764409803576
3A_mc_sweep,leak_rate=0.6|n_units=200|rho=1.1|state_noise=0,2,ipc,n_targets,601.0
3A_mc_sweep,leak_rate=0.6|n_units=200|rho=1.1|state_noise=0,2,ipc,n_targets_kept,591.0
3A_mc_sweep,leak_rate=0.6|n_units=200|rho=1.1|state_noise=0,2,ipc,saturation_ratio,0.5421130398044967
3A_mc_sweep,leak_rate=0.6|n_units=200|rho=1.1|state_noise=0,2,ipc,ipc_threshold_degree1,0.012390793170040097
3A_mc_sweep,leak_rate=0.6|n_units=200|rho=1.1|state_noise=0,2,ipc,ipc_threshold_degree2,0.012537902804163985
3A_mc_sweep,leak_rate=0.6|n_units=200|rho=1.1|state_noise=0,2,ipc,ipc_threshold_degree3,0.012428667011900426
3A_mc_sweep,leak_rate=0.6|n_units=200|rho=1.1|state_noise=0,2,ipc,ipc_threshold_degree4,0.012794180474925027
3A_mc_sweep,leak_rate=1|n_units=200|rho=1.1|state_noise=0,2,memory_capacity,mc_total,29.364092327130916
3A_mc_sweep,leak_rate=1|n_units=200|rho=1.1|state_noise=0,2,memory_capacity,mc_total_raw,32.68644690287971
3A_mc_sweep,leak_rate=1|n_units=200|rho=1.1|state_noise=0,2,memory_capacity,mc_threshold,0.012076936955389387
3A_mc_sweep,leak_rate=1|n_units=200|rho=1.1|state_noise=0,2,memory_capacity,mc_effective_delay,17.8308697942102
3A_mc_sweep,leak_rate=1|n_units=200|rho=1.1|state_noise=0,2,memory_capacity,mc_ratio,0.14682046163565457
3A_mc_sweep,leak_rate=1|n_units=200|rho=1.1|state_noise=0,2,memory_capacity,n_delays,400.0
3A_mc_sweep,leak_rate=1|n_units=200|rho=1.1|state_noise=0,2,ipc,ipc_total,134.53893365029174
3A_mc_sweep,leak_rate=1|n_units=200|rho=1.1|state_noise=0,2,ipc,ipc_total_raw,134.8447763780303
3A_mc_sweep,leak_rate=1|n_units=200|rho=1.1|state_noise=0,2,ipc,ipc_linear,29.13348140554005
3A_mc_sweep,leak_rate=1|n_units=200|rho=1.1|state_noise=0,2,ipc,ipc_nonlinear,105.40545224475169
3A_mc_sweep,leak_rate=1|n_units=200|rho=1.1|state_noise=0,2,ipc,n_targets,601.0
3A_mc_sweep,leak_rate=1|n_units=200|rho=1.1|state_noise=0,2,ipc,n_targets_kept,575.0
3A_mc_sweep,leak_rate=1|n_units=200|rho=1.1|state_noise=0,2,ipc,saturation_ratio,0.6726946682514587
3A_mc_sweep,leak_rate=1|n_units=200|rho=1.1|state_noise=0,2,ipc,ipc_threshold_degree1,0.012699643910170191
3A_mc_sweep,leak_rate=1|n_units=200|rho=1.1|state_noise=0,2,ipc,ipc_threshold_degree2,0.012842439614442248
3A_mc_sweep,leak_rate=1|n_units=200|rho=1.1|state_noise=0,2,ipc,ipc_threshold_degree3,0.012494204211628638
3A_mc_sweep,leak_rate=1|n_units=200|rho=1.1|state_noise=0,2,ipc,ipc_threshold_degree4,0.012735901549049957
3B_ipc_sweep,leak_rate=0.3|n_units=50|rho=0.5|state_noise=0,0,memory_capacity,mc_total,8.100975884877583
3B_ipc_sweep,leak_rate=0.3|n_units=50|rho=0.5|state_noise=0,0,memory_capacity,mc_total_raw,8.269730394461664
3B_ipc_sweep,leak_rate=0.3|n_units=50|rho=0.5|state_noise=0,0,memory_capacity,mc_threshold,0.0007689675891578562
3B_ipc_sweep,leak_rate=0.3|n_units=50|rho=0.5|state_noise=0,0,memory_capacity,mc_effective_delay,15.234124851287724
3B_ipc_sweep,leak_rate=0.3|n_units=50|rho=0.5|state_noise=0,0,memory_capacity,mc_ratio,0.16201951769755166
3B_ipc_sweep,leak_rate=0.3|n_units=50|rho=0.5|state_noise=0,0,memory_capacity,n_delays,400.0
3B_ipc_sweep,leak_rate=0.3|n_units=50|rho=0.5|state_noise=0,0,ipc,ipc_total,20.519689005697906
3B_ipc_sweep,leak_rate=0.3|n_units=50|rho=0.5|state_noise=0,0,ipc,ipc_total_raw,20.658911554832834
3B_ipc_sweep,leak_rate=0.3|n_units=50|rho=0.5|state_noise=0,0,ipc,ipc_linear,8.088251292499848
3B_ipc_sweep,leak_rate=0.3|n_units=50|rho=0.5|state_noise=0,0,ipc,ipc_nonlinear,12.431437713198058
3B_ipc_sweep,leak_rate=0.3|n_units=50|rho=0.5|state_noise=0,0,ipc,n_targets,601.0
3B_ipc_sweep,leak_rate=0.3|n_units=50|rho=0.5|state_noise=0,0,ipc,n_targets_kept,382.0
3B_ipc_sweep,leak_rate=0.3|n_units=50|rho=0.5|state_noise=0,0,ipc,saturation_ratio,0.4103937801139581
3B_ipc_sweep,leak_rate=0.3|n_units=50|rho=0.5|state_noise=0,0,ipc,ipc_threshold_degree1,0.0007653137883032723
3B_ipc_sweep,leak_rate=0.3|n_units=50|rho=0.5|state_noise=0,0,ipc,ipc_threshold_degree2,0.0007518991266913033
3B_ipc_sweep,leak_rate=0.3|n_units=50|rho=0.5|state_noise=0,0,ipc,ipc_threshold_degree3,0.0007462786215018389
3B_ipc_sweep,leak_rate=0.3|n_units=50|rho=0.5|state_noise=0,0,ipc,ipc_threshold_degree4,0.0008874143032162059
3B_ipc_sweep,leak_rate=0.6|n_units=50|rho=0.5|state_noise=0,0,memory_capacity,mc_total,8.540519224141239
3B_ipc_sweep,leak_rate=0.6|n_units=50|rho=0.5|state_noise=0,0,memory_capacity,mc_total_raw,8.719801688715286
3B_ipc_sweep,leak_rate=0.6|n_units=50|rho=0.5|state_noise=0,0,memory_capacity,mc_threshold,0.0007495227581705322
3B_ipc_sweep,leak_rate=0.6|n_units=50|rho=0.5|state_noise=0,0,memory_capacity,mc_effective_delay,7.200941510179215
3B_ipc_sweep,leak_rate=0.6|n_units=50|rho=0.5|state_noise=0,0,memory_capacity,mc_ratio,0.17081038448282476
3B_ipc_sweep,leak_rate=0.6|n_units=50|rho=0.5|state_noise=0,0,memory_capacity,n_delays,400.0
3B_ipc_sweep,leak_rate=0.6|n_units=50|rho=0.5|state_noise=0,0,ipc,ipc_total,30.05860594614728
3B_ipc_sweep,leak_rate=0.6|n_units=50|rho=0.5|state_noise=0,0,ipc,ipc_total_raw,30.237581341801864
3B_ipc_sweep,leak_rate=0.6|n_units=50|rho=0.5|state_noise=0,0,ipc,ipc_linear,8.533947963167526
3B_ipc_sweep,leak_rate=0.6|n_units=50|rho=0.5|state_noise=0,0,ipc,ipc_nonlinear,21.524657982979754
3B_ipc_sweep,leak_rate=0.6|n_units=50|rho=0.5|state_noise=0,0,ipc,n_targets,601.0
3B_ipc_sweep,leak_rate=0.6|n_units=50|rho=0.5|state_noise=0,0,ipc,n_targets_kept,294.0
3B_ipc_sweep,leak_rate=0.6|n_units=50|rho=0.5|state_noise=0,0,ipc,saturation_ratio,0.6011721189229456
3B_ipc_sweep,leak_rate=0.6|n_units=50|rho=0.5|state_noise=0,0,ipc,ipc_threshold_degree1,0.0007518099061352111
3B_ipc_sweep,leak_rate=0.6|n_units=50|rho=0.5|state_noise=0,0,ipc,ipc_threshold_degree2,0.0007696547143927186
3B_ipc_sweep,leak_rate=0.6|n_units=50|rho=0.5|state_noise=0,0,ipc,ipc_threshold_degree3,0.000798023610649835
3B_ipc_sweep,leak_rate=0.6|n_units=50|rho=0.5|state_noise=0,0,ipc,ipc_threshold_degree4,0.0008614839625560829
3B_ipc_sweep,leak_rate=1|n_units=50|rho=0.5|state_noise=0,0,memory_capacity,mc_total,9.567431090262385
3B_ipc_sweep,leak_rate=1|n_units=50|rho=0.5|state_noise=0,0,memory_capacity,mc_total_raw,9.751577931761148
3B_ipc_sweep,leak_rate=1|n_units=50|rho=0.5|state_noise=0,0,memory_capacity,mc_threshold,0.0007541413142438503
3B_ipc_sweep,leak_rate=1|n_units=50|rho=0.5|state_noise=0,0,memory_capacity,mc_effective_delay,5.462497211033603
3B_ipc_sweep,leak_rate=1|n_units=50|rho=0.5|state_noise=0,0,memory_capacity,mc_ratio,0.1913486218052477
3B_ipc_sweep,leak_rate=1|n_units=50|rho=0.5|state_noise=0,0,memory_capacity,n_delays,400.0
3B_ipc_sweep,leak_rate=1|n_units=50|rho=0.5|state_noise=0,0,ipc,ipc_total,31.91479823845596
3B_ipc_sweep,leak_rate=1|n_units=50|rho=0.5|state_noise=0,0,ipc,ipc_total_raw,32.143449212207464
3B_ipc_sweep,leak_rate=1|n_units=50|rho=0.5|state_noise=0,0,ipc,ipc_linear,9.562447659020828
3B_ipc_sweep,leak_rate=1|n_units=50|rho=0.5|state_noise=0,0,ipc,ipc_nonlinear,22.352350579435132
3B_ipc_sweep,leak_rate=1|n_units=50|rho=0.5|state_noise=0,0,ipc,n_targets,601.0
3B_ipc_sweep,leak_rate=1|n_units=50|rho=0.5|state_noise=0,0,ipc,n_targets_kept,196.0
3B_ipc_sweep,leak_rate=1|n_units=50|rho=0.5|state_noise=0,0,ipc,saturation_ratio,0.6382959647691192
3B_ipc_sweep,leak_rate=1|n_units=50|rho=0.5|state_noise=0,0,ipc,ipc_threshold_degree1,0.0007534470774029522
3B_ipc_sweep,leak_rate=1|n_units=50|rho=0.5|state_noise=0,0,ipc,ipc_threshold_degree2,0.0007708283261595227
3B_ipc_sweep,leak_rate=1|n_units=50|rho=0.5|state_noise=0,0,ipc,ipc_threshold_degree3,0.0008101676594033069
3B_ipc_sweep,leak_rate=1|n_units=50|rho=0.5|state_noise=0,0,ipc,ipc_threshold_degree4,0.0008664994184071161
3B_ipc_sweep,leak_rate=0.3|n_units=50|rho=0.8|state_noise=0,0,memory_capacity,mc_total,9.937375657355554
3B_ipc_sweep,leak_rate=0.3|n_units=50|rho=0.8|state_noise=0,0,memory_capacity,mc_total_raw,10.097327817024837
3B_ipc_sweep,leak_rate=0.3|n_units=50|rho=0.8|state_noise=0,0,memory_capacity,mc_threshold,0.0007519962642049538
3B_ipc_sweep,leak_rate=0.3|n_units=50|rho=0.8|state_noise=0,0,memory_capacity,mc_effective_delay,19.766055707962767
3B_ipc_sweep,leak_rate=0.3|n_units=50|rho=0.8|state_noise=0,0,memory_capacity,mc_ratio,0.1987475131471111
3B_ipc_sweep,leak_rate=0.3|n_units=50|rho=0.8|state_noise=0,0,memory_capacity,n_delays,400.0
3B_ipc_sweep,leak_rate=0.3|n_units=50|rho=0.8|state_noise=0,0,ipc,ipc_total,20.801252541465537
3B_ipc_sweep,leak_rate=0.3|n_units=50|rho=0.8|state_noise=0,0,ipc,ipc_total_raw,20.945698507171937
3B_ipc_sweep,leak_rate=0.3|n_units=50|rho=0.8|state_noise=0,0,ipc,ipc_linear,9.663614945675919
3B_ipc_sweep,leak_rate=0.3|n_units=50|rho=0.8|state_noise=0,0,ipc,ipc_nonlinear,11.137637595789618
3B_ipc_sweep,leak_rate=0.3|n_units=50|rho=0.8|state_noise=0,0,ipc,n_targets,601.0
3B_ipc_sweep,leak_rate=0.3|n_units=50|rho=0.8|state_noise=0,0,ipc,n_targets_kept,369.0
3B_ipc_sweep,leak_rate=0.3|n_units=50|rho=0.8|state_noise=0,0,ipc,saturation_ratio,0.41602505082931074
3B_ipc_sweep,leak_rate=0.3|n_units=50|rho=0.8|state_noise=0,0,ipc,ipc_threshold_degree1,0.0007689114342375646
3B_ipc_sweep,leak_rate=0.3|n_units=50|rho=0.8|state_noise=0,0,ipc,ipc_threshold_degree2,0.0007617153045551994
3B_ipc_sweep,leak_rate=0.3|n_units=50|rho=0.8|state_noise=0,0,ipc,ipc_threshold_degree3,0.0007798802993079923
3B_ipc_sweep,leak_rate=0.3|n_units=50|rho=0.8|state_noise=0,0,ipc,ipc_threshold_degree4,0.0009044410521058988
3B_ipc_sweep,leak_rate=0.6|n_units=50|rho=0.8|state_noise=0,0,memory_capacity,mc_total,10.489394086854581
3B_ipc_sweep,leak_rate=0.6|n_units=50|rho=0.8|state_noise=0,0,memory_capacity,mc_total_raw,10.664433627032434
3B_ipc_sweep,leak_rate=0.6|n_units=50|rho=0.8|state_noise=0,0,memory_capacity,mc_threshold,0.0007336111786901445
3B_ipc_sweep,leak_rate=0.6|n_units=50|rho=0.8|state_noise=0,0,memory_capacity,mc_effective_delay,9.184015194638748
3B_ipc_sweep,leak_rate=0.6|n_units=50|rho=0.8|state_noise=0,0,memory_capacity,mc_ratio,0.20978788173709162
3B_ipc_sweep,leak_rate=0.6|n_units=50|rho=0.8|state_noise=0,0,memory_capacity,n_delays,400.0
3B_ipc_sweep,leak_rate=0.6|n_units=50|rho=0.8|state_noise=0,0,ipc,ipc_total,30.11207762539003
3B_ipc_sweep,leak_rate=0.6|n_units=50|rho=0.8|state_noise=0,0,ipc,ipc_total_raw,30.289078449869827
3B_ipc_sweep,leak_rate=0.6|n_units=50|rho=0.8|state_noise=0,0,ipc,ipc_linear,10.48301995061131
3B_ipc_sweep,leak_rate=0.6|n_units=50|rho=0.8|state_noise=0,0,ipc,ipc_nonlinear,19.62905767477872
3B_ipc_sweep,leak_rate=0.6|n_units=50|rho=0.8|state_noise=0,0,ipc,n_targets,601.0
3B_ipc_sweep,leak_rate=0.6|n_units=50|rho=0.8|state_noise=0,0,ipc,n_targets_kept,301.0
3B_ipc_sweep,leak_rate=0.6|n_units=50|rho=0.8|state_noise=0,0,ipc,saturation_ratio,0.6022415525078005
3B_ipc_sweep,leak_rate=0.6|n_units=50|rho=0.8|state_noise=0,0,ipc,ipc_threshold_degree1,0.00078632558596593
3B_ipc_sweep,leak_rate=0.6|n_units=50|rho=0.8|state_noise=0,0,ipc,ipc_threshold_degree2,0.0007659234069061005
3B_ipc_sweep,leak_rate=0.6|n_units=50|rho=0.8|state_noise=0,0,ipc,ipc_threshold_degree3,0.0008235015949220069
3B_ipc_sweep,leak_rate=0.6|n_units=50|rho=0.8|state_noise=0,0,ipc,ipc_threshold_degree4,0.0008590843155520388
3B_ipc_sweep,leak_rate=1|n_units=50|rho=0.8|state_noise=0,0,memory_capacity,mc_total,13.033171437816963
3B_ipc_sweep,leak_rate=1|n_units=50|rho=0.8|state_noise=0,0,memory_capacity,mc_total_raw,13.215266673238633
3B_ipc_sweep,leak_rate=1|n_units=50|rho=0.8|state_noise=0,0,memory_capacity,mc_threshold,0.0007521991962521336
3B_ipc_sweep,leak_rate=1|n_units=50|rho=0.8|state_noise=0,0,memory_capacity,mc_effective_delay,7.34913252721402
3B_ipc_sweep,leak_rate=1|n_units=50|rho=0.8|state_noise=0,0,memory_capacity,mc_ratio,0.26066342875633924
3B_ipc_sweep,leak_rate=1|n_units=50|rho=0.8|state_noise=0,0,memory_capacity,n_delays,400.0
3B_ipc_sweep,leak_rate=1|n_units=50|rho=0.8|state_noise=0,0,ipc,ipc_total,32.83881631294243
3B_ipc_sweep,leak_rate=1|n_units=50|rho=0.8|state_noise=0,0,ipc,ipc_total_raw,33.01933580470028
3B_ipc_sweep,leak_rate=1|n_units=50|rho=0.8|state_noise=0,0,ipc,ipc_linear,13.030162043220741
3B_ipc_sweep,leak_rate=1|n_units=50|rho=0.8|state_noise=0,0,ipc,ipc_nonlinear,19.808654269721686
3B_ipc_sweep,leak_rate=1|n_units=50|rho=0.8|state_noise=0,0,ipc,n_targets,601.0
3B_ipc_sweep,leak_rate=1|n_units=50|rho=0.8|state_noise=0,0,ipc,n_targets_kept,279.0
3B_ipc_sweep,leak_rate=1|n_units=50|rho=0.8|state_noise=0,0,ipc,saturation_ratio,0.6567763262588485
3B_ipc_sweep,leak_rate=1|n_units=50|rho=0.8|state_noise=0,0,ipc,ipc_threshold_degree1,0.0007576078868670877
3B_ipc_sweep,leak_rate=1|n_units=50|rho=0.8|state_noise=0,0,ipc,ipc_threshold_degree2,0.0007593833795046064
3B_ipc_sweep,leak_rate=1|n_units=50|rho=0.8|state_noise=0,0,ipc,ipc_threshold_degree3,0.0008241711986261812
3B_ipc_sweep,leak_rate=1|n_units=50|rho=0.8|state_noise=0,0,ipc,ipc_threshold_degree4,0.000841242553951912
3B_ipc_sweep,leak_rate=0.3|n_units=50|rho=0.95|state_noise=0,0,memory_capacity,mc_total,10.925769970345529
3B_ipc_sweep,leak_rate=0.3|n_units=50|rho=0.95|state_noise=0,0,memory_capacity,mc_total_raw,11.07871697989302
3B_ipc_sweep,leak_rate=0.3|n_units=50|rho=0.95|state_noise=0,0,memory_capacity,mc_threshold,0.0007322492366815714
3B_ipc_sweep,leak_rate=0.3|n_units=50|rho=0.95|state_noise=0,0,memory_capacity,mc_effective_delay,23.14948607300165
3B_ipc_sweep,leak_rate=0.3|n_units=50|rho=0.95|state_noise=0,0,memory_capacity,mc_ratio,0.2185153994069106
3B_ipc_sweep,leak_rate=0.3|n_units=50|rho=0.95|state_noise=0,0,memory_capacity,n_delays,400.0
3B_ipc_sweep,leak_rate=0.3|n_units=50|rho=0.95|state_noise=0,0,ipc,ipc_total,19.826167591156445
3B_ipc_sweep,leak_rate=0.3|n_units=50|rho=0.95|state_noise=0,0,ipc,ipc_total_raw,19.98762501062419
3B_ipc_sweep,leak_rate=0.3|n_units=50|rho=0.95|state_noise=0,0,ipc,ipc_linear,10.221126270739461
3B_ipc_sweep,leak_rate=0.3|n_units=50|rho=0.95|state_noise=0,0,ipc,ipc_nonlinear,9.605041320416984
3B_ipc_sweep,leak_rate=0.3|n_units=50|rho=0.95|state_noise=0,0,ipc,n_targets,601.0
3B_ipc_sweep,leak_rate=0.3|n_units=50|rho=0.95|state_noise=0,0,ipc,n_targets_kept,346.0
3B_ipc_sweep,leak_rate=0.3|n_units=50|rho=0.95|state_noise=0,0,ipc,saturation_ratio,0.39652335182312887
3B_ipc_sweep,leak_rate=0.3|n_units=50|rho=0.95|state_noise=0,0,ipc,ipc_threshold_degree1,0.0007668411721431134
3B_ipc_sweep,leak_rate=0.3|n_units=50|rho=0.95|state_noise=0,0,ipc,ipc_threshold_degree2,0.0007905291516334431
3B_ipc_sweep,leak_rate=0.3|n_units=50|rho=0.95|state_noise=0,0,ipc,ipc_threshold_degree3,0.0007894443429600404
3B_ipc_sweep,leak_rate=0.3|n_units=50|rho=0.95|state_noise=0,0,ipc,ipc_threshold_degree4,0.0008876834287783719
3B_ipc_sweep,leak_rate=0.6|n_units=50|rho=0.95|state_noise=0,0,memory_capacity,mc_total,11.54386007918229
3B_ipc_sweep,leak_rate=0.6|n_units=50|rho=0.95|state_noise=0,0,memory_capacity,mc_total_raw,11.713783668481097
3B_ipc_sweep,leak_rate=0.6|n_units=50|rho=0.95|state_noise=0,0,memory_capacity,mc_threshold,0.0007364694436392173
3B_ipc_sweep,leak_rate=0.6|n_units=50|rho=0.95|state_noise=0,0,memory_capacity,mc_effective_delay,10.52676282379644
3B_ipc_sweep,leak_rate=0.6|n_units=50|rho=0.95|state_noise=0,0,memory_capacity,mc_ratio,0.2308772015836458
3B_ipc_sweep,leak_rate=0.6|n_units=50|rho=0.95|state_noise=0,0,memory_capacity,n_delays,400.0
3B_ipc_sweep,leak_rate=0.6|n_units=50|rho=0.95|state_noise=0,0,ipc,ipc_total,27.917863133649917
3B_ipc_sweep,leak_rate=0.6|n_units=50|rho=0.95|state_noise=0,0,ipc,ipc_total_raw,28.081716559680928
3B_ipc_sweep,leak_rate=0.6|n_units=50|rho=0.95|state_noise=0,0,ipc,ipc_linear,11.539148374218383
3B_ipc_sweep,leak_rate=0.6|n_units=50|rho=0.95|state_noise=0,0,ipc,ipc_nonlinear,16.37871475943153
3B_ipc_sweep,leak_rate=0.6|n_units=50|rho=0.95|state_noise=0,0,ipc,n_targets,601.0
3B_ipc_sweep,leak_rate=0.6|n_units=50|rho=0.95|state_noise=0,0,ipc,n_targets_kept,324.0
3B_ipc_sweep,leak_rate=0.6|n_units=50|rho=0.95|state_noise=0,0,ipc,saturation_ratio,0.5583572626729983
3B_ipc_sweep,leak_rate=0.6|n_units=50|rho=0.95|state_noise=0,0,ipc,ipc_threshold_degree1,0.0007420485266567672
3B_ipc_sweep,leak_rate=0.6|n_units=50|rho=0.95|state_noise=0,0,ipc,ipc_threshold_degree2,0.0007387643847824632
3B_ipc_sweep,leak_rate=0.6|n_units=50|rho=0.95|state_noise=0,0,ipc,ipc_threshold_degree3,0.0008002477756997446
3B_ipc_sweep,leak_rate=0.6|n_units=50|rho=0.95|state_noise=0,0,ipc,ipc_threshold_degree4,0.0008549358235948831
3B_ipc_sweep,leak_rate=1|n_units=50|rho=0.95|state_noise=0,0,memory_capacity,mc_total,14.55554911040553
3B_ipc_sweep,leak_rate=1|n_units=50|rho=0.95|state_noise=0,0,memory_capacity,mc_total_raw,14.730901282059456
3B_ipc_sweep,leak_rate=1|n_units=50|rho=0.95|state_noise=0,0,memory_capacity,mc_threshold,0.0007554234839940269
3B_ipc_sweep,leak_rate=1|n_units=50|rho=0.95|state_noise=0,0,memory_capacity,mc_effective_delay,8.616321249969216
3B_ipc_sweep,leak_rate=1|n_units=50|rho=0.95|state_noise=0,0,memory_capacity,mc_ratio,0.2911109822081106
3B_ipc_sweep,leak_rate=1|n_units=50|rho=0.95|state_noise=0,0,memory_capacity,n_delays,400.0
3B_ipc_sweep,leak_rate=1|n_units=50|rho=0.95|state_noise=0,0,ipc,ipc_total,29.879067935347727
3B_ipc_sweep,leak_rate=1|n_units=50|rho=0.95|state_noise=0,0,ipc,ipc_total_raw,30.051517318104143
3B_ipc_sweep,leak_rate=1|n_units=50|rho=0.95|state_noise=0,0,ipc,ipc_linear,14.553620159583236
3B_ipc_sweep,leak_rate=1|n_units=50|rho=0.95|state_noise=0,0,ipc,ipc_nonlinear,15.325447775764491
3B_ipc_sweep,leak_rate=1|n_units=50|rho=0.95|state_noise=0,0,ipc,n_targets,601.0
3B_ipc_sweep,leak_rate=1|n_units=50|rho=0.95|state_noise=0,0,ipc,n_targets_kept,295.0
3B_ipc_sweep,leak_rate=1|n_units=50|rho=0.95|state_noise=0,0,ipc,saturation_ratio,0.5975813587069545
3B_ipc_sweep,leak_rate=1|n_units=50|rho=0.95|state_noise=0,0,ipc,ipc_threshold_degree1,0.0007457348641596726
3B_ipc_sweep,leak_rate=1|n_units=50|rho=0.95|state_noise=0,0,ipc,ipc_threshold_degree2,0.0007663697491445797
3B_ipc_sweep,leak_rate=1|n_units=50|rho=0.95|state_noise=0,0,ipc,ipc_threshold_degree3,0.0007789545799557062
3B_ipc_sweep,leak_rate=1|n_units=50|rho=0.95|state_noise=0,0,ipc,ipc_threshold_degree4,0.0008503592518148648
3B_ipc_sweep,leak_rate=0.3|n_units=50|rho=1.1|state_noise=0,0,memory_capacity,mc_total,11.99987720821855
3B_ipc_sweep,leak_rate=0.3|n_units=50|rho=1.1|state_noise=0,0,memory_capacity,mc_total_raw,12.128822034854249
3B_ipc_sweep,leak_rate=0.3|n_units=50|rho=1.1|state_noise=0,0,memory_capacity,mc_threshold,0.0007039206787323185
3B_ipc_sweep,leak_rate=0.3|n_units=50|rho=1.1|state_noise=0,0,memory_capacity,mc_effective_delay,27.748194831246877
3B_ipc_sweep,leak_rate=0.3|n_units=50|rho=1.1|state_noise=0,0,memory_capacity,mc_ratio,0.239997544164371
3B_ipc_sweep,leak_rate=0.3|n_units=50|rho=1.1|state_noise=0,0,memory_capacity,n_delays,400.0
3B_ipc_sweep,leak_rate=0.3|n_units=50|rho=1.1|state_noise=0,0,ipc,ipc_total,17.561344176122923
3B_ipc_sweep,leak_rate=0.3|n_units=50|rho=1.1|state_noise=0,0,ipc,ipc_total_raw,17.715703075168307
3B_ipc_sweep,leak_rate=0.3|n_units=50|rho=1.1|state_noise=0,0,ipc,ipc_linear,10.558020771055975
3B_ipc_sweep,leak_rate=0.3|n_units=50|rho=1.1|state_noise=0,0,ipc,ipc_nonlinear,7.003323405066947
3B_ipc_sweep,leak_rate=0.3|n_units=50|rho=1.1|state_noise=0,0,ipc,n_targets,601.0
3B_ipc_sweep,leak_rate=0.3|n_units=50|rho=1.1|state_noise=0,0,ipc,n_targets_kept,348.0
3B_ipc_sweep,leak_rate=0.3|n_units=50|rho=1.1|state_noise=0,0,ipc,saturation_ratio,0.35122688352245846
3B_ipc_sweep,leak_rate=0.3|n_units=50|rho=1.1|state_noise=0,0,ipc,ipc_threshold_degree1,0.0007716899171048585
3B_ipc_sweep,leak_rate=0.3|n_units=50|rho=1.1|state_noise=0,0,ipc,ipc_threshold_degree2,0.0007381041406096019
3B_ipc_sweep,leak_rate=0.3|n_units=50|rho=1.1|state_noise=0,0,ipc,ipc_threshold_degree3,0.0007856473906878868
3B_ipc_sweep,leak_rate=0.3|n_units=50|rho=1.1|state_noise=0,0,ipc,ipc_threshold_degree4,0.0008785766266942539
3B_ipc_sweep,leak_rate=0.6|n_units=50|rho=1.1|state_noise=0,0,memory_capacity,mc_total,12.5393903304916
3B_ipc_sweep,leak_rate=0.6|n_units=50|rho=1.1|state_noise=0,0,memory_capacity,mc_total_raw,12.7042914957605
3B_ipc_sweep,leak_rate=0.6|n_units=50|rho=1.1|state_noise=0,0,memory_capacity,mc_threshold,0.0007486569406954202
3B_ipc_sweep,leak_rate=0.6|n_units=50|rho=1.1|state_noise=0,0,memory_capacity,mc_effective_delay,12.573402359078313
3B_ipc_sweep,leak_rate=0.6|n_units=50|rho=1.1|state_noise=0,0,memory_capacity,mc_ratio,0.25078780660983196
3B_ipc_sweep,leak_rate=0.6|n_units=50|rho=1.1|state_noise=0,0,memory_capacity,n_delays,400.0
3B_ipc_sweep,leak_rate=0.6|n_units=50|rho=1.1|state_noise=0,0,ipc,ipc_total,23.375792318867045
3B_ipc_sweep,leak_rate=0.6|n_units=50|rho=1.1|state_noise=0,0,ipc,ipc_total_raw,23.534285899984354
3B_ipc_sweep,leak_rate=0.6|n_units=50|rho=1.1|state_noise=0,0,ipc,ipc_linear,12.53183195532989
3B_ipc_sweep,leak_rate=0.6|n_units=50|rho=1.1|state_noise=0,0,ipc,ipc_nonlinear,10.843960363537155
3B_ipc_sweep,leak_rate=0.6|n_units=50|rho=1.1|state_noise=0,0,ipc,n_targets,601.0
3B_ipc_sweep,leak_rate=0.6|n_units=50|rho=1.1|state_noise=0,0,ipc,n_targets_kept,331.0
3B_ipc_sweep,leak_rate=0.6|n_units=50|rho=1.1|state_noise=0,0,ipc,saturation_ratio,0.4675158463773409
3B_ipc_sweep,leak_rate=0.6|n_units=50|rho=1.1|state_noise=0,0,ipc,ipc_threshold_degree1,0.0007387143076695189
3B_ipc_sweep,leak_rate=0.6|n_units=50|rho=1.1|state_noise=0,0,ipc,ipc_threshold_degree2,0.000736058725480384
3B_ipc_sweep,leak_rate=0.6|n_units=50|rho=1.1|state_noise=0,0,ipc,ipc_threshold_degree3,0.0007547470058138472
3B_ipc_sweep,leak_rate=0.6|n_units=50|rho=1.1|state_noise=0,0,ipc,ipc_threshold_degree4,0.0008963772780418899
3B_ipc_sweep,leak_rate=1|n_units=50|rho=1.1|state_noise=0,0,memory_capacity,mc_total,13.701506644489932
3B_ipc_sweep,leak_rate=1|n_units=50|rho=1.1|state_noise=0,0,memory_capacity,mc_total_raw,13.838145737086917
3B_ipc_sweep,leak_rate=1|n_units=50|rho=1.1|state_noise=0,0,memory_capacity,mc_threshold,0.0007896052130654599
3B_ipc_sweep,leak_rate=1|n_units=50|rho=1.1|state_noise=0,0,memory_capacity,mc_effective_delay,11.158185043276324
3B_ipc_sweep,leak_rate=1|n_units=50|rho=1.1|state_noise=0,0,memory_capacity,mc_ratio,0.27403013288979866
3B_ipc_sweep,leak_rate=1|n_units=50|rho=1.1|state_noise=0,0,memory_capacity,n_delays,400.0
3B_ipc_sweep,leak_rate=1|n_units=50|rho=1.1|state_noise=0,0,ipc,ipc_total,17.442481184006958
3B_ipc_sweep,leak_rate=1|n_units=50|rho=1.1|state_noise=0,0,ipc,ipc_total_raw,17.6076334882384
3B_ipc_sweep,leak_rate=1|n_units=50|rho=1.1|state_noise=0,0,ipc,ipc_linear,13.514874680009246
3B_ipc_sweep,leak_rate=1|n_units=50|rho=1.1|state_noise=0,0,ipc,ipc_nonlinear,3.927606503997712
3B_ipc_sweep,leak_rate=1|n_units=50|rho=1.1|state_noise=0,0,ipc,n_targets,601.0
3B_ipc_sweep,leak_rate=1|n_units=50|rho=1.1|state_noise=0,0,ipc,n_targets_kept,295.0
3B_ipc_sweep,leak_rate=1|n_units=50|rho=1.1|state_noise=0,0,ipc,saturation_ratio,0.34884962368013916
3B_ipc_sweep,leak_rate=1|n_units=50|rho=1.1|state_noise=0,0,ipc,ipc_threshold_degree1,0.000747435038052403
3B_ipc_sweep,leak_rate=1|n_units=50|rho=1.1|state_noise=0,0,ipc,ipc_threshold_degree2,0.000744202148381352
3B_ipc_sweep,leak_rate=1|n_units=50|rho=1.1|state_noise=0,0,ipc,ipc_threshold_degree3,0.0007548705609434968
3B_ipc_sweep,leak_rate=1|n_units=50|rho=1.1|state_noise=0,0,ipc,ipc_threshold_degree4,0.0008618104948481207
3B_ipc_sweep,leak_rate=0.3|n_units=50|rho=0.5|state_noise=0,1,memory_capacity,mc_total,8.687029856857395
3B_ipc_sweep,leak_rate=0.3|n_units=50|rho=0.5|state_noise=0,1,memory_capacity,mc_total_raw,8.838712445500654
3B_ipc_sweep,leak_rate=0.3|n_units=50|rho=0.5|state_noise=0,1,memory_capacity,mc_threshold,0.0006633082393931194
3B_ipc_sweep,leak_rate=0.3|n_units=50|rho=0.5|state_noise=0,1,memory_capacity,mc_effective_delay,16.987133078966693
3B_ipc_sweep,leak_rate=0.3|n_units=50|rho=0.5|state_noise=0,1,memory_capacity,mc_ratio,0.1737405971371479
3B_ipc_sweep,leak_rate=0.3|n_units=50|rho=0.5|state_noise=0,1,memory_capacity,n_delays,400.0
3B_ipc_sweep,leak_rate=0.3|n_units=50|rho=0.5|state_noise=0,1,ipc,ipc_total,20.712040712569
3B_ipc_sweep,leak_rate=0.3|n_units=50|rho=0.5|state_noise=0,1,ipc,ipc_total_raw,20.86209881003361
3B_ipc_sweep,leak_rate=0.3|n_units=50|rho=0.5|state_noise=0,1,ipc,ipc_linear,8.621339846294108
3B_ipc_sweep,leak_rate=0.3|n_units=50|rho=0.5|state_noise=0,1,ipc,ipc_nonlinear,12.090700866274892
3B_ipc_sweep,leak_rate=0.3|n_units=50|rho=0.5|state_noise=0,1,ipc,n_targets,601.0
3B_ipc_sweep,leak_rate=0.3|n_units=50|rho=0.5|state_noise=0,1,ipc,n_targets_kept,345.0
3B_ipc_sweep,leak_rate=0.3|n_units=50|rho=0.5|state_noise=0,1,ipc,saturation_ratio,0.41424081425138
3B_ipc_sweep,leak_rate=0.3|n_units=50|rho=0.5|state_noise=0,1,ipc,ipc_threshold_degree1,0.0007718105565610599
3B_ipc_sweep,leak_rate=0.3|n_units=50|rho=0.5|state_noise=0,1,ipc,ipc_threshold_degree2,0.0007760809036421123
3B_ipc_sweep,leak_rate=0.3|n_units=50|rho=0.5|state_noise=0,1,ipc,ipc_threshold_degree3,0.0008305792924046938
3B_ipc_sweep,leak_rate=0.3|n_units=50|rho=0.5|state_noise=0,1,ipc,ipc_threshold_degree4,0.0007659145555412383
3B_ipc_sweep,leak_rate=0.6|n_units=50|rho=0.5|state_noise=0,1,memory_capacity,mc_total,9.118102472357723
3B_ipc_sweep,leak_rate=0.6|n_units=50|rho=0.5|state_noise=0,1,memory_capacity,mc_total_raw,9.291896018620937
3B_ipc_sweep,leak_rate=0.6|n_units=50|rho=0.5|state_noise=0,1,memory_capacity,mc_threshold,0.0006917853372169239
3B_ipc_sweep,leak_rate=0.6|n_units=50|rho=0.5|state_noise=0,1,memory_capacity,mc_effective_delay,7.8721054554554835
3B_ipc_sweep,leak_rate=0.6|n_units=50|rho=0.5|state_noise=0,1,memory_capacity,mc_ratio,0.18236204944715445
3B_ipc_sweep,leak_rate=0.6|n_units=50|rho=0.5|state_noise=0,1,memory_capacity,n_delays,400.0
3B_ipc_sweep,leak_rate=0.6|n_units=50|rho=0.5|state_noise=0,1,ipc,ipc_total,30.29157754788077
3B_ipc_sweep,leak_rate=0.6|n_units=50|rho=0.5|state_noise=0,1,ipc,ipc_total_raw,30.433288851337288
3B_ipc_sweep,leak_rate=0.6|n_units=50|rho=0.5|state_noise=0,1,ipc,ipc_linear,9.108749247895098
3B_ipc_sweep,leak_rate=0.6|n_units=50|rho=0.5|state_noise=0,1,ipc,ipc_nonlinear,21.182828299985673
3B_ipc_sweep,leak_rate=0.6|n_units=50|rho=0.5|state_noise=0,1,ipc,n_targets,601.0
3B_ipc_sweep,leak_rate=0.6|n_units=50|rho=0.5|state_noise=0,1,ipc,n_targets_kept,344.0
3B_ipc_sweep,leak_rate=0.6|n_units=50|rho=0.5|state_noise=0,1,ipc,saturation_ratio,0.6058315509576154
3B_ipc_sweep,leak_rate=0.6|n_units=50|rho=0.5|state_noise=0,1,ipc,ipc_threshold_degree1,0.0007541868307759823
3B_ipc_sweep,leak_rate=0.6|n_units=50|rho=0.5|state_noise=0,1,ipc,ipc_threshold_degree2,0.0007572410708245246
3B_ipc_sweep,leak_rate=0.6|n_units=50|rho=0.5|state_noise=0,1,ipc,ipc_threshold_degree3,0.0007903908462766506
3B_ipc_sweep,leak_rate=0.6|n_units=50|rho=0.5|state_noise=0,1,ipc,ipc_threshold_degree4,0.0007344564393117002
3B_ipc_sweep,leak_rate=1|n_units=50|rho=0.5|state_noise=0,1,memory_capacity,mc_total,10.191233536002258
3B_ipc_sweep,leak_rate=1|n_units=50|rho=0.5|state_noise=0,1,memory_capacity,mc_total_raw,10.375075510581052
3B_ipc_sweep,leak_rate=1|n_units=50|rho=0.5|state_noise=0,1,memory_capacity,mc_threshold,0.0007646874286357641
3B_ipc_sweep,leak_rate=1|n_units=50|rho=0.5|state_noise=0,1,memory_capacity,mc_effective_delay,5.818411496874579
3B_ipc_sweep,leak_rate=1|n_units=50|rho=0.5|state_noise=0,1,memory_capacity,mc_ratio,0.20382467072004518
3B_ipc_sweep,leak_rate=1|n_units=50|rho=0.5|state_noise=0,1,memory_capacity,n_delays,400.0
3B_ipc_sweep,leak_rate=1|n_units=50|rho=0.5|state_noise=0,1,ipc,ipc_total,32.208830603439814
3B_ipc_sweep,leak_rate=1|n_units=50|rho=0.5|state_noise=0,1,ipc,ipc_total_raw,32.40806378853686
3B_ipc_sweep,leak_rate=1|n_units=50|rho=0.5|state_noise=0,1,ipc,ipc_linear,10.184717928688476
3B_ipc_sweep,leak_rate=1|n_units=50|rho=0.5|state_noise=0,1,ipc,ipc_nonlinear,22.024112674751336
3B_ipc_sweep,leak_rate=1|n_units=50|rho=0.5|state_noise=0,1,ipc,n_targets,601.0
3B_ipc_sweep,leak_rate=1|n_units=50|rho=0.5|state_noise=0,1,ipc,n_targets_kept,241.0
3B_ipc_sweep,leak_rate=1|n_units=50|rho=0.5|state_noise=0,1,ipc,saturation_ratio,0.6441766120687963
3B_ipc_sweep,leak_rate=1|n_units=50|rho=0.5|state_noise=0,1,ipc,ipc_threshold_degree1,0.0007495601683778551
3B_ipc_sweep,leak_rate=1|n_units=50|rho=0.5|state_noise=0,1,ipc,ipc_threshold_degree2,0.000828169524555985
3B_ipc_sweep,leak_rate=1|n_units=50|rho=0.5|state_noise=0,1,ipc,ipc_threshold_degree3,0.0007986297211977211
3B_ipc_sweep,leak_rate=1|n_units=50|rho=0.5|state_noise=0,1,ipc,ipc_threshold_degree4,0.0007798132556354885
3B_ipc_sweep,leak_rate=0.3|n_units=50|rho=0.8|state_noise=0,1,memory_capacity,mc_total,11.057208020069249
3B_ipc_sweep,leak_rate=0.3|n_units=50|rho=0.8|state_noise=0,1,memory_capacity,mc_total_raw,11.19686394345633
3B_ipc_sweep,leak_rate=0.3|n_units=50|rho=0.8|state_noise=0,1,memory_capacity,mc_threshold,0.0007287317453769541
3B_ipc_sweep,leak_rate=0.3|n_units=50|rho=0.8|state_noise=0,1,memory_capacity,mc_effective_delay,25.98057782012017
3B_ipc_sweep,leak_rate=0.3|n_units=50|rho=0.8|state_noise=0,1,memory_capacity,mc_ratio,0.22114416040138496
3B_ipc_sweep,leak_rate=0.3|n_units=50|rho=0.8|state_noise=0,1,memory_capacity,n_delays,400.0
3B_ipc_sweep,leak_rate=0.3|n_units=50|rho=0.8|state_noise=0,1,ipc,ipc_total,19.571357659807582
3B_ipc_sweep,leak_rate=0.3|n_units=50|rho=0.8|state_noise=0,1,ipc,ipc_total_raw,19.72771712219814
3B_ipc_sweep,leak_rate=0.3|n_units=50|rho=0.8|state_noise=0,1,ipc,ipc_linear,9.750003523528608
3B_ipc_sweep,leak_rate=0.3|n_units=50|rho=0.8|state_noise=0,1,ipc,ipc_nonlinear,9.821354136278973
3B_ipc_sweep,leak_rate=0.3|n_units=50|rho=0.8|state_noise=0,1,ipc,n_targets,601.0
3B_ipc_sweep,leak_rate=0.3|n_units=50|rho=0.8|state_noise=0,1,ipc,n_targets_kept,335.0
3B_ipc_sweep,leak_rate=0.3|n_units=50|rho=0.8|state_noise=0,1,ipc,saturation_ratio,0.3914271531961516
3B_ipc_sweep,leak_rate=0.3|n_units=50|rho=0.8|state_noise=0,1,ipc,ipc_threshold_degree1,0.0007629172640221136
3B_ipc_sweep,leak_rate=0.3|n_units=50|rho=0.8|state_noise=0,1,ipc,ipc_threshold_degree2,0.0008026001833544492
3B_ipc_sweep,leak_rate=0.3|n_units=50|rho=0.8|state_noise=0,1,ipc,ipc_threshold_degree3,0.0008562712038699738
3B_ipc_sweep,leak_rate=0.3|n_units=50|rho=0.8|state_noise=0,1,ipc,ipc_threshold_degree4,0.0008019731387358131
3B_ipc_sweep,leak_rate=0.6|n_units=50|rho=0.8|state_noise=0,1,memory_capacity,mc_total,11.732819688257605
3B_ipc_sweep,leak_rate=0.6|n_units=50|rho=0.8|state_noise=0,1,memory_capacity,mc_total_raw,11.9032924428745
3B_ipc_sweep,leak_rate=0.6|n_units=50|rho=0.8|state_noise=0,1,memory_capacity,mc_threshold,0.0007206567291303368
3B_ipc_sweep,leak_rate=0.6|n_units=50|rho=0.8|state_noise=0,1,memory_capacity,mc_effective_delay,11.421520842141922
3B_ipc_sweep,leak_rate=0.6|n_units=50|rho=0.8|state_noise=0,1,memory_capacity,mc_ratio,0.2346563937651521
3B_ipc_sweep,leak_rate=0.6|n_units=50|rho=0.8|state_noise=0,1,memory_capacity,n_delays,400.0
3B_ipc_sweep,leak_rate=0.6|n_units=50|rho=0.8|state_noise=0,1,ipc,ipc_total,28.258297668352938
3B_ipc_sweep,leak_rate=0.6|n_units=50|rho=0.8|state_noise=0,1,ipc,ipc_total_raw,28.39585154120998
3B_ipc_sweep,leak_rate=0.6|n_units=50|rho=0.8|state_noise=0,1,ipc,ipc_linear,11.726473382207002
3B_ipc_sweep,leak_rate=0.6|n_units=50|rho=0.8|state_noise=0,1,ipc,ipc_nonlinear,16.531824286145934
3B_ipc_sweep,leak_rate=0.6|n_units=50|rho=0.8|state_noise=0,1,ipc,n_targets,601.0
3B_ipc_sweep,leak_rate=0.6|n_units=50|rho=0.8|state_noise=0,1,ipc,n_targets_kept,356.0
3B_ipc_sweep,leak_rate=0.6|n_units=50|rho=0.8|state_noise=0,1,ipc,saturation_ratio,0.5651659533670588
3B_ipc_sweep,leak_rate=0.6|n_units=50|rho=0.8|state_noise=0,1,ipc,ipc_threshold_degree1,0.000783488994257806
3B_ipc_sweep,leak_rate=0.6|n_units=50|rho=0.8|state_noise=0,1,ipc,ipc_threshold_degree2,0.0007801764801140676
3B_ipc_sweep,leak_rate=0.6|n_units=50|rho=0.8|state_noise=0,1,ipc,ipc_threshold_degree3,0.0007894264436082497
3B_ipc_sweep,leak_rate=0.6|n_units=50|rho=0.8|state_noise=0,1,ipc,ipc_threshold_degree4,0.000747511244387574
3B_ipc_sweep,leak_rate=1|n_units=50|rho=0.8|state_noise=0,1,memory_capacity,mc_total,14.202620110568867
3B_ipc_sweep,leak_rate=1|n_units=50|rho=0.8|state_noise=0,1,memory_capacity,mc_total_raw,14.385469073963165
3B_ipc_sweep,leak_rate=1|n_units=50|rho=0.8|state_noise=0,1,memory_capacity,mc_threshold,0.0007563349993307491
3B_ipc_sweep,leak_rate=1|n_units=50|rho=0.8|state_noise=0,1,memory_capacity,mc_effective_delay,7.910581782236808
3B_ipc_sweep,leak_rate=1|n_units=50|rho=0.8|state_noise=0,1,memory_capacity,mc_ratio,0.28405240221137734
3B_ipc_sweep,leak_rate=1|n_units=50|rho=0.8|state_noise=0,1,memory_capacity,n_delays,400.0
3B_ipc_sweep,leak_rate=1|n_units=50|rho=0.8|state_noise=0,1,ipc,ipc_total,33.69702343806589
3B_ipc_sweep,leak_rate=1|n_units=50|rho=0.8|state_noise=0,1,ipc,ipc_total_raw,33.85412307632096
3B_ipc_sweep,leak_rate=1|n_units=50|rho=0.8|state_noise=0,1,ipc,ipc_linear,14.199615264855694
3B_ipc_sweep,leak_rate=1|n_units=50|rho=0.8|state_noise=0,1,ipc,ipc_nonlinear,19.497408173210196
3B_ipc_sweep,leak_rate=1|n_units=50|rho=0.8|state_noise=0,1,ipc,n_targets,601.0
3B_ipc_sweep,leak_rate=1|n_units=50|rho=0.8|state_noise=0,1,ipc,n_targets_kept,309.0
3B_ipc_sweep,leak_rate=1|n_units=50|rho=0.8|state_noise=0,1,ipc,saturation_ratio,0.6739404687613179
3B_ipc_sweep,leak_rate=1|n_units=50|rho=0.8|state_noise=0,1,ipc,ipc_threshold_degree1,0.0007380990358918558
3B_ipc_sweep,leak_rate=1|n_units=50|rho=0.8|state_noise=0,1,ipc,ipc_threshold_degree2,0.0007669535818922433
3B_ipc_sweep,leak_rate=1|n_units=50|rho=0.8|state_noise=0,1,ipc,ipc_threshold_degree3,0.00080263902224032
3B_ipc_sweep,leak_rate=1|n_units=50|rho=0.8|state_noise=0,1,ipc,ipc_threshold_degree4,0.000753260360202177
3B_ipc_sweep,leak_rate=0.3|n_units=50|rho=0.95|state_noise=0,1,memory_capacity,mc_total,12.274315482638327
3B_ipc_sweep,leak_rate=0.3|n_units=50|rho=0.95|state_noise=0,1,memory_capacity,mc_total_raw,12.38692156924667
3B_ipc_sweep,leak_rate=0.3|n_units=50|rho=0.95|state_noise=0,1,memory_capacity,mc_threshold,0.0007540658808491441
3B_ipc_sweep,leak_rate=0.3|n_units=50|rho=0.95|state_noise=0,1,memory_capacity,mc_effective_delay,34.91235928541446
3B_ipc_sweep,leak_rate=0.3|n_units=50|rho=0.95|state_noise=0,1,memory_capacity,mc_ratio,0.24548630965276655
3B_ipc_sweep,leak_rate=0.3|n_units=50|rho=0.95|state_noise=0,1,memory_capacity,n_delays,400.0
3B_ipc_sweep,leak_rate=0.3|n_units=50|rho=0.95|state_noise=0,1,ipc,ipc_total,16.57326019009303
3B_ipc_sweep,leak_rate=0.3|n_units=50|rho=0.95|state_noise=0,1,ipc,ipc_total_raw,16.723323667078926
3B_ipc_sweep,leak_rate=0.3|n_units=50|rho=0.95|state_noise=0,1,ipc,ipc_linear,9.73718307981627
3B_ipc_sweep,leak_rate=0.3|n_units=50|rho=0.95|state_noise=0,1,ipc,ipc_nonlinear,6.83607711027676
3B_ipc_sweep,leak_rate=0.3|n_units=50|rho=0.95|state_noise=0,1,ipc,n_targets,601.0
3B_ipc_sweep,leak_rate=0.3|n_units=50|rho=0.95|state_noise=0,1,ipc,n_targets_kept,334.0
3B_ipc_sweep,leak_rate=0.3|n_units=50|rho=0.95|state_noise=0,1,ipc,saturation_ratio,0.3314652038018606
3B_ipc_sweep,leak_rate=0.3|n_units=50|rho=0.95|state_noise=0,1,ipc,ipc_threshold_degree1,0.000726508738178745
3B_ipc_sweep,leak_rate=0.3|n_units=50|rho=0.95|state_noise=0,1,ipc,ipc_threshold_degree2,0.0007450142279968095
3B_ipc_sweep,leak_rate=0.3|n_units=50|rho=0.95|state_noise=0,1,ipc,ipc_threshold_degree3,0.0008178970037341233
3B_ipc_sweep,leak_rate=0.3|n_units=50|rho=0.95|state_noise=0,1,ipc,ipc_threshold_degree4,0.0007985004034102082
3B_ipc_sweep,leak_rate=0.6|n_units=50|rho=0.95|state_noise=0,1,memory_capacity,mc_total,13.18056338459673
3B_ipc_sweep,leak_rate=0.6|n_units=50|rho=0.95|state_noise=0,1,memory_capacity,mc_total_raw,13.336841625333543
3B_ipc_sweep,leak_rate=0.6|n_units=50|rho=0.95|state_noise=0,1,memory_capacity,mc_threshold,0.000782064406576014
3B_ipc_sweep,leak_rate=0.6|n_units=50|rho=0.95|state_noise=0,1,memory_capacity,mc_effective_delay,15.090267625192931
3B_ipc_sweep,leak_rate=0.6|n_units=50|rho=0.95|state_noise=0,1,memory_capacity,mc_ratio,0.2636112676919346
3B_ipc_sweep,leak_rate=0.6|n_units=50|rho=0.95|state_noise=0,1,memory_capacity,n_delays,400.0
3B_ipc_sweep,leak_rate=0.6|n_units=50|rho=0.95|state_noise=0,1,ipc,ipc_total,23.45703289470158
3B_ipc_sweep,leak_rate=0.6|n_units=50|rho=0.95|state_noise=0,1,ipc,ipc_total_raw,23.604615091986787
3B_ipc_sweep,leak_rate=0.6|n_units=50|rho=0.95|state_noise=0,1,ipc,ipc_linear,13.02669780871362
3B_ipc_sweep,leak_rate=0.6|n_units=50|rho=0.95|state_noise=0,1,ipc,ipc_nonlinear,10.430335085987961
3B_ipc_sweep,leak_rate=0.6|n_units=50|rho=0.95|state_noise=0,1,ipc,n_targets,601.0
3B_ipc_sweep,leak_rate=0.6|n_units=50|rho=0.95|state_noise=0,1,ipc,n_targets_kept,339.0
3B_ipc_sweep,leak_rate=0.6|n_units=50|rho=0.95|state_noise=0,1,ipc,saturation_ratio,0.4691406578940316
3B_ipc_sweep,leak_rate=0.6|n_units=50|rho=0.95|state_noise=0,1,ipc,ipc_threshold_degree1,0.0007622202666338416
3B_ipc_sweep,leak_rate=0.6|n_units=50|rho=0.95|state_noise=0,1,ipc,ipc_threshold_degree2,0.0007878901057230846
3B_ipc_sweep,leak_rate=0.6|n_units=50|rho=0.95|state_noise=0,1,ipc,ipc_threshold_degree3,0.0007795864161493559
3B_ipc_sweep,leak_rate=0.6|n_units=50|rho=0.95|state_noise=0,1,ipc,ipc_threshold_degree4,0.0007481627138981593
3B_ipc_sweep,leak_rate=1|n_units=50|rho=0.95|state_noise=0,1,memory_capacity,mc_total,16.662004806607438
3B_ipc_sweep,leak_rate=1|n_units=50|rho=0.95|state_noise=0,1,memory_capacity,mc_total_raw,16.83700434279427
3B_ipc_sweep,leak_rate=1|n_units=50|rho=0.95|state_noise=0,1,memory_capacity,mc_threshold,0.0007874561489516885
3B_ipc_sweep,leak_rate=1|n_units=50|rho=0.95|state_noise=0,1,memory_capacity,mc_effective_delay,9.606915407432375
3B_ipc_sweep,leak_rate=1|n_units=50|rho=0.95|state_noise=0,1,memory_capacity,mc_ratio,0.3332400961321488
3B_ipc_sweep,leak_rate=1|n_units=50|rho=0.95|state_noise=0,1,memory_capacity,n_delays,400.0
3B_ipc_sweep,leak_rate=1|n_units=50|rho=0.95|state_noise=0,1,ipc,ipc_total,33.131544625876465
3B_ipc_sweep,leak_rate=1|n_units=50|rho=0.95|state_noise=0,1,ipc,ipc_total_raw,33.28097772749843
3B_ipc_sweep,leak_rate=1|n_units=50|rho=0.95|state_noise=0,1,ipc,ipc_linear,16.659887682146223
3B_ipc_sweep,leak_rate=1|n_units=50|rho=0.95|state_noise=0,1,ipc,ipc_nonlinear,16.471656943730242
3B_ipc_sweep,leak_rate=1|n_units=50|rho=0.95|state_noise=0,1,ipc,n_targets,601.0
3B_ipc_sweep,leak_rate=1|n_units=50|rho=0.95|state_noise=0,1,ipc,n_targets_kept,322.0
3B_ipc_sweep,leak_rate=1|n_units=50|rho=0.95|state_noise=0,1,ipc,saturation_ratio,0.6626308925175293
3B_ipc_sweep,leak_rate=1|n_units=50|rho=0.95|state_noise=0,1,ipc,ipc_threshold_degree1,0.0007531264416243176
3B_ipc_sweep,leak_rate=1|n_units=50|rho=0.95|state_noise=0,1,ipc,ipc_threshold_degree2,0.0007698406187858785
3B_ipc_sweep,leak_rate=1|n_units=50|rho=0.95|state_noise=0,1,ipc,ipc_threshold_degree3,0.0008058564283312951
3B_ipc_sweep,leak_rate=1|n_units=50|rho=0.95|state_noise=0,1,ipc,ipc_threshold_degree4,0.0007270387517535969
3B_ipc_sweep,leak_rate=0.3|n_units=50|rho=1.1|state_noise=0,1,memory_capacity,mc_total,8.957369642318282
3B_ipc_sweep,leak_rate=0.3|n_units=50|rho=1.1|state_noise=0,1,memory_capacity,mc_total_raw,8.957369642318282
3B_ipc_sweep,leak_rate=0.3|n_units=50|rho=1.1|state_noise=0,1,memory_capacity,mc_threshold,0.0008096886057506382
3B_ipc_sweep,leak_rate=0.3|n_units=50|rho=1.1|state_noise=0,1,memory_capacity,mc_effective_delay,33.18076058132327
3B_ipc_sweep,leak_rate=0.3|n_units=50|rho=1.1|state_noise=0,1,memory_capacity,mc_ratio,0.17914739284636563
3B_ipc_sweep,leak_rate=0.3|n_units=50|rho=1.1|state_noise=0,1,memory_capacity,n_delays,400.0
3B_ipc_sweep,leak_rate=0.3|n_units=50|rho=1.1|state_noise=0,1,ipc,ipc_total,8.976727011840559
3B_ipc_sweep,leak_rate=0.3|n_units=50|rho=1.1|state_noise=0,1,ipc,ipc_total_raw,9.138423300755647
3B_ipc_sweep,leak_rate=0.3|n_units=50|rho=1.1|state_noise=0,1,ipc,ipc_linear,7.916653712374588
3B_ipc_sweep,leak_rate=0.3|n_units=50|rho=1.1|state_noise=0,1,ipc,ipc_nonlinear,1.0600732994659712
3B_ipc_sweep,leak_rate=0.3|n_units=50|rho=1.1|state_noise=0,1,ipc,n_targets,601.0
3B_ipc_sweep,leak_rate=0.3|n_units=50|rho=1.1|state_noise=0,1,ipc,n_targets_kept,290.0
3B_ipc_sweep,leak_rate=0.3|n_units=50|rho=1.1|state_noise=0,1,ipc,saturation_ratio,0.17953454023681117
3B_ipc_sweep,leak_rate=0.3|n_units=50|rho=1.1|state_noise=0,1,ipc,ipc_threshold_degree1,0.0007261242444201354
3B_ipc_sweep,leak_rate=0.3|n_units=50|rho=1.1|state_noise=0,1,ipc,ipc_threshold_degree2,0.0007945639556299188
3B_ipc_sweep,leak_rate=0.3|n_units=50|rho=1.1|state_noise=0,1,ipc,ipc_threshold_degree3,0.0007638594715349078
3B_ipc_sweep,leak_rate=0.3|n_units=50|rho=1.1|state_noise=0,1,ipc,ipc_threshold_degree4,0.0007762306333672208
3B_ipc_sweep,leak_rate=0.6|n_units=50|rho=1.1|state_noise=0,1,memory_capacity,mc_total,10.443409889034232
3B_ipc_sweep,leak_rate=0.6|n_units=50|rho=1.1|state_noise=0,1,memory_capacity,mc_total_raw,10.443409889034232
3B_ipc_sweep,leak_rate=0.6|n_units=50|rho=1.1|state_noise=0,1,memory_capacity,mc_threshold,0.0008442934466169993
3B_ipc_sweep,leak_rate=0.6|n_units=50|rho=1.1|state_noise=0,1,memory_capacity,mc_effective_delay,26.82580103575505
3B_ipc_sweep,leak_rate=0.6|n_units=50|rho=1.1|state_noise=0,1,memory_capacity,mc_ratio,0.20886819778068463
3B_ipc_sweep,leak_rate=0.6|n_units=50|rho=1.1|state_noise=0,1,memory_capacity,n_delays,400.0
3B_ipc_sweep,leak_rate=0.6|n_units=50|rho=1.1|state_noise=0,1,ipc,ipc_total,10.748950646088534
3B_ipc_sweep,leak_rate=0.6|n_units=50|rho=1.1|state_noise=0,1,ipc,ipc_total_raw,10.916206026054194
3B_ipc_sweep,leak_rate=0.6|n_units=50|rho=1.1|state_noise=0,1,ipc,ipc_linear,9.576372558368673
3B_ipc_sweep,leak_rate=0.6|n_units=50|rho=1.1|state_noise=0,1,ipc,ipc_nonlinear,1.1725780877198613
3B_ipc_sweep,leak_rate=0.6|n_units=50|rho=1.1|state_noise=0,1,ipc,n_targets,601.0
3B_ipc_sweep,leak_rate=0.6|n_units=50|rho=1.1|state_noise=0,1,ipc,n_targets_kept,289.0
3B_ipc_sweep,leak_rate=0.6|n_units=50|rho=1.1|state_noise=0,1,ipc,saturation_ratio,0.21497901292177068
3B_ipc_sweep,leak_rate=0.6|n_units=50|rho=1.1|state_noise=0,1,ipc,ipc_threshold_degree1,0.000752063562960824
3B_ipc_sweep,leak_rate=0.6|n_units=50|rho=1.1|state_noise=0,1,ipc,ipc_threshold_degree2,0.0007365441738873357
3B_ipc_sweep,leak_rate=0.6|n_units=50|rho=1.1|state_noise=0,1,ipc,ipc_threshold_degree3,0.0007628333638375027
3B_ipc_sweep,leak_rate=0.6|n_units=50|rho=1.1|state_noise=0,1,ipc,ipc_threshold_degree4,0.0007543172048165745
3B_ipc_sweep,leak_rate=1|n_units=50|rho=1.1|state_noise=0,1,memory_capacity,mc_total,15.463469485730778
3B_ipc_sweep,leak_rate=1|n_units=50|rho=1.1|state_noise=0,1,memory_capacity,mc_total_raw,15.540043714324415
3B_ipc_sweep,leak_rate=1|n_units=50|rho=1.1|state_noise=0,1,memory_capacity,mc_threshold,0.0007109832573283583
3B_ipc_sweep,leak_rate=1|n_units=50|rho=1.1|state_noise=0,1,memory_capacity,mc_effective_delay,13.872240622385187
3B_ipc_sweep,leak_rate=1|n_units=50|rho=1.1|state_noise=0,1,memory_capacity,mc_ratio,0.30926938971461554
3B_ipc_sweep,leak_rate=1|n_units=50|rho=1.1|state_noise=0,1,memory_capacity,n_delays,400.0
3B_ipc_sweep,leak_rate=1|n_units=50|rho=1.1|state_noise=0,1,ipc,ipc_total,18.746830787372485
3B_ipc_sweep,leak_rate=1|n_units=50|rho=1.1|state_noise=0,1,ipc,ipc_total_raw,18.90554860077537
3B_ipc_sweep,leak_rate=1|n_units=50|rho=1.1|state_noise=0,1,ipc,ipc_linear,14.87891187858743
3B_ipc_sweep,leak_rate=1|n_units=50|rho=1.1|state_noise=0,1,ipc,ipc_nonlinear,3.867918908785054
3B_ipc_sweep,leak_rate=1|n_units=50|rho=1.1|state_noise=0,1,ipc,n_targets,601.0
3B_ipc_sweep,leak_rate=1|n_units=50|rho=1.1|state_noise=0,1,ipc,n_targets_kept,293.0
3B_ipc_sweep,leak_rate=1|n_units=50|rho=1.1|state_noise=0,1,ipc,saturation_ratio,0.3749366157474497
3B_ipc_sweep,leak_rate=1|n_units=50|rho=1.1|state_noise=0,1,ipc,ipc_threshold_degree1,0.0007325051422678508
3B_ipc_sweep,leak_rate=1|n_units=50|rho=1.1|state_noise=0,1,ipc,ipc_threshold_degree2,0.0007465467175705696
3B_ipc_sweep,leak_rate=1|n_units=50|rho=1.1|state_noise=0,1,ipc,ipc_threshold_degree3,0.0007843143655689865
3B_ipc_sweep,leak_rate=1|n_units=50|rho=1.1|state_noise=0,1,ipc,ipc_threshold_degree4,0.0007175394616059193
3B_ipc_sweep,leak_rate=0.3|n_units=50|rho=0.5|state_noise=0,2,memory_capacity,mc_total,8.272663661722026
3B_ipc_sweep,leak_rate=0.3|n_units=50|rho=0.5|state_noise=0,2,memory_capacity,mc_total_raw,8.43289232051445
3B_ipc_sweep,leak_rate=0.3|n_units=50|rho=0.5|state_noise=0,2,memory_capacity,mc_threshold,0.0007939330052392839
3B_ipc_sweep,leak_rate=0.3|n_units=50|rho=0.5|state_noise=0,2,memory_capacity,mc_effective_delay,15.789568789861875
3B_ipc_sweep,leak_rate=0.3|n_units=50|rho=0.5|state_noise=0,2,memory_capacity,mc_ratio,0.16545327323444053
3B_ipc_sweep,leak_rate=0.3|n_units=50|rho=0.5|state_noise=0,2,memory_capacity,n_delays,400.0
3B_ipc_sweep,leak_rate=0.3|n_units=50|rho=0.5|state_noise=0,2,ipc,ipc_total,20.572177701464867
3B_ipc_sweep,leak_rate=0.3|n_units=50|rho=0.5|state_noise=0,2,ipc,ipc_total_raw,20.746372517792523
3B_ipc_sweep,leak_rate=0.3|n_units=50|rho=0.5|state_noise=0,2,ipc,ipc_linear,8.251114210244978
3B_ipc_sweep,leak_rate=0.3|n_units=50|rho=0.5|state_noise=0,2,ipc,ipc_nonlinear,12.321063491219888
3B_ipc_sweep,leak_rate=0.3|n_units=50|rho=0.5|state_noise=0,2,ipc,n_targets,601.0
3B_ipc_sweep,leak_rate=0.3|n_units=50|rho=0.5|state_noise=0,2,ipc,n_targets_kept,302.0
3B_ipc_sweep,leak_rate=0.3|n_units=50|rho=0.5|state_noise=0,2,ipc,saturation_ratio,0.41144355402929733
3B_ipc_sweep,leak_rate=0.3|n_units=50|rho=0.5|state_noise=0,2,ipc,ipc_threshold_degree1,0.000761149599778671
3B_ipc_sweep,leak_rate=0.3|n_units=50|rho=0.5|state_noise=0,2,ipc,ipc_threshold_degree2,0.0008337674787162984
3B_ipc_sweep,leak_rate=0.3|n_units=50|rho=0.5|state_noise=0,2,ipc,ipc_threshold_degree3,0.000816546141700567
3B_ipc_sweep,leak_rate=0.3|n_units=50|rho=0.5|state_noise=0,2,ipc,ipc_threshold_degree4,0.0007867174254161655
3B_ipc_sweep,leak_rate=0.6|n_units=50|rho=0.5|state_noise=0,2,memory_capacity,mc_total,8.701720979405009
3B_ipc_sweep,leak_rate=0.6|n_units=50|rho=0.5|state_noise=0,2,memory_capacity,mc_total_raw,8.878089239203744
3B_ipc_sweep,leak_rate=0.6|n_units=50|rho=0.5|state_noise=0,2,memory_capacity,mc_threshold,0.0006856276535882244
3B_ipc_sweep,leak_rate=0.6|n_units=50|rho=0.5|state_noise=0,2,memory_capacity,mc_effective_delay,7.490816904223774
3B_ipc_sweep,leak_rate=0.6|n_units=50|rho=0.5|state_noise=0,2,memory_capacity,mc_ratio,0.17403441958810018
3B_ipc_sweep,leak_rate=0.6|n_units=50|rho=0.5|state_noise=0,2,memory_capacity,n_delays,400.0
3B_ipc_sweep,leak_rate=0.6|n_units=50|rho=0.5|state_noise=0,2,ipc,ipc_total,30.462905406068888
3B_ipc_sweep,leak_rate=0.6|n_units=50|rho=0.5|state_noise=0,2,ipc,ipc_total_raw,30.645430070895905
3B_ipc_sweep,leak_rate=0.6|n_units=50|rho=0.5|state_noise=0,2,ipc,ipc_linear,8.695120702461065
3B_ipc_sweep,leak_rate=0.6|n_units=50|rho=0.5|state_noise=0,2,ipc,ipc_nonlinear,21.767784703607823
3B_ipc_sweep,leak_rate=0.6|n_units=50|rho=0.5|state_noise=0,2,ipc,n_targets,601.0
3B_ipc_sweep,leak_rate=0.6|n_units=50|rho=0.5|state_noise=0,2,ipc,n_targets_kept,273.0
3B_ipc_sweep,leak_rate=0.6|n_units=50|rho=0.5|state_noise=0,2,ipc,saturation_ratio,0.6092581081213777
3B_ipc_sweep,leak_rate=0.6|n_units=50|rho=0.5|state_noise=0,2,ipc,ipc_threshold_degree1,0.0007474948134257585
3B_ipc_sweep,leak_rate=0.6|n_units=50|rho=0.5|state_noise=0,2,ipc,ipc_threshold_degree2,0.0007935369213273347
3B_ipc_sweep,leak_rate=0.6|n_units=50|rho=0.5|state_noise=0,2,ipc,ipc_threshold_degree3,0.0007973025793501232
3B_ipc_sweep,leak_rate=0.6|n_units=50|rho=0.5|state_noise=0,2,ipc,ipc_threshold_degree4,0.0008480117456969491
3B_ipc_sweep,leak_rate=1|n_units=50|rho=0.5|state_noise=0,2,memory_capacity,mc_total,9.743179582255362
3B_ipc_sweep,leak_rate=1|n_units=50|rho=0.5|state_noise=0,2,memory_capacity,mc_total_raw,9.931285545219673
3B_ipc_sweep,leak_rate=1|n_units=50|rho=0.5|state_noise=0,2,memory_capacity,mc_threshold,0.0007118788361047769
3B_ipc_sweep,leak_rate=1|n_units=50|rho=0.5|state_noise=0,2,memory_capacity,mc_effective_delay,5.490357042279149
3B_ipc_sweep,leak_rate=1|n_units=50|rho=0.5|state_noise=0,2,memory_capacity,mc_ratio,0.19486359164510725
3B_ipc_sweep,leak_rate=1|n_units=50|rho=0.5|state_noise=0,2,memory_capacity,n_delays,400.0
3B_ipc_sweep,leak_rate=1|n_units=50|rho=0.5|state_noise=0,2,ipc,ipc_total,32.018637631190785
3B_ipc_sweep,leak_rate=1|n_units=50|rho=0.5|state_noise=0,2,ipc,ipc_total_raw,32.2502026993441
3B_ipc_sweep,leak_rate=1|n_units=50|rho=0.5|state_noise=0,2,ipc,ipc_linear,9.738512631265476
3B_ipc_sweep,leak_rate=1|n_units=50|rho=0.5|state_noise=0,2,ipc,ipc_nonlinear,22.28012499992531
3B_ipc_sweep,leak_rate=1|n_units=50|rho=0.5|state_noise=0,2,ipc,n_targets,601.0
3B_ipc_sweep,leak_rate=1|n_units=50|rho=0.5|state_noise=0,2,ipc,n_targets_kept,195.0
3B_ipc_sweep,leak_rate=1|n_units=50|rho=0.5|state_noise=0,2,ipc,saturation_ratio,0.6403727526238157
3B_ipc_sweep,leak_rate=1|n_units=50|rho=0.5|state_noise=0,2,ipc,ipc_threshold_degree1,0.0007802518560838888
3B_ipc_sweep,leak_rate=1|n_units=50|rho=0.5|state_noise=0,2,ipc,ipc_threshold_degree2,0.0007594559997184734
3B_ipc_sweep,leak_rate=1|n_units=50|rho=0.5|state_noise=0,2,ipc,ipc_threshold_degree3,0.000829134718058715
3B_ipc_sweep,leak_rate=1|n_units=50|rho=0.5|state_noise=0,2,ipc,ipc_threshold_degree4,0.0008362259310267072
3B_ipc_sweep,leak_rate=0.3|n_units=50|rho=0.8|state_noise=0,2,memory_capacity,mc_total,10.11968171353916
3B_ipc_sweep,leak_rate=0.3|n_units=50|rho=0.8|state_noise=0,2,memory_capacity,mc_total_raw,10.264509057810093
3B_ipc_sweep,leak_rate=0.3|n_units=50|rho=0.8|state_noise=0,2,memory_capacity,mc_threshold,0.0007409712166208273
3B_ipc_sweep,leak_rate=0.3|n_units=50|rho=0.8|state_noise=0,2,memory_capacity,mc_effective_delay,20.9111910552292
3B_ipc_sweep,leak_rate=0.3|n_units=50|rho=0.8|state_noise=0,2,memory_capacity,mc_ratio,0.2023936342707832
3B_ipc_sweep,leak_rate=0.3|n_units=50|rho=0.8|state_noise=0,2,memory_capacity,n_delays,400.0
3B_ipc_sweep,leak_rate=0.3|n_units=50|rho=0.8|state_noise=0,2,ipc,ipc_total,20.853565847916627
3B_ipc_sweep,leak_rate=0.3|n_units=50|rho=0.8|state_noise=0,2,ipc,ipc_total_raw,21.020262827682792
3B_ipc_sweep,leak_rate=0.3|n_units=50|rho=0.8|state_noise=0,2,ipc,ipc_linear,9.693138437817462
3B_ipc_sweep,leak_rate=0.3|n_units=50|rho=0.8|state_noise=0,2,ipc,ipc_nonlinear,11.160427410099166
3B_ipc_sweep,leak_rate=0.3|n_units=50|rho=0.8|state_noise=0,2,ipc,n_targets,601.0
3B_ipc_sweep,leak_rate=0.3|n_units=50|rho=0.8|state_noise=0,2,ipc,n_targets_kept,310.0
3B_ipc_sweep,leak_rate=0.3|n_units=50|rho=0.8|state_noise=0,2,ipc,saturation_ratio,0.41707131695833255
3B_ipc_sweep,leak_rate=0.3|n_units=50|rho=0.8|state_noise=0,2,ipc,ipc_threshold_degree1,0.0007947811846627183
3B_ipc_sweep,leak_rate=0.3|n_units=50|rho=0.8|state_noise=0,2,ipc,ipc_threshold_degree2,0.0007963170201281521
3B_ipc_sweep,leak_rate=0.3|n_units=50|rho=0.8|state_noise=0,2,ipc,ipc_threshold_degree3,0.0007986758012848303
3B_ipc_sweep,leak_rate=0.3|n_units=50|rho=0.8|state_noise=0,2,ipc,ipc_threshold_degree4,0.0008121268654825864
3B_ipc_sweep,leak_rate=0.6|n_units=50|rho=0.8|state_noise=0,2,memory_capacity,mc_total,10.771432623684486
3B_ipc_sweep,leak_rate=0.6|n_units=50|rho=0.8|state_noise=0,2,memory_capacity,mc_total_raw,10.951741012490036
3B_ipc_sweep,leak_rate=0.6|n_units=50|rho=0.8|state_noise=0,2,memory_capacity,mc_threshold,0.0007579827009198428
3B_ipc_sweep,leak_rate=0.6|n_units=50|rho=0.8|state_noise=0,2,memory_capacity,mc_effective_delay,9.550895752448973
3B_ipc_sweep,leak_rate=0.6|n_units=50|rho=0.8|state_noise=0,2,memory_capacity,mc_ratio,0.21542865247368972
3B_ipc_sweep,leak_rate=0.6|n_units=50|rho=0.8|state_noise=0,2,memory_capacity,n_delays,400.0
3B_ipc_sweep,leak_rate=0.6|n_units=50|rho=0.8|state_noise=0,2,ipc,ipc_total,30.728935369021492
3B_ipc_sweep,leak_rate=0.6|n_units=50|rho=0.8|state_noise=0,2,ipc,ipc_total_raw,30.903440418615865
3B_ipc_sweep,leak_rate=0.6|n_units=50|rho=0.8|state_noise=0,2,ipc,ipc_linear,10.769036002086962
3B_ipc_sweep,leak_rate=0.6|n_units=50|rho=0.8|state_noise=0,2,ipc,ipc_nonlinear,19.95989936693453
3B_ipc_sweep,leak_rate=0.6|n_units=50|rho=0.8|state_noise=0,2,ipc,n_targets,601.0
3B_ipc_sweep,leak_rate=0.6|n_units=50|rho=0.8|state_noise=0,2,ipc,n_targets_kept,289.0
3B_ipc_sweep,leak_rate=0.6|n_units=50|rho=0.8|state_noise=0,2,ipc,saturation_ratio,0.6145787073804299
3B_ipc_sweep,leak_rate=0.6|n_units=50|rho=0.8|state_noise=0,2,ipc,ipc_threshold_degree1,0.000802744006301892
3B_ipc_sweep,leak_rate=0.6|n_units=50|rho=0.8|state_noise=0,2,ipc,ipc_threshold_degree2,0.000790035795512447
3B_ipc_sweep,leak_rate=0.6|n_units=50|rho=0.8|state_noise=0,2,ipc,ipc_threshold_degree3,0.0008226888932697892
3B_ipc_sweep,leak_rate=0.6|n_units=50|rho=0.8|state_noise=0,2,ipc,ipc_threshold_degree4,0.0008028254335155902
3B_ipc_sweep,leak_rate=1|n_units=50|rho=0.8|state_noise=0,2,memory_capacity,mc_total,12.76671602196175
3B_ipc_sweep,leak_rate=1|n_units=50|rho=0.8|state_noise=0,2,memory_capacity,mc_total_raw,12.95038933133379
3B_ipc_sweep,leak_rate=1|n_units=50|rho=0.8|state_noise=0,2,memory_capacity,mc_threshold,0.0007539083801813818
3B_ipc_sweep,leak_rate=1|n_units=50|rho=0.8|state_noise=0,2,memory_capacity,mc_effective_delay,7.147833098290432
3B_ipc_sweep,leak_rate=1|n_units=50|rho=0.8|state_noise=0,2,memory_capacity,mc_ratio,0.255334320439235
3B_ipc_sweep,leak_rate=1|n_units=50|rho=0.8|state_noise=0,2,memory_capacity,n_delays,400.0
3B_ipc_sweep,leak_rate=1|n_units=50|rho=0.8|state_noise=0,2,ipc,ipc_total,33.04796049357715
3B_ipc_sweep,leak_rate=1|n_units=50|rho=0.8|state_noise=0,2,ipc,ipc_total_raw,33.23107141770505
3B_ipc_sweep,leak_rate=1|n_units=50|rho=0.8|state_noise=0,2,ipc,ipc_linear,12.763133580461924
3B_ipc_sweep,leak_rate=1|n_units=50|rho=0.8|state_noise=0,2,ipc,ipc_nonlinear,20.284826913115225
3B_ipc_sweep,leak_rate=1|n_units=50|rho=0.8|state_noise=0,2,ipc,n_targets,601.0
3B_ipc_sweep,leak_rate=1|n_units=50|rho=0.8|state_noise=0,2,ipc,n_targets_kept,273.0
3B_ipc_sweep,leak_rate=1|n_units=50|rho=0.8|state_noise=0,2,ipc,saturation_ratio,0.660959209871543
3B_ipc_sweep,leak_rate=1|n_units=50|rho=0.8|state_noise=0,2,ipc,ipc_threshold_degree1,0.0007941706869551055
3B_ipc_sweep,leak_rate=1|n_units=50|rho=0.8|state_noise=0,2,ipc,ipc_threshold_degree2,0.0007877571841449337
3B_ipc_sweep,leak_rate=1|n_units=50|rho=0.8|state_noise=0,2,ipc,ipc_threshold_degree3,0.0007881886142540783
3B_ipc_sweep,leak_rate=1|n_units=50|rho=0.8|state_noise=0,2,ipc,ipc_threshold_degree4,0.0008257652316869799
3B_ipc_sweep,leak_rate=0.3|n_units=50|rho=0.95|state_noise=0,2,memory_capacity,mc_total,11.346617043506544
3B_ipc_sweep,leak_rate=0.3|n_units=50|rho=0.95|state_noise=0,2,memory_capacity,mc_total_raw,11.474898293758569
3B_ipc_sweep,leak_rate=0.3|n_units=50|rho=0.95|state_noise=0,2,memory_capacity,mc_threshold,0.0007367986787920358
3B_ipc_sweep,leak_rate=0.3|n_units=50|rho=0.95|state_noise=0,2,memory_capacity,mc_effective_delay,25.97428398833836
3B_ipc_sweep,leak_rate=0.3|n_units=50|rho=0.95|state_noise=0,2,memory_capacity,mc_ratio,0.2269323408701309
3B_ipc_sweep,leak_rate=0.3|n_units=50|rho=0.95|state_noise=0,2,memory_capacity,n_delays,400.0
3B_ipc_sweep,leak_rate=0.3|n_units=50|rho=0.95|state_noise=0,2,ipc,ipc_total,19.639157411510027
3B_ipc_sweep,leak_rate=0.3|n_units=50|rho=0.95|state_noise=0,2,ipc,ipc_total_raw,19.803955809136625
3B_ipc_sweep,leak_rate=0.3|n_units=50|rho=0.95|state_noise=0,2,ipc,ipc_linear,10.094511722865903
3B_ipc_sweep,leak_rate=0.3|n_units=50|rho=0.95|state_noise=0,2,ipc,ipc_nonlinear,9.544645688644124
3B_ipc_sweep,leak_rate=0.3|n_units=50|rho=0.95|state_noise=0,2,ipc,n_targets,601.0
3B_ipc_sweep,leak_rate=0.3|n_units=50|rho=0.95|state_noise=0,2,ipc,n_targets_kept,312.0
3B_ipc_sweep,leak_rate=0.3|n_units=50|rho=0.95|state_noise=0,2,ipc,saturation_ratio,0.39278314823020055
3B_ipc_sweep,leak_rate=0.3|n_units=50|rho=0.95|state_noise=0,2,ipc,ipc_threshold_degree1,0.0007909872596187894
3B_ipc_sweep,leak_rate=0.3|n_units=50|rho=0.95|state_noise=0,2,ipc,ipc_threshold_degree2,0.0007841777743214096
3B_ipc_sweep,leak_rate=0.3|n_units=50|rho=0.95|state_noise=0,2,ipc,ipc_threshold_degree3,0.0007748625175142165
3B_ipc_sweep,leak_rate=0.3|n_units=50|rho=0.95|state_noise=0,2,ipc,ipc_threshold_degree4,0.0008178697687417812
3B_ipc_sweep,leak_rate=0.6|n_units=50|rho=0.95|state_noise=0,2,memory_capacity,mc_total,12.006173038987331
3B_ipc_sweep,leak_rate=0.6|n_units=50|rho=0.95|state_noise=0,2,memory_capacity,mc_total_raw,12.174833602137252
3B_ipc_sweep,leak_rate=0.6|n_units=50|rho=0.95|state_noise=0,2,memory_capacity,mc_threshold,0.0007693194366836055
3B_ipc_sweep,leak_rate=0.6|n_units=50|rho=0.95|state_noise=0,2,memory_capacity,mc_effective_delay,11.429973673576297
3B_ipc_sweep,leak_rate=0.6|n_units=50|rho=0.95|state_noise=0,2,memory_capacity,mc_ratio,0.2401234607797466
3B_ipc_sweep,leak_rate=0.6|n_units=50|rho=0.95|state_noise=0,2,memory_capacity,n_delays,400.0
3B_ipc_sweep,leak_rate=0.6|n_units=50|rho=0.95|state_noise=0,2,ipc,ipc_total,29.567556830063985
3B_ipc_sweep,leak_rate=0.6|n_units=50|rho=0.95|state_noise=0,2,ipc,ipc_total_raw,29.734498287658276
3B_ipc_sweep,leak_rate=0.6|n_units=50|rho=0.95|state_noise=0,2,ipc,ipc_linear,11.995789206329073
3B_ipc_sweep,leak_rate=0.6|n_units=50|rho=0.95|state_noise=0,2,ipc,ipc_nonlinear,17.571767623734914
3B_ipc_sweep,leak_rate=0.6|n_units=50|rho=0.95|state_noise=0,2,ipc,n_targets,601.0
3B_ipc_sweep,leak_rate=0.6|n_units=50|rho=0.95|state_noise=0,2,ipc,n_targets_kept,304.0
3B_ipc_sweep,leak_rate=0.6|n_units=50|rho=0.95|state_noise=0,2,ipc,saturation_ratio,0.5913511366012797
3B_ipc_sweep,leak_rate=0.6|n_units=50|rho=0.95|state_noise=0,2,ipc,ipc_threshold_degree1,0.0007748146619693685
3B_ipc_sweep,leak_rate=0.6|n_units=50|rho=0.95|state_noise=0,2,ipc,ipc_threshold_degree2,0.0007820890236482635
3B_ipc_sweep,leak_rate=0.6|n_units=50|rho=0.95|state_noise=0,2,ipc,ipc_threshold_degree3,0.0008805898417200541
3B_ipc_sweep,leak_rate=0.6|n_units=50|rho=0.95|state_noise=0,2,ipc,ipc_threshold_degree4,0.0007952243549695558
3B_ipc_sweep,leak_rate=1|n_units=50|rho=0.95|state_noise=0,2,memory_capacity,mc_total,14.241719037604097
3B_ipc_sweep,leak_rate=1|n_units=50|rho=0.95|state_noise=0,2,memory_capacity,mc_total_raw,14.420019672357753
3B_ipc_sweep,leak_rate=1|n_units=50|rho=0.95|state_noise=0,2,memory_capacity,mc_threshold,0.000745145797368413
3B_ipc_sweep,leak_rate=1|n_units=50|rho=0.95|state_noise=0,2,memory_capacity,mc_effective_delay,8.236067903558379
3B_ipc_sweep,leak_rate=1|n_units=50|rho=0.95|state_noise=0,2,memory_capacity,mc_ratio,0.28483438075208195
3B_ipc_sweep,leak_rate=1|n_units=50|rho=0.95|state_noise=0,2,memory_capacity,n_delays,400.0
3B_ipc_sweep,leak_rate=1|n_units=50|rho=0.95|state_noise=0,2,ipc,ipc_total,31.083666506132055
3B_ipc_sweep,leak_rate=1|n_units=50|rho=0.95|state_noise=0,2,ipc,ipc_total_raw,31.263868441877428
3B_ipc_sweep,leak_rate=1|n_units=50|rho=0.95|state_noise=0,2,ipc,ipc_linear,14.23764375398694
3B_ipc_sweep,leak_rate=1|n_units=50|rho=0.95|state_noise=0,2,ipc,ipc_nonlinear,16.846022752145114
3B_ipc_sweep,leak_rate=1|n_units=50|rho=0.95|state_noise=0,2,ipc,n_targets,601.0
3B_ipc_sweep,leak_rate=1|n_units=50|rho=0.95|state_noise=0,2,ipc,n_targets_kept,276.0
3B_ipc_sweep,leak_rate=1|n_units=50|rho=0.95|state_noise=0,2,ipc,saturation_ratio,0.6216733301226411
3B_ipc_sweep,leak_rate=1|n_units=50|rho=0.95|state_noise=0,2,ipc,ipc_threshold_degree1,0.0007591507803288708
3B_ipc_sweep,leak_rate=1|n_units=50|rho=0.95|state_noise=0,2,ipc,ipc_threshold_degree2,0.0007757616803504085
3B_ipc_sweep,leak_rate=1|n_units=50|rho=0.95|state_noise=0,2,ipc,ipc_threshold_degree3,0.0007977585628231908
3B_ipc_sweep,leak_rate=1|n_units=50|rho=0.95|state_noise=0,2,ipc,ipc_threshold_degree4,0.0008366578221489584
3B_ipc_sweep,leak_rate=0.3|n_units=50|rho=1.1|state_noise=0,2,memory_capacity,mc_total,12.401451459882606
3B_ipc_sweep,leak_rate=0.3|n_units=50|rho=1.1|state_noise=0,2,memory_capacity,mc_total_raw,12.401451459882606
3B_ipc_sweep,leak_rate=0.3|n_units=50|rho=1.1|state_noise=0,2,memory_capacity,mc_threshold,0.000762557907330458
3B_ipc_sweep,leak_rate=0.3|n_units=50|rho=1.1|state_noise=0,2,memory_capacity,mc_effective_delay,40.6565791743048
3B_ipc_sweep,leak_rate=0.3|n_units=50|rho=1.1|state_noise=0,2,memory_capacity,mc_ratio,0.24802902919765213
3B_ipc_sweep,leak_rate=0.3|n_units=50|rho=1.1|state_noise=0,2,memory_capacity,n_delays,400.0
3B_ipc_sweep,leak_rate=0.3|n_units=50|rho=1.1|state_noise=0,2,ipc,ipc_total,16.14114603977368
3B_ipc_sweep,leak_rate=0.3|n_units=50|rho=1.1|state_noise=0,2,ipc,ipc_total_raw,16.265388693204777
3B_ipc_sweep,leak_rate=0.3|n_units=50|rho=1.1|state_noise=0,2,ipc,ipc_linear,10.006842781367688
3B_ipc_sweep,leak_rate=0.3|n_units=50|rho=1.1|state_noise=0,2,ipc,ipc_nonlinear,6.134303258405993
3B_ipc_sweep,leak_rate=0.3|n_units=50|rho=1.1|state_noise=0,2,ipc,n_targets,601.0
3B_ipc_sweep,leak_rate=0.3|n_units=50|rho=1.1|state_noise=0,2,ipc,n_targets_kept,397.0
3B_ipc_sweep,leak_rate=0.3|n_units=50|rho=1.1|state_noise=0,2,ipc,saturation_ratio,0.3228229207954736
3B_ipc_sweep,leak_rate=0.3|n_units=50|rho=1.1|state_noise=0,2,ipc,ipc_threshold_degree1,0.0007678330151831701
3B_ipc_sweep,leak_rate=0.3|n_units=50|rho=1.1|state_noise=0,2,ipc,ipc_threshold_degree2,0.0007780553725454229
3B_ipc_sweep,leak_rate=0.3|n_units=50|rho=1.1|state_noise=0,2,ipc,ipc_threshold_degree3,0.0007454535336350576
3B_ipc_sweep,leak_rate=0.3|n_units=50|rho=1.1|state_noise=0,2,ipc,ipc_threshold_degree4,0.0008144028227719379
3B_ipc_sweep,leak_rate=0.6|n_units=50|rho=1.1|state_noise=0,2,memory_capacity,mc_total,13.85643350640468
3B_ipc_sweep,leak_rate=0.6|n_units=50|rho=1.1|state_noise=0,2,memory_capacity,mc_total_raw,13.917685396386007
3B_ipc_sweep,leak_rate=0.6|n_units=50|rho=1.1|state_noise=0,2,memory_capacity,mc_threshold,0.0007484646540465323
3B_ipc_sweep,leak_rate=0.6|n_units=50|rho=1.1|state_noise=0,2,memory_capacity,mc_effective_delay,19.665184708762748
3B_ipc_sweep,leak_rate=0.6|n_units=50|rho=1.1|state_noise=0,2,memory_capacity,mc_ratio,0.2771286701280936
3B_ipc_sweep,leak_rate=0.6|n_units=50|rho=1.1|state_noise=0,2,memory_capacity,n_delays,400.0
3B_ipc_sweep,leak_rate=0.6|n_units=50|rho=1.1|state_noise=0,2,ipc,ipc_total,25.12398083516862
3B_ipc_sweep,leak_rate=0.6|n_units=50|rho=1.1|state_noise=0,2,ipc,ipc_total_raw,25.2815003471625
3B_ipc_sweep,leak_rate=0.6|n_units=50|rho=1.1|state_noise=0,2,ipc,ipc_linear,13.04719512836828
3B_ipc_sweep,leak_rate=0.6|n_units=50|rho=1.1|state_noise=0,2,ipc,ipc_nonlinear,12.07678570680034
3B_ipc_sweep,leak_rate=0.6|n_units=50|rho=1.1|state_noise=0,2,ipc,n_targets,601.0
3B_ipc_sweep,leak_rate=0.6|n_units=50|rho=1.1|state_noise=0,2,ipc,n_targets_kept,323.0
3B_ipc_sweep,leak_rate=0.6|n_units=50|rho=1.1|state_noise=0,2,ipc,saturation_ratio,0.5024796167033724
3B_ipc_sweep,leak_rate=0.6|n_units=50|rho=1.1|state_noise=0,2,ipc,ipc_threshold_degree1,0.0007531581961296608
3B_ipc_sweep,leak_rate=0.6|n_units=50|rho=1.1|state_noise=0,2,ipc,ipc_threshold_degree2,0.000781206869535359
3B_ipc_sweep,leak_rate=0.6|n_units=50|rho=1.1|state_noise=0,2,ipc,ipc_threshold_degree3,0.0008305631662193524
3B_ipc_sweep,leak_rate=0.6|n_units=50|rho=1.1|state_noise=0,2,ipc,ipc_threshold_degree4,0.0007822778924305839
3B_ipc_sweep,leak_rate=1|n_units=50|rho=1.1|state_noise=0,2,memory_capacity,mc_total,13.642026254077482
3B_ipc_sweep,leak_rate=1|n_units=50|rho=1.1|state_noise=0,2,memory_capacity,mc_total_raw,13.77656563635686
3B_ipc_sweep,leak_rate=1|n_units=50|rho=1.1|state_noise=0,2,memory_capacity,mc_threshold,0.0007624419234147369
3B_ipc_sweep,leak_rate=1|n_units=50|rho=1.1|state_noise=0,2,memory_capacity,mc_effective_delay,10.352286733314155
3B_ipc_sweep,leak_rate=1|n_units=50|rho=1.1|state_noise=0,2,memory_capacity,mc_ratio,0.27284052508154966
3B_ipc_sweep,leak_rate=1|n_units=50|rho=1.1|state_noise=0,2,memory_capacity,n_delays,400.0
3B_ipc_sweep,leak_rate=1|n_units=50|rho=1.1|state_noise=0,2,ipc,ipc_total,19.566964031248684
3B_ipc_sweep,leak_rate=1|n_units=50|rho=1.1|state_noise=0,2,ipc,ipc_total_raw,19.733149659923036
3B_ipc_sweep,leak_rate=1|n_units=50|rho=1.1|state_noise=0,2,ipc,ipc_linear,13.495052331515218
3B_ipc_sweep,leak_rate=1|n_units=50|rho=1.1|state_noise=0,2,ipc,ipc_nonlinear,6.071911699733466
3B_ipc_sweep,leak_rate=1|n_units=50|rho=1.1|state_noise=0,2,ipc,n_targets,601.0
3B_ipc_sweep,leak_rate=1|n_units=50|rho=1.1|state_noise=0,2,ipc,n_targets_kept,287.0
3B_ipc_sweep,leak_rate=1|n_units=50|rho=1.1|state_noise=0,2,ipc,saturation_ratio,0.3913392806249737
3B_ipc_sweep,leak_rate=1|n_units=50|rho=1.1|state_noise=0,2,ipc,ipc_threshold_degree1,0.0007583831143813046
3B_ipc_sweep,leak_rate=1|n_units=50|rho=1.1|state_noise=0,2,ipc,ipc_threshold_degree2,0.0007808320708933824
3B_ipc_sweep,leak_rate=1|n_units=50|rho=1.1|state_noise=0,2,ipc,ipc_threshold_degree3,0.0008215502999093338
3B_ipc_sweep,leak_rate=1|n_units=50|rho=1.1|state_noise=0,2,ipc,ipc_threshold_degree4,0.0007959776864169263
3Bp_conservation,leak_rate=1|n_units=25|rho=0.95|state_noise=0,0,memory_capacity,mc_total,10.543349765092973
3Bp_conservation,leak_rate=1|n_units=25|rho=0.95|state_noise=0,0,memory_capacity,mc_total_raw,10.591765643691115
3Bp_conservation,leak_rate=1|n_units=25|rho=0.95|state_noise=0,0,memory_capacity,mc_threshold,0.00024673828394974125
3Bp_conservation,leak_rate=1|n_units=25|rho=0.95|state_noise=0,0,memory_capacity,mc_effective_delay,6.510913266115544
3Bp_conservation,leak_rate=1|n_units=25|rho=0.95|state_noise=0,0,memory_capacity,mc_ratio,0.4217339906037189
3Bp_conservation,leak_rate=1|n_units=25|rho=0.95|state_noise=0,0,memory_capacity,n_delays,400.0
3Bp_conservation,leak_rate=1|n_units=25|rho=0.95|state_noise=0,0,ipc,ipc_total,19.26545202127489
3Bp_conservation,leak_rate=1|n_units=25|rho=0.95|state_noise=0,0,ipc,ipc_total_raw,19.66094113358302
3Bp_conservation,leak_rate=1|n_units=25|rho=0.95|state_noise=0,0,ipc,ipc_linear,10.54365711549493
3Bp_conservation,leak_rate=1|n_units=25|rho=0.95|state_noise=0,0,ipc,ipc_nonlinear,8.721794905779959
3Bp_conservation,leak_rate=1|n_units=25|rho=0.95|state_noise=0,0,ipc,n_targets,4075.0
3Bp_conservation,leak_rate=1|n_units=25|rho=0.95|state_noise=0,0,ipc,n_targets_kept,1208.0
3Bp_conservation,leak_rate=1|n_units=25|rho=0.95|state_noise=0,0,ipc,saturation_ratio,0.7706180808509956
3Bp_conservation,leak_rate=1|n_units=25|rho=0.95|state_noise=0,0,ipc,ipc_threshold_degree1,0.00021239813525489198
3Bp_conservation,leak_rate=1|n_units=25|rho=0.95|state_noise=0,0,ipc,ipc_threshold_degree2,0.00022763255510083175
3Bp_conservation,leak_rate=1|n_units=25|rho=0.95|state_noise=0,0,ipc,ipc_threshold_degree3,0.00022218691471181273
3Bp_conservation,leak_rate=1|n_units=25|rho=0.95|state_noise=0,0,ipc,ipc_threshold_degree4,0.00031287431587976303
3Bp_conservation,leak_rate=1|n_units=25|rho=0.95|state_noise=0.01,0,memory_capacity,mc_total,9.408818650052673
3Bp_conservation,leak_rate=1|n_units=25|rho=0.95|state_noise=0.01,0,memory_capacity,mc_total_raw,9.455536505836397
3Bp_conservation,leak_rate=1|n_units=25|rho=0.95|state_noise=0.01,0,memory_capacity,mc_threshold,0.00022720059479805385
3Bp_conservation,leak_rate=1|n_units=25|rho=0.95|state_noise=0.01,0,memory_capacity,mc_effective_delay,6.111961180715363
3Bp_conservation,leak_rate=1|n_units=25|rho=0.95|state_noise=0.01,0,memory_capacity,mc_ratio,0.37635274600210694
3Bp_conservation,leak_rate=1|n_units=25|rho=0.95|state_noise=0.01,0,memory_capacity,n_delays,400.0
3Bp_conservation,leak_rate=1|n_units=25|rho=0.95|state_noise=0.01,0,ipc,ipc_total,12.951815038452649
3Bp_conservation,leak_rate=1|n_units=25|rho=0.95|state_noise=0.01,0,ipc,ipc_total_raw,13.361972717272216
3Bp_conservation,leak_rate=1|n_units=25|rho=0.95|state_noise=0.01,0,ipc,ipc_linear,9.407120329514203
3Bp_conservation,leak_rate=1|n_units=25|rho=0.95|state_noise=0.01,0,ipc,ipc_nonlinear,3.5446947089384455
3Bp_conservation,leak_rate=1|n_units=25|rho=0.95|state_noise=0.01,0,ipc,n_targets,4075.0
3Bp_conservation,leak_rate=1|n_units=25|rho=0.95|state_noise=0.01,0,ipc,n_targets_kept,1053.0
3Bp_conservation,leak_rate=1|n_units=25|rho=0.95|state_noise=0.01,0,ipc,saturation_ratio,0.518072601538106
3Bp_conservation,leak_rate=1|n_units=25|rho=0.95|state_noise=0.01,0,ipc,ipc_threshold_degree1,0.0002024128935468983
3Bp_conservation,leak_rate=1|n_units=25|rho=0.95|state_noise=0.01,0,ipc,ipc_threshold_degree2,0.00023027287408080796
3Bp_conservation,leak_rate=1|n_units=25|rho=0.95|state_noise=0.01,0,ipc,ipc_threshold_degree3,0.00022794813556390015
3Bp_conservation,leak_rate=1|n_units=25|rho=0.95|state_noise=0.01,0,ipc,ipc_threshold_degree4,0.0002958692318238909
3Bp_conservation,leak_rate=1|n_units=25|rho=0.95|state_noise=0.1,0,memory_capacity,mc_total,3.9316050917202428
3Bp_conservation,leak_rate=1|n_units=25|rho=0.95|state_noise=0.1,0,memory_capacity,mc_total_raw,3.9772208898255355
3Bp_conservation,leak_rate=1|n_units=25|rho=0.95|state_noise=0.1,0,memory_capacity,mc_threshold,0.0002212310539929208
3Bp_conservation,leak_rate=1|n_units=25|rho=0.95|state_noise=0.1,0,memory_capacity,mc_effective_delay,3.9385512473310977
3Bp_conservation,leak_rate=1|n_units=25|rho=0.95|state_noise=0.1,0,memory_capacity,mc_ratio,0.15726420366880972
3Bp_conservation,leak_rate=1|n_units=25|rho=0.95|state_noise=0.1,0,memory_capacity,n_delays,400.0
3Bp_conservation,leak_rate=1|n_units=25|rho=0.95|state_noise=0.1,0,ipc,ipc_total,4.023494686704068
3Bp_conservation,leak_rate=1|n_units=25|rho=0.95|state_noise=0.1,0,ipc,ipc_total_raw,4.53407349636204
3Bp_conservation,leak_rate=1|n_units=25|rho=0.95|state_noise=0.1,0,ipc,ipc_linear,3.9325547896347204
3Bp_conservation,leak_rate=1|n_units=25|rho=0.95|state_noise=0.1,0,ipc,ipc_nonlinear,0.0909398970693478
3Bp_conservation,leak_rate=1|n_units=25|rho=0.95|state_noise=0.1,0,ipc,n_targets,4075.0
3Bp_conservation,leak_rate=1|n_units=25|rho=0.95|state_noise=0.1,0,ipc,n_targets_kept,227.0
3Bp_conservation,leak_rate=1|n_units=25|rho=0.95|state_noise=0.1,0,ipc,saturation_ratio,0.16093978746816273
3Bp_conservation,leak_rate=1|n_units=25|rho=0.95|state_noise=0.1,0,ipc,ipc_threshold_degree1,0.00020256439169474055
3Bp_conservation,leak_rate=1|n_units=25|rho=0.95|state_noise=0.1,0,ipc,ipc_threshold_degree2,0.00021916010382964088
3Bp_conservation,leak_rate=1|n_units=25|rho=0.95|state_noise=0.1,0,ipc,ipc_threshold_degree3,0.00023320796594037177
3Bp_conservation,leak_rate=1|n_units=25|rho=0.95|state_noise=0.1,0,ipc,ipc_threshold_degree4,0.0003132143497118821
3Bp_conservation,leak_rate=1|n_units=50|rho=0.95|state_noise=0,0,memory_capacity,mc_total,14.534776717043579
3Bp_conservation,leak_rate=1|n_units=50|rho=0.95|state_noise=0,0,memory_capacity,mc_total_raw,14.621851747875768
3Bp_conservation,leak_rate=1|n_units=50|rho=0.95|state_noise=0,0,memory_capacity,mc_threshold,0.00037219847001283244
3Bp_conservation,leak_rate=1|n_units=50|rho=0.95|state_noise=0,0,memory_capacity,mc_effective_delay,8.656345371866296
3Bp_conservation,leak_rate=1|n_units=50|rho=0.95|state_noise=0,0,memory_capacity,mc_ratio,0.2906955343408716
3Bp_conservation,leak_rate=1|n_units=50|rho=0.95|state_noise=0,0,memory_capacity,n_delays,400.0
3Bp_conservation,leak_rate=1|n_units=50|rho=0.95|state_noise=0,0,ipc,ipc_total,35.16361365115684
3Bp_conservation,leak_rate=1|n_units=50|rho=0.95|state_noise=0,0,ipc,ipc_total_raw,35.86666282639197
3Bp_conservation,leak_rate=1|n_units=50|rho=0.95|state_noise=0,0,ipc,ipc_linear,14.530262427447713
3Bp_conservation,leak_rate=1|n_units=50|rho=0.95|state_noise=0,0,ipc,ipc_nonlinear,20.633351223709123
3Bp_conservation,leak_rate=1|n_units=50|rho=0.95|state_noise=0,0,ipc,n_targets,4075.0
3Bp_conservation,leak_rate=1|n_units=50|rho=0.95|state_noise=0,0,ipc,n_targets_kept,1418.0
3Bp_conservation,leak_rate=1|n_units=50|rho=0.95|state_noise=0,0,ipc,saturation_ratio,0.7032722730231368
3Bp_conservation,leak_rate=1|n_units=50|rho=0.95|state_noise=0,0,ipc,ipc_threshold_degree1,0.00038360855110275313
3Bp_conservation,leak_rate=1|n_units=50|rho=0.95|state_noise=0,0,ipc,ipc_threshold_degree2,0.0003881530970455792
3Bp_conservation,leak_rate=1|n_units=50|rho=0.95|state_noise=0,0,ipc,ipc_threshold_degree3,0.0003897148352719092
3Bp_conservation,leak_rate=1|n_units=50|rho=0.95|state_noise=0,0,ipc,ipc_threshold_degree4,0.0004578129468129132
3Bp_conservation,leak_rate=1|n_units=50|rho=0.95|state_noise=0.01,0,memory_capacity,mc_total,12.038482103510791
3Bp_conservation,leak_rate=1|n_units=50|rho=0.95|state_noise=0.01,0,memory_capacity,mc_total_raw,12.127807820691343
3Bp_conservation,leak_rate=1|n_units=50|rho=0.95|state_noise=0.01,0,memory_capacity,mc_threshold,0.0003734497227251578
3Bp_conservation,leak_rate=1|n_units=50|rho=0.95|state_noise=0.01,0,memory_capacity,mc_effective_delay,7.590114362529778
3Bp_conservation,leak_rate=1|n_units=50|rho=0.95|state_noise=0.01,0,memory_capacity,mc_ratio,0.2407696420702158
3Bp_conservation,leak_rate=1|n_units=50|rho=0.95|state_noise=0.01,0,memory_capacity,n_delays,400.0
3Bp_conservation,leak_rate=1|n_units=50|rho=0.95|state_noise=0.01,0,ipc,ipc_total,18.12946192125097
3Bp_conservation,leak_rate=1|n_units=50|rho=0.95|state_noise=0.01,0,ipc,ipc_total_raw,18.899932221055327
3Bp_conservation,leak_rate=1|n_units=50|rho=0.95|state_noise=0.01,0,ipc,ipc_linear,12.036859559752672
3Bp_conservation,leak_rate=1|n_units=50|rho=0.95|state_noise=0.01,0,ipc,ipc_nonlinear,6.092602361498299
3Bp_conservation,leak_rate=1|n_units=50|rho=0.95|state_noise=0.01,0,ipc,n_targets,4075.0
3Bp_conservation,leak_rate=1|n_units=50|rho=0.95|state_noise=0.01,0,ipc,n_targets_kept,1119.0
3Bp_conservation,leak_rate=1|n_units=50|rho=0.95|state_noise=0.01,0,ipc,saturation_ratio,0.36258923842501944
3Bp_conservation,leak_rate=1|n_units=50|rho=0.95|state_noise=0.01,0,ipc,ipc_threshold_degree1,0.00036322613375883606
3Bp_conservation,leak_rate=1|n_units=50|rho=0.95|state_noise=0.01,0,ipc,ipc_threshold_degree2,0.00041136083916642807
3Bp_conservation,leak_rate=1|n_units=50|rho=0.95|state_noise=0.01,0,ipc,ipc_threshold_degree3,0.00039405807586926234
3Bp_conservation,leak_rate=1|n_units=50|rho=0.95|state_noise=0.01,0,ipc,ipc_threshold_degree4,0.0004512323777892134
3Bp_conservation,leak_rate=1|n_units=50|rho=0.95|state_noise=0.1,0,memory_capacity,mc_total,4.729634879913478
3Bp_conservation,leak_rate=1|n_units=50|rho=0.95|state_noise=0.1,0,memory_capacity,mc_total_raw,4.821176786759916
3Bp_conservation,leak_rate=1|n_units=50|rho=0.95|state_noise=0.1,0,memory_capacity,mc_threshold,0.0004045293318430555
3Bp_conservation,leak_rate=1|n_units=50|rho=0.95|state_noise=0.1,0,memory_capacity,mc_effective_delay,4.239921648285319
3Bp_conservation,leak_rate=1|n_units=50|rho=0.95|state_noise=0.1,0,memory_capacity,mc_ratio,0.09459269759826956
3Bp_conservation,leak_rate=1|n_units=50|rho=0.95|state_noise=0.1,0,memory_capacity,n_delays,400.0
3Bp_conservation,leak_rate=1|n_units=50|rho=0.95|state_noise=0.1,0,ipc,ipc_total,4.917363371402988
3Bp_conservation,leak_rate=1|n_units=50|rho=0.95|state_noise=0.1,0,ipc,ipc_total_raw,5.9069403988086036
3Bp_conservation,leak_rate=1|n_units=50|rho=0.95|state_noise=0.1,0,ipc,ipc_linear,4.730906197079806
3Bp_conservation,leak_rate=1|n_units=50|rho=0.95|state_noise=0.1,0,ipc,ipc_nonlinear,0.18645717432318243
3Bp_conservation,leak_rate=1|n_units=50|rho=0.95|state_noise=0.1,0,ipc,n_targets,4075.0
3Bp_conservation,leak_rate=1|n_units=50|rho=0.95|state_noise=0.1,0,ipc,n_targets_kept,223.0
3Bp_conservation,leak_rate=1|n_units=50|rho=0.95|state_noise=0.1,0,ipc,saturation_ratio,0.09834726742805977
3Bp_conservation,leak_rate=1|n_units=50|rho=0.95|state_noise=0.1,0,ipc,ipc_threshold_degree1,0.00035956711521150205
3Bp_conservation,leak_rate=1|n_units=50|rho=0.95|state_noise=0.1,0,ipc,ipc_threshold_degree2,0.00039508939156033705
3Bp_conservation,leak_rate=1|n_units=50|rho=0.95|state_noise=0.1,0,ipc,ipc_threshold_degree3,0.00038522985742964417
3Bp_conservation,leak_rate=1|n_units=50|rho=0.95|state_noise=0.1,0,ipc,ipc_threshold_degree4,0.00044386747014747425
3Bp_conservation,leak_rate=1|n_units=100|rho=0.95|state_noise=0,0,memory_capacity,mc_total,23.79279178372062
3Bp_conservation,leak_rate=1|n_units=100|rho=0.95|state_noise=0,0,memory_capacity,mc_total_raw,23.96079054382625
3Bp_conservation,leak_rate=1|n_units=100|rho=0.95|state_noise=0,0,memory_capacity,mc_threshold,0.0006686769354027112
3Bp_conservation,leak_rate=1|n_units=100|rho=0.95|state_noise=0,0,memory_capacity,mc_effective_delay,13.654000497844665
3Bp_conservation,leak_rate=1|n_units=100|rho=0.95|state_noise=0,0,memory_capacity,mc_ratio,0.2379279178372062
3Bp_conservation,leak_rate=1|n_units=100|rho=0.95|state_noise=0,0,memory_capacity,n_delays,400.0
3Bp_conservation,leak_rate=1|n_units=100|rho=0.95|state_noise=0,0,ipc,ipc_total,71.33551524486742
3Bp_conservation,leak_rate=1|n_units=100|rho=0.95|state_noise=0,0,ipc,ipc_total_raw,72.6138940330988
3Bp_conservation,leak_rate=1|n_units=100|rho=0.95|state_noise=0,0,ipc,ipc_linear,23.78710614273265
3Bp_conservation,leak_rate=1|n_units=100|rho=0.95|state_noise=0,0,ipc,ipc_nonlinear,47.54840910213477
3Bp_conservation,leak_rate=1|n_units=100|rho=0.95|state_noise=0,0,ipc,n_targets,4075.0
3Bp_conservation,leak_rate=1|n_units=100|rho=0.95|state_noise=0,0,ipc,n_targets_kept,1654.0
3Bp_conservation,leak_rate=1|n_units=100|rho=0.95|state_noise=0,0,ipc,saturation_ratio,0.7133551524486742
3Bp_conservation,leak_rate=1|n_units=100|rho=0.95|state_noise=0,0,ipc,ipc_threshold_degree1,0.0006752382021317804
3Bp_conservation,leak_rate=1|n_units=100|rho=0.95|state_noise=0,0,ipc,ipc_threshold_degree2,0.0007203701496890102
3Bp_conservation,leak_rate=1|n_units=100|rho=0.95|state_noise=0,0,ipc,ipc_threshold_degree3,0.0006922987671712288
3Bp_conservation,leak_rate=1|n_units=100|rho=0.95|state_noise=0,0,ipc,ipc_threshold_degree4,0.0007589071367911615
3Bp_conservation,leak_rate=1|n_units=100|rho=0.95|state_noise=0.01,0,memory_capacity,mc_total,19.7898334657566
3Bp_conservation,leak_rate=1|n_units=100|rho=0.95|state_noise=0.01,0,memory_capacity,mc_total_raw,19.957545772234628
3Bp_conservation,leak_rate=1|n_units=100|rho=0.95|state_noise=0.01,0,memory_capacity,mc_threshold,0.0006814135207882877
3Bp_conservation,leak_rate=1|n_units=100|rho=0.95|state_noise=0.01,0,memory_capacity,mc_effective_delay,11.820089221195431
3Bp_conservation,leak_rate=1|n_units=100|rho=0.95|state_noise=0.01,0,memory_capacity,mc_ratio,0.197898334657566
3Bp_conservation,leak_rate=1|n_units=100|rho=0.95|state_noise=0.01,0,memory_capacity,n_delays,400.0
3Bp_conservation,leak_rate=1|n_units=100|rho=0.95|state_noise=0.01,0,ipc,ipc_total,30.896552447175793
3Bp_conservation,leak_rate=1|n_units=100|rho=0.95|state_noise=0.01,0,ipc,ipc_total_raw,32.179721791262494
3Bp_conservation,leak_rate=1|n_units=100|rho=0.95|state_noise=0.01,0,ipc,ipc_linear,19.783470154666045
3Bp_conservation,leak_rate=1|n_units=100|rho=0.95|state_noise=0.01,0,ipc,ipc_nonlinear,11.113082292509748
3Bp_conservation,leak_rate=1|n_units=100|rho=0.95|state_noise=0.01,0,ipc,n_targets,4075.0
3Bp_conservation,leak_rate=1|n_units=100|rho=0.95|state_noise=0.01,0,ipc,n_targets_kept,1567.0
3Bp_conservation,leak_rate=1|n_units=100|rho=0.95|state_noise=0.01,0,ipc,saturation_ratio,0.30896552447175796
3Bp_conservation,leak_rate=1|n_units=100|rho=0.95|state_noise=0.01,0,ipc,ipc_threshold_degree1,0.0006697256347736081
3Bp_conservation,leak_rate=1|n_units=100|rho=0.95|state_noise=0.01,0,ipc,ipc_threshold_degree2,0.0007184181004949219
3Bp_conservation,leak_rate=1|n_units=100|rho=0.95|state_noise=0.01,0,ipc,ipc_threshold_degree3,0.0006837603253836009
3Bp_conservation,leak_rate=1|n_units=100|rho=0.95|state_noise=0.01,0,ipc,ipc_threshold_degree4,0.0007371004720805029
3Bp_conservation,leak_rate=1|n_units=100|rho=0.95|state_noise=0.1,0,memory_capacity,mc_total,6.585280323054939
3Bp_conservation,leak_rate=1|n_units=100|rho=0.95|state_noise=0.1,0,memory_capacity,mc_total_raw,6.7664675727479615
3Bp_conservation,leak_rate=1|n_units=100|rho=0.95|state_noise=0.1,0,memory_capacity,mc_threshold,0.0006769438514122695
3Bp_conservation,leak_rate=1|n_units=100|rho=0.95|state_noise=0.1,0,memory_capacity,mc_effective_delay,5.689298922812436
3Bp_conservation,leak_rate=1|n_units=100|rho=0.95|state_noise=0.1,0,memory_capacity,mc_ratio,0.06585280323054939
3Bp_conservation,leak_rate=1|n_units=100|rho=0.95|state_noise=0.1,0,memory_capacity,n_delays,400.0
3Bp_conservation,leak_rate=1|n_units=100|rho=0.95|state_noise=0.1,0,ipc,ipc_total,6.753276303759858
3Bp_conservation,leak_rate=1|n_units=100|rho=0.95|state_noise=0.1,0,ipc,ipc_total_raw,8.71220894668978
3Bp_conservation,leak_rate=1|n_units=100|rho=0.95|state_noise=0.1,0,ipc,ipc_linear,6.584687992898738
3Bp_conservation,leak_rate=1|n_units=100|rho=0.95|state_noise=0.1,0,ipc,ipc_nonlinear,0.1685883108611197
3Bp_conservation,leak_rate=1|n_units=100|rho=0.95|state_noise=0.1,0,ipc,n_targets,4075.0
3Bp_conservation,leak_rate=1|n_units=100|rho=0.95|state_noise=0.1,0,ipc,n_targets_kept,240.0
3Bp_conservation,leak_rate=1|n_units=100|rho=0.95|state_noise=0.1,0,ipc,saturation_ratio,0.06753276303759857
3Bp_conservation,leak_rate=1|n_units=100|rho=0.95|state_noise=0.1,0,ipc,ipc_threshold_degree1,0.0006581729880940834
3Bp_conservation,leak_rate=1|n_units=100|rho=0.95|state_noise=0.1,0,ipc,ipc_threshold_degree2,0.0006806487418099972
3Bp_conservation,leak_rate=1|n_units=100|rho=0.95|state_noise=0.1,0,ipc,ipc_threshold_degree3,0.0006727328666816168
3Bp_conservation,leak_rate=1|n_units=100|rho=0.95|state_noise=0.1,0,ipc,ipc_threshold_degree4,0.0007616193634256374
3Bp_conservation,leak_rate=1|n_units=25|rho=0.95|state_noise=0,1,memory_capacity,mc_total,10.368818590119936
3Bp_conservation,leak_rate=1|n_units=25|rho=0.95|state_noise=0,1,memory_capacity,mc_total_raw,10.414358339948565
3Bp_conservation,leak_rate=1|n_units=25|rho=0.95|state_noise=0,1,memory_capacity,mc_threshold,0.00021463652920728721
3Bp_conservation,leak_rate=1|n_units=25|rho=0.95|state_noise=0,1,memory_capacity,mc_effective_delay,6.613556312216566
3Bp_conservation,leak_rate=1|n_units=25|rho=0.95|state_noise=0,1,memory_capacity,mc_ratio,0.41475274360479747
3Bp_conservation,leak_rate=1|n_units=25|rho=0.95|state_noise=0,1,memory_capacity,n_delays,400.0
3Bp_conservation,leak_rate=1|n_units=25|rho=0.95|state_noise=0,1,ipc,ipc_total,16.19514628890175
3Bp_conservation,leak_rate=1|n_units=25|rho=0.95|state_noise=0,1,ipc,ipc_total_raw,16.599066972594517
3Bp_conservation,leak_rate=1|n_units=25|rho=0.95|state_noise=0,1,ipc,ipc_linear,10.367184432637336
3Bp_conservation,leak_rate=1|n_units=25|rho=0.95|state_noise=0,1,ipc,ipc_nonlinear,5.827961856264414
3Bp_conservation,leak_rate=1|n_units=25|rho=0.95|state_noise=0,1,ipc,n_targets,4075.0
3Bp_conservation,leak_rate=1|n_units=25|rho=0.95|state_noise=0,1,ipc,n_targets_kept,1134.0
3Bp_conservation,leak_rate=1|n_units=25|rho=0.95|state_noise=0,1,ipc,saturation_ratio,0.64780585155607
3Bp_conservation,leak_rate=1|n_units=25|rho=0.95|state_noise=0,1,ipc,ipc_threshold_degree1,0.00023659704479999866
3Bp_conservation,leak_rate=1|n_units=25|rho=0.95|state_noise=0,1,ipc,ipc_threshold_degree2,0.00022555747804806292
3Bp_conservation,leak_rate=1|n_units=25|rho=0.95|state_noise=0,1,ipc,ipc_threshold_degree3,0.00022072041141890428
3Bp_conservation,leak_rate=1|n_units=25|rho=0.95|state_noise=0,1,ipc,ipc_threshold_degree4,0.00022744755891762277
3Bp_conservation,leak_rate=1|n_units=25|rho=0.95|state_noise=0.01,1,memory_capacity,mc_total,7.277427606521345
3Bp_conservation,leak_rate=1|n_units=25|rho=0.95|state_noise=0.01,1,memory_capacity,mc_total_raw,7.318046090976494
3Bp_conservation,leak_rate=1|n_units=25|rho=0.95|state_noise=0.01,1,memory_capacity,mc_threshold,0.0001873392550734247
3Bp_conservation,leak_rate=1|n_units=25|rho=0.95|state_noise=0.01,1,memory_capacity,mc_effective_delay,5.513382381906411
3Bp_conservation,leak_rate=1|n_units=25|rho=0.95|state_noise=0.01,1,memory_capacity,mc_ratio,0.2910971042608538
3Bp_conservation,leak_rate=1|n_units=25|rho=0.95|state_noise=0.01,1,memory_capacity,n_delays,400.0
3Bp_conservation,leak_rate=1|n_units=25|rho=0.95|state_noise=0.01,1,ipc,ipc_total,7.824189325669343
3Bp_conservation,leak_rate=1|n_units=25|rho=0.95|state_noise=0.01,1,ipc,ipc_total_raw,8.298373733547207
3Bp_conservation,leak_rate=1|n_units=25|rho=0.95|state_noise=0.01,1,ipc,ipc_linear,7.271415191594038
3Bp_conservation,leak_rate=1|n_units=25|rho=0.95|state_noise=0.01,1,ipc,ipc_nonlinear,0.552774134075305
3Bp_conservation,leak_rate=1|n_units=25|rho=0.95|state_noise=0.01,1,ipc,n_targets,4075.0
3Bp_conservation,leak_rate=1|n_units=25|rho=0.95|state_noise=0.01,1,ipc,n_targets_kept,616.0
3Bp_conservation,leak_rate=1|n_units=25|rho=0.95|state_noise=0.01,1,ipc,saturation_ratio,0.3129675730267737
3Bp_conservation,leak_rate=1|n_units=25|rho=0.95|state_noise=0.01,1,ipc,ipc_threshold_degree1,0.00022656322902899091
3Bp_conservation,leak_rate=1|n_units=25|rho=0.95|state_noise=0.01,1,ipc,ipc_threshold_degree2,0.0002258033334949072
3Bp_conservation,leak_rate=1|n_units=25|rho=0.95|state_noise=0.01,1,ipc,ipc_threshold_degree3,0.00022772597875285838
3Bp_conservation,leak_rate=1|n_units=25|rho=0.95|state_noise=0.01,1,ipc,ipc_threshold_degree4,0.00021775929146936488
3Bp_conservation,leak_rate=1|n_units=25|rho=0.95|state_noise=0.1,1,memory_capacity,mc_total,2.314436004405024
3Bp_conservation,leak_rate=1|n_units=25|rho=0.95|state_noise=0.1,1,memory_capacity,mc_total_raw,2.3597250569103716
3Bp_conservation,leak_rate=1|n_units=25|rho=0.95|state_noise=0.1,1,memory_capacity,mc_threshold,0.000199029598800176
3Bp_conservation,leak_rate=1|n_units=25|rho=0.95|state_noise=0.1,1,memory_capacity,mc_effective_delay,3.129929388422838
3Bp_conservation,leak_rate=1|n_units=25|rho=0.95|state_noise=0.1,1,memory_capacity,mc_ratio,0.09257744017620097
3Bp_conservation,leak_rate=1|n_units=25|rho=0.95|state_noise=0.1,1,memory_capacity,n_delays,400.0
3Bp_conservation,leak_rate=1|n_units=25|rho=0.95|state_noise=0.1,1,ipc,ipc_total,2.3361027232197893
3Bp_conservation,leak_rate=1|n_units=25|rho=0.95|state_noise=0.1,1,ipc,ipc_total_raw,2.8519121045288496
3Bp_conservation,leak_rate=1|n_units=25|rho=0.95|state_noise=0.1,1,ipc,ipc_linear,2.3124119590013894
3Bp_conservation,leak_rate=1|n_units=25|rho=0.95|state_noise=0.1,1,ipc,ipc_nonlinear,0.023690764218399885
3Bp_conservation,leak_rate=1|n_units=25|rho=0.95|state_noise=0.1,1,ipc,n_targets,4075.0
3Bp_conservation,leak_rate=1|n_units=25|rho=0.95|state_noise=0.1,1,ipc,n_targets_kept,123.0
3Bp_conservation,leak_rate=1|n_units=25|rho=0.95|state_noise=0.1,1,ipc,saturation_ratio,0.09344410892879157
3Bp_conservation,leak_rate=1|n_units=25|rho=0.95|state_noise=0.1,1,ipc,ipc_threshold_degree1,0.00022461364822751406
3Bp_conservation,leak_rate=1|n_units=25|rho=0.95|state_noise=0.1,1,ipc,ipc_threshold_degree2,0.00022856393619845926
3Bp_conservation,leak_rate=1|n_units=25|rho=0.95|state_noise=0.1,1,ipc,ipc_threshold_degree3,0.00020861566311195399
3Bp_conservation,leak_rate=1|n_units=25|rho=0.95|state_noise=0.1,1,ipc,ipc_threshold_degree4,0.00020996676604395295
3Bp_conservation,leak_rate=1|n_units=50|rho=0.95|state_noise=0,1,memory_capacity,mc_total,16.67135190901874
3Bp_conservation,leak_rate=1|n_units=50|rho=0.95|state_noise=0,1,memory_capacity,mc_total_raw,16.749010552445164
3Bp_conservation,leak_rate=1|n_units=50|rho=0.95|state_noise=0,1,memory_capacity,mc_threshold,0.00033435439885643256
3Bp_conservation,leak_rate=1|n_units=50|rho=0.95|state_noise=0,1,memory_capacity,mc_effective_delay,9.750516613467829
3Bp_conservation,leak_rate=1|n_units=50|rho=0.95|state_noise=0,1,memory_capacity,mc_ratio,0.3334270381803748
3Bp_conservation,leak_rate=1|n_units=50|rho=0.95|state_noise=0,1,memory_capacity,n_delays,400.0
3Bp_conservation,leak_rate=1|n_units=50|rho=0.95|state_noise=0,1,ipc,ipc_total,36.698054896099535
3Bp_conservation,leak_rate=1|n_units=50|rho=0.95|state_noise=0,1,ipc,ipc_total_raw,37.41101936783919
3Bp_conservation,leak_rate=1|n_units=50|rho=0.95|state_noise=0,1,ipc,ipc_linear,16.660500392256154
3Bp_conservation,leak_rate=1|n_units=50|rho=0.95|state_noise=0,1,ipc,ipc_nonlinear,20.03755450384338
3Bp_conservation,leak_rate=1|n_units=50|rho=0.95|state_noise=0,1,ipc,n_targets,4075.0
3Bp_conservation,leak_rate=1|n_units=50|rho=0.95|state_noise=0,1,ipc,n_targets_kept,1400.0
3Bp_conservation,leak_rate=1|n_units=50|rho=0.95|state_noise=0,1,ipc,saturation_ratio,0.7339610979219907
3Bp_conservation,leak_rate=1|n_units=50|rho=0.95|state_noise=0,1,ipc,ipc_threshold_degree1,0.00035657943624236796
3Bp_conservation,leak_rate=1|n_units=50|rho=0.95|state_noise=0,1,ipc,ipc_threshold_degree2,0.0003788062299230553
3Bp_conservation,leak_rate=1|n_units=50|rho=0.95|state_noise=0,1,ipc,ipc_threshold_degree3,0.00037723524094837027
3Bp_conservation,leak_rate=1|n_units=50|rho=0.95|state_noise=0,1,ipc,ipc_threshold_degree4,0.0003884039037695763
3Bp_conservation,leak_rate=1|n_units=50|rho=0.95|state_noise=0.01,1,memory_capacity,mc_total,13.325633821456659
3Bp_conservation,leak_rate=1|n_units=50|rho=0.95|state_noise=0.01,1,memory_capacity,mc_total_raw,13.411722576055173
3Bp_conservation,leak_rate=1|n_units=50|rho=0.95|state_noise=0.01,1,memory_capacity,mc_threshold,0.0003660785456890693
3Bp_conservation,leak_rate=1|n_units=50|rho=0.95|state_noise=0.01,1,memory_capacity,mc_effective_delay,8.212656512038537
3Bp_conservation,leak_rate=1|n_units=50|rho=0.95|state_noise=0.01,1,memory_capacity,mc_ratio,0.2665126764291332
3Bp_conservation,leak_rate=1|n_units=50|rho=0.95|state_noise=0.01,1,memory_capacity,n_delays,400.0
3Bp_conservation,leak_rate=1|n_units=50|rho=0.95|state_noise=0.01,1,ipc,ipc_total,16.497486431940935
3Bp_conservation,leak_rate=1|n_units=50|rho=0.95|state_noise=0.01,1,ipc,ipc_total_raw,17.3103011402806
3Bp_conservation,leak_rate=1|n_units=50|rho=0.95|state_noise=0.01,1,ipc,ipc_linear,13.323927548420546
3Bp_conservation,leak_rate=1|n_units=50|rho=0.95|state_noise=0.01,1,ipc,ipc_nonlinear,3.173558883520389
3Bp_conservation,leak_rate=1|n_units=50|rho=0.95|state_noise=0.01,1,ipc,n_targets,4075.0
3Bp_conservation,leak_rate=1|n_units=50|rho=0.95|state_noise=0.01,1,ipc,n_targets_kept,970.0
3Bp_conservation,leak_rate=1|n_units=50|rho=0.95|state_noise=0.01,1,ipc,saturation_ratio,0.3299497286388187
3Bp_conservation,leak_rate=1|n_units=50|rho=0.95|state_noise=0.01,1,ipc,ipc_threshold_degree1,0.00039423267122801084
3Bp_conservation,leak_rate=1|n_units=50|rho=0.95|state_noise=0.01,1,ipc,ipc_threshold_degree2,0.00037033361761920836
3Bp_conservation,leak_rate=1|n_units=50|rho=0.95|state_noise=0.01,1,ipc,ipc_threshold_degree3,0.000381563499047417
3Bp_conservation,leak_rate=1|n_units=50|rho=0.95|state_noise=0.01,1,ipc,ipc_threshold_degree4,0.00037386744953820327
3Bp_conservation,leak_rate=1|n_units=50|rho=0.95|state_noise=0.1,1,memory_capacity,mc_total,4.443943784922162
3Bp_conservation,leak_rate=1|n_units=50|rho=0.95|state_noise=0.1,1,memory_capacity,mc_total_raw,4.534737323210574
3Bp_conservation,leak_rate=1|n_units=50|rho=0.95|state_noise=0.1,1,memory_capacity,mc_threshold,0.00037080304358252963
3Bp_conservation,leak_rate=1|n_units=50|rho=0.95|state_noise=0.1,1,memory_capacity,mc_effective_delay,3.934824457876429
3Bp_conservation,leak_rate=1|n_units=50|rho=0.95|state_noise=0.1,1,memory_capacity,mc_ratio,0.08887887569844324
3Bp_conservation,leak_rate=1|n_units=50|rho=0.95|state_noise=0.1,1,memory_capacity,n_delays,400.0
3Bp_conservation,leak_rate=1|n_units=50|rho=0.95|state_noise=0.1,1,ipc,ipc_total,4.500409119495203
3Bp_conservation,leak_rate=1|n_units=50|rho=0.95|state_noise=0.1,1,ipc,ipc_total_raw,5.507129508377431
3Bp_conservation,leak_rate=1|n_units=50|rho=0.95|state_noise=0.1,1,ipc,ipc_linear,4.444228949219429
3Bp_conservation,leak_rate=1|n_units=50|rho=0.95|state_noise=0.1,1,ipc,ipc_nonlinear,0.056180170275774266
3Bp_conservation,leak_rate=1|n_units=50|rho=0.95|state_noise=0.1,1,ipc,n_targets,4075.0
3Bp_conservation,leak_rate=1|n_units=50|rho=0.95|state_noise=0.1,1,ipc,n_targets_kept,139.0
3Bp_conservation,leak_rate=1|n_units=50|rho=0.95|state_noise=0.1,1,ipc,saturation_ratio,0.09000818238990407
3Bp_conservation,leak_rate=1|n_units=50|rho=0.95|state_noise=0.1,1,ipc,ipc_threshold_degree1,0.0003690878710406775
3Bp_conservation,leak_rate=1|n_units=50|rho=0.95|state_noise=0.1,1,ipc,ipc_threshold_degree2,0.00039235444075905846
3Bp_conservation,leak_rate=1|n_units=50|rho=0.95|state_noise=0.1,1,ipc,ipc_threshold_degree3,0.00038839661031308756
3Bp_conservation,leak_rate=1|n_units=50|rho=0.95|state_noise=0.1,1,ipc,ipc_threshold_degree4,0.00036598796158613024
3Bp_conservation,leak_rate=1|n_units=100|rho=0.95|state_noise=0,1,memory_capacity,mc_total,21.471535344555626
3Bp_conservation,leak_rate=1|n_units=100|rho=0.95|state_noise=0,1,memory_capacity,mc_total_raw,21.654181626532246
3Bp_conservation,leak_rate=1|n_units=100|rho=0.95|state_noise=0,1,memory_capacity,mc_threshold,0.0007358932825301434
3Bp_conservation,leak_rate=1|n_units=100|rho=0.95|state_noise=0,1,memory_capacity,mc_effective_delay,11.915005923952153
3Bp_conservation,leak_rate=1|n_units=100|rho=0.95|state_noise=0,1,memory_capacity,mc_ratio,0.21471535344555626
3Bp_conservation,leak_rate=1|n_units=100|rho=0.95|state_noise=0,1,memory_capacity,n_delays,400.0
3Bp_conservation,leak_rate=1|n_units=100|rho=0.95|state_noise=0,1,ipc,ipc_total,74.16253644571474
3Bp_conservation,leak_rate=1|n_units=100|rho=0.95|state_noise=0,1,ipc,ipc_total_raw,75.36564293699945
3Bp_conservation,leak_rate=1|n_units=100|rho=0.95|state_noise=0,1,ipc,ipc_linear,21.4759946418503
3Bp_conservation,leak_rate=1|n_units=100|rho=0.95|state_noise=0,1,ipc,ipc_nonlinear,52.686541803864436
3Bp_conservation,leak_rate=1|n_units=100|rho=0.95|state_noise=0,1,ipc,n_targets,4075.0
3Bp_conservation,leak_rate=1|n_units=100|rho=0.95|state_noise=0,1,ipc,n_targets_kept,1743.0
3Bp_conservation,leak_rate=1|n_units=100|rho=0.95|state_noise=0,1,ipc,saturation_ratio,0.7416253644571473
3Bp_conservation,leak_rate=1|n_units=100|rho=0.95|state_noise=0,1,ipc,ipc_threshold_degree1,0.000665927199770877
3Bp_conservation,leak_rate=1|n_units=100|rho=0.95|state_noise=0,1,ipc,ipc_threshold_degree2,0.0006658628665913501
3Bp_conservation,leak_rate=1|n_units=100|rho=0.95|state_noise=0,1,ipc,ipc_threshold_degree3,0.0006678825852870993
3Bp_conservation,leak_rate=1|n_units=100|rho=0.95|state_noise=0,1,ipc,ipc_threshold_degree4,0.0006707661712497025
3Bp_conservation,leak_rate=1|n_units=100|rho=0.95|state_noise=0.01,1,memory_capacity,mc_total,17.957595453453585
3Bp_conservation,leak_rate=1|n_units=100|rho=0.95|state_noise=0.01,1,memory_capacity,mc_total_raw,18.123503049252573
3Bp_conservation,leak_rate=1|n_units=100|rho=0.95|state_noise=0.01,1,memory_capacity,mc_threshold,0.0006302099754416165
3Bp_conservation,leak_rate=1|n_units=100|rho=0.95|state_noise=0.01,1,memory_capacity,mc_effective_delay,10.494499906637866
3Bp_conservation,leak_rate=1|n_units=100|rho=0.95|state_noise=0.01,1,memory_capacity,mc_ratio,0.17957595453453584
3Bp_conservation,leak_rate=1|n_units=100|rho=0.95|state_noise=0.01,1,memory_capacity,n_delays,400.0
3Bp_conservation,leak_rate=1|n_units=100|rho=0.95|state_noise=0.01,1,ipc,ipc_total,32.751511427500986
3Bp_conservation,leak_rate=1|n_units=100|rho=0.95|state_noise=0.01,1,ipc,ipc_total_raw,34.10061967675088
3Bp_conservation,leak_rate=1|n_units=100|rho=0.95|state_noise=0.01,1,ipc,ipc_linear,17.944180334111255
3Bp_conservation,leak_rate=1|n_units=100|rho=0.95|state_noise=0.01,1,ipc,ipc_nonlinear,14.807331093389731
3Bp_conservation,leak_rate=1|n_units=100|rho=0.95|state_noise=0.01,1,ipc,n_targets,4075.0
3Bp_conservation,leak_rate=1|n_units=100|rho=0.95|state_noise=0.01,1,ipc,n_targets_kept,1435.0
3Bp_conservation,leak_rate=1|n_units=100|rho=0.95|state_noise=0.01,1,ipc,saturation_ratio,0.32751511427500984
3Bp_conservation,leak_rate=1|n_units=100|rho=0.95|state_noise=0.01,1,ipc,ipc_threshold_degree1,0.0006784441041159628
3Bp_conservation,leak_rate=1|n_units=100|rho=0.95|state_noise=0.01,1,ipc,ipc_threshold_degree2,0.0006805202089831041
3Bp_conservation,leak_rate=1|n_units=100|rho=0.95|state_noise=0.01,1,ipc,ipc_threshold_degree3,0.0006788020952278217
3Bp_conservation,leak_rate=1|n_units=100|rho=0.95|state_noise=0.01,1,ipc,ipc_threshold_degree4,0.0006712203762531421
3Bp_conservation,leak_rate=1|n_units=100|rho=0.95|state_noise=0.1,1,memory_capacity,mc_total,7.149983728837477
3Bp_conservation,leak_rate=1|n_units=100|rho=0.95|state_noise=0.1,1,memory_capacity,mc_total_raw,7.317152121515647
3Bp_conservation,leak_rate=1|n_units=100|rho=0.95|state_noise=0.1,1,memory_capacity,mc_threshold,0.000628745282371104
3Bp_conservation,leak_rate=1|n_units=100|rho=0.95|state_noise=0.1,1,memory_capacity,mc_effective_delay,5.945867760544565
3Bp_conservation,leak_rate=1|n_units=100|rho=0.95|state_noise=0.1,1,memory_capacity,mc_ratio,0.07149983728837478
3Bp_conservation,leak_rate=1|n_units=100|rho=0.95|state_noise=0.1,1,memory_capacity,n_delays,400.0
3Bp_conservation,leak_rate=1|n_units=100|rho=0.95|state_noise=0.1,1,ipc,ipc_total,7.437254104014054
3Bp_conservation,leak_rate=1|n_units=100|rho=0.95|state_noise=0.1,1,ipc,ipc_total_raw,9.350719663732864
3Bp_conservation,leak_rate=1|n_units=100|rho=0.95|state_noise=0.1,1,ipc,ipc_linear,7.135582617906096
3Bp_conservation,leak_rate=1|n_units=100|rho=0.95|state_noise=0.1,1,ipc,ipc_nonlinear,0.30167148610795724
3Bp_conservation,leak_rate=1|n_units=100|rho=0.95|state_noise=0.1,1,ipc,n_targets,4075.0
3Bp_conservation,leak_rate=1|n_units=100|rho=0.95|state_noise=0.1,1,ipc,n_targets_kept,301.0
3Bp_conservation,leak_rate=1|n_units=100|rho=0.95|state_noise=0.1,1,ipc,saturation_ratio,0.07437254104014053
3Bp_conservation,leak_rate=1|n_units=100|rho=0.95|state_noise=0.1,1,ipc,ipc_threshold_degree1,0.0006519974619092856
3Bp_conservation,leak_rate=1|n_units=100|rho=0.95|state_noise=0.1,1,ipc,ipc_threshold_degree2,0.0006985435998581934
3Bp_conservation,leak_rate=1|n_units=100|rho=0.95|state_noise=0.1,1,ipc,ipc_threshold_degree3,0.0006772469545034106
3Bp_conservation,leak_rate=1|n_units=100|rho=0.95|state_noise=0.1,1,ipc,ipc_threshold_degree4,0.0006544895766992585
3Bp_conservation,leak_rate=1|n_units=25|rho=0.95|state_noise=0,2,memory_capacity,mc_total,8.40335884018488
3Bp_conservation,leak_rate=1|n_units=25|rho=0.95|state_noise=0,2,memory_capacity,mc_total_raw,8.444835236188396
3Bp_conservation,leak_rate=1|n_units=25|rho=0.95|state_noise=0,2,memory_capacity,mc_threshold,0.000190126227018399
3Bp_conservation,leak_rate=1|n_units=25|rho=0.95|state_noise=0,2,memory_capacity,mc_effective_delay,5.114127684375379
3Bp_conservation,leak_rate=1|n_units=25|rho=0.95|state_noise=0,2,memory_capacity,mc_ratio,0.33613435360739524
3Bp_conservation,leak_rate=1|n_units=25|rho=0.95|state_noise=0,2,memory_capacity,n_delays,400.0
3Bp_conservation,leak_rate=1|n_units=25|rho=0.95|state_noise=0,2,ipc,ipc_total,15.265503060197904
3Bp_conservation,leak_rate=1|n_units=25|rho=0.95|state_noise=0,2,ipc,ipc_total_raw,15.718098658733688
3Bp_conservation,leak_rate=1|n_units=25|rho=0.95|state_noise=0,2,ipc,ipc_linear,8.400911494105504
3Bp_conservation,leak_rate=1|n_units=25|rho=0.95|state_noise=0,2,ipc,ipc_nonlinear,6.8645915660924
3Bp_conservation,leak_rate=1|n_units=25|rho=0.95|state_noise=0,2,ipc,n_targets,4075.0
3Bp_conservation,leak_rate=1|n_units=25|rho=0.95|state_noise=0,2,ipc,n_targets_kept,691.0
3Bp_conservation,leak_rate=1|n_units=25|rho=0.95|state_noise=0,2,ipc,saturation_ratio,0.6106201224079162
3Bp_conservation,leak_rate=1|n_units=25|rho=0.95|state_noise=0,2,ipc,ipc_threshold_degree1,0.0002142508437293333
3Bp_conservation,leak_rate=1|n_units=25|rho=0.95|state_noise=0,2,ipc,ipc_threshold_degree2,0.00026972194288053976
3Bp_conservation,leak_rate=1|n_units=25|rho=0.95|state_noise=0,2,ipc,ipc_threshold_degree3,0.00023162677842952773
3Bp_conservation,leak_rate=1|n_units=25|rho=0.95|state_noise=0,2,ipc,ipc_threshold_degree4,0.0002284752170049864
3Bp_conservation,leak_rate=1|n_units=25|rho=0.95|state_noise=0.01,2,memory_capacity,mc_total,6.5016782836808344
3Bp_conservation,leak_rate=1|n_units=25|rho=0.95|state_noise=0.01,2,memory_capacity,mc_total_raw,6.5470519531646225
3Bp_conservation,leak_rate=1|n_units=25|rho=0.95|state_noise=0.01,2,memory_capacity,mc_threshold,0.00022014318272363132
3Bp_conservation,leak_rate=1|n_units=25|rho=0.95|state_noise=0.01,2,memory_capacity,mc_effective_delay,4.272007594234532
3Bp_conservation,leak_rate=1|n_units=25|rho=0.95|state_noise=0.01,2,memory_capacity,mc_ratio,0.26006713134723336
3Bp_conservation,leak_rate=1|n_units=25|rho=0.95|state_noise=0.01,2,memory_capacity,n_delays,400.0
3Bp_conservation,leak_rate=1|n_units=25|rho=0.95|state_noise=0.01,2,ipc,ipc_total,7.717313474575241
3Bp_conservation,leak_rate=1|n_units=25|rho=0.95|state_noise=0.01,2,ipc,ipc_total_raw,8.194152537080708
3Bp_conservation,leak_rate=1|n_units=25|rho=0.95|state_noise=0.01,2,ipc,ipc_linear,6.502136470235315
3Bp_conservation,leak_rate=1|n_units=25|rho=0.95|state_noise=0.01,2,ipc,ipc_nonlinear,1.2151770043399264
3Bp_conservation,leak_rate=1|n_units=25|rho=0.95|state_noise=0.01,2,ipc,n_targets,4075.0
3Bp_conservation,leak_rate=1|n_units=25|rho=0.95|state_noise=0.01,2,ipc,n_targets_kept,509.0
3Bp_conservation,leak_rate=1|n_units=25|rho=0.95|state_noise=0.01,2,ipc,saturation_ratio,0.30869253898300963
3Bp_conservation,leak_rate=1|n_units=25|rho=0.95|state_noise=0.01,2,ipc,ipc_threshold_degree1,0.00020550959775445074
3Bp_conservation,leak_rate=1|n_units=25|rho=0.95|state_noise=0.01,2,ipc,ipc_threshold_degree2,0.00023770205168783805
3Bp_conservation,leak_rate=1|n_units=25|rho=0.95|state_noise=0.01,2,ipc,ipc_threshold_degree3,0.0002411231636454769
3Bp_conservation,leak_rate=1|n_units=25|rho=0.95|state_noise=0.01,2,ipc,ipc_threshold_degree4,0.00023766247488373957
3Bp_conservation,leak_rate=1|n_units=25|rho=0.95|state_noise=0.1,2,memory_capacity,mc_total,2.8651743879409053
3Bp_conservation,leak_rate=1|n_units=25|rho=0.95|state_noise=0.1,2,memory_capacity,mc_total_raw,2.9111865428307113
3Bp_conservation,leak_rate=1|n_units=25|rho=0.95|state_noise=0.1,2,memory_capacity,mc_threshold,0.00021830560842106339
3Bp_conservation,leak_rate=1|n_units=25|rho=0.95|state_noise=0.1,2,memory_capacity,mc_effective_delay,3.2433253913167204
3Bp_conservation,leak_rate=1|n_units=25|rho=0.95|state_noise=0.1,2,memory_capacity,mc_ratio,0.11460697551763621
3Bp_conservation,leak_rate=1|n_units=25|rho=0.95|state_noise=0.1,2,memory_capacity,n_delays,400.0
3Bp_conservation,leak_rate=1|n_units=25|rho=0.95|state_noise=0.1,2,ipc,ipc_total,2.987295826617689
3Bp_conservation,leak_rate=1|n_units=25|rho=0.95|state_noise=0.1,2,ipc,ipc_total_raw,3.4942913464915053
3Bp_conservation,leak_rate=1|n_units=25|rho=0.95|state_noise=0.1,2,ipc,ipc_linear,2.8635947834169615
3Bp_conservation,leak_rate=1|n_units=25|rho=0.95|state_noise=0.1,2,ipc,ipc_nonlinear,0.1237010432007275
3Bp_conservation,leak_rate=1|n_units=25|rho=0.95|state_noise=0.1,2,ipc,n_targets,4075.0
3Bp_conservation,leak_rate=1|n_units=25|rho=0.95|state_noise=0.1,2,ipc,n_targets_kept,233.0
3Bp_conservation,leak_rate=1|n_units=25|rho=0.95|state_noise=0.1,2,ipc,saturation_ratio,0.11949183306470756
3Bp_conservation,leak_rate=1|n_units=25|rho=0.95|state_noise=0.1,2,ipc,ipc_threshold_degree1,0.0002100094628195114
3Bp_conservation,leak_rate=1|n_units=25|rho=0.95|state_noise=0.1,2,ipc,ipc_threshold_degree2,0.00024241098949753329
3Bp_conservation,leak_rate=1|n_units=25|rho=0.95|state_noise=0.1,2,ipc,ipc_threshold_degree3,0.00023940446782255706
3Bp_conservation,leak_rate=1|n_units=25|rho=0.95|state_noise=0.1,2,ipc,ipc_threshold_degree4,0.00023751409588509297
3Bp_conservation,leak_rate=1|n_units=50|rho=0.95|state_noise=0,2,memory_capacity,mc_total,14.232123864980577
3Bp_conservation,leak_rate=1|n_units=50|rho=0.95|state_noise=0,2,memory_capacity,mc_total_raw,14.316779956459948
3Bp_conservation,leak_rate=1|n_units=50|rho=0.95|state_noise=0,2,memory_capacity,mc_threshold,0.00036976104482623894
3Bp_conservation,leak_rate=1|n_units=50|rho=0.95|state_noise=0,2,memory_capacity,mc_effective_delay,8.211428341755889
3Bp_conservation,leak_rate=1|n_units=50|rho=0.95|state_noise=0,2,memory_capacity,mc_ratio,0.28464247729961156
3Bp_conservation,leak_rate=1|n_units=50|rho=0.95|state_noise=0,2,memory_capacity,n_delays,400.0
3Bp_conservation,leak_rate=1|n_units=50|rho=0.95|state_noise=0,2,ipc,ipc_total,36.16933290441295
3Bp_conservation,leak_rate=1|n_units=50|rho=0.95|state_noise=0,2,ipc,ipc_total_raw,36.85669268154557
3Bp_conservation,leak_rate=1|n_units=50|rho=0.95|state_noise=0,2,ipc,ipc_linear,14.231666278708115
3Bp_conservation,leak_rate=1|n_units=50|rho=0.95|state_noise=0,2,ipc,ipc_nonlinear,21.937666625704832
3Bp_conservation,leak_rate=1|n_units=50|rho=0.95|state_noise=0,2,ipc,n_targets,4075.0
3Bp_conservation,leak_rate=1|n_units=50|rho=0.95|state_noise=0,2,ipc,n_targets_kept,1461.0
3Bp_conservation,leak_rate=1|n_units=50|rho=0.95|state_noise=0,2,ipc,saturation_ratio,0.723386658088259
3Bp_conservation,leak_rate=1|n_units=50|rho=0.95|state_noise=0,2,ipc,ipc_threshold_degree1,0.000377697320214565
3Bp_conservation,leak_rate=1|n_units=50|rho=0.95|state_noise=0,2,ipc,ipc_threshold_degree2,0.0004022840464080357
3Bp_conservation,leak_rate=1|n_units=50|rho=0.95|state_noise=0,2,ipc,ipc_threshold_degree3,0.0003857213737160536
3Bp_conservation,leak_rate=1|n_units=50|rho=0.95|state_noise=0,2,ipc,ipc_threshold_degree4,0.0003841346239578214
3Bp_conservation,leak_rate=1|n_units=50|rho=0.95|state_noise=0.01,2,memory_capacity,mc_total,11.535417760949889
3Bp_conservation,leak_rate=1|n_units=50|rho=0.95|state_noise=0.01,2,memory_capacity,mc_total_raw,11.62077609670972
3Bp_conservation,leak_rate=1|n_units=50|rho=0.95|state_noise=0.01,2,memory_capacity,mc_threshold,0.0003552130578137347
3Bp_conservation,leak_rate=1|n_units=50|rho=0.95|state_noise=0.01,2,memory_capacity,mc_effective_delay,7.0825080813238595
3Bp_conservation,leak_rate=1|n_units=50|rho=0.95|state_noise=0.01,2,memory_capacity,mc_ratio,0.23070835521899777
3Bp_conservation,leak_rate=1|n_units=50|rho=0.95|state_noise=0.01,2,memory_capacity,n_delays,400.0
3Bp_conservation,leak_rate=1|n_units=50|rho=0.95|state_noise=0.01,2,ipc,ipc_total,16.271164873709644
3Bp_conservation,leak_rate=1|n_units=50|rho=0.95|state_noise=0.01,2,ipc,ipc_total_raw,17.04736137906321
3Bp_conservation,leak_rate=1|n_units=50|rho=0.95|state_noise=0.01,2,ipc,ipc_linear,11.533422496659592
3Bp_conservation,leak_rate=1|n_units=50|rho=0.95|state_noise=0.01,2,ipc,ipc_nonlinear,4.737742377050052
3Bp_conservation,leak_rate=1|n_units=50|rho=0.95|state_noise=0.01,2,ipc,n_targets,4075.0
3Bp_conservation,leak_rate=1|n_units=50|rho=0.95|state_noise=0.01,2,ipc,n_targets_kept,1102.0
3Bp_conservation,leak_rate=1|n_units=50|rho=0.95|state_noise=0.01,2,ipc,saturation_ratio,0.32542329747419285
3Bp_conservation,leak_rate=1|n_units=50|rho=0.95|state_noise=0.01,2,ipc,ipc_threshold_degree1,0.00039511463756686905
3Bp_conservation,leak_rate=1|n_units=50|rho=0.95|state_noise=0.01,2,ipc,ipc_threshold_degree2,0.00039995881214561764
3Bp_conservation,leak_rate=1|n_units=50|rho=0.95|state_noise=0.01,2,ipc,ipc_threshold_degree3,0.000389076994566524
3Bp_conservation,leak_rate=1|n_units=50|rho=0.95|state_noise=0.01,2,ipc,ipc_threshold_degree4,0.0003851617310215216
3Bp_conservation,leak_rate=1|n_units=50|rho=0.95|state_noise=0.1,2,memory_capacity,mc_total,4.933972186565647
3Bp_conservation,leak_rate=1|n_units=50|rho=0.95|state_noise=0.1,2,memory_capacity,mc_total_raw,5.021286529133865
3Bp_conservation,leak_rate=1|n_units=50|rho=0.95|state_noise=0.1,2,memory_capacity,mc_threshold,0.0003540818251498335
3Bp_conservation,leak_rate=1|n_units=50|rho=0.95|state_noise=0.1,2,memory_capacity,mc_effective_delay,4.425194693302903
3Bp_conservation,leak_rate=1|n_units=50|rho=0.95|state_noise=0.1,2,memory_capacity,mc_ratio,0.09867944373131295
3Bp_conservation,leak_rate=1|n_units=50|rho=0.95|state_noise=0.1,2,memory_capacity,n_delays,400.0
3Bp_conservation,leak_rate=1|n_units=50|rho=0.95|state_noise=0.1,2,ipc,ipc_total,5.02355803448524
3Bp_conservation,leak_rate=1|n_units=50|rho=0.95|state_noise=0.1,2,ipc,ipc_total_raw,6.015170229569862
3Bp_conservation,leak_rate=1|n_units=50|rho=0.95|state_noise=0.1,2,ipc,ipc_linear,4.930806212114621
3Bp_conservation,leak_rate=1|n_units=50|rho=0.95|state_noise=0.1,2,ipc,ipc_nonlinear,0.09275182237061941
3Bp_conservation,leak_rate=1|n_units=50|rho=0.95|state_noise=0.1,2,ipc,n_targets,4075.0
3Bp_conservation,leak_rate=1|n_units=50|rho=0.95|state_noise=0.1,2,ipc,n_targets_kept,191.0
3Bp_conservation,leak_rate=1|n_units=50|rho=0.95|state_noise=0.1,2,ipc,saturation_ratio,0.1004711606897048
3Bp_conservation,leak_rate=1|n_units=50|rho=0.95|state_noise=0.1,2,ipc,ipc_threshold_degree1,0.00039026346555874223
3Bp_conservation,leak_rate=1|n_units=50|rho=0.95|state_noise=0.1,2,ipc,ipc_threshold_degree2,0.0003945143595199329
3Bp_conservation,leak_rate=1|n_units=50|rho=0.95|state_noise=0.1,2,ipc,ipc_threshold_degree3,0.000379060494666279
3Bp_conservation,leak_rate=1|n_units=50|rho=0.95|state_noise=0.1,2,ipc,ipc_threshold_degree4,0.0003805440006643667
3Bp_conservation,leak_rate=1|n_units=100|rho=0.95|state_noise=0,2,memory_capacity,mc_total,21.278464995842093
3Bp_conservation,leak_rate=1|n_units=100|rho=0.95|state_noise=0,2,memory_capacity,mc_total_raw,21.44623968518347
3Bp_conservation,leak_rate=1|n_units=100|rho=0.95|state_noise=0,2,memory_capacity,mc_threshold,0.0007054678320925945
3Bp_conservation,leak_rate=1|n_units=100|rho=0.95|state_noise=0,2,memory_capacity,mc_effective_delay,12.094591882841218
3Bp_conservation,leak_rate=1|n_units=100|rho=0.95|state_noise=0,2,memory_capacity,mc_ratio,0.21278464995842092
3Bp_conservation,leak_rate=1|n_units=100|rho=0.95|state_noise=0,2,memory_capacity,n_delays,400.0
3Bp_conservation,leak_rate=1|n_units=100|rho=0.95|state_noise=0,2,ipc,ipc_total,74.73766804177374
3Bp_conservation,leak_rate=1|n_units=100|rho=0.95|state_noise=0,2,ipc,ipc_total_raw,75.99028129237058
3Bp_conservation,leak_rate=1|n_units=100|rho=0.95|state_noise=0,2,ipc,ipc_linear,21.278967027795204
3Bp_conservation,leak_rate=1|n_units=100|rho=0.95|state_noise=0,2,ipc,ipc_nonlinear,53.45870101397854
3Bp_conservation,leak_rate=1|n_units=100|rho=0.95|state_noise=0,2,ipc,n_targets,4075.0
3Bp_conservation,leak_rate=1|n_units=100|rho=0.95|state_noise=0,2,ipc,n_targets_kept,1635.0
3Bp_conservation,leak_rate=1|n_units=100|rho=0.95|state_noise=0,2,ipc,saturation_ratio,0.7473766804177374
3Bp_conservation,leak_rate=1|n_units=100|rho=0.95|state_noise=0,2,ipc,ipc_threshold_degree1,0.0006867284439027088
3Bp_conservation,leak_rate=1|n_units=100|rho=0.95|state_noise=0,2,ipc,ipc_threshold_degree2,0.0007134379406916446
3Bp_conservation,leak_rate=1|n_units=100|rho=0.95|state_noise=0,2,ipc,ipc_threshold_degree3,0.0006878988846910771
3Bp_conservation,leak_rate=1|n_units=100|rho=0.95|state_noise=0,2,ipc,ipc_threshold_degree4,0.0006734896692793068
3Bp_conservation,leak_rate=1|n_units=100|rho=0.95|state_noise=0.01,2,memory_capacity,mc_total,18.416918555304438
3Bp_conservation,leak_rate=1|n_units=100|rho=0.95|state_noise=0.01,2,memory_capacity,mc_total_raw,18.584277844461624
3Bp_conservation,leak_rate=1|n_units=100|rho=0.95|state_noise=0.01,2,memory_capacity,mc_threshold,0.0006669181479776556
3Bp_conservation,leak_rate=1|n_units=100|rho=0.95|state_noise=0.01,2,memory_capacity,mc_effective_delay,10.784675241653153
3Bp_conservation,leak_rate=1|n_units=100|rho=0.95|state_noise=0.01,2,memory_capacity,mc_ratio,0.18416918555304437
3Bp_conservation,leak_rate=1|n_units=100|rho=0.95|state_noise=0.01,2,memory_capacity,n_delays,400.0
3Bp_conservation,leak_rate=1|n_units=100|rho=0.95|state_noise=0.01,2,ipc,ipc_total,38.485888028467635
3Bp_conservation,leak_rate=1|n_units=100|rho=0.95|state_noise=0.01,2,ipc,ipc_total_raw,39.802928959604
3Bp_conservation,leak_rate=1|n_units=100|rho=0.95|state_noise=0.01,2,ipc,ipc_linear,18.416960995629076
3Bp_conservation,leak_rate=1|n_units=100|rho=0.95|state_noise=0.01,2,ipc,ipc_nonlinear,20.06892703283856
3Bp_conservation,leak_rate=1|n_units=100|rho=0.95|state_noise=0.01,2,ipc,n_targets,4075.0
3Bp_conservation,leak_rate=1|n_units=100|rho=0.95|state_noise=0.01,2,ipc,n_targets_kept,1487.0
3Bp_conservation,leak_rate=1|n_units=100|rho=0.95|state_noise=0.01,2,ipc,saturation_ratio,0.38485888028467635
3Bp_conservation,leak_rate=1|n_units=100|rho=0.95|state_noise=0.01,2,ipc,ipc_threshold_degree1,0.0006728628279347847
3Bp_conservation,leak_rate=1|n_units=100|rho=0.95|state_noise=0.01,2,ipc,ipc_threshold_degree2,0.0007037067159188392
3Bp_conservation,leak_rate=1|n_units=100|rho=0.95|state_noise=0.01,2,ipc,ipc_threshold_degree3,0.000719108430646309
3Bp_conservation,leak_rate=1|n_units=100|rho=0.95|state_noise=0.01,2,ipc,ipc_threshold_degree4,0.0006777078767810074
3Bp_conservation,leak_rate=1|n_units=100|rho=0.95|state_noise=0.1,2,memory_capacity,mc_total,7.4020155620241255
3Bp_conservation,leak_rate=1|n_units=100|rho=0.95|state_noise=0.1,2,memory_capacity,mc_total_raw,7.579581094608065
3Bp_conservation,leak_rate=1|n_units=100|rho=0.95|state_noise=0.1,2,memory_capacity,mc_threshold,0.0007071096760542851
3Bp_conservation,leak_rate=1|n_units=100|rho=0.95|state_noise=0.1,2,memory_capacity,mc_effective_delay,5.626497818914318
3Bp_conservation,leak_rate=1|n_units=100|rho=0.95|state_noise=0.1,2,memory_capacity,mc_ratio,0.07402015562024125
3Bp_conservation,leak_rate=1|n_units=100|rho=0.95|state_noise=0.1,2,memory_capacity,n_delays,400.0
3Bp_conservation,leak_rate=1|n_units=100|rho=0.95|state_noise=0.1,2,ipc,ipc_total,7.836582987860192
3Bp_conservation,leak_rate=1|n_units=100|rho=0.95|state_noise=0.1,2,ipc,ipc_total_raw,9.743235487553871
3Bp_conservation,leak_rate=1|n_units=100|rho=0.95|state_noise=0.1,2,ipc,ipc_linear,7.402425261925275
3Bp_conservation,leak_rate=1|n_units=100|rho=0.95|state_noise=0.1,2,ipc,ipc_nonlinear,0.4341577259349165
3Bp_conservation,leak_rate=1|n_units=100|rho=0.95|state_noise=0.1,2,ipc,n_targets,4075.0
3Bp_conservation,leak_rate=1|n_units=100|rho=0.95|state_noise=0.1,2,ipc,n_targets_kept,347.0
3Bp_conservation,leak_rate=1|n_units=100|rho=0.95|state_noise=0.1,2,ipc,saturation_ratio,0.07836582987860191
3Bp_conservation,leak_rate=1|n_units=100|rho=0.95|state_noise=0.1,2,ipc,ipc_threshold_degree1,0.0006827929032896505
3Bp_conservation,leak_rate=1|n_units=100|rho=0.95|state_noise=0.1,2,ipc,ipc_threshold_degree2,0.0007048591106100466
3Bp_conservation,leak_rate=1|n_units=100|rho=0.95|state_noise=0.1,2,ipc,ipc_threshold_degree3,0.0006834061480290088
3Bp_conservation,leak_rate=1|n_units=100|rho=0.95|state_noise=0.1,2,ipc,ipc_threshold_degree4,0.0006833202061295573
3C_narma10,leak_rate=0.3|n_units=50|rho=0.9|state_noise=0,0,memory_capacity,mc_total,11.153396728857071
3C_narma10,leak_rate=0.3|n_units=50|rho=0.9|state_noise=0,0,memory_capacity,mc_total_raw,13.141273424274061
3C_narma10,leak_rate=0.3|n_units=50|rho=0.9|state_noise=0,0,memory_capacity,mc_threshold,0.009504025145004869
3C_narma10,leak_rate=0.3|n_units=50|rho=0.9|state_noise=0,0,memory_capacity,mc_effective_delay,22.45770738888347
3C_narma10,leak_rate=0.3|n_units=50|rho=0.9|state_noise=0,0,memory_capacity,mc_ratio,0.22306793457714144
3C_narma10,leak_rate=0.3|n_units=50|rho=0.9|state_noise=0,0,memory_capacity,n_delays,400.0
3C_narma10,leak_rate=0.3|n_units=50|rho=0.9|state_noise=0,0,ipc,ipc_total,30.252834368632673
3C_narma10,leak_rate=0.3|n_units=50|rho=0.9|state_noise=0,0,ipc,ipc_total_raw,31.202740308285026
3C_narma10,leak_rate=0.3|n_units=50|rho=0.9|state_noise=0,0,ipc,ipc_linear,10.461881739040875
3C_narma10,leak_rate=0.3|n_units=50|rho=0.9|state_noise=0,0,ipc,ipc_nonlinear,19.7909526295918
3C_narma10,leak_rate=0.3|n_units=50|rho=0.9|state_noise=0,0,ipc,n_targets,601.0
3C_narma10,leak_rate=0.3|n_units=50|rho=0.9|state_noise=0,0,ipc,n_targets_kept,482.0
3C_narma10,leak_rate=0.3|n_units=50|rho=0.9|state_noise=0,0,ipc,saturation_ratio,0.6050566873726535
3C_narma10,leak_rate=0.3|n_units=50|rho=0.9|state_noise=0,0,ipc,ipc_threshold_degree1,0.009433308199400301
3C_narma10,leak_rate=0.3|n_units=50|rho=0.9|state_noise=0,0,ipc,ipc_threshold_degree2,0.009914501443678787
3C_narma10,leak_rate=0.3|n_units=50|rho=0.9|state_noise=0,0,ipc,ipc_threshold_degree3,0.009812069057389345
3C_narma10,leak_rate=0.3|n_units=50|rho=0.9|state_noise=0,0,ipc,ipc_threshold_degree4,0.013205080091689777
