dataset,series,method,replicate,target_false_alarm_rate,threshold,precision,recall,f1,false_alarm_rate,n_alarms,calibrated_threshold
mgab,1,esn_residual,0,0.047619047619047616,0.023870258424224744,0.15079834417504434,0.1589775561097257,0.15477996965098634,0.04233989857294492,1691,0.02713656935194564
mgab,1,esn_residual,0,0.09523809523809523,0.022129982758642086,0.09432288586635128,0.19887780548628428,0.12795828319294023,0.09031135747139993,3382,0.02713656935194564
mgab,1,esn_residual,0,0.14285714285714285,0.02108948957234702,0.07351202207331493,0.23254364089775562,0.1117100928421683,0.13860714706922986,5074,0.02713656935194564
mgab,1,esn_residual,0,0.19047619047619047,0.020272810213128878,0.06459719142645971,0.2724438902743142,0.1044330266459553,0.18657860596768486,6765,0.02713656935194564
mgab,1,esn_residual,0,0.23809523809523808,0.01960373763269274,0.059477356036419536,0.31359102244389025,0.09999006063015604,0.2345205802571058,8457,0.02713656935194564
mgab,1,esn_residual,0,0.2857142857142857,0.018984579630668463,0.056562869530942056,0.35785536159601,0.09768550034036758,0.2822856468923222,10148,0.02713656935194564
mgab,1,esn_residual,0,0.3333333333333333,0.018430591694922782,0.054138513513513516,0.39962593516209477,0.09535852424873549,0.330198136572709,11840,0.02713656935194564
mgab,1,esn_residual,0,0.38095238095238093,0.01794100632560003,0.053876284088389625,0.4544887780548628,0.09633300297324082,0.377461964854346,13531,0.02713656935194564
mgab,1,esn_residual,0,0.42857142857142855,0.01746211673942355,0.052095651031401916,0.49438902743142144,0.0942588850588375,0.425433423752801,15222,0.02713656935194564
mgab,1,esn_residual,0,0.47619047619047616,0.016989254329118353,0.050668085609554214,0.53428927680798,0.09255859164056594,0.47343436726029015,16914,0.02713656935194564
mgab,1,esn_residual,0,0.5238095238095238,0.016529785283140086,0.0499865627519484,0.5798004987531172,0.09203820080162303,0.5211404646774384,18605,0.02713656935194564
mgab,1,esn_residual,0,0.5714285714285714,0.01607637915884652,0.05000739025471745,0.6327930174563591,0.09268983151454271,0.5685222313952117,20297,0.02713656935194564
mgab,1,esn_residual,0,0.6190476190476191,0.015633680224155455,0.04952701473531017,0.678927680798005,0.09231943031536113,0.6161988442033258,21988,0.02713656935194564
mgab,1,esn_residual,0,0.6666666666666666,0.015139777101182972,0.04890202702702703,0.7219451371571073,0.09159943046986237,0.6640523646656445,23680,0.02713656935194564
mgab,1,esn_residual,0,0.7142857142857143,0.014642130513976781,0.047928737534980885,0.7581047381546134,0.09015755329008342,0.7122007312183041,25371,0.02713656935194564
mgab,1,esn_residual,0,0.7619047619047619,0.014118694902975903,0.047816125933042644,0.8067331670822943,0.0902811693295193,0.7597594055902819,27062,0.02713656935194564
mgab,1,esn_residual,0,0.8095238095238095,0.013515109111907009,0.047123878416915906,0.8447630922693267,0.08926806772514659,0.8078488029248733,28754,0.02713656935194564
mgab,1,esn_residual,0,0.8571428571428571,0.01283501562302547,0.046313023484972904,0.8790523690773068,0.08799026490686138,0.856085623304635,30445,0.02713656935194564
mgab,1,esn_residual,0,0.9047619047619048,0.011978497300191293,0.045554967794131374,0.912718204488778,0.0867786965412999,0.9043814129024649,32137,0.02713656935194564
mgab,1,esn_residual,0,0.9523809523809523,0.010705911432395965,0.045110559299988175,0.9513715710723192,0.08613682546850304,0.9524118410189881,33828,0.02713656935194564
mgab,1,esn_residual,0,1.0,0.004451417029969207,0.045157657657657654,1.0,0.08641310203641848,1.0,35520,0.02713656935194564
mgab,1,delay_line_residual,0,0.047619047619047616,0.05413228322265695,0.044352454169130695,0.046758104738154616,0.04552352048558422,0.04764712819908008,1691,0.06061235823959521
mgab,1,delay_line_residual,0,0.09523809523809523,0.05067349056227499,0.044352454169130695,0.09351620947630923,0.06016847172081829,0.09529425639816017,3382,0.06061235823959521
mgab,1,delay_line_residual,0,0.14285714285714285,0.04833224123836999,0.04828537642885298,0.1527431421446384,0.07337526205450735,0.14238117702559264,5074,0.06061235823959521
mgab,1,delay_line_residual,0,0.19047619047619047,0.046492258712618195,0.04656319290465632,0.19638403990024939,0.07527781096905246,0.19017572826984314,6765,0.06061235823959521
mgab,1,delay_line_residual,0,0.23809523809523808,0.044944414651496345,0.044341965235899256,0.23379052369077308,0.07454527382963921,0.23829461021346857,8457,0.06061235823959521
mgab,1,delay_line_residual,0,0.2857142857142857,0.04355428834145414,0.04414662987780844,0.2793017456359102,0.0762423417290674,0.2860007076306168,10148,0.06061235823959521
mgab,1,delay_line_residual,0,0.3333333333333333,0.042285251959867765,0.044256756756756756,0.3266832917705736,0.0779529901814936,0.33364783582969687,11840,0.06061235823959521
mgab,1,delay_line_residual,0,0.38095238095238093,0.0410408804269764,0.04352967260365088,0.3672069825436409,0.0778328377931946,0.3815898101191178,13531,0.06061235823959521
mgab,1,delay_line_residual,0,0.42857142857142855,0.0398853159240673,0.04408093548810932,0.4183291770573566,0.07975751812670867,0.4290305460549593,15222,0.06061235823959521
mgab,1,delay_line_residual,0,0.47619047619047616,0.03870949553504488,0.044933191439044576,0.47381546134663344,0.08208229830435251,0.47629437433659627,16914,0.06061235823959521
mgab,1,delay_line_residual,0,0.5238095238095238,0.0375444400378484,0.04434291857027681,0.5143391521197007,0.08164679103369785,0.5242363486260172,18605,0.06061235823959521
mgab,1,delay_line_residual,0,0.5714285714285714,0.036430939766063375,0.043750307927279894,0.5536159600997507,0.08109218757134379,0.5722667767425403,20297,0.06061235823959521
mgab,1,delay_line_residual,0,0.6190476190476191,0.035238382843004956,0.04320538475532108,0.5922693266832918,0.08053577483892845,0.6202972048590636,21988,0.06061235823959521
mgab,1,delay_line_residual,0,0.6666666666666666,0.0340729997306255,0.043538851351351354,0.6427680798004988,0.08155355165321942,0.6677969100129733,23680,0.06061235823959521
mgab,1,delay_line_residual,0,0.7142857142857143,0.03282700931953286,0.044341965235899256,0.7013715710723192,0.08341056533827618,0.7148838306404057,25371,0.06061235823959521
mgab,1,delay_line_residual,0,0.7619047619047619,0.03143162311198466,0.04408395536176188,0.7437655860349127,0.08323449382543781,0.7627373511027243,27062,0.06061235823959521
mgab,1,delay_line_residual,0,0.8095238095238095,0.030020038188439457,0.04416776796271823,0.7917705735660848,0.08366822583832927,0.8103549946927704,28754,0.06061235823959521
mgab,1,delay_line_residual,0,0.8571428571428571,0.02839772517202732,0.04411233371653802,0.837281795511222,0.08380916721270554,0.8580610921099187,30445,0.06061235823959521
mgab,1,delay_line_residual,0,0.9047619047619048,0.026363200695215028,0.043625727354762424,0.8740648379052369,0.08310364245280223,0.9062094586625782,32137,0.06061235823959521
mgab,1,delay_line_residual,0,0.9523809523809523,0.023572122714000443,0.04407591344448386,0.9295511221945137,0.084161210205464,0.953443802335181,33828,0.06061235823959521
mgab,1,delay_line_residual,0,1.0,0.006537352783539063,0.045157657657657654,1.0,0.08641310203641848,1.0,35520,0.06061235823959521
mgab,1,persistence_residual,0,0.047619047619047616,0.2481307036889575,0.041986989946777055,0.0442643391521197,0.043095599393019726,0.047765066635216416,1691,0.26470751240265145
mgab,1,persistence_residual,0,0.09523809523809523,0.22779415818649795,0.04553518628030751,0.09600997506234414,0.06177296430004012,0.09517631796202382,3382,0.26470751240265145
mgab,1,persistence_residual,0,0.14285714285714285,0.2058161832376868,0.045920378399684665,0.14526184538653367,0.06978137166816412,0.14273499233400166,5074,0.26470751240265145
mgab,1,persistence_residual,0,0.19047619047619047,0.18865999505590025,0.045971914264597194,0.19389027431421446,0.07432190225833434,0.19029366670597947,6765,0.26470751240265145
mgab,1,persistence_residual,0,0.23809523809523808,0.17322952492406785,0.045406172401560835,0.23940149625935161,0.07633436040155053,0.2380292487321618,8457,0.26470751240265145
mgab,1,persistence_residual,0,0.2857142857142857,0.16012316221736,0.04532912889239259,0.286783042394015,0.07828454731109598,0.2856468923222078,10148,0.26470751240265145
mgab,1,persistence_residual,0,0.3333333333333333,0.1473108053183978,0.04535472972972973,0.334788029925187,0.07988693841118716,0.3332645359122538,11840,0.26470751240265145
mgab,1,persistence_residual,0,0.38095238095238093,0.13586145146257422,0.04567289926834676,0.385286783042394,0.08166501486620416,0.3807347564571294,13531,0.26470751240265145
mgab,1,persistence_residual,0,0.42857142857142855,0.12650802218195167,0.04578898962028643,0.43453865336658354,0.0828479733745394,0.42826394622007313,15222,0.26470751240265145
mgab,1,persistence_residual,0,0.47619047619047616,0.11892281201932065,0.04499231405935911,0.47443890274314215,0.0821903013284372,0.4762648897275622,16914,0.26470751240265145
mgab,1,persistence_residual,0,0.5238095238095238,0.11172019879745676,0.045471647406611124,0.527431421446384,0.08372507298728289,0.5236171718363014,18605,0.26470751240265145
mgab,1,persistence_residual,0,0.5714285714285714,0.10470717859709566,0.04542543232990097,0.5748129675810474,0.08419706862700334,0.5712643000353815,20297,0.26470751240265145
mgab,1,persistence_residual,0,0.6190476190476191,0.09861799303905627,0.045115517555030016,0.6184538653366584,0.08409630383180738,0.619058851279632,21988,0.26470751240265145
mgab,1,persistence_residual,0,0.6666666666666666,0.09231366867959423,0.04514358108108108,0.6664588528678305,0.0845594051574118,0.6666764948696781,23680,0.26470751240265145
mgab,1,persistence_residual,0,0.7142857142857143,0.08574119779802913,0.04513026684009302,0.7138403990024937,0.08489341983317887,0.714294138459724,25371,0.26470751240265145
mgab,1,persistence_residual,0,0.7619047619047619,0.07837585102856792,0.04497080777473949,0.7587281795511222,0.08490895137096213,0.7620297204859063,27062,0.26470751240265145
mgab,1,persistence_residual,0,0.8095238095238095,0.06963338215530257,0.044932878903804686,0.8054862842892768,0.08511759667962317,0.8097063332940205,28754,0.26470751240265145
mgab,1,persistence_residual,0,0.8571428571428571,0.06005297969545609,0.044933486615207754,0.8528678304239401,0.08536927829261444,0.8573239768840665,30445,0.26470751240265145
mgab,1,persistence_residual,0,0.9047619047619048,0.05178287219712274,0.04508821607492921,0.9033665835411472,0.08588957055214724,0.9048236820379761,32137,0.26470751240265145
mgab,1,persistence_residual,0,0.9523809523809523,0.04335937111511612,0.044933191439044576,0.9476309226932669,0.08579814856626777,0.9525887486731925,33828,0.26470751240265145
mgab,1,persistence_residual,0,1.0,0.01576358557065305,0.045157657657657654,1.0,0.08641310203641848,1.0,35520,0.26470751240265145
mgab,1,moving_statistics,0,0.047619047619047616,2.610708344507657,0.04730928444707274,0.04987531172069826,0.04855842185128983,0.04749970515390966,1691,3.022786740431002
mgab,1,moving_statistics,0,0.09523809523809523,2.394667541680974,0.047900650502661145,0.10099750623441396,0.06498194945848376,0.09494044108975115,3382,3.022786740431002
mgab,1,moving_statistics,0,0.14285714285714285,2.293346681572075,0.046708711076074105,0.1477556109725686,0.07097933513027853,0.1426170538978653,5074,3.022786740431002
mgab,1,moving_statistics,0,0.19047619047619047,2.1823981369980174,0.04567627494456763,0.192643391521197,0.07384394790297527,0.19035263592404764,6765,3.022786740431002
mgab,1,moving_statistics,0,0.23809523809523808,2.080133132300034,0.04446021047652832,0.2344139650872818,0.07474406122651824,0.2382651256044345,8457,3.022786740431002
mgab,1,moving_statistics,0,0.2857142857142857,1.9845682900395332,0.044639337800551834,0.28241895261845384,0.07709326072157931,0.2858532845854464,10148,3.022786740431002
mgab,1,moving_statistics,0,0.3333333333333333,1.8887045556348312,0.04484797297297297,0.33104738154613467,0.07899434692055936,0.33344144356645833,11840,3.022786740431002
mgab,1,moving_statistics,0,0.38095238095238093,1.802610222794101,0.04530337742960609,0.38216957605985036,0.0810042946812025,0.3808821795022998,13531,3.022786740431002
mgab,1,moving_statistics,0,0.42857142857142855,1.7214019857074163,0.04513204572329523,0.42830423940149626,0.08165933674075836,0.42855879231041394,15222,3.022786740431002
mgab,1,moving_statistics,0,0.47619047619047616,1.650033256464667,0.044874068818730045,0.47319201995012466,0.08197429528026784,0.4763238589456304,16914,3.022786740431002
mgab,1,moving_statistics,0,0.5238095238095238,1.5896238684190394,0.045471647406611124,0.527431421446384,0.08372507298728289,0.5236171718363014,18605,3.022786740431002
mgab,1,moving_statistics,0,0.5714285714285714,1.538174503524715,0.044637138493373404,0.5648379052369077,0.08273594813022236,0.5717360537799269,20297,3.022786740431002
mgab,1,moving_statistics,0,0.6190476190476191,1.478172356099094,0.04497907949790795,0.6165835411471322,0.08384198033231603,0.6191473051067343,21988,3.022786740431002
mgab,1,moving_statistics,0,0.6666666666666666,1.4012987889109354,0.04522804054054054,0.6677057356608479,0.08471760797342193,0.6666175256516098,23680,3.022786740431002
mgab,1,moving_statistics,0,0.7142857142857143,1.3218580643024325,0.044933191439044576,0.7107231920199502,0.0845227062094532,0.7144415615048945,25371,3.022786740431002
mgab,1,moving_statistics,0,0.7619047619047619,1.2394214286287024,0.04500775995861355,0.7593516209476309,0.08497872043535896,0.7620002358768723,27062,3.022786740431002
mgab,1,moving_statistics,0,0.8095238095238095,1.155027268039703,0.04503721221395284,0.807356608478803,0.08531523815798142,0.8096178794669183,28754,3.022786740431002
mgab,1,moving_statistics,0,0.8571428571428571,1.0707851578681584,0.04516340942683528,0.8572319201995012,0.08580610939498894,0.8571175846208279,30445,3.022786740431002
mgab,1,moving_statistics,0,0.9047619047619048,0.9351702070316605,0.04502598251236892,0.9021197007481296,0.0857710204202602,0.9048826512560444,32137,3.022786740431002
mgab,1,moving_statistics,0,0.9523809523809523,0.7131793692042265,0.04496275274920185,0.9482543640897756,0.08585459471664034,0.9525592640641585,33828,3.022786740431002
mgab,1,moving_statistics,0,1.0,0.16672528701019473,0.045157657657657654,1.0,0.08641310203641848,1.0,35520,3.022786740431002
mgab,1,random_control,0,0.047619047619047616,0.6720640995740723,0.047900650502661145,0.05049875311720698,0.049165402124430956,0.047470220544875576,1691,0.7396820929552632
mgab,1,random_control,0,0.09523809523809523,0.6351824751704953,0.04730928444707274,0.09975062344139651,0.06417970316887284,0.09499941030781932,3382,0.7396820929552632
mgab,1,random_control,0,0.14285714285714285,0.610723337757463,0.04552621206148995,0.1440149625935162,0.06918238993710692,0.14279396155206983,5074,0.7396820929552632
mgab,1,random_control,0,0.19047619047619047,0.5912863940288844,0.04390243902439024,0.18516209476309228,0.07097622177082089,0.19070645123245666,6765,0.7396820929552632
mgab,1,random_control,0,0.23809523809523808,0.574132731567488,0.044105474754641126,0.23254364089775562,0.07414769903588111,0.23835357943153673,8457,0.7396820929552632
mgab,1,random_control,0,0.2857142857142857,0.5589745505276369,0.043949546708711075,0.27805486284289277,0.07590197413206262,0.286059676848685,10148,0.7396820929552632
mgab,1,random_control,0,0.3333333333333333,0.5447252879989719,0.04442567567567567,0.327930174563591,0.07825052067836953,0.33358886661162873,11840,0.7396820929552632
mgab,1,random_control,0,0.38095238095238093,0.5315150798614923,0.04441652501662848,0.37468827930174564,0.07941856623719856,0.3812359948107088,13531,0.7396820929552632
mgab,1,random_control,0,0.42857142857142855,0.5185014406770279,0.044737879385100515,0.4245635910224439,0.08094615476048972,0.42873569996461847,15222,0.7396820929552632
mgab,1,random_control,0,0.47619047619047616,0.5059105973075475,0.045287927160931774,0.4775561097256858,0.08273031644886056,0.4761174666823918,16914,0.7396820929552632
mgab,1,random_control,0,0.5238095238095238,0.4934713517018281,0.04482665950013437,0.5199501246882793,0.08253748329952,0.5239709871447105,18605,0.7396820929552632
mgab,1,random_control,0,0.5714285714285714,0.4806450237588251,0.04503128541163719,0.5698254364089775,0.08346650837861286,0.5715001769076542,20297,0.7396820929552632
mgab,1,random_control,0,0.6190476190476191,0.46754810601760255,0.04502455885028197,0.6172069825436409,0.08392675483214648,0.6191178204977003,21988,0.7396820929552632
mgab,1,random_control,0,0.6666666666666666,0.45381213454129465,0.04505912162162162,0.6652119700748129,0.08440120234140168,0.6667354640877462,23680,0.7396820929552632
mgab,1,random_control,0,0.7142857142857143,0.43965344803109474,0.0448543612786252,0.7094763092269327,0.08437442075996293,0.7145005307229626,25371,0.7396820929552632
mgab,1,random_control,0,0.7619047619047619,0.4240729016541991,0.04456433375212475,0.7518703241895262,0.0841414916625968,0.7623540511852813,27062,0.7396820929552632
mgab,1,random_control,0,0.8095238095238095,0.407264975335238,0.04451554566321207,0.7980049875311721,0.08432703076619012,0.8100601486024296,28754,0.7396820929552632
mgab,1,random_control,0,0.8571428571428571,0.38802214996667317,0.04424371818032518,0.8397755610972568,0.08405878498549098,0.8579431536737823,30445,0.7396820929552632
mgab,1,random_control,0,0.9047619047619048,0.36357653511504395,0.04409247907396459,0.8834164588528678,0.08399276844195488,0.9057671895270669,32137,0.7396820929552632
mgab,1,random_control,0,0.9523809523809523,0.3280032520990517,0.04419415868511292,0.9320448877805486,0.08438699480695416,0.9533258638990447,33828,0.7396820929552632
mgab,1,random_control,0,1.0,0.1557556917700822,0.045157657657657654,1.0,0.08641310203641848,1.0,35520,0.7396820929552632
mgab,1,input_norm_control,0,0.047619047619047616,1.742179218437741,0.03075103489059728,0.032418952618453865,0.031562974203338395,0.04832527420686402,1691,1.963645778726459
mgab,1,input_norm_control,0,0.09523809523809523,1.5393151289017624,0.03873447664104081,0.0816708229426434,0.052547131969514646,0.09585446396980776,3382,1.963645778726459
mgab,1,input_norm_control,0,0.14285714285714285,1.393693604035434,0.040007883326763895,0.12655860349127182,0.060796645702306085,0.14361953060502416,5074,1.963645778726459
mgab,1,input_norm_control,0,0.19047619047619047,1.2722368255344918,0.041093865484109385,0.17331670822942644,0.06643565539490978,0.19126665880410426,6765,1.963645778726459
mgab,1,input_norm_control,0,0.23809523809523808,1.1621802264889993,0.04197706042331796,0.2213216957605985,0.07056952589205845,0.23888430239415026,8457,1.963645778726459
mgab,1,input_norm_control,0,0.2857142857142857,1.0690576933361626,0.04325975561687032,0.2736907730673317,0.07471068754254595,0.2862660691119236,10148,1.963645778726459
mgab,1,input_norm_control,0,0.3333333333333333,0.9827231683539139,0.04315878378378379,0.3185785536159601,0.07601904195180006,0.33403113574714,11840,1.963645778726459
mgab,1,input_norm_control,0,0.38095238095238093,0.9098288045888694,0.04456433375212475,0.3759351620947631,0.0796828543111992,0.38117702559264066,13531,1.963645778726459
mgab,1,input_norm_control,0,0.42857142857142855,0.83911788210753,0.04408093548810932,0.4183291770573566,0.07975751812670867,0.4290305460549593,15222,1.963645778726459
mgab,1,input_norm_control,0,0.47619047619047616,0.7792520561506535,0.04398722951401206,0.46384039900249374,0.08035424991899773,0.47676612808114166,16914,1.963645778726459
mgab,1,input_norm_control,0,0.5238095238095238,0.7241201486931459,0.04412792260145122,0.5118453865336658,0.08125092780444355,0.5243542870621536,18605,1.963645778726459
mgab,1,input_norm_control,0,0.5714285714285714,0.6761649241288978,0.04424299157510962,0.559850374064838,0.08200538788183188,0.5719719306521995,20297,1.963645778726459
mgab,1,input_norm_control,0,0.6190476190476191,0.6239066545185779,0.04461524467891577,0.6115960099750624,0.08316378433367243,0.619383181979007,21988,1.963645778726459
mgab,1,input_norm_control,0,0.6666666666666666,0.5712002421037141,0.045185810810810814,0.6670822942643392,0.08463850656541687,0.666647010260644,23680,1.963645778726459
mgab,1,input_norm_control,0,0.7142857142857143,0.5232744772924889,0.044933191439044576,0.7107231920199502,0.0845227062094532,0.7144415615048945,25371,1.963645778726459
mgab,1,input_norm_control,0,0.7619047619047619,0.4839675014081877,0.04511861651023576,0.7612219451371571,0.0851880276285495,0.7619117820497701,27062,1.963645778726459
mgab,1,input_norm_control,0,0.8095238095238095,0.43282963305591693,0.045524100994644226,0.8160847880299252,0.08623756505698664,0.8092050949404411,28754,1.963645778726459
mgab,1,input_norm_control,0,0.8571428571428571,0.3752391882953816,0.04542617835440959,0.8622194513715711,0.08630534494055976,0.8568817077485552,30445,1.963645778726459
mgab,1,input_norm_control,0,0.9047619047619048,0.31846394862986926,0.04580390204437253,0.9177057356608479,0.08725289706884798,0.9041455360301922,32137,1.963645778726459
mgab,1,input_norm_control,0,0.9523809523809523,0.2075553034846962,0.0455244176421899,0.9600997506234414,0.08692707157371868,0.9519990564925109,33828,1.963645778726459
mgab,1,input_norm_control,0,1.0,0.028779168953406042,0.045157657657657654,1.0,0.08641310203641848,1.0,35520,1.963645778726459
mgab,1,esn_residual,1,0.047619047619047616,0.024090316668178957,0.1354228267297457,0.14276807980049874,0.13899848254931713,0.04310649840783111,1691,0.02758430747092433
mgab,1,esn_residual,1,0.09523809523809523,0.022340719863478853,0.08663512714370195,0.18266832917705736,0.1175290814279984,0.09107795730628612,3382,0.02758430747092433
mgab,1,esn_residual,1,0.14285714285714285,0.021272607336271676,0.06976744186046512,0.22069825436408977,0.10601976639712489,0.13916735464087746,5074,0.02758430747092433
mgab,1,esn_residual,1,0.19047619047619047,0.020429427444867088,0.06223207686622321,0.26246882793017456,0.1006093918030828,0.18705035971223022,6765,0.02758430747092433
mgab,1,esn_residual,1,0.23809523809523808,0.019696293988459956,0.05912262031453234,0.3117206982543641,0.09939369843951892,0.23460903408420805,8457,0.02758430747092433
mgab,1,esn_residual,1,0.2857142857142857,0.019093030881037976,0.055183287347260544,0.3491271820448878,0.09530292716133425,0.2826984314187994,10148,0.02758430747092433
mgab,1,esn_residual,1,0.3333333333333333,0.018560710807918213,0.05396959459459459,0.3983790523690773,0.09506099375185956,0.3302571057907772,11840,0.02758430747092433
mgab,1,esn_residual,1,0.38095238095238093,0.018063630966409505,0.051806961791441876,0.43703241895261846,0.09263296993723158,0.3782875339073004,13531,0.02758430747092433
mgab,1,esn_residual,1,0.42857142857142855,0.017566748303252666,0.049862041781631845,0.47319201995012466,0.09021752050398192,0.4264359004599599,15222,0.02758430747092433
mgab,1,esn_residual,1,0.47619047619047616,0.017085087261975218,0.049426510582949036,0.5211970074812967,0.09029052813478779,0.4740535440500059,16914,0.02758430747092433
mgab,1,esn_residual,1,0.5238095238095238,0.016631652632895566,0.04832034399355012,0.5604738154613467,0.08897026077490226,0.522054487557495,18605,0.02758430747092433
mgab,1,esn_residual,1,0.5714285714285714,0.016177381191610607,0.047445435286002854,0.6003740648379052,0.08794118990000456,0.5700554310649841,20297,0.02758430747092433
mgab,1,esn_residual,1,0.6190476190476191,0.015718538977935737,0.04698017100236493,0.6440149625935162,0.08757205832485587,0.6178499823092346,21988,0.02758430747092433
mgab,1,esn_residual,1,0.6666666666666666,0.015214247155327598,0.04700168918918919,0.6938902743142145,0.08803986710963456,0.6653791720721783,23680,0.02758430747092433
mgab,1,esn_residual,1,0.7142857142857143,0.014717245661643119,0.04682511528910961,0.7406483790523691,0.08808155699721965,0.7130263002712584,25371,0.02758430747092433
mgab,1,esn_residual,1,0.7619047619047619,0.01416739555943991,0.046818416968442834,0.7899002493765586,0.08839740459080443,0.7605554900342022,27062,0.02758430747092433
mgab,1,esn_residual,1,0.8095238095238095,0.013558090523204669,0.04653265632607637,0.8341645885286783,0.08814809934778312,0.8083500412784527,28754,0.02758430747092433
mgab,1,esn_residual,1,0.8571428571428571,0.012853578217402628,0.046083100673345374,0.8746882793017456,0.08755343380448687,0.8562920155678736,30445,0.02758430747092433
mgab,1,esn_residual,1,0.9047619047619048,0.011992690984683918,0.045586084575411516,0.9133416458852868,0.08683797160724341,0.9043519282934308,32137,0.02758430747092433
mgab,1,esn_residual,1,0.9523809523809523,0.010720282218656507,0.04531748847108904,0.9557356608478803,0.08653194852111086,0.9522054487557495,33828,0.02758430747092433
mgab,1,esn_residual,1,1.0,0.0021987913128782566,0.045157657657657654,1.0,0.08641310203641848,1.0,35520,0.02758430747092433
mgab,1,delay_line_residual,1,0.047619047619047616,0.054184393002799425,0.04376108811354228,0.046134663341645885,0.044916540212443096,0.047676612808114166,1691,0.06045468059123493
mgab,1,delay_line_residual,1,0.09523809523809523,0.050685930511122024,0.044352454169130695,0.09351620947630923,0.06016847172081829,0.09529425639816017,3382,0.06045468059123493
mgab,1,delay_line_residual,1,0.14285714285714285,0.04835488772371832,0.04808829325975562,0.15211970074812967,0.07307577118897873,0.14241066163462673,5074,0.06045468059123493
mgab,1,delay_line_residual,1,0.19047619047619047,0.04650169438366447,0.046711012564671105,0.1970074812967581,0.07551678814673199,0.19014624366080907,6765,0.06045468059123493
mgab,1,delay_line_residual,1,0.23809523809523808,0.04496136820293373,0.04422371999527019,0.23316708229426433,0.07434648643276016,0.23832409482250266,8457,0.06045468059123493
mgab,1,delay_line_residual,1,0.2857142857142857,0.04357459914604078,0.043851005124162394,0.27743142144638405,0.07573179033356024,0.28608916145771907,10148,0.06045468059123493
mgab,1,delay_line_residual,1,0.3333333333333333,0.042306780694133295,0.0441722972972973,0.3260598503740648,0.07780422493305562,0.333677320438731,11840,0.06045468059123493
mgab,1,delay_line_residual,1,0.38095238095238093,0.041071283672437175,0.04345576823590274,0.36658354114713215,0.07770069375619425,0.3816192947281519,13531,0.06045468059123493
mgab,1,delay_line_residual,1,0.42857142857142855,0.03990871844666799,0.043949546708711075,0.4170822942643391,0.07951979079995244,0.42908951527302747,15222,0.06045468059123493
mgab,1,delay_line_residual,1,0.47619047619047616,0.03873429705524245,0.044874068818730045,0.47319201995012466,0.08197429528026784,0.4763238589456304,16914,0.06045468059123493
mgab,1,delay_line_residual,1,0.5238095238095238,0.03757013740036541,0.04434291857027681,0.5143391521197007,0.08164679103369785,0.5242363486260172,18605,0.06045468059123493
mgab,1,delay_line_residual,1,0.5714285714285714,0.036451437697138545,0.043602502832930976,0.5517456359102244,0.08081822747819734,0.5723552305696427,20297,0.06045468059123493
mgab,1,delay_line_residual,1,0.6190476190476191,0.035264994141755324,0.04325086410769511,0.5928927680798005,0.08062054933875891,0.6202677202500295,21988,0.06045468059123493
mgab,1,delay_line_residual,1,0.6666666666666666,0.034095716155263744,0.043538851351351354,0.6427680798004988,0.08155355165321942,0.6677969100129733,23680,0.06045468059123493
mgab,1,delay_line_residual,1,0.7142857142857143,0.032846455209238457,0.04430255015568957,0.7007481296758105,0.08333642261353105,0.7149133152494398,25371,0.06045468059123493
mgab,1,delay_line_residual,1,0.7619047619047619,0.03144217881524014,0.044194811913384084,0.7456359102244389,0.08344380101862835,0.7626488972756221,27062,0.06045468059123493
mgab,1,delay_line_residual,1,0.8095238095238095,0.03003258797107833,0.04420254573276761,0.7923940149625935,0.08373410633111535,0.8103255100837363,28754,0.06045468059123493
mgab,1,delay_line_residual,1,0.8571428571428571,0.02840919961172972,0.04414517983248481,0.8379052369077307,0.08387157165590191,0.8580316075008846,30445,0.06045468059123493
mgab,1,delay_line_residual,1,0.9047619047619048,0.02637103321757195,0.043625727354762424,0.8740648379052369,0.08310364245280223,0.9062094586625782,32137,0.06045468059123493
mgab,1,delay_line_residual,1,0.9523809523809523,0.02356220437187062,0.044105474754641126,0.9301745635910225,0.08421765635583653,0.9534143177261469,33828,0.06045468059123493
mgab,1,delay_line_residual,1,1.0,0.006504301081690755,0.045157657657657654,1.0,0.08641310203641848,1.0,35520,0.06045468059123493
mgab,1,persistence_residual,1,0.047619047619047616,0.24812638118510222,0.041986989946777055,0.0442643391521197,0.043095599393019726,0.047765066635216416,1691,0.26388069715756046
mgab,1,persistence_residual,1,0.09523809523809523,0.22783965122238214,0.04553518628030751,0.09600997506234414,0.06177296430004012,0.09517631796202382,3382,0.26388069715756046
mgab,1,persistence_residual,1,0.14285714285714285,0.20583644384930722,0.045920378399684665,0.14526184538653367,0.06978137166816412,0.14273499233400166,5074,0.26388069715756046
mgab,1,persistence_residual,1,0.19047619047619047,0.18865234359009264,0.04611973392461197,0.19451371571072318,0.07456087943601386,0.1902641820969454,6765,0.26388069715756046
mgab,1,persistence_residual,1,0.23809523809523808,0.17318275308412012,0.045406172401560835,0.23940149625935161,0.07633436040155053,0.2380292487321618,8457,0.26388069715756046
mgab,1,persistence_residual,1,0.2857142857142857,0.15999598450639496,0.04532912889239259,0.286783042394015,0.07828454731109598,0.2856468923222078,10148,0.26388069715756046
mgab,1,persistence_residual,1,0.3333333333333333,0.14722027233449353,0.04543918918918919,0.33541147132169574,0.0800357036596251,0.33323505130321973,11840,0.26388069715756046
mgab,1,persistence_residual,1,0.38095238095238093,0.1357968537877241,0.045746803636094895,0.3859102244389027,0.08179715890320449,0.3807052718480953,13531,0.26388069715756046
mgab,1,persistence_residual,1,0.42857142857142855,0.12637979382543563,0.04585468400998555,0.43516209476309226,0.0829668370379175,0.42823446161103906,15222,0.26388069715756046
mgab,1,persistence_residual,1,0.47619047619047616,0.11884974207566756,0.045110559299988175,0.4756857855361596,0.08240630737660654,0.47620592050949406,16914,0.26388069715756046
mgab,1,persistence_residual,1,0.5238095238095238,0.11161263773431074,0.04552539639881752,0.5280548628428927,0.08382403879459648,0.5235876872272673,18605,0.26388069715756046
mgab,1,persistence_residual,1,0.5714285714285714,0.1046356223534417,0.04542543232990097,0.5748129675810474,0.08419706862700334,0.5712643000353815,20297,0.26388069715756046
mgab,1,persistence_residual,1,0.6190476190476191,0.09857239486973413,0.045160996907404036,0.6190773067331671,0.08418107833163783,0.6190293666705979,21988,0.26388069715756046
mgab,1,persistence_residual,1,0.6666666666666666,0.09220807745862203,0.045185810810810814,0.6670822942643392,0.08463850656541687,0.666647010260644,23680,0.26388069715756046
mgab,1,persistence_residual,1,0.7142857142857143,0.08570313390504225,0.04513026684009302,0.7138403990024937,0.08489341983317887,0.714294138459724,25371,0.26388069715756046
mgab,1,persistence_residual,1,0.7619047619047619,0.07831114635189351,0.04497080777473949,0.7587281795511222,0.08490895137096213,0.7620297204859063,27062,0.26388069715756046
mgab,1,persistence_residual,1,0.8095238095238095,0.0695548389616647,0.044932878903804686,0.8054862842892768,0.08511759667962317,0.8097063332940205,28754,0.26388069715756046
mgab,1,persistence_residual,1,0.8571428571428571,0.059986410803048784,0.044933486615207754,0.8528678304239401,0.08536927829261444,0.8573239768840665,30445,0.26388069715756046
mgab,1,persistence_residual,1,0.9047619047619048,0.0517372519283299,0.0451504496374895,0.9046134663341646,0.08600812068403427,0.904764712819908,32137,0.26388069715756046
mgab,1,persistence_residual,1,0.9523809523809523,0.04335965712448342,0.044933191439044576,0.9476309226932669,0.08579814856626777,0.9525887486731925,33828,0.26388069715756046
mgab,1,persistence_residual,1,1.0,0.01576358557065305,0.045157657657657654,1.0,0.08641310203641848,1.0,35520,0.26388069715756046
mgab,1,moving_statistics,1,0.047619047619047616,2.610786391325746,0.04730928444707274,0.04987531172069826,0.04855842185128983,0.04749970515390966,1691,3.0176064028855762
mgab,1,moving_statistics,1,0.09523809523809523,2.394461554827103,0.047900650502661145,0.10099750623441396,0.06498194945848376,0.09494044108975115,3382,3.0176064028855762
mgab,1,moving_statistics,1,0.14285714285714285,2.2932786115379713,0.046708711076074105,0.1477556109725686,0.07097933513027853,0.1426170538978653,5074,3.0176064028855762
mgab,1,moving_statistics,1,0.19047619047619047,2.1822017800350295,0.04567627494456763,0.192643391521197,0.07384394790297527,0.19035263592404764,6765,3.0176064028855762
mgab,1,moving_statistics,1,0.23809523809523808,2.078749188092843,0.04446021047652832,0.2344139650872818,0.07474406122651824,0.2382651256044345,8457,3.0176064028855762
mgab,1,moving_statistics,1,0.2857142857142857,1.9840995996009951,0.044639337800551834,0.28241895261845384,0.07709326072157931,0.2858532845854464,10148,3.0176064028855762
mgab,1,moving_statistics,1,0.3333333333333333,1.888334080441382,0.04484797297297297,0.33104738154613467,0.07899434692055936,0.33344144356645833,11840,3.0176064028855762
mgab,1,moving_statistics,1,0.38095238095238093,1.8024523426956875,0.04530337742960609,0.38216957605985036,0.0810042946812025,0.3808821795022998,13531,3.0176064028855762
mgab,1,moving_statistics,1,0.42857142857142855,1.721054823454324,0.04526343450269347,0.4295511221945137,0.08189706406751456,0.4284998230923458,15222,3.0176064028855762
mgab,1,moving_statistics,1,0.47619047619047616,1.6497216291900259,0.044933191439044576,0.47381546134663344,0.08208229830435251,0.47629437433659627,16914,3.0176064028855762
mgab,1,moving_statistics,1,0.5238095238095238,1.5892920387104823,0.04552539639881752,0.5280548628428927,0.08382403879459648,0.5235876872272673,18605,3.0176064028855762
mgab,1,moving_statistics,1,0.5714285714285714,1.53758972761716,0.04468640685815638,0.5654613466334164,0.08282726816127117,0.5717065691708928,20297,3.0176064028855762
mgab,1,moving_statistics,1,0.6190476190476191,1.4775844087234873,0.04497907949790795,0.6165835411471322,0.08384198033231603,0.6191473051067343,21988,3.0176064028855762
mgab,1,moving_statistics,1,0.6666666666666666,1.4004183992519756,0.04522804054054054,0.6677057356608479,0.08471760797342193,0.6666175256516098,23680,3.0176064028855762
mgab,1,moving_statistics,1,0.7142857142857143,1.3207103395225204,0.044933191439044576,0.7107231920199502,0.0845227062094532,0.7144415615048945,25371,3.0176064028855762
mgab,1,moving_statistics,1,0.7619047619047619,1.2389210390083463,0.04500775995861355,0.7593516209476309,0.08497872043535896,0.7620002358768723,27062,3.0176064028855762
mgab,1,moving_statistics,1,0.8095238095238095,1.1543228491846094,0.04503721221395284,0.807356608478803,0.08531523815798142,0.8096178794669183,28754,3.0176064028855762
mgab,1,moving_statistics,1,0.8571428571428571,1.0704534665201209,0.04516340942683528,0.8572319201995012,0.08580610939498894,0.8571175846208279,30445,3.0176064028855762
mgab,1,moving_statistics,1,0.9047619047619048,0.9340576837475965,0.04505709929364907,0.9027431421446384,0.08583029548620373,0.9048531666470102,32137,3.0176064028855762
mgab,1,moving_statistics,1,0.9523809523809523,0.7116243235414004,0.04496275274920185,0.9482543640897756,0.08585459471664034,0.9525592640641585,33828,3.0176064028855762
mgab,1,moving_statistics,1,1.0,0.16672528701019473,0.045157657657657654,1.0,0.08641310203641848,1.0,35520,3.0176064028855762
mgab,1,random_control,1,0.047619047619047616,0.6707844605593891,0.03903015966883501,0.04114713216957606,0.04006069802731411,0.04791248968038684,1691,0.7358979915707096
mgab,1,random_control,1,0.09523809523809523,0.6343382823333741,0.04316972205795387,0.09102244389027432,0.05856397914159647,0.0954121948342965,3382,0.7358979915707096
mgab,1,random_control,1,0.14285714285714285,0.6097099148155394,0.04355538037051636,0.13778054862842892,0.0661874812818209,0.14308880764241066,5074,0.7358979915707096
mgab,1,random_control,1,0.19047619047619047,0.5896763414971247,0.04301552106430155,0.1814214463840399,0.06954235870474369,0.19088335888666116,6765,0.7358979915707096
mgab,1,random_control,1,0.23809523809523808,0.5729326215428046,0.04576090812344803,0.2412718204488778,0.07693072259218765,0.23794079490505957,8457,0.7358979915707096
mgab,1,random_control,1,0.2857142857142857,0.5579411669823457,0.04749704375246354,0.300498753117207,0.08202859087814839,0.28499823092345794,10148,0.7358979915707096
mgab,1,random_control,1,0.3333333333333333,0.544241608642551,0.046537162162162166,0.34351620947630923,0.08196965188931865,0.3328517513857766,11840,0.7358979915707096
mgab,1,random_control,1,0.38095238095238093,0.5309846911870864,0.04700317788781317,0.39650872817955113,0.0840436075322101,0.38020403349451587,13531,0.7358979915707096
mgab,1,random_control,1,0.42857142857142855,0.5182976272799351,0.04664301668637499,0.442643391521197,0.08439320099845476,0.42788064630263,15222,0.7358979915707096
mgab,1,random_control,1,0.47619047619047616,0.5060576839259738,0.04688423790942414,0.49438902743142144,0.08564639809914676,0.47532138223847153,16914,0.7358979915707096
mgab,1,random_control,1,0.5238095238095238,0.49362728817732204,0.04627788228970707,0.536783042394015,0.08520956009698649,0.5231749027007901,18605,0.7358979915707096
mgab,1,random_control,1,0.5714285714285714,0.48141382614039685,0.04631226289599448,0.5860349127182045,0.08584082918588193,0.5707335770727681,20297,0.7358979915707096
mgab,1,random_control,1,0.6190476190476191,0.46862037419032276,0.04707112970711297,0.6452618453865336,0.08774160732451677,0.6177910130911665,21988,0.7358979915707096
mgab,1,random_control,1,0.6666666666666666,0.4561050192055518,0.04674831081081081,0.690149625935162,0.08756525866160417,0.6655560797263829,23680,0.7358979915707096
mgab,1,random_control,1,0.7142857142857143,0.4417596889293236,0.04647037956722242,0.7350374064837906,0.08741427247451344,0.7132916617525652,25371,0.7358979915707096
mgab,1,random_control,1,0.7619047619047619,0.42684814350786837,0.045820708003843025,0.773067331670823,0.08651363985208958,0.7613515744781224,27062,0.7358979915707096
mgab,1,random_control,1,0.8095238095238095,0.410462911134573,0.045906656465187455,0.8229426433915212,0.08696225047763359,0.8088807642410661,28754,0.7358979915707096
mgab,1,random_control,1,0.8571428571428571,0.3909165286040661,0.04562325505009033,0.8659600997506235,0.0866797715997379,0.8567048000943508,30445,0.7358979915707096
mgab,1,random_control,1,0.9047619047619048,0.36655172661699,0.045586084575411516,0.9133416458852868,0.08683797160724341,0.9043519282934308,32137,0.7358979915707096
mgab,1,random_control,1,0.9523809523809523,0.3306866152133807,0.04593827598439163,0.9688279301745636,0.08771731767893429,0.9515862719660337,33828,0.7358979915707096
mgab,1,random_control,1,1.0,0.13684928843827038,0.045157657657657654,1.0,0.08641310203641848,1.0,35520,0.7358979915707096
mgab,1,input_norm_control,1,0.047619047619047616,1.7433189761741232,0.03015966883500887,0.031795511221945134,0.030955993930197268,0.048354758815898104,1691,1.959943198624842
mgab,1,input_norm_control,1,0.09523809523809523,1.5403703415231575,0.0384387936132466,0.08104738154613467,0.052146008824709184,0.09588394857884185,3382,1.959943198624842
mgab,1,input_norm_control,1,0.14285714285714285,1.3937636117088914,0.040007883326763895,0.12655860349127182,0.060796645702306085,0.14361953060502416,5074,1.959943198624842
mgab,1,input_norm_control,1,0.19047619047619047,1.2727212778818284,0.041093865484109385,0.17331670822942644,0.06643565539490978,0.19126665880410426,6765,1.959943198624842
mgab,1,input_norm_control,1,0.23809523809523808,1.162639055382897,0.04197706042331796,0.2213216957605985,0.07056952589205845,0.23888430239415026,8457,1.959943198624842
mgab,1,input_norm_control,1,0.2857142857142857,1.0696163431093737,0.04316121403232164,0.2730673316708229,0.07454050374404357,0.28629555372095766,10148,1.959943198624842
mgab,1,input_norm_control,1,0.3333333333333333,0.9827890529704746,0.04315878378378379,0.3185785536159601,0.07601904195180006,0.33403113574714,11840,1.959943198624842
mgab,1,input_norm_control,1,0.38095238095238093,0.9094449837921275,0.04456433375212475,0.3759351620947631,0.0796828543111992,0.38117702559264066,13531,1.959943198624842
mgab,1,input_norm_control,1,0.42857142857142855,0.8387977765046344,0.04427801865720667,0.42019950124688277,0.08011410911684298,0.42894209222785706,15222,1.959943198624842
mgab,1,input_norm_control,1,0.47619047619047616,0.7783333842880893,0.04398722951401206,0.46384039900249374,0.08035424991899773,0.47676612808114166,16914,1.959943198624842
mgab,1,input_norm_control,1,0.5238095238095238,0.7234398102873456,0.044235420585864015,0.5130922693266833,0.08144885941907071,0.5242953178440853,18605,1.959943198624842
mgab,1,input_norm_control,1,0.5714285714285714,0.6749236301034216,0.04434152830467557,0.5610972568578554,0.0821880279439295,0.5719129614341314,20297,1.959943198624842
mgab,1,input_norm_control,1,0.6190476190476191,0.6232437368407773,0.044706203383663816,0.6128428927680798,0.08333333333333333,0.6193242127609387,21988,1.959943198624842
mgab,1,input_norm_control,1,0.6666666666666666,0.5704076321035245,0.045185810810810814,0.6670822942643392,0.08463850656541687,0.666647010260644,23680,1.959943198624842
mgab,1,input_norm_control,1,0.7142857142857143,0.5227585599559461,0.044933191439044576,0.7107231920199502,0.0845227062094532,0.7144415615048945,25371,1.959943198624842
mgab,1,input_norm_control,1,0.7619047619047619,0.4832184162505655,0.045155568694109825,0.7618453865336658,0.08525779669294635,0.761882297440736,27062,1.959943198624842
mgab,1,input_norm_control,1,0.8095238095238095,0.4318718751328561,0.04555887876469361,0.816708229426434,0.08630344554977273,0.8091756103314071,28754,1.959943198624842
mgab,1,input_norm_control,1,0.8571428571428571,0.3740411378612407,0.04559040893414354,0.8653366583541147,0.08661736715654154,0.8567342847033849,30445,1.959943198624842
mgab,1,input_norm_control,1,0.9047619047619048,0.31729668533262156,0.04586613560693282,0.9189526184538653,0.087371447200735,0.9040865668121241,32137,1.959943198624842
mgab,1,input_norm_control,1,0.9523809523809523,0.20691526297196106,0.0455244176421899,0.9600997506234414,0.08692707157371868,0.9519990564925109,33828,1.959943198624842
mgab,1,input_norm_control,1,1.0,0.028779168953406042,0.045157657657657654,1.0,0.08641310203641848,1.0,35520,1.959943198624842
mgab,1,esn_residual,2,0.047619047619047616,0.023900870577080013,0.140153755174453,0.1477556109725686,0.14385432473444615,0.042870621535558436,1691,0.02679567876793243
mgab,1,esn_residual,2,0.09523809523809523,0.022244019188349284,0.08870490833826139,0.18703241895261846,0.12033694344163658,0.09087156504304753,3382,0.02679567876793243
mgab,1,esn_residual,2,0.14285714285714285,0.021184315495872852,0.07016160819865984,0.22194513715710723,0.10661874812818209,0.1391083854228093,5074,0.02679567876793243
mgab,1,esn_residual,2,0.19047619047619047,0.02036229965608527,0.06341463414634146,0.2674563591022444,0.10252120922451906,0.18681448283995755,6765,0.02679567876793243
mgab,1,esn_residual,2,0.23809523809523808,0.019666911781328622,0.05805841314887076,0.30610972568578554,0.09760461186760759,0.2348743955655148,8457,0.02679567876793243
mgab,1,esn_residual,2,0.2857142857142857,0.019089289985515734,0.05469057942451715,0.34600997506234416,0.09445200816882232,0.2828458544639698,10148,0.02679567876793243
mgab,1,esn_residual,2,0.3333333333333333,0.018534903732643215,0.052364864864864864,0.3865336658354115,0.09223445403153824,0.3308173133624248,11840,0.02679567876793243
mgab,1,esn_residual,2,0.38095238095238093,0.018031238897037838,0.05158524868819747,0.43516209476309226,0.09223653782623059,0.3783759877344026,13531,0.02679567876793243
mgab,1,esn_residual,2,0.42857142857142855,0.01754881040879752,0.049862041781631845,0.47319201995012466,0.09021752050398192,0.4264359004599599,15222,0.02679567876793243
mgab,1,esn_residual,2,0.47619047619047616,0.017101515785995502,0.04848054865791652,0.5112219451371571,0.08856247974943299,0.47452529779455127,16914,0.02679567876793243
mgab,1,esn_residual,2,0.5238095238095238,0.016642427685852113,0.049126578876646065,0.5698254364089775,0.09045474788460588,0.5216122184219837,18605,0.02679567876793243
mgab,1,esn_residual,2,0.5714285714285714,0.016184768677021566,0.04788885056904962,0.6059850374064838,0.08876307017944388,0.5697900695836773,20297,0.02679567876793243
mgab,1,esn_residual,2,0.6190476190476191,0.0157113207980899,0.048026196106967435,0.6583541147132169,0.08952187182095625,0.6171718363014507,21988,0.02679567876793243
mgab,1,esn_residual,2,0.6666666666666666,0.015236409563669895,0.04738175675675676,0.699501246882793,0.08875177978168013,0.6651138105908716,23680,0.02679567876793243
mgab,1,esn_residual,2,0.7142857142857143,0.01474252345366267,0.047022190690158054,0.7437655860349127,0.08845227062094532,0.712878877226088,25371,0.02679567876793243
mgab,1,esn_residual,2,0.7619047619047619,0.014179374609213369,0.046707560416820636,0.7880299251870324,0.0881880973976139,0.7606439438613044,27062,0.02679567876793243
mgab,1,esn_residual,2,0.8095238095238095,0.013553747373336478,0.04587187869513807,0.8223192019950125,0.0868963699848475,0.8089102488501002,28754,0.02679567876793243
mgab,1,esn_residual,2,0.8571428571428571,0.012859052701742257,0.0460174084414518,0.8734413965087282,0.08742862491809418,0.8563509847859417,30445,0.02679567876793243
mgab,1,esn_residual,2,0.9047619047619048,0.01197677766732852,0.04574166848181224,0.9164588528678305,0.08713434693696097,0.9042045052482605,32137,0.02679567876793243
mgab,1,esn_residual,2,0.9523809523809523,0.010762024466629327,0.045406172401560835,0.9576059850374065,0.0867012869722285,0.9521169949286472,33828,0.02679567876793243
mgab,1,esn_residual,2,1.0,0.004690943789313451,0.045157657657657654,1.0,0.08641310203641848,1.0,35520,0.02679567876793243
mgab,1,delay_line_residual,2,0.047619047619047616,0.05417042877218137,0.04376108811354228,0.046134663341645885,0.044916540212443096,0.047676612808114166,1691,0.06057665730722306
mgab,1,delay_line_residual,2,0.09523809523809523,0.05069946701976846,0.044352454169130695,0.09351620947630923,0.06016847172081829,0.09529425639816017,3382,0.06057665730722306
mgab,1,delay_line_residual,2,0.14285714285714285,0.04836978578248363,0.04828537642885298,0.1527431421446384,0.07337526205450735,0.14238117702559264,5074,0.06057665730722306
mgab,1,delay_line_residual,2,0.19047619047619047,0.04651610756442892,0.046711012564671105,0.1970074812967581,0.07551678814673199,0.19014624366080907,6765,0.06057665730722306
mgab,1,delay_line_residual,2,0.23809523809523808,0.044968533008187705,0.04422371999527019,0.23316708229426433,0.07434648643276016,0.23832409482250266,8457,0.06057665730722306
mgab,1,delay_line_residual,2,0.2857142857142857,0.04356801754155981,0.04414662987780844,0.2793017456359102,0.0762423417290674,0.2860007076306168,10148,0.06057665730722306
mgab,1,delay_line_residual,2,0.3333333333333333,0.042305030121553955,0.04408783783783784,0.3254364089775561,0.07765545968461768,0.33370680504776506,11840,0.06057665730722306
mgab,1,delay_line_residual,2,0.38095238095238093,0.04106857341713521,0.04352967260365088,0.3672069825436409,0.0778328377931946,0.3815898101191178,13531,0.06057665730722306
mgab,1,delay_line_residual,2,0.42857142857142855,0.0398947353226049,0.04408093548810932,0.4183291770573566,0.07975751812670867,0.4290305460549593,15222,0.06057665730722306
mgab,1,delay_line_residual,2,0.47619047619047616,0.03872704060376009,0.04499231405935911,0.47443890274314215,0.0821903013284372,0.4762648897275622,16914,0.06057665730722306
mgab,1,delay_line_residual,2,0.5238095238095238,0.03755413736217861,0.044289169578070414,0.513715710723192,0.08154782522638429,0.5242658332350513,18605,0.06057665730722306
mgab,1,delay_line_residual,2,0.5714285714285714,0.03643625108432502,0.04365177119771395,0.5523690773067331,0.08090954750924616,0.5723257459606086,20297,0.06057665730722306
mgab,1,delay_line_residual,2,0.6190476190476191,0.03524994836533324,0.04315990540294706,0.5916458852867831,0.080451000339098,0.6203266894680977,21988,0.06057665730722306
mgab,1,delay_line_residual,2,0.6666666666666666,0.03407904080373214,0.04349662162162162,0.64214463840399,0.08147445024521437,0.6678263946220073,23680,0.06057665730722306
mgab,1,delay_line_residual,2,0.7142857142857143,0.03282854932692203,0.04430255015568957,0.7007481296758105,0.08333642261353105,0.7149133152494398,25371,0.06057665730722306
mgab,1,delay_line_residual,2,0.7619047619047619,0.031429364417220995,0.04412090754563595,0.7443890274314214,0.08330426288983465,0.7627078664936903,27062,0.06057665730722306
mgab,1,delay_line_residual,2,0.8095238095238095,0.030018940107552794,0.04420254573276761,0.7923940149625935,0.08373410633111535,0.8103255100837363,28754,0.06057665730722306
mgab,1,delay_line_residual,2,0.8571428571428571,0.02838770478771835,0.04414517983248481,0.8379052369077307,0.08387157165590191,0.8580316075008846,30445,0.06057665730722306
mgab,1,delay_line_residual,2,0.9047619047619048,0.02635543993554279,0.043625727354762424,0.8740648379052369,0.08310364245280223,0.9062094586625782,32137,0.06057665730722306
mgab,1,delay_line_residual,2,0.9523809523809523,0.023565218757710227,0.044105474754641126,0.9301745635910225,0.08421765635583653,0.9534143177261469,33828,0.06057665730722306
mgab,1,delay_line_residual,2,1.0,0.006529973390570376,0.045157657657657654,1.0,0.08641310203641848,1.0,35520,0.06057665730722306
mgab,1,persistence_residual,2,0.047619047619047616,0.24816217387854067,0.041986989946777055,0.0442643391521197,0.043095599393019726,0.047765066635216416,1691,0.26388069715756046
mgab,1,persistence_residual,2,0.09523809523809523,0.2279111947458432,0.04553518628030751,0.09600997506234414,0.06177296430004012,0.09517631796202382,3382,0.26388069715756046
mgab,1,persistence_residual,2,0.14285714285714285,0.20586607942607316,0.04572329523058731,0.14463840399002495,0.06948188080263554,0.14276447694303573,5074,0.26388069715756046
mgab,1,persistence_residual,2,0.19047619047619047,0.18877064105959107,0.045971914264597194,0.19389027431421446,0.07432190225833434,0.19029366670597947,6765,0.26388069715756046
mgab,1,persistence_residual,2,0.23809523809523808,0.17325621235454491,0.045406172401560835,0.23940149625935161,0.07633436040155053,0.2380292487321618,8457,0.26388069715756046
mgab,1,persistence_residual,2,0.2857142857142857,0.16013468109406404,0.04513204572329523,0.2855361596009975,0.07794417971409123,0.285705861540276,10148,0.26388069715756046
mgab,1,persistence_residual,2,0.3333333333333333,0.14732631142203445,0.04535472972972973,0.334788029925187,0.07988693841118716,0.3332645359122538,11840,0.26388069715756046
mgab,1,persistence_residual,2,0.38095238095238093,0.13586196604865108,0.04567289926834676,0.385286783042394,0.08166501486620416,0.3807347564571294,13531,0.26388069715756046
mgab,1,persistence_residual,2,0.42857142857142855,0.1265216088119132,0.04578898962028643,0.43453865336658354,0.0828479733745394,0.42826394622007313,15222,0.26388069715756046
mgab,1,persistence_residual,2,0.47619047619047616,0.11895506803818989,0.04499231405935911,0.47443890274314215,0.0821903013284372,0.4762648897275622,16914,0.26388069715756046
mgab,1,persistence_residual,2,0.5238095238095238,0.11174765522923735,0.045471647406611124,0.527431421446384,0.08372507298728289,0.5236171718363014,18605,0.26388069715756046
mgab,1,persistence_residual,2,0.5714285714285714,0.10473381260487713,0.04542543232990097,0.5748129675810474,0.08419706862700334,0.5712643000353815,20297,0.26388069715756046
mgab,1,persistence_residual,2,0.6190476190476191,0.09862413758855837,0.045115517555030016,0.6184538653366584,0.08409630383180738,0.619058851279632,21988,0.26388069715756046
mgab,1,persistence_residual,2,0.6666666666666666,0.09230501330330299,0.045185810810810814,0.6670822942643392,0.08463850656541687,0.666647010260644,23680,0.26388069715756046
mgab,1,persistence_residual,2,0.7142857142857143,0.08574083419910039,0.04513026684009302,0.7138403990024937,0.08489341983317887,0.714294138459724,25371,0.26388069715756046
mgab,1,persistence_residual,2,0.7619047619047619,0.07837585102856792,0.04497080777473949,0.7587281795511222,0.08490895137096213,0.7620297204859063,27062,0.26388069715756046
mgab,1,persistence_residual,2,0.8095238095238095,0.06960920998085385,0.044932878903804686,0.8054862842892768,0.08511759667962317,0.8097063332940205,28754,0.26388069715756046
mgab,1,persistence_residual,2,0.8571428571428571,0.060041268150257565,0.044933486615207754,0.8528678304239401,0.08536927829261444,0.8573239768840665,30445,0.26388069715756046
mgab,1,persistence_residual,2,0.9047619047619048,0.05177567347220702,0.04511933285620935,0.9039900249376559,0.08594884561809074,0.9047941974289421,32137,0.26388069715756046
mgab,1,persistence_residual,2,0.9523809523809523,0.04336513286648369,0.044933191439044576,0.9476309226932669,0.08579814856626777,0.9525887486731925,33828,0.26388069715756046
mgab,1,persistence_residual,2,1.0,0.01576358557065305,0.045157657657657654,1.0,0.08641310203641848,1.0,35520,0.26388069715756046
mgab,1,moving_statistics,2,0.047619047619047616,2.610669753416005,0.04730928444707274,0.04987531172069826,0.04855842185128983,0.04749970515390966,1691,3.022786740431002
mgab,1,moving_statistics,2,0.09523809523809523,2.394454390141618,0.047900650502661145,0.10099750623441396,0.06498194945848376,0.09494044108975115,3382,3.022786740431002
mgab,1,moving_statistics,2,0.14285714285714285,2.293157064857951,0.046708711076074105,0.1477556109725686,0.07097933513027853,0.1426170538978653,5074,3.022786740431002
mgab,1,moving_statistics,2,0.19047619047619047,2.182234010013417,0.04567627494456763,0.192643391521197,0.07384394790297527,0.19035263592404764,6765,3.022786740431002
mgab,1,moving_statistics,2,0.23809523809523808,2.079427253481299,0.04446021047652832,0.2344139650872818,0.07474406122651824,0.2382651256044345,8457,3.022786740431002
mgab,1,moving_statistics,2,0.2857142857142857,1.9840995996009951,0.044639337800551834,0.28241895261845384,0.07709326072157931,0.2858532845854464,10148,3.022786740431002
mgab,1,moving_statistics,2,0.3333333333333333,1.8883791676580586,0.04484797297297297,0.33104738154613467,0.07899434692055936,0.33344144356645833,11840,3.022786740431002
mgab,1,moving_statistics,2,0.38095238095238093,1.8025314839323983,0.04530337742960609,0.38216957605985036,0.0810042946812025,0.3808821795022998,13531,3.022786740431002
mgab,1,moving_statistics,2,0.42857142857142855,1.7212055795826018,0.04513204572329523,0.42830423940149626,0.08165933674075836,0.42855879231041394,15222,3.022786740431002
mgab,1,moving_statistics,2,0.47619047619047616,1.649857137806066,0.044874068818730045,0.47319201995012466,0.08197429528026784,0.4763238589456304,16914,3.022786740431002
mgab,1,moving_statistics,2,0.5238095238095238,1.5895658548670326,0.04552539639881752,0.5280548628428927,0.08382403879459648,0.5235876872272673,18605,3.022786740431002
mgab,1,moving_statistics,2,0.5714285714285714,1.538096377184047,0.044637138493373404,0.5648379052369077,0.08273594813022236,0.5717360537799269,20297,3.022786740431002
mgab,1,moving_statistics,2,0.6190476190476191,1.478152416924786,0.04497907949790795,0.6165835411471322,0.08384198033231603,0.6191473051067343,21988,3.022786740431002
mgab,1,moving_statistics,2,0.6666666666666666,1.4010798799454278,0.04522804054054054,0.6677057356608479,0.08471760797342193,0.6666175256516098,23680,3.022786740431002
mgab,1,moving_statistics,2,0.7142857142857143,1.3216944823116137,0.044933191439044576,0.7107231920199502,0.0845227062094532,0.7144415615048945,25371,3.022786740431002
mgab,1,moving_statistics,2,0.7619047619047619,1.2393069658755849,0.04500775995861355,0.7593516209476309,0.08497872043535896,0.7620002358768723,27062,3.022786740431002
mgab,1,moving_statistics,2,0.8095238095238095,1.1549162082301336,0.04503721221395284,0.807356608478803,0.08531523815798142,0.8096178794669183,28754,3.022786740431002
mgab,1,moving_statistics,2,0.8571428571428571,1.0707851578681584,0.04516340942683528,0.8572319201995012,0.08580610939498894,0.8571175846208279,30445,3.022786740431002
mgab,1,moving_statistics,2,0.9047619047619048,0.935113830561022,0.04502598251236892,0.9021197007481296,0.0857710204202602,0.9048826512560444,32137,3.022786740431002
mgab,1,moving_statistics,2,0.9523809523809523,0.7119984393011691,0.04496275274920185,0.9482543640897756,0.08585459471664034,0.9525592640641585,33828,3.022786740431002
mgab,1,moving_statistics,2,1.0,0.16672528701019473,0.045157657657657654,1.0,0.08641310203641848,1.0,35520,3.022786740431002
mgab,1,random_control,2,0.047619047619047616,0.6689926990829917,0.03134240094618569,0.033042394014962596,0.032169954476479516,0.04829578959782993,1691,0.7223811544481578
mgab,1,random_control,2,0.09523809523809523,0.6344895067054495,0.03429923122412774,0.07231920199501247,0.04653028479743281,0.09629673310531903,3382,0.7223811544481578
mgab,1,random_control,2,0.14285714285714285,0.6108009890929225,0.03685455262120615,0.11658354114713217,0.05600479185384846,0.14409128434956953,5074,0.7223811544481578
mgab,1,random_control,2,0.19047619047619047,0.5910492414836881,0.03798965262379896,0.16022443890274315,0.061417134663639614,0.19188583559382003,6765,0.7223811544481578
mgab,1,random_control,2,0.23809523809523808,0.5744186233600885,0.04138583422017264,0.21820448877805487,0.06957558890766326,0.23903172543932066,8457,0.7223811544481578
mgab,1,random_control,2,0.2857142857142857,0.5589904350154029,0.04148600709499409,0.26246882793017456,0.07164737916950308,0.28679679207453707,10148,0.7223811544481578
mgab,1,random_control,2,0.3333333333333333,0.5456258618296488,0.04366554054054054,0.32231920199501246,0.07691163344242784,0.33385422809293547,11840,0.7223811544481578
mgab,1,random_control,2,0.38095238095238093,0.5325163169618463,0.0429384376616658,0.3622194513715711,0.07677568549719194,0.38182568699139047,13531,0.7223811544481578
mgab,1,random_control,2,0.42857142857142855,0.5201533882054719,0.043949546708711075,0.4170822942643391,0.07951979079995244,0.42908951527302747,15222,0.7223811544481578
mgab,1,random_control,2,0.47619047619047616,0.507754002813499,0.044637578337471916,0.4706982543640898,0.08154228318392914,0.47644179738176673,16914,0.7223811544481578
mgab,1,random_control,2,0.5238095238095238,0.495232861049999,0.04471916151572158,0.5187032418952618,0.08233955168489288,0.5240299563627786,18605,0.7223811544481578
mgab,1,random_control,2,0.5714285714285714,0.4823782094354101,0.044292259939892595,0.5604738154613467,0.08209670791288068,0.5719424460431655,20297,0.7223811544481578
mgab,1,random_control,2,0.6190476190476191,0.469585497510252,0.04461524467891577,0.6115960099750624,0.08316378433367243,0.619383181979007,21988,0.7223811544481578
mgab,1,random_control,2,0.6666666666666666,0.4561065071889061,0.0445945945945946,0.6583541147132169,0.083531086853346,0.6670597947871211,23680,0.7223811544481578
mgab,1,random_control,2,0.7142857142857143,0.4418946554765171,0.04513026684009302,0.7138403990024937,0.08489341983317887,0.714294138459724,25371,0.7223811544481578
mgab,1,random_control,2,0.7619047619047619,0.4271348855609176,0.04552509053285049,0.7680798004987531,0.08595548733691481,0.7615874513503951,27062,0.7223811544481578
mgab,1,random_control,2,0.8095238095238095,0.4100184483099838,0.045141545524101,0.8092269326683291,0.08551287963633968,0.809529425639816,28754,0.7223811544481578
mgab,1,random_control,2,0.8571428571428571,0.390042468800857,0.044867794383314175,0.8516209476309227,0.08524446940622173,0.8573829461021347,30445,0.7223811544481578
mgab,1,random_control,2,0.9047619047619048,0.3653783388863303,0.04452811401188661,0.89214463840399,0.08482261936516404,0.9053544050005897,32137,0.7223811544481578
mgab,1,random_control,2,0.9523809523809523,0.3288423901508395,0.044696700957786446,0.942643391521197,0.08534657936328742,0.9528246255454653,33828,0.7223811544481578
mgab,1,random_control,2,1.0,0.13077815272754378,0.045157657657657654,1.0,0.08641310203641848,1.0,35520,0.7223811544481578
mgab,1,input_norm_control,2,0.047619047619047616,1.7439318031561015,0.02897693672383205,0.03054862842892768,0.029742033383915022,0.04841372803396627,1691,1.959943198624842
mgab,1,input_norm_control,2,0.09523809523809523,1.5407272498900966,0.0384387936132466,0.08104738154613467,0.052146008824709184,0.09588394857884185,3382,1.959943198624842
mgab,1,input_norm_control,2,0.14285714285714285,1.3946797095486545,0.040007883326763895,0.12655860349127182,0.060796645702306085,0.14361953060502416,5074,1.959943198624842
mgab,1,input_norm_control,2,0.19047619047619047,1.2732736173638841,0.041093865484109385,0.17331670822942644,0.06643565539490978,0.19126665880410426,6765,1.959943198624842
mgab,1,input_norm_control,2,0.23809523809523808,1.1626936918337378,0.04197706042331796,0.2213216957605985,0.07056952589205845,0.23888430239415026,8457,1.959943198624842
mgab,1,input_norm_control,2,0.2857142857142857,1.0697769766402416,0.04316121403232164,0.2730673316708229,0.07454050374404357,0.28629555372095766,10148,1.959943198624842
mgab,1,input_norm_control,2,0.3333333333333333,0.9833081441938702,0.04307432432432432,0.3179551122194514,0.07587027670336209,0.33406062035617407,11840,1.959943198624842
mgab,1,input_norm_control,2,0.38095238095238093,0.9100904256329159,0.04456433375212475,0.3759351620947631,0.0796828543111992,0.38117702559264066,13531,1.959943198624842
mgab,1,input_norm_control,2,0.42857142857142855,0.8390911989763481,0.04408093548810932,0.4183291770573566,0.07975751812670867,0.4290305460549593,15222,1.959943198624842
mgab,1,input_norm_control,2,0.47619047619047616,0.778619607282053,0.04398722951401206,0.46384039900249374,0.08035424991899773,0.47676612808114166,16914,1.959943198624842
mgab,1,input_norm_control,2,0.5238095238095238,0.7239101748591565,0.04412792260145122,0.5118453865336658,0.08125092780444355,0.5243542870621536,18605,1.959943198624842
mgab,1,input_norm_control,2,0.5714285714285714,0.675603008858161,0.044292259939892595,0.5604738154613467,0.08209670791288068,0.5719424460431655,20297,1.959943198624842
mgab,1,input_norm_control,2,0.6190476190476191,0.6235539708877695,0.044660724031289796,0.6122194513715711,0.08324855883350288,0.6193536973699729,21988,1.959943198624842
mgab,1,input_norm_control,2,0.6666666666666666,0.5707308523456049,0.045185810810810814,0.6670822942643392,0.08463850656541687,0.666647010260644,23680,1.959943198624842
mgab,1,input_norm_control,2,0.7142857142857143,0.5230558139578534,0.044933191439044576,0.7107231920199502,0.0845227062094532,0.7144415615048945,25371,1.959943198624842
mgab,1,input_norm_control,2,0.7619047619047619,0.4835609847859814,0.045155568694109825,0.7618453865336658,0.08525779669294635,0.761882297440736,27062,1.959943198624842
mgab,1,input_norm_control,2,0.8095238095238095,0.43240126146520197,0.045524100994644226,0.8160847880299252,0.08623756505698664,0.8092050949404411,28754,1.959943198624842
mgab,1,input_norm_control,2,0.8571428571428571,0.3746291687211851,0.04552471670224996,0.8640897755610972,0.08649255827014883,0.856793253921453,30445,1.959943198624842
mgab,1,input_norm_control,2,0.9047619047619048,0.3176173350775571,0.045835018825652676,0.9183291770573566,0.0873121721347915,0.9041160514211581,32137,1.959943198624842
mgab,1,input_norm_control,2,0.9523809523809523,0.2068463237828837,0.04555397895234717,0.9607231920199502,0.08698351772409123,0.9519695718834769,33828,1.959943198624842
mgab,1,input_norm_control,2,1.0,0.028779168953406042,0.045157657657657654,1.0,0.08641310203641848,1.0,35520,1.959943198624842
mgab,1,esn_residual,3,0.047619047619047616,0.02368482948641315,0.14311058545239502,0.15087281795511223,0.14688922610015173,0.04272319849038802,1691,0.027110013066661054
mgab,1,esn_residual,3,0.09523809523809523,0.02196802923657515,0.09284447072738025,0.19576059850374064,0.12595266746891295,0.09045878051657034,3382,0.027110013066661054
mgab,1,esn_residual,3,0.14285714285714285,0.0209461288728221,0.07765076862435948,0.2456359102244389,0.11799940101826896,0.1379879702795141,5074,0.027110013066661054
mgab,1,esn_residual,3,0.19047619047619047,0.020151258686340157,0.06681448632668145,0.2817955112219451,0.10801768431114829,0.1861363368321736,6765,0.027110013066661054
mgab,1,esn_residual,3,0.23809523809523808,0.019462862037272544,0.06089629892396831,0.321072319201995,0.10237550939270451,0.2341667649486968,8457,0.027110013066661054
mgab,1,esn_residual,3,0.2857142857142857,0.0188481625896344,0.057351202207331496,0.3628428927680798,0.09904697072838665,0.28204977002004955,10148,0.027110013066661054
mgab,1,esn_residual,3,0.3333333333333333,0.018315208228216306,0.05498310810810811,0.40586034912718205,0.09684617673311514,0.3299032904823682,11840,0.027110013066661054
mgab,1,esn_residual,3,0.38095238095238093,0.017823317559475527,0.05284162293991575,0.44576059850374067,0.09448298645523621,0.3778747493808232,13531,0.027110013066661054
mgab,1,esn_residual,3,0.42857142857142855,0.017344586132708173,0.05189856786230456,0.4925187032418953,0.09390229406870321,0.4255218775799033,15222,0.027110013066661054
mgab,1,esn_residual,3,0.47619047619047616,0.016898656394104705,0.05131843443301407,0.5411471321695761,0.09374662490549734,0.4731100365609152,16914,0.027110013066661054
mgab,1,esn_residual,3,0.5238095238095238,0.016446231378338894,0.050362805697393175,0.5841645885286783,0.09273096145281806,0.5209340724141998,18605,0.027110013066661054
mgab,1,esn_residual,3,0.5714285714285714,0.016007562545837573,0.04921909641818988,0.6228179551122195,0.09122871101776175,0.5689939851397571,20297,0.027110013066661054
mgab,1,esn_residual,3,0.6190476190476191,0.015543145756510057,0.0493905766781881,0.6770573566084788,0.09206510681586977,0.6162872980304281,21988,0.027110013066661054
mgab,1,esn_residual,3,0.6666666666666666,0.015056629890210615,0.049197635135135136,0.7263092269326683,0.09215314032589782,0.663845972402406,23680,0.027110013066661054
mgab,1,esn_residual,3,0.7142857142857143,0.014602251422175527,0.04867762405896496,0.7699501246882793,0.09156626506024097,0.7116405236466564,25371,0.027110013066661054
mgab,1,esn_residual,3,0.7619047619047619,0.014035319093650855,0.048296504323405515,0.8148379052369077,0.0911881671666783,0.7593761056728388,27062,0.027110013066661054
mgab,1,esn_residual,3,0.8095238095238095,0.013449946217278352,0.047888989358002364,0.8584788029925187,0.09071743856644048,0.8072001415261234,28754,0.027110013066661054
mgab,1,esn_residual,3,0.8571428571428571,0.012763778646657897,0.04716702249958942,0.8952618453865336,0.08961278042996662,0.8553190234697488,30445,0.027110013066661054
mgab,1,esn_residual,3,0.9047619047619048,0.0119161639677543,0.046177303419734264,0.9251870324189526,0.08796419786017012,0.9037917207217833,32137,0.027110013066661054
mgab,1,esn_residual,3,0.9523809523809523,0.010628288468979008,0.045642662882818964,0.9625935162094763,0.08715285617520883,0.9518811180563745,33828,0.027110013066661054
mgab,1,esn_residual,3,1.0,0.0035296875782080406,0.045157657657657654,1.0,0.08641310203641848,1.0,35520,0.027110013066661054
mgab,1,delay_line_residual,3,0.047619047619047616,0.054115263465916996,0.044352454169130695,0.046758104738154616,0.04552352048558422,0.04764712819908008,1691,0.06068124912670214
mgab,1,delay_line_residual,3,0.09523809523809523,0.05065271741355559,0.044352454169130695,0.09351620947630923,0.06016847172081829,0.09529425639816017,3382,0.06068124912670214
mgab,1,delay_line_residual,3,0.14285714285714285,0.04831774262260069,0.04808829325975562,0.15211970074812967,0.07307577118897873,0.14241066163462673,5074,0.06068124912670214
mgab,1,delay_line_residual,3,0.19047619047619047,0.04647914359986771,0.04656319290465632,0.19638403990024939,0.07527781096905246,0.19017572826984314,6765,0.06068124912670214
mgab,1,delay_line_residual,3,0.23809523809523808,0.04494538190527919,0.044341965235899256,0.23379052369077308,0.07454527382963921,0.23829461021346857,8457,0.06068124912670214
mgab,1,delay_line_residual,3,0.2857142857142857,0.04355046696184672,0.04424517146235712,0.279925187032419,0.07641252552756977,0.28597122302158273,10148,0.06068124912670214
mgab,1,delay_line_residual,3,0.3333333333333333,0.0422851382660383,0.0441722972972973,0.3260598503740648,0.07780422493305562,0.333677320438731,11840,0.06068124912670214
mgab,1,delay_line_residual,3,0.38095238095238093,0.04104949241326494,0.04352967260365088,0.3672069825436409,0.0778328377931946,0.3815898101191178,13531,0.06068124912670214
mgab,1,delay_line_residual,3,0.42857142857142855,0.03988766267741539,0.04401524109841019,0.4177057356608479,0.07963865446333054,0.4290600306639934,15222,0.06068124912670214
mgab,1,delay_line_residual,3,0.47619047619047616,0.038709256865331554,0.044933191439044576,0.47381546134663344,0.08208229830435251,0.47629437433659627,16914,0.06068124912670214
mgab,1,delay_line_residual,3,0.5238095238095238,0.03754303054756747,0.044289169578070414,0.513715710723192,0.08154782522638429,0.5242658332350513,18605,0.06068124912670214
mgab,1,delay_line_residual,3,0.5714285714285714,0.036430526722057266,0.04370103956249692,0.5529925187032418,0.08100086754029497,0.5722962613515745,20297,0.06068124912670214
mgab,1,delay_line_residual,3,0.6190476190476191,0.03524315782209442,0.04320538475532108,0.5922693266832918,0.08053577483892845,0.6202972048590636,21988,0.06068124912670214
mgab,1,delay_line_residual,3,0.6666666666666666,0.03408214096229756,0.043327702702702704,0.6396508728179551,0.08115804461319412,0.6679443330581436,23680,0.06068124912670214
mgab,1,delay_line_residual,3,0.7142857142857143,0.032824103802113314,0.04426313507547988,0.7001246882793017,0.08326227988878591,0.7149427998584739,25371,0.06068124912670214
mgab,1,delay_line_residual,3,0.7619047619047619,0.03143475362128356,0.04408395536176188,0.7437655860349127,0.08323449382543781,0.7627373511027243,27062,0.06068124912670214
mgab,1,delay_line_residual,3,0.8095238095238095,0.030014417792102677,0.04420254573276761,0.7923940149625935,0.08373410633111535,0.8103255100837363,28754,0.06068124912670214
mgab,1,delay_line_residual,3,0.8571428571428571,0.028394429929704756,0.04407948760059123,0.8366583541147132,0.0837467627695092,0.8580905767189527,30445,0.06068124912670214
mgab,1,delay_line_residual,3,0.9047619047619048,0.026363294577237184,0.043625727354762424,0.8740648379052369,0.08310364245280223,0.9062094586625782,32137,0.06068124912670214
mgab,1,delay_line_residual,3,0.9523809523809523,0.02358217299052967,0.04407591344448386,0.9295511221945137,0.084161210205464,0.953443802335181,33828,0.06068124912670214
mgab,1,delay_line_residual,3,1.0,0.006518939101738397,0.045157657657657654,1.0,0.08641310203641848,1.0,35520,0.06068124912670214
mgab,1,persistence_residual,3,0.047619047619047616,0.2481307036889575,0.041986989946777055,0.0442643391521197,0.043095599393019726,0.047765066635216416,1691,0.26470751240265145
mgab,1,persistence_residual,3,0.09523809523809523,0.22779415818649795,0.04553518628030751,0.09600997506234414,0.06177296430004012,0.09517631796202382,3382,0.26470751240265145
mgab,1,persistence_residual,3,0.14285714285714285,0.20581754475938396,0.045920378399684665,0.14526184538653367,0.06978137166816412,0.14273499233400166,5074,0.26470751240265145
mgab,1,persistence_residual,3,0.19047619047619047,0.18865628725677652,0.045971914264597194,0.19389027431421446,0.07432190225833434,0.19029366670597947,6765,0.26470751240265145
mgab,1,persistence_residual,3,0.23809523809523808,0.17321678127746054,0.045406172401560835,0.23940149625935161,0.07633436040155053,0.2380292487321618,8457,0.26470751240265145
mgab,1,persistence_residual,3,0.2857142857142857,0.1601131030297438,0.04532912889239259,0.286783042394015,0.07828454731109598,0.2856468923222078,10148,0.26470751240265145
mgab,1,persistence_residual,3,0.3333333333333333,0.14730462123384314,0.04535472972972973,0.334788029925187,0.07988693841118716,0.3332645359122538,11840,0.26470751240265145
mgab,1,persistence_residual,3,0.38095238095238093,0.13585689574182425,0.04567289926834676,0.385286783042394,0.08166501486620416,0.3807347564571294,13531,0.26470751240265145
mgab,1,persistence_residual,3,0.42857142857142855,0.12648917980959595,0.04578898962028643,0.43453865336658354,0.0828479733745394,0.42826394622007313,15222,0.26470751240265145
mgab,1,persistence_residual,3,0.47619047619047616,0.11891940163627623,0.04499231405935911,0.47443890274314215,0.0821903013284372,0.4762648897275622,16914,0.26470751240265145
mgab,1,persistence_residual,3,0.5238095238095238,0.11172019879745676,0.045471647406611124,0.527431421446384,0.08372507298728289,0.5236171718363014,18605,0.26470751240265145
mgab,1,persistence_residual,3,0.5714285714285714,0.10470160936881712,0.04542543232990097,0.5748129675810474,0.08419706862700334,0.5712643000353815,20297,0.26470751240265145
mgab,1,persistence_residual,3,0.6190476190476191,0.09861047376347187,0.045115517555030016,0.6184538653366584,0.08409630383180738,0.619058851279632,21988,0.26470751240265145
mgab,1,persistence_residual,3,0.6666666666666666,0.09230501330330299,0.045185810810810814,0.6670822942643392,0.08463850656541687,0.666647010260644,23680,0.26470751240265145
mgab,1,persistence_residual,3,0.7142857142857143,0.08574221569335805,0.04513026684009302,0.7138403990024937,0.08489341983317887,0.714294138459724,25371,0.26470751240265145
mgab,1,persistence_residual,3,0.7619047619047619,0.07839017668311499,0.04497080777473949,0.7587281795511222,0.08490895137096213,0.7620297204859063,27062,0.26470751240265145
mgab,1,persistence_residual,3,0.8095238095238095,0.06960920998085385,0.044932878903804686,0.8054862842892768,0.08511759667962317,0.8097063332940205,28754,0.26470751240265145
mgab,1,persistence_residual,3,0.8571428571428571,0.06005260297126824,0.044933486615207754,0.8528678304239401,0.08536927829261444,0.8573239768840665,30445,0.26470751240265145
mgab,1,persistence_residual,3,0.9047619047619048,0.05178857916041579,0.04508821607492921,0.9033665835411472,0.08588957055214724,0.9048236820379761,32137,0.26470751240265145
mgab,1,persistence_residual,3,0.9523809523809523,0.04335965712448342,0.044933191439044576,0.9476309226932669,0.08579814856626777,0.9525887486731925,33828,0.26470751240265145
mgab,1,persistence_residual,3,1.0,0.01576358557065305,0.045157657657657654,1.0,0.08641310203641848,1.0,35520,0.26470751240265145
mgab,1,moving_statistics,3,0.047619047619047616,2.610786391325746,0.04730928444707274,0.04987531172069826,0.04855842185128983,0.04749970515390966,1691,3.015787861143508
mgab,1,moving_statistics,3,0.09523809523809523,2.394667541680974,0.047900650502661145,0.10099750623441396,0.06498194945848376,0.09494044108975115,3382,3.015787861143508
mgab,1,moving_statistics,3,0.14285714285714285,2.2933634169148718,0.046708711076074105,0.1477556109725686,0.07097933513027853,0.1426170538978653,5074,3.015787861143508
mgab,1,moving_statistics,3,0.19047619047619047,2.1822933622506753,0.04567627494456763,0.192643391521197,0.07384394790297527,0.19035263592404764,6765,3.015787861143508
mgab,1,moving_statistics,3,0.23809523809523808,2.0800625314104764,0.04446021047652832,0.2344139650872818,0.07474406122651824,0.2382651256044345,8457,3.015787861143508
mgab,1,moving_statistics,3,0.2857142857142857,1.9840995996009951,0.044639337800551834,0.28241895261845384,0.07709326072157931,0.2858532845854464,10148,3.015787861143508
mgab,1,moving_statistics,3,0.3333333333333333,1.8886530844356457,0.04484797297297297,0.33104738154613467,0.07899434692055936,0.33344144356645833,11840,3.015787861143508
mgab,1,moving_statistics,3,0.38095238095238093,1.8025742385580088,0.04530337742960609,0.38216957605985036,0.0810042946812025,0.3808821795022998,13531,3.015787861143508
mgab,1,moving_statistics,3,0.42857142857142855,1.7212055795826018,0.04513204572329523,0.42830423940149626,0.08165933674075836,0.42855879231041394,15222,3.015787861143508
mgab,1,moving_statistics,3,0.47619047619047616,1.6498438170183363,0.044874068818730045,0.47319201995012466,0.08197429528026784,0.4763238589456304,16914,3.015787861143508
mgab,1,moving_statistics,3,0.5238095238095238,1.5895427524901606,0.04552539639881752,0.5280548628428927,0.08382403879459648,0.5235876872272673,18605,3.015787861143508
mgab,1,moving_statistics,3,0.5714285714285714,1.538052011419495,0.044637138493373404,0.5648379052369077,0.08273594813022236,0.5717360537799269,20297,3.015787861143508
mgab,1,moving_statistics,3,0.6190476190476191,1.478152416924786,0.04497907949790795,0.6165835411471322,0.08384198033231603,0.6191473051067343,21988,3.015787861143508
mgab,1,moving_statistics,3,0.6666666666666666,1.4010798799454278,0.04522804054054054,0.6677057356608479,0.08471760797342193,0.6666175256516098,23680,3.015787861143508
mgab,1,moving_statistics,3,0.7142857142857143,1.3218514113586934,0.044933191439044576,0.7107231920199502,0.0845227062094532,0.7144415615048945,25371,3.015787861143508
mgab,1,moving_statistics,3,0.7619047619047619,1.2393069658755849,0.04500775995861355,0.7593516209476309,0.08497872043535896,0.7620002358768723,27062,3.015787861143508
mgab,1,moving_statistics,3,0.8095238095238095,1.155027268039703,0.04503721221395284,0.807356608478803,0.08531523815798142,0.8096178794669183,28754,3.015787861143508
mgab,1,moving_statistics,3,0.8571428571428571,1.0707851578681584,0.04516340942683528,0.8572319201995012,0.08580610939498894,0.8571175846208279,30445,3.015787861143508
mgab,1,moving_statistics,3,0.9047619047619048,0.9351702070316605,0.04502598251236892,0.9021197007481296,0.0857710204202602,0.9048826512560444,32137,3.015787861143508
mgab,1,moving_statistics,3,0.9523809523809523,0.7131793692042265,0.04496275274920185,0.9482543640897756,0.08585459471664034,0.9525592640641585,33828,3.015787861143508
mgab,1,moving_statistics,3,1.0,0.16672528701019473,0.045157657657657654,1.0,0.08641310203641848,1.0,35520,3.015787861143508
mgab,1,random_control,3,0.047619047619047616,0.667516995934875,0.04376108811354228,0.046134663341645885,0.044916540212443096,0.047676612808114166,1691,0.7378317009613511
mgab,1,random_control,3,0.09523809523809523,0.6314966797151556,0.038143110585452396,0.08042394014962594,0.05174488567990373,0.09591343318787593,3382,0.7378317009613511
mgab,1,random_control,3,0.14285714285714285,0.607259193840946,0.04099329917225069,0.12967581047381546,0.06229410002994909,0.14347210755985376,5074,0.7378317009613511
mgab,1,random_control,3,0.19047619047619047,0.5885635614681632,0.04050258684405026,0.1708229426433915,0.06547974668419167,0.1913845972402406,6765,0.7378317009613511
mgab,1,random_control,3,0.23809523809523808,0.5719659163282813,0.039730400851365734,0.20947630922693267,0.06679256535135672,0.23944450996579786,8457,0.7378317009613511
mgab,1,random_control,3,0.2857142857142857,0.5567616321873174,0.040106424911312576,0.25374064837905236,0.0692648059904697,0.28720957660101426,10148,0.7378317009613511
mgab,1,random_control,3,0.3333333333333333,0.5427109878573901,0.04087837837837838,0.30174563591022446,0.072002380243975,0.33482722019106026,11840,0.7378317009613511
mgab,1,random_control,3,0.38095238095238093,0.52895835719346,0.04079521099696992,0.34413965087281795,0.07294350842418236,0.3826807406533789,13531,0.7378317009613511
mgab,1,random_control,3,0.42857142857142855,0.5164150488749328,0.0423728813559322,0.4021197007481297,0.07666706287887792,0.4297971458898455,15222,0.7378317009613511
mgab,1,random_control,3,0.47619047619047616,0.5038391892749132,0.04215442828426156,0.4445137157107232,0.07700615617237282,0.47768015096119826,16914,0.7378317009613511
mgab,1,random_control,3,0.5238095238095238,0.4917995319692636,0.04278419779629132,0.49625935162094764,0.07877678262160423,0.5250914022880057,18605,0.7378317009613511
mgab,1,random_control,3,0.5714285714285714,0.47959421070572716,0.04256786717248855,0.5386533665835411,0.07890050682617233,0.5729744073593585,20297,0.7378317009613511
mgab,1,random_control,3,0.6190476190476191,0.4668325131965503,0.0436601782790613,0.5985037406483791,0.08138351983723295,0.6200023587687227,21988,0.7378317009613511
mgab,1,random_control,3,0.6666666666666666,0.4542111612208828,0.04345439189189189,0.6415211970074813,0.0813953488372093,0.6678558792310414,23680,0.7378317009613511
mgab,1,random_control,3,0.7142857142857143,0.4396990952354827,0.044341965235899256,0.7013715710723192,0.08341056533827618,0.7148838306404057,25371,0.7378317009613511
mgab,1,random_control,3,0.7619047619047619,0.42515734335802335,0.04489690340699135,0.7574812967581047,0.08476941324216843,0.7620886897039745,27062,0.7378317009613511
mgab,1,random_control,3,0.8095238095238095,0.40765834589365113,0.04500243444390346,0.8067331670822943,0.08524935766519533,0.8096473640759524,28754,0.7378317009613511
mgab,1,random_control,3,0.8571428571428571,0.38811221913920235,0.044966332731154544,0.8534912718204489,0.08543168273581078,0.8572944922750324,30445,0.7378317009613511
mgab,1,random_control,3,0.9047619047619048,0.3638718015633913,0.04474593148084762,0.8965087281795511,0.08523754482676862,0.9051480127373511,32137,0.7378317009613511
mgab,1,random_control,3,0.9523809523809523,0.32792951125315994,0.04499231405935911,0.9488778054862843,0.08591104086701287,0.9525297794551244,33828,0.7378317009613511
mgab,1,random_control,3,1.0,0.14725400326824456,0.045157657657657654,1.0,0.08641310203641848,1.0,35520,0.7378317009613511
mgab,1,input_norm_control,3,0.047619047619047616,1.742179218437741,0.03075103489059728,0.032418952618453865,0.031562974203338395,0.04832527420686402,1691,1.963645778726459
mgab,1,input_norm_control,3,0.09523809523809523,1.5393566487946373,0.03873447664104081,0.0816708229426434,0.052547131969514646,0.09585446396980776,3382,1.963645778726459
mgab,1,input_norm_control,3,0.14285714285714285,1.3937027270412727,0.040007883326763895,0.12655860349127182,0.060796645702306085,0.14361953060502416,5074,1.963645778726459
mgab,1,input_norm_control,3,0.19047619047619047,1.2723635620013738,0.041093865484109385,0.17331670822942644,0.06643565539490978,0.19126665880410426,6765,1.963645778726459
mgab,1,input_norm_control,3,0.23809523809523808,1.1623874014849207,0.04197706042331796,0.2213216957605985,0.07056952589205845,0.23888430239415026,8457,1.963645778726459
mgab,1,input_norm_control,3,0.2857142857142857,1.069430302814908,0.04316121403232164,0.2730673316708229,0.07454050374404357,0.28629555372095766,10148,1.963645778726459
mgab,1,input_norm_control,3,0.3333333333333333,0.9830581270193761,0.04307432432432432,0.3179551122194514,0.07587027670336209,0.33406062035617407,11840,1.963645778726459
mgab,1,input_norm_control,3,0.38095238095238093,0.9100056089687314,0.04456433375212475,0.3759351620947631,0.0796828543111992,0.38117702559264066,13531,1.963645778726459
mgab,1,input_norm_control,3,0.42857142857142855,0.8392466952145696,0.04408093548810932,0.4183291770573566,0.07975751812670867,0.4290305460549593,15222,1.963645778726459
mgab,1,input_norm_control,3,0.47619047619047616,0.7792224658992382,0.04398722951401206,0.46384039900249374,0.08035424991899773,0.47676612808114166,16914,1.963645778726459
mgab,1,input_norm_control,3,0.5238095238095238,0.7239901064776859,0.04412792260145122,0.5118453865336658,0.08125092780444355,0.5243542870621536,18605,1.963645778726459
mgab,1,input_norm_control,3,0.5714285714285714,0.6761865355611008,0.04424299157510962,0.559850374064838,0.08200538788183188,0.5719719306521995,20297,1.963645778726459
mgab,1,input_norm_control,3,0.6190476190476191,0.6239066545185779,0.04461524467891577,0.6115960099750624,0.08316378433367243,0.619383181979007,21988,1.963645778726459
mgab,1,input_norm_control,3,0.6666666666666666,0.5712002421037141,0.045185810810810814,0.6670822942643392,0.08463850656541687,0.666647010260644,23680,1.963645778726459
mgab,1,input_norm_control,3,0.7142857142857143,0.5232744772924889,0.044933191439044576,0.7107231920199502,0.0845227062094532,0.7144415615048945,25371,1.963645778726459
mgab,1,input_norm_control,3,0.7619047619047619,0.48394516744428984,0.04511861651023576,0.7612219451371571,0.0851880276285495,0.7619117820497701,27062,1.963645778726459
mgab,1,input_norm_control,3,0.8095238095238095,0.43274753970399615,0.045524100994644226,0.8160847880299252,0.08623756505698664,0.8092050949404411,28754,1.963645778726459
mgab,1,input_norm_control,3,0.8571428571428571,0.3752010762118516,0.04542617835440959,0.8622194513715711,0.08630534494055976,0.8568817077485552,30445,1.963645778726459
mgab,1,input_norm_control,3,0.9047619047619048,0.31846394862986926,0.04580390204437253,0.9177057356608479,0.08725289706884798,0.9041455360301922,32137,1.963645778726459
mgab,1,input_norm_control,3,0.9523809523809523,0.2075553034846962,0.0455244176421899,0.9600997506234414,0.08692707157371868,0.9519990564925109,33828,1.963645778726459
mgab,1,input_norm_control,3,1.0,0.028779168953406042,0.045157657657657654,1.0,0.08641310203641848,1.0,35520,1.963645778726459
mgab,1,esn_residual,4,0.047619047619047616,0.023901868631739376,0.15552927261975164,0.1639650872817955,0.15963581183611533,0.04210402170067225,1691,0.027654823300771625
mgab,1,esn_residual,4,0.09523809523809523,0.022208105857430382,0.09580130100532229,0.20199501246882792,0.12996389891696752,0.09016393442622951,3382,0.027654823300771625
mgab,1,esn_residual,4,0.14285714285714285,0.02112194022427616,0.07863618446984627,0.24875311720698254,0.11949685534591195,0.13784054723434366,5074,0.027654823300771625
mgab,1,esn_residual,4,0.19047619047619047,0.0202869979148943,0.06844050258684405,0.2886533665835411,0.11064643326562312,0.1858120061327987,6765,0.027654823300771625
mgab,1,esn_residual,4,0.23809523809523808,0.019590055764723502,0.060423317961452054,0.3185785536159601,0.10158035980518836,0.23428470338483312,8457,0.027654823300771625
mgab,1,esn_residual,4,0.2857142857142857,0.018983955409495934,0.05695703586913677,0.36034912718204487,0.09836623553437712,0.2821677084561859,10148,0.027654823300771625
mgab,1,esn_residual,4,0.3333333333333333,0.0184341522615199,0.05439189189189189,0.4014962593516209,0.0958048199940494,0.3301096827456068,11840,0.027654823300771625
mgab,1,esn_residual,4,0.38095238095238093,0.01794077930381377,0.052989431675412015,0.4470074812967581,0.09474727452923686,0.377815780162755,13531,0.027654823300771625
mgab,1,esn_residual,4,0.42857142857142855,0.017458421706521676,0.0513730127447116,0.48753117206982544,0.09295138476167836,0.42575775445217595,15222,0.027654823300771625
mgab,1,esn_residual,4,0.47619047619047616,0.0169876176730952,0.05143667967364313,0.5423940149625935,0.09396263095366669,0.473051067342847,16914,0.027654823300771625
mgab,1,esn_residual,4,0.5238095238095238,0.016528897892925443,0.05095404461166353,0.5910224438902744,0.09381958533326736,0.5206097417148249,18605,0.027654823300771625
mgab,1,esn_residual,4,0.5714285714285714,0.016065951491313513,0.05069714736167907,0.6415211970074813,0.09396831194922606,0.5681094468687345,20297,0.027654823300771625
mgab,1,esn_residual,4,0.6190476190476191,0.015592017304385308,0.04998180825905039,0.6851620947630923,0.09316717531366565,0.615903998112985,21988,0.027654823300771625
mgab,1,esn_residual,4,0.6666666666666666,0.015108382452339697,0.04978885135135135,0.7350374064837906,0.09326056003796868,0.6634331878759288,23680,0.027654823300771625
mgab,1,esn_residual,4,0.7142857142857143,0.014603286193434428,0.049071774861061845,0.7761845386533666,0.09230769230769231,0.7113456775563156,25371,0.027654823300771625
mgab,1,esn_residual,4,0.7619047619047619,0.014088790639149806,0.04859212179439805,0.8198254364089775,0.09174631968185307,0.7591402288005661,27062,0.027654823300771625
mgab,1,esn_residual,4,0.8095238095238095,0.013505975296013162,0.04816721151839744,0.8634663341645885,0.09124448250872916,0.8069642646538507,28754,0.027654823300771625
mgab,1,esn_residual,4,0.8571428571428571,0.012813176643803104,0.04716702249958942,0.8952618453865336,0.08961278042996662,0.8553190234697488,30445,0.027654823300771625
mgab,1,esn_residual,4,0.9047619047619048,0.012002414066316192,0.04633288732613498,0.9283042394014963,0.08826057318988768,0.9036442976766128,32137,0.027654823300771625
mgab,1,esn_residual,4,0.9523809523809523,0.01077445536940047,0.04567222419297623,0.963216957605985,0.0872093023255814,0.9518516334473405,33828,0.027654823300771625
mgab,1,esn_residual,4,1.0,0.003489224803502111,0.045157657657657654,1.0,0.08641310203641848,1.0,35520,0.027654823300771625
mgab,1,delay_line_residual,4,0.047619047619047616,0.05413161451451742,0.044352454169130695,0.046758104738154616,0.04552352048558422,0.04764712819908008,1691,0.06063177053736979
mgab,1,delay_line_residual,4,0.09523809523809523,0.0506694999580759,0.044352454169130695,0.09351620947630923,0.06016847172081829,0.09529425639816017,3382,0.06063177053736979
mgab,1,delay_line_residual,4,0.14285714285714285,0.04832886448960494,0.04828537642885298,0.1527431421446384,0.07337526205450735,0.14238117702559264,5074,0.06063177053736979
mgab,1,delay_line_residual,4,0.19047619047619047,0.046487895188079165,0.04641537324464154,0.19576059850374064,0.07503883379137292,0.19020521287887723,6765,0.06063177053736979
mgab,1,delay_line_residual,4,0.23809523809523808,0.044937426326356444,0.044341965235899256,0.23379052369077308,0.07454527382963921,0.23829461021346857,8457,0.06063177053736979
mgab,1,delay_line_residual,4,0.2857142857142857,0.04355935023772872,0.043949546708711075,0.27805486284289277,0.07590197413206262,0.286059676848685,10148,0.06063177053736979
mgab,1,delay_line_residual,4,0.3333333333333333,0.042288665285639127,0.044256756756756756,0.3266832917705736,0.0779529901814936,0.33364783582969687,11840,0.06063177053736979
mgab,1,delay_line_residual,4,0.38095238095238093,0.041042264933253136,0.04345576823590274,0.36658354114713215,0.07770069375619425,0.3816192947281519,13531,0.06063177053736979
mgab,1,delay_line_residual,4,0.42857142857142855,0.039884085908681755,0.04401524109841019,0.4177057356608479,0.07963865446333054,0.4290600306639934,15222,0.06063177053736979
mgab,1,delay_line_residual,4,0.47619047619047616,0.03870497937768391,0.044874068818730045,0.47319201995012466,0.08197429528026784,0.4763238589456304,16914,0.06063177053736979
mgab,1,delay_line_residual,4,0.5238095238095238,0.03754677854590227,0.04434291857027681,0.5143391521197007,0.08164679103369785,0.5242363486260172,18605,0.06063177053736979
mgab,1,delay_line_residual,4,0.5714285714285714,0.036423671612453745,0.043750307927279894,0.5536159600997507,0.08109218757134379,0.5722667767425403,20297,0.06063177053736979
mgab,1,delay_line_residual,4,0.6190476190476191,0.035235810161083236,0.04320538475532108,0.5922693266832918,0.08053577483892845,0.6202972048590636,21988,0.06063177053736979
mgab,1,delay_line_residual,4,0.6666666666666666,0.03407358048457354,0.043327702702702704,0.6396508728179551,0.08115804461319412,0.6679443330581436,23680,0.06063177053736979
mgab,1,delay_line_residual,4,0.7142857142857143,0.03282230003111408,0.04430255015568957,0.7007481296758105,0.08333642261353105,0.7149133152494398,25371,0.06063177053736979
mgab,1,delay_line_residual,4,0.7619047619047619,0.03142607548613796,0.044231764097258146,0.7462593516209476,0.08351357008302518,0.7626194126665881,27062,0.06063177053736979
mgab,1,delay_line_residual,4,0.8095238095238095,0.030027672874837208,0.044272101272866383,0.793640897755611,0.08386586731668753,0.8102665408656681,28754,0.06063177053736979
mgab,1,delay_line_residual,4,0.8571428571428571,0.028400678549218128,0.04407948760059123,0.8366583541147132,0.0837467627695092,0.8580905767189527,30445,0.06063177053736979
mgab,1,delay_line_residual,4,0.9047619047619048,0.026362866901820325,0.043625727354762424,0.8740648379052369,0.08310364245280223,0.9062094586625782,32137,0.06063177053736979
mgab,1,delay_line_residual,4,0.9523809523809523,0.02357604540523539,0.04407591344448386,0.9295511221945137,0.084161210205464,0.953443802335181,33828,0.06063177053736979
mgab,1,delay_line_residual,4,1.0,0.006530389549254778,0.045157657657657654,1.0,0.08641310203641848,1.0,35520,0.06063177053736979
mgab,1,persistence_residual,4,0.047619047619047616,0.2481307036889575,0.041986989946777055,0.0442643391521197,0.043095599393019726,0.047765066635216416,1691,0.26470751240265145
mgab,1,persistence_residual,4,0.09523809523809523,0.22779415818649795,0.04553518628030751,0.09600997506234414,0.06177296430004012,0.09517631796202382,3382,0.26470751240265145
mgab,1,persistence_residual,4,0.14285714285714285,0.2058161832376868,0.045920378399684665,0.14526184538653367,0.06978137166816412,0.14273499233400166,5074,0.26470751240265145
mgab,1,persistence_residual,4,0.19047619047619047,0.18865999505590025,0.045971914264597194,0.19389027431421446,0.07432190225833434,0.19029366670597947,6765,0.26470751240265145
mgab,1,persistence_residual,4,0.23809523809523808,0.17322952492406785,0.045406172401560835,0.23940149625935161,0.07633436040155053,0.2380292487321618,8457,0.26470751240265145
mgab,1,persistence_residual,4,0.2857142857142857,0.16012316221736,0.04532912889239259,0.286783042394015,0.07828454731109598,0.2856468923222078,10148,0.26470751240265145
mgab,1,persistence_residual,4,0.3333333333333333,0.1473108053183978,0.04535472972972973,0.334788029925187,0.07988693841118716,0.3332645359122538,11840,0.26470751240265145
mgab,1,persistence_residual,4,0.38095238095238093,0.13586145146257422,0.04567289926834676,0.385286783042394,0.08166501486620416,0.3807347564571294,13531,0.26470751240265145
mgab,1,persistence_residual,4,0.42857142857142855,0.1265216088119132,0.04578898962028643,0.43453865336658354,0.0828479733745394,0.42826394622007313,15222,0.26470751240265145
mgab,1,persistence_residual,4,0.47619047619047616,0.11892927857184077,0.04499231405935911,0.47443890274314215,0.0821903013284372,0.4762648897275622,16914,0.26470751240265145
mgab,1,persistence_residual,4,0.5238095238095238,0.11172392433343248,0.045471647406611124,0.527431421446384,0.08372507298728289,0.5236171718363014,18605,0.26470751240265145
mgab,1,persistence_residual,4,0.5714285714285714,0.1047091685304622,0.04542543232990097,0.5748129675810474,0.08419706862700334,0.5712643000353815,20297,0.26470751240265145
mgab,1,persistence_residual,4,0.6190476190476191,0.09862034031687017,0.045115517555030016,0.6184538653366584,0.08409630383180738,0.619058851279632,21988,0.26470751240265145
mgab,1,persistence_residual,4,0.6666666666666666,0.09231366867959423,0.04514358108108108,0.6664588528678305,0.0845594051574118,0.6666764948696781,23680,0.26470751240265145
mgab,1,persistence_residual,4,0.7142857142857143,0.08574221569335805,0.04513026684009302,0.7138403990024937,0.08489341983317887,0.714294138459724,25371,0.26470751240265145
mgab,1,persistence_residual,4,0.7619047619047619,0.07839017668311499,0.04497080777473949,0.7587281795511222,0.08490895137096213,0.7620297204859063,27062,0.26470751240265145
mgab,1,persistence_residual,4,0.8095238095238095,0.06963338215530257,0.044932878903804686,0.8054862842892768,0.08511759667962317,0.8097063332940205,28754,0.26470751240265145
mgab,1,persistence_residual,4,0.8571428571428571,0.06005297969545609,0.044933486615207754,0.8528678304239401,0.08536927829261444,0.8573239768840665,30445,0.26470751240265145
mgab,1,persistence_residual,4,0.9047619047619048,0.05178287219712274,0.04508821607492921,0.9033665835411472,0.08588957055214724,0.9048236820379761,32137,0.26470751240265145
mgab,1,persistence_residual,4,0.9523809523809523,0.04335937111511612,0.044933191439044576,0.9476309226932669,0.08579814856626777,0.9525887486731925,33828,0.26470751240265145
mgab,1,persistence_residual,4,1.0,0.01576358557065305,0.045157657657657654,1.0,0.08641310203641848,1.0,35520,0.26470751240265145
mgab,1,moving_statistics,4,0.047619047619047616,2.610708344507657,0.04730928444707274,0.04987531172069826,0.04855842185128983,0.04749970515390966,1691,3.022786740431002
mgab,1,moving_statistics,4,0.09523809523809523,2.394621399593234,0.047900650502661145,0.10099750623441396,0.06498194945848376,0.09494044108975115,3382,3.022786740431002
mgab,1,moving_statistics,4,0.14285714285714285,2.2932971764039394,0.046708711076074105,0.1477556109725686,0.07097933513027853,0.1426170538978653,5074,3.022786740431002
mgab,1,moving_statistics,4,0.19047619047619047,2.182294750933579,0.04567627494456763,0.192643391521197,0.07384394790297527,0.19035263592404764,6765,3.022786740431002
mgab,1,moving_statistics,4,0.23809523809523808,2.0799883361960383,0.04446021047652832,0.2344139650872818,0.07474406122651824,0.2382651256044345,8457,3.022786740431002
mgab,1,moving_statistics,4,0.2857142857142857,1.984475858622318,0.044639337800551834,0.28241895261845384,0.07709326072157931,0.2858532845854464,10148,3.022786740431002
mgab,1,moving_statistics,4,0.3333333333333333,1.8884774715670574,0.04484797297297297,0.33104738154613467,0.07899434692055936,0.33344144356645833,11840,3.022786740431002
mgab,1,moving_statistics,4,0.38095238095238093,1.8025567165768734,0.04530337742960609,0.38216957605985036,0.0810042946812025,0.3808821795022998,13531,3.022786740431002
mgab,1,moving_statistics,4,0.42857142857142855,1.7212055795826018,0.04513204572329523,0.42830423940149626,0.08165933674075836,0.42855879231041394,15222,3.022786740431002
mgab,1,moving_statistics,4,0.47619047619047616,1.6498398442272446,0.044874068818730045,0.47319201995012466,0.08197429528026784,0.4763238589456304,16914,3.022786740431002
mgab,1,moving_statistics,4,0.5238095238095238,1.5895427524901606,0.04552539639881752,0.5280548628428927,0.08382403879459648,0.5235876872272673,18605,3.022786740431002
mgab,1,moving_statistics,4,0.5714285714285714,1.5378221726332413,0.04468640685815638,0.5654613466334164,0.08282726816127117,0.5717065691708928,20297,3.022786740431002
mgab,1,moving_statistics,4,0.6190476190476191,1.47791128083918,0.04497907949790795,0.6165835411471322,0.08384198033231603,0.6191473051067343,21988,3.022786740431002
mgab,1,moving_statistics,4,0.6666666666666666,1.4010570807604381,0.04522804054054054,0.6677057356608479,0.08471760797342193,0.6666175256516098,23680,3.022786740431002
mgab,1,moving_statistics,4,0.7142857142857143,1.3218095653355704,0.044933191439044576,0.7107231920199502,0.0845227062094532,0.7144415615048945,25371,3.022786740431002
mgab,1,moving_statistics,4,0.7619047619047619,1.2393069658755849,0.04500775995861355,0.7593516209476309,0.08497872043535896,0.7620002358768723,27062,3.022786740431002
mgab,1,moving_statistics,4,0.8095238095238095,1.1549911459696887,0.04503721221395284,0.807356608478803,0.08531523815798142,0.8096178794669183,28754,3.022786740431002
mgab,1,moving_statistics,4,0.8571428571428571,1.0707851578681584,0.04516340942683528,0.8572319201995012,0.08580610939498894,0.8571175846208279,30445,3.022786740431002
mgab,1,moving_statistics,4,0.9047619047619048,0.9351702070316605,0.04502598251236892,0.9021197007481296,0.0857710204202602,0.9048826512560444,32137,3.022786740431002
mgab,1,moving_statistics,4,0.9523809523809523,0.7131793692042265,0.04496275274920185,0.9482543640897756,0.08585459471664034,0.9525592640641585,33828,3.022786740431002
mgab,1,moving_statistics,4,1.0,0.16672528701019473,0.045157657657657654,1.0,0.08641310203641848,1.0,35520,3.022786740431002
mgab,1,random_control,4,0.047619047619047616,0.6683051719437572,0.04849201655824956,0.05112219451371571,0.049772382397572076,0.04744073593584149,1691,0.7312544898046553
mgab,1,random_control,4,0.09523809523809523,0.6311356355620319,0.04967474866942637,0.10473815461346633,0.0673886883273165,0.09476353343554665,3382,0.7312544898046553
mgab,1,random_control,4,0.14285714285714285,0.6070372372059865,0.05025620811982657,0.1589775561097257,0.07637017070979335,0.1420863309352518,5074,0.7312544898046553
mgab,1,random_control,4,0.19047619047619047,0.5869492167939825,0.048337028824833705,0.2038653366583541,0.07814553710120684,0.18982191296143414,6765,0.7312544898046553
mgab,1,random_control,4,0.23809523809523808,0.5703399245912806,0.04706160577036774,0.24812967581047382,0.07911738395785707,0.23761646420568464,8457,0.7312544898046553
mgab,1,random_control,4,0.2857142857142857,0.5553056440166984,0.046018919984233346,0.29114713216957605,0.07947583390061265,0.2854405000589692,10148,0.7312544898046553
mgab,1,random_control,4,0.3333333333333333,0.5414775814706445,0.04510135135135135,0.3329177057356609,0.07944064266587325,0.33335298973935606,11840,0.7312544898046553
mgab,1,random_control,4,0.38095238095238093,0.5286690034622552,0.045155568694109825,0.3809226932668329,0.08074000660720186,0.380941148720368,13531,0.7312544898046553
mgab,1,random_control,4,0.42857142857142855,0.5160721527595342,0.04539482328209171,0.4307980049875312,0.08213479139427078,0.4284408538742776,15222,0.7312544898046553
mgab,1,random_control,4,0.47619047619047616,0.5040478124592482,0.045347049781246304,0.4781795511221945,0.08283831947294525,0.47608798207335773,16914,0.7312544898046553
mgab,1,random_control,4,0.5238095238095238,0.49176189474837884,0.04525665143778554,0.5249376558603491,0.08332920975802859,0.5237351102724378,18605,0.7312544898046553
mgab,1,random_control,4,0.5714285714285714,0.4792955306111253,0.04581957924816475,0.5798004987531172,0.08492762887539382,0.5710284231631089,20297,0.7312544898046553
mgab,1,random_control,4,0.6190476190476191,0.4669256108393256,0.04538839366927415,0.6221945137157108,0.0846049508307901,0.6188819436254275,21988,0.7312544898046553
mgab,1,random_control,4,0.6666666666666666,0.45414910343015436,0.04556587837837838,0.6726932668329177,0.08535041923746244,0.6663816487793371,23680,0.7312544898046553
mgab,1,random_control,4,0.7142857142857143,0.4404272127258082,0.045051436679673644,0.7125935162094763,0.08474513438368861,0.7143531076777921,25371,0.7312544898046553
mgab,1,random_control,4,0.7619047619047619,0.42526362785793026,0.04545118616510236,0.7668329177057357,0.08581594920812112,0.7616464205684632,27062,0.7312544898046553
mgab,1,random_control,4,0.8095238095238095,0.40832609513199714,0.04559365653474299,0.8173316708229427,0.08636932604255879,0.8091461257223729,28754,0.7312544898046553
mgab,1,random_control,4,0.8571428571428571,0.3893487523700969,0.04545902447035638,0.8628428927680798,0.08636774938375613,0.8568522231395211,30445,0.7312544898046553
mgab,1,random_control,4,0.9047619047619048,0.36513389439915045,0.045399383887730654,0.9096009975062345,0.08648232121158235,0.9045288359476353,32137,0.7312544898046553
mgab,1,random_control,4,0.9523809523809523,0.3293334348913959,0.0456131015726617,0.9619700748129676,0.0870964100248363,0.9519106026654086,33828,0.7312544898046553
mgab,1,random_control,4,1.0,0.09174975877385805,0.045157657657657654,1.0,0.08641310203641848,1.0,35520,0.7312544898046553
mgab,1,input_norm_control,4,0.047619047619047616,1.742179218437741,0.03075103489059728,0.032418952618453865,0.031562974203338395,0.04832527420686402,1691,1.963645778726459
mgab,1,input_norm_control,4,0.09523809523809523,1.5393151289017624,0.03873447664104081,0.0816708229426434,0.052547131969514646,0.09585446396980776,3382,1.963645778726459
mgab,1,input_norm_control,4,0.14285714285714285,1.3937388223548624,0.040007883326763895,0.12655860349127182,0.060796645702306085,0.14361953060502416,5074,1.963645778726459
mgab,1,input_norm_control,4,0.19047619047619047,1.272673532576846,0.041093865484109385,0.17331670822942644,0.06643565539490978,0.19126665880410426,6765,1.963645778726459
mgab,1,input_norm_control,4,0.23809523809523808,1.1623874014849207,0.04197706042331796,0.2213216957605985,0.07056952589205845,0.23888430239415026,8457,1.963645778726459
mgab,1,input_norm_control,4,0.2857142857142857,1.0692459132596923,0.04325975561687032,0.2736907730673317,0.07471068754254595,0.2862660691119236,10148,1.963645778726459
mgab,1,input_norm_control,4,0.3333333333333333,0.9830581270193761,0.04307432432432432,0.3179551122194514,0.07587027670336209,0.33406062035617407,11840,1.963645778726459
mgab,1,input_norm_control,4,0.38095238095238093,0.9100747554057307,0.04456433375212475,0.3759351620947631,0.0796828543111992,0.38117702559264066,13531,1.963645778726459
mgab,1,input_norm_control,4,0.42857142857142855,0.8393251624365803,0.04408093548810932,0.4183291770573566,0.07975751812670867,0.4290305460549593,15222,1.963645778726459
mgab,1,input_norm_control,4,0.47619047619047616,0.7792700141962996,0.04398722951401206,0.46384039900249374,0.08035424991899773,0.47676612808114166,16914,1.963645778726459
mgab,1,input_norm_control,4,0.5238095238095238,0.7241872487479668,0.04412792260145122,0.5118453865336658,0.08125092780444355,0.5243542870621536,18605,1.963645778726459
mgab,1,input_norm_control,4,0.5714285714285714,0.6761914569124201,0.04424299157510962,0.559850374064838,0.08200538788183188,0.5719719306521995,20297,1.963645778726459
mgab,1,input_norm_control,4,0.6190476190476191,0.6239115541175124,0.04461524467891577,0.6115960099750624,0.08316378433367243,0.619383181979007,21988,1.963645778726459
mgab,1,input_norm_control,4,0.6666666666666666,0.5712398239988943,0.045185810810810814,0.6670822942643392,0.08463850656541687,0.666647010260644,23680,1.963645778726459
mgab,1,input_norm_control,4,0.7142857142857143,0.5232744772924889,0.044933191439044576,0.7107231920199502,0.0845227062094532,0.7144415615048945,25371,1.963645778726459
mgab,1,input_norm_control,4,0.7619047619047619,0.4838862386022811,0.04511861651023576,0.7612219451371571,0.0851880276285495,0.7619117820497701,27062,1.963645778726459
mgab,1,input_norm_control,4,0.8095238095238095,0.43282963305591693,0.045524100994644226,0.8160847880299252,0.08623756505698664,0.8092050949404411,28754,1.963645778726459
mgab,1,input_norm_control,4,0.8571428571428571,0.3752391882953816,0.04542617835440959,0.8622194513715711,0.08630534494055976,0.8568817077485552,30445,1.963645778726459
mgab,1,input_norm_control,4,0.9047619047619048,0.31846394862986926,0.04580390204437253,0.9177057356608479,0.08725289706884798,0.9041455360301922,32137,1.963645778726459
mgab,1,input_norm_control,4,0.9523809523809523,0.2075553034846962,0.0455244176421899,0.9600997506234414,0.08692707157371868,0.9519990564925109,33828,1.963645778726459
mgab,1,input_norm_control,4,1.0,0.028779168953406042,0.045157657657657654,1.0,0.08641310203641848,1.0,35520,1.963645778726459
mgab,2,esn_residual,0,0.047619047619047616,0.024139530803864773,0.11827321111768184,0.11607661056297155,0.11716461628588166,0.044116341687131994,1691,0.02628342815285123
mgab,2,esn_residual,0,0.09523809523809523,0.022528885528885212,0.08397397989355411,0.1648287869994196,0.11126346718903037,0.09166494067520786,3382,0.02628342815285123
mgab,2,esn_residual,0,0.14285714285714285,0.021469313630106512,0.06858494284588096,0.2019733023795705,0.10239811681624246,0.1398348965884546,5074,0.02628342815285123
mgab,2,esn_residual,0,0.19047619047619047,0.020663702874784917,0.0640059127864006,0.2513058618688334,0.10202639019792648,0.18735390715152234,6765,0.02628342815285123
mgab,2,esn_residual,0,0.23809523809523808,0.019950915133279068,0.060423317961452054,0.2965757399883923,0.10039292730844794,0.23510962511465514,8457,0.02628342815285123
mgab,2,esn_residual,0,0.2857142857142857,0.019321488171485157,0.057055577453685453,0.3360417875798027,0.09754864796563054,0.2831316389028612,10148,0.02628342815285123
mgab,2,esn_residual,0,0.3333333333333333,0.01875667458442365,0.05532094594594594,0.3801508995937319,0.096586300965863,0.3309465337160103,11840,0.02628342815285123
mgab,2,esn_residual,0,0.38095238095238093,0.01822492928357633,0.05454142339812283,0.4283226929773651,0.09676150517896946,0.3785247211290943,13531,0.02628342815285123
mgab,2,esn_residual,0,0.42857142857142855,0.017724947130631108,0.052883983707791356,0.4672083575159605,0.09501327825317203,0.4265763233423085,15222,0.02628342815285123
mgab,2,esn_residual,0,0.47619047619047616,0.017244657516911843,0.05196878325647393,0.51015670342426,0.09432848634436874,0.47445039500547387,16914,0.02628342815285123
mgab,2,esn_residual,0,0.5238095238095238,0.01673869294828023,0.05106154259607632,0.551363900174115,0.09346713892168437,0.5223836435186555,18605,0.02628342815285123
mgab,2,esn_residual,0,0.5714285714285714,0.016223754904217458,0.04976104843080258,0.5861868833430064,0.09173478655767485,0.5706719531319348,20297,0.02628342815285123
mgab,2,esn_residual,0,0.6190476190476191,0.015727469450268927,0.04902674185919593,0.6256529309344168,0.09092826114461643,0.6186939669201409,21988,0.02628342815285123
mgab,2,esn_residual,0,0.6666666666666666,0.015241421569044178,0.04839527027027027,0.665118978525827,0.09022556390977443,0.666745569133355,23680,0.02628342815285123
mgab,2,esn_residual,0,0.7142857142857143,0.01471613972034902,0.048401718497497144,0.7127103888566454,0.09064737580276075,0.7143533449714472,25371,0.02628342815285123
mgab,2,esn_residual,0,0.7619047619047619,0.014158711693710302,0.04844431305890178,0.7608821822402786,0.0910891089108911,0.7619315323845312,27062,0.02628342815285123
mgab,2,esn_residual,0,0.8095238095238095,0.013544783405862404,0.04816721151839744,0.803830528148578,0.09088821078190111,0.8098056040476965,28754,0.02628342815285123
mgab,2,esn_residual,0,0.8571428571428571,0.012853059061058048,0.047988175398259156,0.8479396401625072,0.09083561303158419,0.8575909104358375,30445,0.02628342815285123
mgab,2,esn_residual,0,0.9047619047619048,0.011979953567504253,0.04866664592214581,0.9077190946024376,0.09238038984051979,0.9046069177737669,32137,0.02628342815285123
mgab,2,esn_residual,0,0.9523809523809523,0.010646297919038261,0.04871703913917465,0.9564712710388856,0.09271187870945966,0.9521555167618427,33828,0.02628342815285123
mgab,2,esn_residual,0,1.0,0.004496249690475906,0.04850788288288288,1.0,0.09252745482372526,1.0,35520,0.02628342815285123
mgab,2,delay_line_residual,0,0.047619047619047616,0.05460802722944891,0.050266114725014785,0.04933255948926291,0.0497949619214997,0.047519010563067725,1691,0.05954694926715831
mgab,2,delay_line_residual,0,0.09523809523809523,0.05116033302232381,0.04760496747486694,0.0934416715031921,0.06307541625857002,0.09530431695120868,3382,0.05954694926715831
mgab,2,delay_line_residual,0,0.14285714285714285,0.04877846737031177,0.04572329523058731,0.134648868253047,0.06826541121082831,0.14326715388939848,5074,0.05954694926715831
mgab,2,delay_line_residual,0,0.19047619047619047,0.046927948626006355,0.04804138950480414,0.1886244921648288,0.07657869934024507,0.1905494570524011,6765,0.05954694926715831
mgab,2,delay_line_residual,0,0.23809523809523808,0.04540471178560779,0.049544755823578104,0.2431804991294254,0.08231827111984284,0.23783176021540373,8457,0.05954694926715831
mgab,2,delay_line_residual,0,0.2857142857142857,0.043974717138326014,0.049960583366180526,0.2942542077771329,0.08541824614607026,0.28526200550344705,10148,0.05954694926715831
mgab,2,delay_line_residual,0,0.3333333333333333,0.04267506417312461,0.04966216216216216,0.3412652350551364,0.0867064808670648,0.3329289581915555,11840,0.05954694926715831
mgab,2,delay_line_residual,0,0.38095238095238093,0.04138337528036118,0.048850787081516515,0.383633197910621,0.08666579257899568,0.3808030298547208,13531,0.05954694926715831
mgab,2,delay_line_residual,0,0.42857142857142855,0.04019213030042579,0.04828537642885298,0.4265815438189205,0.08675125405724403,0.4286475130928781,15222,0.05954694926715831
mgab,2,delay_line_residual,0,0.47619047619047616,0.039088255635732594,0.04848054865791652,0.4759141033081834,0.08799699522455331,0.4761961120809539,16914,0.05954694926715831
mgab,2,delay_line_residual,0,0.5238095238095238,0.03794984222224684,0.048535339962375704,0.5240858966918166,0.08884297520661157,0.523774299494038,18605,0.05954694926715831
mgab,2,delay_line_residual,0,0.5714285714285714,0.036782117862884434,0.04833226585209637,0.5693557748113756,0.0891008174386921,0.5715300174571708,20297,0.05954694926715831
mgab,2,delay_line_residual,0,0.6190476190476191,0.035637348989723705,0.0485719483354557,0.6198491004062682,0.09008477078149381,0.6189898511702222,21988,0.05954694926715831
mgab,2,delay_line_residual,0,0.6666666666666666,0.03449941136892676,0.04814189189189189,0.6616366802089378,0.08975317875841436,0.6669230996834038,23680,0.05954694926715831
mgab,2,delay_line_residual,0,0.7142857142857143,0.03328209905669155,0.04800756769540026,0.7069065583284968,0.0899092049900347,0.7146492292215285,25371,0.05954694926715831
mgab,2,delay_line_residual,0,0.7619047619047619,0.031930207388597864,0.04796393466853891,0.7533372025536854,0.0901858606913323,0.7623161819096369,27062,0.05954694926715831
mgab,2,delay_line_residual,0,0.8095238095238095,0.030503724343446947,0.04841065590874313,0.807893209518282,0.09134757358007678,0.8095984850726395,28754,0.05954694926715831
mgab,2,delay_line_residual,0,0.8571428571428571,0.028738437693306196,0.04897355887666283,0.865351131746953,0.0927008206913703,0.8567032576855934,30445,0.05954694926715831
mgab,2,delay_line_residual,0,0.9047619047619048,0.026647401437514873,0.04823101098422379,0.8995937318630296,0.09155345540460721,0.9050211557238809,32137,0.05954694926715831
mgab,2,delay_line_residual,0,0.9523809523809523,0.02367452709941631,0.04848054865791652,0.9518282066163668,0.09226182104582151,0.9523922241619078,33828,0.05954694926715831
mgab,2,delay_line_residual,0,1.0,0.005532149990301605,0.04850788288288288,1.0,0.09252745482372526,1.0,35520,0.05954694926715831
mgab,2,persistence_residual,0,0.047619047619047616,0.24844614672531407,0.046126552335895916,0.04526987811955891,0.04569420035149385,0.04772612953812468,1691,0.26416445533783417
mgab,2,persistence_residual,0,0.09523809523809523,0.228146579534382,0.046126552335895916,0.09053975623911782,0.061116552399608226,0.09545225907624937,3382,0.26416445533783417
mgab,2,persistence_residual,0,0.14285714285714285,0.20678203317589805,0.045920378399684665,0.13522925130586186,0.06855965867294395,0.14323756546439034,5074,0.26416445533783417
mgab,2,persistence_residual,0,0.19047619047619047,0.1893564662730114,0.04730229120473023,0.1857225769007545,0.07540056550424128,0.19069739917744177,6765,0.26416445533783417
mgab,2,persistence_residual,0,0.23809523809523808,0.17423951071634747,0.04836230341728746,0.23737666860127685,0.08035363457760314,0.2381276444654851,8457,0.26416445533783417
mgab,2,persistence_residual,0,0.2857142857142857,0.16053934536017778,0.04907370910524241,0.2890307603017992,0.08390194591862522,0.2855283013285203,10148,0.26416445533783417
mgab,2,persistence_residual,0,0.3333333333333333,0.1479478945776691,0.04983108108108108,0.3424260011607661,0.087001400870014,0.3328697813415392,11840,0.26416445533783417
mgab,2,persistence_residual,0,0.38095238095238093,0.13639731773730546,0.05003325696548666,0.3929193267556587,0.08876360298937984,0.3803296150545906,13531,0.26416445533783417
mgab,2,persistence_residual,0,0.42857142857142855,0.12676419771719338,0.050190513730127444,0.4434126523505514,0.0901740926526999,0.4277894487676421,15222,0.26416445533783417
mgab,2,persistence_residual,0,0.47619047619047616,0.11909740137627978,0.050135982026723425,0.4921648287869994,0.09100177067124537,0.4753676361807261,16914,0.26416445533783417
mgab,2,persistence_residual,0,0.5238095238095238,0.11184798761996717,0.05025530771298038,0.542658154381892,0.09199134199134198,0.5228274698937776,18605,0.26416445533783417
mgab,2,persistence_residual,0,0.5714285714285714,0.1049610601776294,0.050155195349066366,0.5908299477655252,0.0924613987284287,0.5704352457318697,20297,0.26416445533783417
mgab,2,persistence_residual,0,0.6190476190476191,0.09865143669003373,0.04989084955430235,0.636680208937899,0.09253089283454936,0.6181317868449863,21988,0.26416445533783417
mgab,2,persistence_residual,0,0.6666666666666666,0.09232945977305462,0.05008445945945946,0.6883343006384214,0.09337479825217494,0.6655620321330296,23680,0.26416445533783417
mgab,2,persistence_residual,0,0.7142857142857143,0.08560665220716146,0.04982066138504592,0.7336041787579802,0.09330479072857459,0.7132881616711543,25371,0.26416445533783417
mgab,2,persistence_residual,0,0.7619047619047619,0.07825306889446892,0.04958983075899786,0.7788740568775392,0.09324300851137746,0.7610142912092789,27062,0.26416445533783417
mgab,2,persistence_residual,0,0.8095238095238095,0.06940166675678938,0.049245322389928355,0.8218224027858386,0.0929225317452505,0.8088883628724443,28754,0.26416445533783417
mgab,2,persistence_residual,0,0.8571428571428571,0.05987421760687539,0.04871078994908852,0.8607080673244342,0.092203431982094,0.8569399650856585,30445,0.26416445533783417
mgab,2,persistence_residual,0,0.9047619047619048,0.052021201543880125,0.048324361328064225,0.9013348810214742,0.09173065564087418,0.9049323904488564,32137,0.26416445533783417
mgab,2,persistence_residual,0,0.9523809523809523,0.04383669577509863,0.04815537424618659,0.9454439930354034,0.09164299175831904,0.9527176968369974,33828,0.26416445533783417
mgab,2,persistence_residual,0,1.0,0.018245854054214306,0.04850788288288288,1.0,0.09252745482372526,1.0,35520,0.26416445533783417
mgab,2,moving_statistics,0,0.047619047619047616,2.610118420636354,0.03666469544648137,0.035983749274521186,0.03632103104862331,0.04819954433825487,1691,2.9840733738355993
mgab,2,moving_statistics,0,0.09523809523809523,2.396051008345239,0.03932584269662921,0.0771909460243761,0.052105778648383935,0.09613279285143651,3382,2.9840733738355993
mgab,2,moving_statistics,0,0.14285714285714285,2.2955926354652547,0.04316121403232164,0.12710388856645385,0.064440194203325,0.14365180341450426,5074,2.9840733738355993
mgab,2,moving_statistics,0,0.19047619047619047,2.1839496410102583,0.04538063562453806,0.17817759721416135,0.07233741753063148,0.19108204870254755,6765,2.9840733738355993
mgab,2,moving_statistics,0,0.23809523809523808,2.083100638596079,0.04741634149225494,0.232733604178758,0.0787819253438114,0.2383643518655502,8457,2.9840733738355993
mgab,2,moving_statistics,0,0.2857142857142857,1.9858186647015827,0.0472014189988175,0.2780034822983169,0.08070086766068571,0.2860904814036749,10148,2.9840733738355993
mgab,2,moving_statistics,0,0.3333333333333333,1.8890827667673875,0.04822635135135135,0.3313987231572838,0.08419966084199662,0.3334319614166938,11840,2.9840733738355993
mgab,2,moving_statistics,0,0.38095238095238093,1.80325398329569,0.04833345650727958,0.379570516540917,0.08574800052445261,0.3810101488297778,13531,2.9840733738355993
mgab,2,moving_statistics,0,0.42857142857142855,1.7226651350301836,0.04828537642885298,0.4265815438189205,0.08675125405724403,0.4286475130928781,15222,2.9840733738355993
mgab,2,moving_statistics,0,0.47619047619047616,1.651283898161637,0.04865791651886012,0.477655252466628,0.08831893545098461,0.47610734680592953,16914,2.9840733738355993
mgab,2,moving_statistics,0,0.5238095238095238,1.5913885359968845,0.04939532383767804,0.5333720255368544,0.09041715859897678,0.5233008846939078,18605,2.9840733738355993
mgab,2,moving_statistics,0,0.5714285714285714,1.5371923890979815,0.04887421786470907,0.575739988392339,0.09009990917347867,0.5712045447820813,20297,2.9840733738355993
mgab,2,moving_statistics,0,0.6190476190476191,1.4754463026529265,0.0493905766781881,0.6302959953569356,0.0916030534351145,0.6184572595200758,21988,2.9840733738355993
mgab,2,moving_statistics,0,0.6666666666666666,1.4007513508513512,0.04932432432432433,0.677887405687754,0.09195764279809472,0.6660946237831761,23680,2.9840733738355993
mgab,2,moving_statistics,0,0.7142857142857143,1.3209721419125344,0.049229435181900594,0.7248984329657574,0.0921975345094855,0.7137319880462762,25371,2.9840733738355993
mgab,2,moving_statistics,0,0.7619047619047619,1.2387858214633525,0.04958983075899786,0.7788740568775392,0.09324300851137746,0.7610142912092789,27062,2.9840733738355993
mgab,2,moving_statistics,0,0.8095238095238095,1.1548474771607289,0.049593100090422206,0.8276262333139872,0.09357876431407292,0.8085924786223629,28754,2.9840733738355993
mgab,2,moving_statistics,0,0.8571428571428571,1.0744858724910955,0.049400558383971095,0.8728961114335462,0.09350907734394429,0.8563186081604877,30445,2.9840733738355993
mgab,2,moving_statistics,0,0.9047619047619048,0.9365740081557306,0.049257864766468554,0.91874637260592,0.093502658003544,0.9040447376986123,32137,2.9840733738355993
mgab,2,moving_statistics,0,0.9523809523809523,0.7136767330730436,0.04924914272200544,0.9669181659895532,0.09372450845264549,0.9516229251116963,33828,2.9840733738355993
mgab,2,moving_statistics,0,1.0,0.16920418636163959,0.04850788288288288,1.0,0.09252745482372526,1.0,35520,2.9840733738355993
mgab,2,random_control,0,0.047619047619047616,0.6721220464814905,0.04139562389118864,0.04062681369704005,0.04100761570005858,0.04796283693818978,1691,0.7312224802808487
mgab,2,random_control,0,0.09523809523809523,0.6362781214816096,0.04849201655824956,0.09518282066163668,0.06425073457394712,0.09521555167618427,3382,0.7312224802808487
mgab,2,random_control,0,0.14285714285714285,0.6108340126406802,0.05163579030350808,0.15206035983749275,0.07709283507429748,0.14237950113915437,5074,0.7312224802808487
mgab,2,random_control,0,0.19047619047619047,0.5910080337225736,0.05144124168514413,0.2019733023795705,0.08199811498586239,0.18986892327721394,6765,0.7312224802808487
mgab,2,random_control,0,0.23809523809523808,0.5741859590930289,0.04978124630483623,0.24434126523505514,0.08271119842829075,0.23777258336538745,8457,0.7312224802808487
mgab,2,random_control,0,0.2857142857142857,0.559144177181679,0.048482459597950334,0.28554846198491,0.08289107910032853,0.2857058318785691,10148,0.7312224802808487
mgab,2,random_control,0,0.3333333333333333,0.5450233354711145,0.04873310810810811,0.334881021474173,0.08508442085084421,0.33325443086664497,11840,0.7312224802808487
mgab,2,random_control,0,0.38095238095238093,0.531778749949126,0.049294213288005324,0.3871154962275102,0.08745247148288975,0.380625499304672,13531,0.7312224802808487
mgab,2,random_control,0,0.42857142857142855,0.5184389224764345,0.04887662593614505,0.4318049912942542,0.08781351431100619,0.4283812172678048,15222,0.7312224802808487
mgab,2,random_control,0,0.47619047619047616,0.5058994272872042,0.047534586732884,0.4666279744631457,0.08627998068358642,0.4766695268810841,16914,0.7312224802808487
mgab,2,random_control,0,0.5238095238095238,0.493285378327073,0.04708411717280301,0.5084155542658154,0.08618654073199526,0.5245731869692576,18605,0.7312224802808487
mgab,2,random_control,0,0.5714285714285714,0.4803809582881513,0.04714982509730502,0.555426581543819,0.08692098092643051,0.5722401396573661,20297,0.7312224802808487
mgab,2,random_control,0,0.6190476190476191,0.4675173539571915,0.04707112970711297,0.6006964596633778,0.08730125258318923,0.6199662691954907,21988,0.7312224802808487
mgab,2,random_control,0,0.6666666666666666,0.4540777626666568,0.04717060810810811,0.6482878699941962,0.08794236901153406,0.667603633458591,23680,0.7312224802808487
mgab,2,random_control,0,0.7142857142857143,0.43964646612494107,0.04714043593078712,0.69413813116657,0.08828522920203737,0.7153001745717076,25371,0.7312224802808487
mgab,2,random_control,0,0.7619047619047619,0.42417352585744084,0.04744660409430197,0.7452118398142774,0.08921313183949973,0.7627304198597509,27062,0.7312224802808487
mgab,2,random_control,0,0.8095238095238095,0.40727292534074877,0.04820198928844682,0.804410911201393,0.09095383403878335,0.8097760156226884,28754,0.7312224802808487
mgab,2,random_control,0,0.8571428571428571,0.3861500026705471,0.048086713746099526,0.8496807893209518,0.0910221337975628,0.8575021451608131,30445,0.7312224802808487
mgab,2,random_control,0,0.9047619047619048,0.3613850870751776,0.04804431029654293,0.8961114335461404,0.09119905493207325,0.9051986862739296,32137,0.7312224802808487
mgab,2,random_control,0,0.9523809523809523,0.32675009818376566,0.04821449686650112,0.946604759141033,0.09175550617422858,0.9526585199869811,33828,0.7312224802808487
mgab,2,random_control,0,1.0,0.1622649380128678,0.04850788288288288,1.0,0.09252745482372526,1.0,35520,0.7312224802808487
mgab,2,input_norm_control,0,0.047619047619047616,1.7428867469834586,0.03784742755765819,0.0371445153801509,0.03749267721148213,0.0481403674882386,1691,1.9471966173728106
mgab,2,input_norm_control,0,0.09523809523809523,1.5367973752299804,0.04080425783560024,0.08009286128845038,0.05406464250734574,0.09598485072639583,3382,1.9471966173728106
mgab,2,input_norm_control,0,0.14285714285714285,1.4000256631197772,0.043949546708711075,0.1294254207777133,0.06561718405178756,0.1435334497144717,5074,1.9471966173728106
mgab,2,input_norm_control,0,0.19047619047619047,1.2756800190873037,0.04478935698447894,0.1758560650029019,0.07139491046182847,0.1912004024025801,6765,1.9471966173728106
mgab,2,input_norm_control,0,0.23809523809523808,1.1650403457965695,0.0455244176421899,0.22344747533372025,0.07563850687622789,0.23883776666568038,8457,1.9471966173728106
mgab,2,input_norm_control,0,0.2857142857142857,1.07048301976738,0.046807252660622786,0.2756819500870575,0.08002695644848791,0.2862088351037074,10148,1.9471966173728106
mgab,2,input_norm_control,0,0.3333333333333333,0.9886031378655389,0.04814189189189189,0.3308183401044689,0.08405220084052202,0.3334615498417019,11840,1.9471966173728106
mgab,2,input_norm_control,0,0.38095238095238093,0.9145869975236565,0.04944202202350159,0.3882762623331399,0.08771469778418776,0.3805663224546557,13531,1.9471966173728106
mgab,2,input_norm_control,0,0.42857142857142855,0.8471888184517411,0.05051898567862305,0.4463145676146257,0.09076423723812334,0.4276415066426014,15222,1.9471966173728106
mgab,2,input_norm_control,0,0.47619047619047616,0.7852486189158299,0.05131843443301407,0.5037724898432966,0.09314803884745398,0.47477586768056335,16914,1.9471966173728106
mgab,2,input_norm_control,0,0.5238095238095238,0.7301490953605025,0.05154528352593389,0.5565873476494486,0.09435261707988982,0.5221173476935823,18605,1.9471966173728106
mgab,2,input_norm_control,0,0.5714285714285714,0.6799164681378898,0.05109129427994285,0.6018572257690076,0.09418710263396912,0.5698730656567151,20297,1.9471966173728106
mgab,2,input_norm_control,0,0.6190476190476191,0.6274049885887507,0.050936874658904854,0.6500290191526408,0.09447092066973134,0.6174512530697991,21988,1.9471966173728106
mgab,2,input_norm_control,0,0.6666666666666666,0.575398652241347,0.050506756756756754,0.69413813116657,0.09416210683777507,0.6652661478829482,23680,1.9471966173728106
mgab,2,input_norm_control,0,0.7142857142857143,0.5267103690484873,0.04978124630483623,0.7330237957051654,0.09323097364730197,0.7133177500961624,25371,1.9471966173728106
mgab,2,input_norm_control,0,0.7619047619047619,0.48924960141448537,0.04947897420737565,0.7771329077190946,0.09303456661455618,0.7611030564843033,27062,1.9471966173728106
mgab,2,input_norm_control,0,0.8095238095238095,0.4371806350791303,0.04973221117061974,0.8299477655252466,0.09384125734160186,0.8084741249223304,28754,1.9471966173728106
mgab,2,input_norm_control,0,0.8571428571428571,0.37835191640351695,0.04959763507965183,0.8763784097504352,0.0938821188759015,0.8561410776104388,30445,1.9471966173728106
mgab,2,input_norm_control,0,0.9047619047619048,0.3196839547099444,0.049320098329028846,0.9199071387115496,0.09362079149438865,0.903985560848596,32137,1.9471966173728106
mgab,2,input_norm_control,0,0.9523809523809523,0.21107596398996975,0.04842142603760199,0.950667440510737,0.09214930662991196,0.9524514010119242,33828,1.9471966173728106
mgab,2,input_norm_control,0,1.0,0.022753793697120273,0.04850788288288288,1.0,0.09252745482372526,1.0,35520,1.9471966173728106
mgab,2,esn_residual,1,0.047619047619047616,0.02374824714428314,0.1614429331756357,0.14877384196185287,0.15484968803176402,0.04209588837761615,1691,0.026061089962162498
mgab,2,esn_residual,1,0.09523809523809523,0.022124786432442534,0.10615020697811946,0.19564032697547684,0.1376269886908185,0.0897432091435357,3382,0.026061089962162498
mgab,2,esn_residual,1,0.14285714285714285,0.021079571541122277,0.08454867954276704,0.2337874659400545,0.1241858445505862,0.1378952055811192,5074,0.026061089962162498
mgab,2,esn_residual,1,0.19047619047619047,0.020321354497255584,0.07420546932742055,0.2735694822888283,0.11674418604651161,0.1859284548018406,6765,0.026061089962162498
mgab,2,esn_residual,1,0.23809523809523808,0.019659189184324077,0.06751803239919593,0.3111716621253406,0.11095996890788963,0.23411013804363962,8457,0.026061089962162498
mgab,2,esn_residual,1,0.2857142857142857,0.019060328745837296,0.0645447378793851,0.3569482288828338,0.1093215388466995,0.2818168324179902,10148,0.026061089962162498
mgab,2,esn_residual,1,0.3333333333333333,0.018529524456639024,0.06258445945945947,0.4038147138964578,0.10837294332723951,0.32949383998812526,11840,0.026061089962162498
mgab,2,esn_residual,1,0.38095238095238093,0.01801644478096165,0.060084250979232874,0.4430517711171662,0.10581803982819211,0.3775567760130622,13531,0.026061089962162498
mgab,2,esn_residual,1,0.42857142857142855,0.017535445658054982,0.05761397976612797,0.4779291553133515,0.10283168200738699,0.4258572064717233,15222,0.026061089962162498
mgab,2,esn_residual,1,0.47619047619047616,0.017038220887698685,0.055457017855031335,0.5111716621253406,0.10005866979572245,0.47427638414724654,16914,0.026061089962162498
mgab,2,esn_residual,1,0.5238095238095238,0.016567350526699443,0.054662725073904864,0.5542234332425068,0.09951076320939334,0.5221315125426748,18605,0.026061089962162498
mgab,2,esn_residual,1,0.5714285714285714,0.016080967355790676,0.05355471251909149,0.5923705722070844,0.09822880896439544,0.5702835089802583,20297,0.026061089962162498
mgab,2,esn_residual,1,0.6190476190476191,0.015599252086587967,0.052892486810987814,0.6337874659400545,0.09763673760651473,0.6182276977883331,21988,0.026061089962162498
mgab,2,esn_residual,1,0.6666666666666666,0.01510505344056412,0.05219594594594595,0.6735694822888283,0.09688418577307469,0.66629063381327,23680,0.026061089962162498
mgab,2,esn_residual,1,0.7142857142857143,0.014593149375443204,0.05238264159867565,0.7242506811989101,0.0976990369771374,0.7137301469496808,25371,0.026061089962162498
mgab,2,esn_residual,1,0.7619047619047619,0.014042413149368826,0.05210257926243441,0.7683923705722071,0.09758798491192858,0.761525901736678,27062,0.026061089962162498
mgab,2,esn_residual,1,0.8095238095238095,0.013445277051019389,0.05213187730402727,0.8168937329700272,0.09800908823433262,0.8091138488941665,28754,0.026061089962162498
mgab,2,esn_residual,1,0.8571428571428571,0.012752355161495643,0.052192478239448184,0.8659400544959128,0.09845105328376703,0.856642422443224,30445,0.026061089962162498
mgab,2,esn_residual,1,0.9047619047619048,0.011875841872736714,0.05227619255064256,0.9155313351498637,0.09890498057223596,0.9041709959922815,32137,0.026061089962162498
mgab,2,esn_residual,1,0.9523809523809523,0.010525132079877153,0.052234835047889325,0.9629427792915531,0.09909429941395846,0.9517886299539855,33828,0.026061089962162498
mgab,2,esn_residual,1,1.0,0.004056356329684263,0.051661036036036036,1.0,0.0982465533395797,1.0,35520,0.026061089962162498
mgab,2,delay_line_residual,1,0.047619047619047616,0.054580525195035534,0.05204021289178001,0.04795640326975477,0.049914917753828704,0.04758794715748849,1691,0.05956292850343914
mgab,2,delay_line_residual,1,0.09523809523809523,0.05112538227311347,0.04997043169722058,0.09209809264305177,0.06478819244776693,0.09538370194448567,3382,0.05956292850343914
mgab,2,delay_line_residual,1,0.14285714285714285,0.04874795825625711,0.04887662593614505,0.13514986376021798,0.07179041829497756,0.14326851714412944,5074,0.05956292850343914
mgab,2,delay_line_residual,1,0.19047619047619047,0.04690205074328446,0.050849963045084996,0.1874659400544959,0.08,0.19061896986789373,6765,0.05956292850343914
mgab,2,delay_line_residual,1,0.23809523809523808,0.045376928780171966,0.05261913207993378,0.24250681198910082,0.08647493198600856,0.2378506753747959,8457,0.05956292850343914
mgab,2,delay_line_residual,1,0.2857142857142857,0.04396800233155318,0.05311391407173827,0.29373297002724796,0.08996077776850538,0.28526050170699124,10148,0.05956292850343914
mgab,2,delay_line_residual,1,0.3333333333333333,0.042657547231215176,0.052702702702702706,0.34005449591280656,0.09126142595978062,0.33296719608134184,11840,0.05956292850343914
mgab,2,delay_line_residual,1,0.38095238095238093,0.04137244042254906,0.05195477052693814,0.38310626702997275,0.09150071586619811,0.38082232447677006,13531,0.05956292850343914
mgab,2,delay_line_residual,1,0.42857142857142855,0.04019182952953315,0.05196426225200368,0.4310626702997275,0.09274784545934221,0.4284102716342586,15222,0.05956292850343914
mgab,2,delay_line_residual,1,0.47619047619047616,0.039088560486504775,0.05220527373773206,0.48119891008174387,0.09419169022347858,0.47590915837910047,16914,0.05956292850343914
mgab,2,delay_line_residual,1,0.5238095238095238,0.03794988203520688,0.05197527546358506,0.5269754768392371,0.09461839530332682,0.5236158527534511,18605,0.05956292850343914
mgab,2,delay_line_residual,1,0.5714285714285714,0.036775764995923055,0.05192885648125339,0.5743869209809265,0.09524670160853065,0.5712631735193706,20297,0.05956292850343914
mgab,2,delay_line_residual,1,0.6190476190476191,0.03563341878185611,0.05221029652537748,0.6256130790190736,0.09637745036309449,0.618672999851566,21988,0.05956292850343914
mgab,2,delay_line_residual,1,0.6666666666666666,0.03450000129134878,0.05164695945945946,0.6664850136239782,0.09586517734665882,0.6666765622680718,23680,0.05956292850343914
mgab,2,delay_line_residual,1,0.7142857142857143,0.03327379659054941,0.05159433999448189,0.7133514986376022,0.09622877306476511,0.7143238830339914,25371,0.05956292850343914
mgab,2,delay_line_residual,1,0.7619047619047619,0.03193940319323474,0.051437439952701204,0.75858310626703,0.0963421808492231,0.7620602642125576,27062,0.05956292850343914
mgab,2,delay_line_residual,1,0.8095238095238095,0.030505160395989606,0.051644988523335884,0.8092643051771117,0.09709372650299128,0.8095294641531839,28754,0.05956292850343914
mgab,2,delay_line_residual,1,0.8571428571428571,0.028751531598004476,0.052389554935128924,0.8692098092643051,0.09882280049566296,0.8564643016179309,30445,0.05956292850343914
mgab,2,delay_line_residual,1,0.9047619047619048,0.02666037836928581,0.05162274014375953,0.9040871934604905,0.097668668315083,0.9047944188808075,32137,0.05956292850343914
mgab,2,delay_line_residual,1,0.9523809523809523,0.023702288316030717,0.0517322927752158,0.9536784741144414,0.09814093037601995,0.9522933056256494,33828,0.05956292850343914
mgab,2,delay_line_residual,1,1.0,0.005547107257228845,0.051661036036036036,1.0,0.0982465533395797,1.0,35520,0.05956292850343914
mgab,2,persistence_residual,1,0.047619047619047616,0.24847044629052562,0.050266114725014785,0.04632152588555858,0.04821327283040272,0.04767700757013507,1691,0.26375577126219696
mgab,2,persistence_residual,1,0.09523809523809523,0.22815343772060714,0.04967474866942637,0.09155313351498638,0.06440483036227716,0.0954133887487012,3382,0.26375577126219696
mgab,2,persistence_residual,1,0.14285714285714285,0.20678203317589805,0.049270792274339774,0.1362397820163488,0.07236937328122739,0.14320914353569839,5074,0.26375577126219696
mgab,2,persistence_residual,1,0.19047619047619047,0.1893138370919587,0.05025868440502587,0.18528610354223432,0.07906976744186046,0.19073771708475581,6765,0.26375577126219696
mgab,2,persistence_residual,1,0.23809523809523808,0.17423951071634747,0.05143667967364313,0.23705722070844687,0.08453167508744656,0.23814754341695116,8457,0.26375577126219696
mgab,2,persistence_residual,1,0.2857142857142857,0.1605283262690591,0.05183287347260544,0.28664850136239783,0.0877910373028457,0.2856464301617931,10148,0.26375577126219696
mgab,2,persistence_residual,1,0.3333333333333333,0.1479478945776691,0.052702702702702706,0.34005449591280656,0.09126142595978062,0.33296719608134184,11840,0.26375577126219696
mgab,2,persistence_residual,1,0.38095238095238093,0.13638620383824218,0.05284162293991575,0.3896457765667575,0.09306260575296108,0.38046608282618377,13531,0.26375577126219696
mgab,2,persistence_residual,1,0.42857142857142855,0.12675675720538493,0.05281828931809224,0.43814713896457763,0.09427214633288386,0.42802434317945676,15222,0.26375577126219696
mgab,2,persistence_residual,1,0.47619047619047616,0.11907193597846799,0.05273737732056285,0.48610354223433244,0.0951517414262094,0.47564197714116074,16914,0.26375577126219696
mgab,2,persistence_residual,1,0.5238095238095238,0.11181320338255318,0.052942757323300185,0.5367847411444142,0.09637964774951076,0.5230814902775717,18605,0.26375577126219696
mgab,2,persistence_residual,1,0.5714285714285714,0.10494261909707348,0.05286495541212987,0.5847411444141689,0.09696367251039219,0.5706991242392756,20297,0.26375577126219696
mgab,2,persistence_residual,1,0.6190476190476191,0.0986285193553158,0.052574131344369654,0.6299727520435967,0.09704907022625194,0.6184355054178418,21988,0.26375577126219696
mgab,2,persistence_residual,1,0.6666666666666666,0.09232738640662319,0.05282939189189189,0.6817438692098092,0.0980599647266314,0.6658453317500371,23680,0.26375577126219696
mgab,2,persistence_residual,1,0.7142857142857143,0.08561393222475999,0.05265854716014347,0.7280653950953678,0.09821362934646767,0.7135223393201722,25371,0.26375577126219696
mgab,2,persistence_residual,1,0.7619047619047619,0.07826405538162362,0.052324292365678815,0.7716621253405994,0.0980032529328304,0.7613477809113849,27062,0.26375577126219696
mgab,2,persistence_residual,1,0.8095238095238095,0.06941274398877795,0.05202754399387911,0.8152588555858311,0.09781293929190232,0.8092029093068132,28754,0.26375577126219696
mgab,2,persistence_residual,1,0.8571428571428571,0.059915449079312566,0.05166694038429956,0.8572207084468665,0.09745972738537795,0.8571174113106724,30445,0.26375577126219696
mgab,2,persistence_residual,1,0.9047619047619048,0.052039753128269695,0.05131157233095809,0.8986376021798365,0.09707994819262923,0.9050912869229627,32137,0.26375577126219696
mgab,2,persistence_residual,1,0.9523809523809523,0.043824563416933415,0.051229750502542276,0.9444141689373297,0.09718756133808149,0.9527979812973133,33828,0.26375577126219696
mgab,2,persistence_residual,1,1.0,0.018245854054214306,0.051661036036036036,1.0,0.0982465533395797,1.0,35520,0.26375577126219696
mgab,2,moving_statistics,1,0.047619047619047616,2.6105008722342973,0.041986989946777055,0.038692098092643054,0.04027226318774815,0.04809262282915244,1691,2.9703877526326323
mgab,2,moving_statistics,1,0.09523809523809523,2.396347391533709,0.04316972205795387,0.07956403269754768,0.05597086448150278,0.09606649844144279,3382,2.9703877526326323
mgab,2,moving_statistics,1,0.14285714285714285,2.2955926354652547,0.046708711076074105,0.12915531335149863,0.06860616587060356,0.14359507199050023,5074,2.9703877526326323
mgab,2,moving_statistics,1,0.19047619047619047,2.1840951121521357,0.04878048780487805,0.17983651226158037,0.07674418604651163,0.1910345851269111,6765,2.9703877526326323
mgab,2,moving_statistics,1,0.23809523809523808,2.0834846677735186,0.050963698711126874,0.23487738419618528,0.08375437232802177,0.23826629063381327,8457,2.9703877526326323
mgab,2,moving_statistics,1,0.2857142857142857,1.9861191678828618,0.050650374458021286,0.28010899182561305,0.08578819994992906,0.28600267181237937,10148,2.9703877526326323
mgab,2,moving_statistics,1,0.3333333333333333,1.889268757679929,0.05168918918918919,0.3335149863760218,0.08950639853747715,0.3333234377319282,11840,2.9703877526326323
mgab,2,moving_statistics,1,0.38095238095238093,1.8036553078527504,0.05165915305594561,0.3809264305177112,0.09098008590394378,0.38094107169363217,13531,2.9703877526326323
mgab,2,moving_statistics,1,0.42857142857142855,1.722849631740246,0.05157009591380896,0.42779291553133514,0.09204432197924606,0.4285883924595517,15222,2.9703877526326323
mgab,2,moving_statistics,1,0.47619047619047616,1.651620408623785,0.05190966063615939,0.4784741144414169,0.09365832844418369,0.47605759240017814,16914,2.9703877526326323
mgab,2,moving_statistics,1,0.5238095238095238,1.591452660781215,0.05235151840902983,0.5307901907356948,0.09530332681017613,0.5234080451239425,18605,2.9703877526326323
mgab,2,moving_statistics,1,0.5714285714285714,1.537284510970494,0.051879588116470414,0.5738419618528611,0.09515633471895897,0.5712928603235862,20297,2.9703877526326323
mgab,2,moving_statistics,1,0.6190476190476191,1.4756752647681424,0.05243769328724759,0.6283378746594005,0.09679721277756789,0.6185245658304883,21988,2.9703877526326323
mgab,2,moving_statistics,1,0.6666666666666666,1.4010517206297664,0.05232263513513514,0.6752043596730245,0.09711934156378602,0.6662015734006235,23680,2.9703877526326323
mgab,2,moving_statistics,1,0.7142857142857143,1.3213101436840589,0.05218556619762721,0.7215258855585831,0.09733147099904434,0.7138785809707585,25371,2.9703877526326323
mgab,2,moving_statistics,1,0.7619047619047619,1.2388519647811336,0.052435148917301014,0.7732970027247956,0.09821088694328131,0.7612587204987383,27062,2.9703877526326323
mgab,2,moving_statistics,1,0.8095238095238095,1.1548474771607289,0.0525144327745705,0.8228882833787466,0.09872830102324365,0.8087872940477957,28754,2.9703877526326323
mgab,2,moving_statistics,1,0.8571428571428571,1.0744858724910955,0.052422401051075714,0.8697547683923705,0.09888475836431226,0.8564346148137153,30445,2.9703877526326323
mgab,2,moving_statistics,1,0.9047619047619048,0.9366477071962436,0.052245075769362416,0.9149863760217983,0.09884610855999058,0.9042006827964969,32137,2.9703877526326323
mgab,2,moving_statistics,1,0.9523809523809523,0.7136767330730436,0.05217571242757479,0.9618528610354223,0.09898213835067157,0.9518480035624165,33828,2.9703877526326323
mgab,2,moving_statistics,1,1.0,0.16920418636163959,0.051661036036036036,1.0,0.0982465533395797,1.0,35520,2.9703877526326323
mgab,2,random_control,1,0.047619047619047616,0.6670700525842221,0.05204021289178001,0.04795640326975477,0.049914917753828704,0.04758794715748849,1691,0.7377889346028041
mgab,2,random_control,1,0.09523809523809523,0.6325975456134074,0.05204021289178001,0.09591280653950954,0.06747172704619514,0.09517589431497699,3382,0.7377889346028041
mgab,2,random_control,1,0.14285714285714285,0.6082470911587734,0.05380370516357903,0.14877384196185287,0.0790273556231003,0.14252634703874129,5074,0.7377889346028041
mgab,2,random_control,1,0.19047619047619047,0.587868024534373,0.05040650406504065,0.18583106267029972,0.07930232558139536,0.19070803028054029,6765,0.7377889346028041
mgab,2,random_control,1,0.23809523809523808,0.571618413651322,0.049663001064207166,0.22888283378746593,0.08161678973960357,0.23859284548018406,8457,0.7377889346028041
mgab,2,random_control,1,0.2857142857142857,0.5562715501469029,0.05094599921166732,0.28174386920980926,0.08628890928815822,0.2859136113997328,10148,0.7377889346028041
mgab,2,random_control,1,0.3333333333333333,0.5424650779573312,0.05008445945945946,0.3231607629427793,0.08672760511882999,0.33388748701202314,11840,0.7377889346028041
mgab,2,random_control,1,0.38095238095238093,0.5293220564503827,0.05069839627521987,0.37384196185286106,0.0892880385266172,0.381327000148434,13531,0.7377889346028041
mgab,2,random_control,1,0.42857142857142855,0.5167129273277169,0.05111023518591512,0.42397820163487737,0.09122354458580055,0.4287962000890604,15222,0.7377889346028041
mgab,2,random_control,1,0.47619047619047616,0.5044366845736477,0.05078633085018328,0.46811989100817436,0.09163155368286309,0.4766216416802731,16914,0.7377889346028041
mgab,2,random_control,1,0.5238095238095238,0.49182671432299685,0.05154528352593389,0.5226158038147138,0.09383561643835617,0.5238533471871754,18605,0.7377889346028041
mgab,2,random_control,1,0.5714285714285714,0.4798223098264316,0.051879588116470414,0.5738419618528611,0.09515633471895897,0.5712928603235862,20297,0.7377889346028041
mgab,2,random_control,1,0.6190476190476191,0.46741113441748894,0.052119337820629434,0.6245231607629428,0.09620954539730514,0.618732373459997,21988,0.7377889346028041
mgab,2,random_control,1,0.6666666666666666,0.4546007941839889,0.05202702702702703,0.6713896457765668,0.09657064471879288,0.6664093810301321,23680,0.7377889346028041
mgab,2,random_control,1,0.7142857142857143,0.4405373918536952,0.052343226518465964,0.7237057220708447,0.09762552378151877,0.7137598337538964,25371,0.7377889346028041
mgab,2,random_control,1,0.7619047619047619,0.4259352629501336,0.052287340181804746,0.771117166212534,0.09793404159601343,0.7613774677156004,27062,0.7377889346028041
mgab,2,random_control,1,0.8095238095238095,0.4095534213161045,0.05247965500452111,0.8223433242506812,0.09866291804243356,0.8088169808520113,28754,0.7377889346028041
mgab,2,random_control,1,0.8571428571428571,0.39133736416533793,0.052488093282969286,0.8708446866485013,0.0990086741016109,0.8563752412052843,30445,0.7377889346028041
mgab,2,random_control,1,0.9047619047619048,0.3673138143926735,0.05196502473784112,0.9100817438692098,0.09831626044978219,0.9044678640344367,32137,0.7377889346028041
mgab,2,random_control,1,0.9523809523809523,0.33372304850581713,0.052234835047889325,0.9629427792915531,0.09909429941395846,0.9517886299539855,33828,0.7377889346028041
mgab,2,random_control,1,1.0,0.13544080229166866,0.051661036036036036,1.0,0.0982465533395797,1.0,35520,0.7377889346028041
mgab,2,input_norm_control,1,0.047619047619047616,1.7428867469834586,0.04080425783560024,0.03760217983651226,0.039137833238797506,0.04815199643758349,1691,1.9426244413784843
mgab,2,input_norm_control,1,0.09523809523809523,1.5368267287085473,0.04346540508574808,0.08010899182561308,0.05635422656699253,0.09603681163722726,3382,1.9426244413784843
mgab,2,input_norm_control,1,0.14285714285714285,1.3999858310717173,0.04710287741426882,0.13024523160762944,0.06918512085685338,0.14353569838206917,5074,1.9426244413784843
mgab,2,input_norm_control,1,0.19047619047619047,1.2758633675484816,0.048337028824833705,0.1782016348773842,0.07604651162790699,0.19112364553955766,6765,1.9426244413784843
mgab,2,input_norm_control,1,0.23809523809523808,1.1650310948543847,0.04871703913917465,0.2245231607629428,0.08006218422075398,0.23883033991390826,8457,1.9426244413784843
mgab,2,input_norm_control,1,0.2857142857142857,1.070385277553214,0.04976350019708317,0.27520435967302453,0.0842860719352416,0.28626985305031916,10148,1.9426244413784843
mgab,2,input_norm_control,1,0.3333333333333333,0.988658094776838,0.05126689189189189,0.3307901907356948,0.08877513711151735,0.3334718717530058,11840,1.9426244413784843
mgab,2,input_norm_control,1,0.38095238095238093,0.9147379278047083,0.05247210110117508,0.3869209809264305,0.09241181830014318,0.3806145168472614,13531,1.9426244413784843
mgab,2,input_norm_control,1,0.42857142857142855,0.8473205773398149,0.05340953882538431,0.4430517711171662,0.09532743155302809,0.427757161941517,15222,1.9426244413784843
mgab,2,input_norm_control,1,0.47619047619047616,0.7854705575145999,0.05409719758779709,0.4986376021798365,0.0976052056109659,0.47495918064420367,16914,1.9426244413784843
mgab,2,input_norm_control,1,0.5238095238095238,0.7301824498645146,0.054232733136253694,0.5498637602179837,0.0987279843444227,0.522369006976399,18605,1.9426244413784843
mgab,2,input_norm_control,1,0.5714285714285714,0.6799123735327157,0.05370251761344041,0.5940054495912807,0.09849990963311044,0.5701944485676117,20297,1.9426244413784843
mgab,2,input_norm_control,1,0.6190476190476191,0.6274678739519004,0.053756594506094234,0.644141689373297,0.09923183478151366,0.6176636485082381,21988,1.9426244413784843
mgab,2,input_norm_control,1,0.6666666666666666,0.5753862924466375,0.05333614864864865,0.688283378746594,0.09900058788947677,0.6654890900994508,23680,1.9426244413784843
mgab,2,input_norm_control,1,0.7142857142857143,0.5266580131210503,0.05281620748098222,0.7302452316076294,0.09850768212894213,0.7134035921033101,25371,1.9426244413784843
mgab,2,input_norm_control,1,0.7619047619047619,0.48937640207077493,0.05273076638829355,0.7776566757493188,0.09876457763781707,0.7610212260650141,27062,1.9426244413784843
mgab,2,input_norm_control,1,0.8095238095238095,0.4371806350791303,0.05286221047506434,0.8283378746594006,0.0993821308313446,0.8084904260056405,28754,1.9426244413784843
mgab,2,input_norm_control,1,0.8571428571428571,0.37835191640351695,0.052685169978650026,0.8741144414168938,0.09938042131350681,0.8561971203799911,30445,1.9426244413784843
mgab,2,input_norm_control,1,0.9047619047619048,0.3196694252087582,0.05236954289448299,0.9171662125340599,0.09908159660897209,0.9040819355796349,32137,1.9426244413784843
mgab,2,input_norm_control,1,0.9523809523809523,0.21108135864596989,0.05161404753458673,0.9514986376021798,0.0979166082494462,0.9524120528425115,33828,1.9426244413784843
mgab,2,input_norm_control,1,1.0,0.022753793697120273,0.051661036036036036,1.0,0.0982465533395797,1.0,35520,1.9426244413784843
mgab,2,esn_residual,2,0.047619047619047616,0.024377644281486255,0.16439976345357776,0.13865336658354116,0.15043290043290045,0.04216022676413546,1691,0.027086959447920833
mgab,2,esn_residual,2,0.09523809523809523,0.02260601101633597,0.11058545239503252,0.18653366583541148,0.1388527937627622,0.08975085782485455,3382,0.027086959447920833
mgab,2,esn_residual,2,0.14285714285714285,0.02157066630662996,0.09164367363027197,0.23192019950124687,0.1313744879220229,0.13752051320304343,5074,0.027086959447920833
mgab,2,esn_residual,2,0.19047619047619047,0.020711574976701286,0.08041389504804139,0.2713216957605985,0.12405929304446978,0.1856183798299269,6765,0.027086959447920833
mgab,2,esn_residual,2,0.23809523809523808,0.02000289894866114,0.07343029443064916,0.30972568578553616,0.11871535079334734,0.23380575861554528,8457,0.027086959447920833
mgab,2,esn_residual,2,0.2857142857142857,0.01938153853905078,0.06819077650768625,0.3451371571072319,0.11388134616967005,0.2821423243323885,10148,0.027086959447920833
mgab,2,esn_residual,2,0.3333333333333333,0.018826411741486027,0.06596283783783784,0.38952618453865334,0.11282051282051281,0.32997165448306726,11840,0.027086959447920833
mgab,2,esn_residual,2,0.38095238095238093,0.01829753551616875,0.06281871258591383,0.4239401496259352,0.10942327497425336,0.3783678949724004,13531,0.027086959447920833
mgab,2,esn_residual,2,0.42857142857142855,0.01780034896739835,0.06175272631717251,0.4688279301745636,0.10913101526673244,0.4261375503505893,15222,0.027086959447920833
mgab,2,esn_residual,2,0.47619047619047616,0.017298378049886765,0.060068582239564856,0.5067331670822942,0.10740525397748295,0.4743547665224526,16914,0.027086959447920833
mgab,2,esn_residual,2,0.5238095238095238,0.016821017778880787,0.05928513840365493,0.5501246882793017,0.10703541969917515,0.5222139340593764,18605,0.027086959447920833
mgab,2,esn_residual,2,0.5714285714285714,0.016325408509842987,0.05779179189042716,0.5850374064837905,0.10519235942964757,0.5706101745487095,20297,0.027086959447920833
mgab,2,esn_residual,2,0.6190476190476191,0.015830382490463535,0.057713298162634166,0.6329177057356609,0.10578085274871837,0.6182008056094286,21988,0.027086959447920833
mgab,2,esn_residual,2,0.6666666666666666,0.015300623575043915,0.0569679054054054,0.6728179551122194,0.10504185322172473,0.6662986722363121,23680,0.027086959447920833
mgab,2,esn_residual,2,0.7142857142857143,0.014763750149313637,0.05656064010090261,0.71571072319202,0.10483635300993571,0.7141876771594808,25371,0.027086959447920833
mgab,2,esn_residual,2,0.7619047619047619,0.014206749798916007,0.05664769787894464,0.7645885286783043,0.10548044173805346,0.76171863344771,27062,0.027086959447920833
mgab,2,esn_residual,2,0.8095238095238095,0.013560627290218008,0.05616609862975586,0.8054862842892768,0.1050099157970025,0.8097568253021036,28754,0.027086959447920833
mgab,2,esn_residual,2,0.8571428571428571,0.012848153696367604,0.05652816554442437,0.858354114713217,0.1060708782742681,0.8570490825003729,30445,0.027086959447920833
mgab,2,esn_residual,2,0.9047619047619048,0.011940723098589956,0.056352490898341476,0.9032418952618454,0.10608634526389783,0.9048485752648068,32137,0.027086959447920833
mgab,2,esn_residual,2,0.9523809523809523,0.010623129182718571,0.05640297978006385,0.9516209476309226,0.10649401389780369,0.952409368939281,33828,0.027086959447920833
mgab,2,esn_residual,2,1.0,0.004518870987396895,0.05644707207207207,1.0,0.10686209193870753,1.0,35520,0.027086959447920833
mgab,2,delay_line_residual,2,0.047619047619047616,0.054574440387881396,0.05558840922531047,0.04688279301745636,0.050865800865800864,0.04765030583320901,1691,0.05952466005784629
mgab,2,delay_line_residual,2,0.09523809523809523,0.051112739789743955,0.054701360141927856,0.09226932668329177,0.06868386857248933,0.09539012382515291,3382,0.05952466005784629
mgab,2,delay_line_residual,2,0.14285714285714285,0.048746446012927436,0.055380370516357906,0.1401496259351621,0.07938974431416866,0.14301059227211696,5074,0.05952466005784629
mgab,2,delay_line_residual,2,0.19047619047619047,0.04692617229272855,0.057649667405764965,0.19451371571072318,0.08893956670467504,0.1902133373116515,6765,0.05952466005784629
mgab,2,delay_line_residual,2,0.23809523809523808,0.04538922762117181,0.05876788459264515,0.24788029925187033,0.09501051424201874,0.23750559450992093,8457,0.05952466005784629
mgab,2,delay_line_residual,2,0.2857142857142857,0.04397510570316854,0.05873078439101301,0.2972568578553616,0.09808277791491814,0.28500671341190514,10148,0.05952466005784629
mgab,2,delay_line_residual,2,0.3333333333333333,0.04267072132881822,0.05810810810810811,0.343142144638404,0.09938605994944023,0.332746531403849,11840,0.05952466005784629
mgab,2,delay_line_residual,2,0.38095238095238093,0.041369035871127835,0.05742369374030005,0.38753117206982546,0.10002574665293512,0.38054602416828287,13531,0.05952466005784629
mgab,2,delay_line_residual,2,0.42857142857142855,0.04019179064184186,0.056825647089738536,0.4314214463840399,0.10042375341034424,0.4283753543189617,15222,0.05952466005784629
mgab,2,delay_line_residual,2,0.47619047619047616,0.03908350457285792,0.05699420598320917,0.48079800498753117,0.1019081346794228,0.4759063106071908,16914,0.05952466005784629
mgab,2,delay_line_residual,2,0.5238095238095238,0.037921550628624345,0.056866433754367104,0.5276807980049876,0.10266860747210092,0.5235566164403999,18605,0.05952466005784629
mgab,2,delay_line_residual,2,0.5714285714285714,0.03675500335697279,0.05690496132433365,0.5760598503740648,0.10357815442561207,0.5711472475011189,20297,0.05952466005784629
mgab,2,delay_line_residual,2,0.6190476190476191,0.03562232499677975,0.05680371111515372,0.6229426433915212,0.10411369982911683,0.618797553334328,21988,0.05952466005784629
mgab,2,delay_line_residual,2,0.6666666666666666,0.03449584032415487,0.05612331081081081,0.6628428927680798,0.10348452404126922,0.6668954199612114,23680,0.05952466005784629
mgab,2,delay_line_residual,2,0.7142857142857143,0.03326464231713544,0.05608765913838635,0.7097256857855362,0.10395967270601988,0.7145457257944204,25371,0.05952466005784629
mgab,2,delay_line_residual,2,0.7619047619047619,0.03192778546687691,0.05583474983371517,0.7536159600997506,0.10396669762961433,0.7623750559450992,27062,0.05952466005784629
mgab,2,delay_line_residual,2,0.8095238095238095,0.030502222157366532,0.05595743200945955,0.8024937655860349,0.10461978607887122,0.8099358496195733,28754,0.05952466005784629
mgab,2,delay_line_residual,2,0.8571428571428571,0.028729512131562274,0.056725242240105105,0.8613466334164589,0.10644067796610168,0.8568700581829032,30445,0.05952466005784629
mgab,2,delay_line_residual,2,0.9047619047619048,0.026648384025605765,0.05625914055450104,0.9017456359102244,0.10591060863452638,0.9049380874235416,32137,0.05952466005784629
mgab,2,delay_line_residual,2,0.9523809523809523,0.023685464562845482,0.05619605060896299,0.9481296758104738,0.10610331258895432,0.9526182306429957,33828,0.05952466005784629
mgab,2,delay_line_residual,2,1.0,0.005571055516583101,0.05644707207207207,1.0,0.10686209193870753,1.0,35520,0.05952466005784629
mgab,2,persistence_residual,2,0.047619047619047616,0.24846537516020817,0.054405677114133646,0.04588528678304239,0.049783549783549784,0.04770998060569894,1691,0.26416445533783417
mgab,2,persistence_residual,2,0.09523809523809523,0.22817523167270792,0.054109994086339444,0.0912718204488778,0.06794134026359754,0.09544979859764284,3382,0.26416445533783417
mgab,2,persistence_residual,2,0.14285714285714285,0.2068032604664154,0.054592037839968466,0.13815461346633418,0.0782596411922588,0.14312994181709682,5074,0.26416445533783417
mgab,2,persistence_residual,2,0.19047619047619047,0.18932285626851808,0.055284552845528454,0.18653366583541148,0.08529076396807297,0.19069073549157095,6765,0.26416445533783417
mgab,2,persistence_residual,2,0.23809523809523808,0.17420357566021494,0.05616648929880572,0.23690773067331672,0.09080481743452494,0.23816201700731016,8457,0.26416445533783417
mgab,2,persistence_residual,2,0.2857142857142857,0.1605003701371288,0.056562869530942056,0.286284289276808,0.09446227268987081,0.2856631359092943,10148,0.26416445533783417
mgab,2,persistence_residual,2,0.3333333333333333,0.14790344398215893,0.05717905405405405,0.3376558603491272,0.09779703864210908,0.3330747426525436,11840,0.26416445533783417
mgab,2,persistence_residual,2,0.38095238095238093,0.1362822970495472,0.057497598108048185,0.38802992518703244,0.10015447991761071,0.3805161867820379,13531,0.26416445533783417
mgab,2,persistence_residual,2,0.42857142857142855,0.12671611400082838,0.057679674155827095,0.4379052369077307,0.1019330121321182,0.4279874682977771,15222,0.26416445533783417
mgab,2,persistence_residual,2,0.47619047619047616,0.11902567293623179,0.05734894170509637,0.4837905236907731,0.10254241767535283,0.475727286289721,16914,0.26416445533783417
mgab,2,persistence_residual,2,0.5238095238095238,0.11175547933112284,0.05761891964525665,0.5346633416458852,0.10402717127607956,0.5231388930329703,18605,0.26416445533783417
mgab,2,persistence_residual,2,0.5714285714285714,0.10488101572423147,0.057594718431295266,0.5830423940149626,0.10483364720652857,0.5707295240936894,20297,0.26416445533783417
mgab,2,persistence_residual,2,0.6190476190476191,0.09861306907311018,0.057303983991267966,0.628428927680798,0.10503063393489767,0.6184693420856333,21988,0.26416445533783417
mgab,2,persistence_residual,2,0.6666666666666666,0.09229876526865155,0.05755912162162162,0.6798004987531172,0.1061319836480436,0.6658809488288826,23680,0.26416445533783417
mgab,2,persistence_residual,2,0.7142857142857143,0.08558217708258553,0.057427771865515745,0.7266832917705736,0.10644360023378142,0.7135312546620916,25371,0.26416445533783417
mgab,2,persistence_residual,2,0.7619047619047619,0.07821794718404362,0.057017219717685315,0.769576059850374,0.10616850724188942,0.7614202595852604,27062,0.26416445533783417
mgab,2,persistence_residual,2,0.8095238095238095,0.06935759272977293,0.05658343187034847,0.8114713216957606,0.10579017523326506,0.809398776667164,28754,0.26416445533783417
mgab,2,persistence_residual,2,0.8571428571428571,0.05988537208844491,0.056429627196584,0.856857855361596,0.10588597842835132,0.8571385946591079,30445,0.26416445533783417
mgab,2,persistence_residual,2,0.9047619047619048,0.05202441309347705,0.05607243986682017,0.8987531172069826,0.10555913537578347,0.9051171117410115,32137,0.26416445533783417
mgab,2,persistence_residual,2,0.9523809523809523,0.043840501232352835,0.05607780536833393,0.9461346633416459,0.10588005469818323,0.9527375801879755,33828,0.26416445533783417
mgab,2,persistence_residual,2,1.0,0.018245854054214306,0.05644707207207207,1.0,0.10686209193870753,1.0,35520,0.26416445533783417
mgab,2,moving_statistics,2,0.047619047619047616,2.6099204629063024,0.04671791839148433,0.03940149625935162,0.042748917748917745,0.048097866626883486,1691,2.9727342530431997
mgab,2,moving_statistics,2,0.09523809523809523,2.3960342511672934,0.04760496747486694,0.08029925187032419,0.059773528865788,0.09610622109503207,3382,2.9727342530431997
mgab,2,moving_statistics,2,0.14285714285714285,2.295434224173732,0.050650374458021286,0.1281795511221945,0.07260912558270942,0.14372668954199613,5074,2.9727342530431997
mgab,2,moving_statistics,2,0.19047619047619047,2.1837862493430293,0.05321507760532151,0.17955112219451372,0.08209806157354617,0.19110845889900044,6765,2.9727342530431997
mgab,2,moving_statistics,2,0.23809523809523808,2.08326534985099,0.055457017855031335,0.2339152119700748,0.08965780921429937,0.23834104132477996,8457,2.9727342530431997
mgab,2,moving_statistics,2,0.2857142857142857,1.9855535197693825,0.05478912100906583,0.2773067331670823,0.09150004114210483,0.2862002088617037,10148,2.9727342530431997
mgab,2,moving_statistics,2,0.3333333333333333,1.8885847789679246,0.05591216216216216,0.33017456359102243,0.09563019140483929,0.33352230344621814,11840,2.9727342530431997
mgab,2,moving_statistics,2,0.38095238095238093,1.803086179696038,0.056019510753085505,0.37805486284289275,0.09757981462409887,0.3811129345069372,13531,2.9727342530431997
mgab,2,moving_statistics,2,0.42857142857142855,1.7228399752802943,0.0563657863618447,0.427930174563591,0.09961107563708134,0.42858421602267643,15222,2.9727342530431997
mgab,2,moving_statistics,2,0.47619047619047616,1.6515909002810076,0.05669859288163651,0.47830423940149625,0.1013795655161478,0.47605549753841564,16914,2.9727342530431997
mgab,2,moving_statistics,2,0.5238095238095238,1.5913885359968845,0.05718892770760548,0.5306733167082295,0.10325084910237747,0.52337759212293,18605,2.9727342530431997
mgab,2,moving_statistics,2,0.5714285714285714,1.5371167179928307,0.056510814406069865,0.5720698254364089,0.10286072997937405,0.5713859465910787,20297,2.9727342530431997
mgab,2,moving_statistics,2,0.6190476190476191,1.4754463026529265,0.05712206658177187,0.6264339152119701,0.10469720335097737,0.6185886916306131,21988,2.9727342530431997
mgab,2,moving_statistics,2,0.6666666666666666,1.4008451579684333,0.05705236486486486,0.6738154613466334,0.10519758613977029,0.6662389974638222,23680,2.9727342530431997
mgab,2,moving_statistics,2,0.7142857142857143,1.3210516833223664,0.05687596074258011,0.7197007481296758,0.1054208065458796,0.7139489780695211,25371,2.9727342530431997
mgab,2,moving_statistics,2,0.7619047619047619,1.2381741443714418,0.057128076269307514,0.771072319201995,0.10637492689304022,0.7613307474265254,27062,2.9727342530431997
mgab,2,moving_statistics,2,0.8095238095238095,1.1548474771607289,0.05734854281143493,0.8224438902743142,0.10722065086641308,0.8087423541697747,28754,2.9727342530431997
mgab,2,moving_statistics,2,0.8571428571428571,1.074241578407964,0.05718508786336016,0.8683291770573566,0.1073035439137134,0.8564523347754737,30445,2.9727342530431997
mgab,2,moving_statistics,2,0.9047619047619048,0.9364868432458024,0.05703706008650465,0.914214463840399,0.10737508054595511,0.9041921527674176,32137,2.9727342530431997
mgab,2,moving_statistics,2,0.9523809523809523,0.7132451492307155,0.05693508336289464,0.9605985037406484,0.10749867440627356,0.9518722959868715,33828,2.9727342530431997
mgab,2,moving_statistics,2,1.0,0.16920418636163959,0.05644707207207207,1.0,0.10686209193870753,1.0,35520,2.9727342530431997
mgab,2,random_control,2,0.047619047619047616,0.6681782749897138,0.0384387936132466,0.032418952618453865,0.03517316017316017,0.048515590034312994,1691,0.7350126386851343
mgab,2,random_control,2,0.09523809523809523,0.6329714592002347,0.0449438202247191,0.07581047381546134,0.056432151475775016,0.09637475757123676,3382,0.7350126386851343
mgab,2,random_control,2,0.14285714285714285,0.6083166822468229,0.051044540796216,0.12917705735660848,0.07317417714366435,0.1436670147695062,5074,0.7350126386851343
mgab,2,random_control,2,0.19047619047619047,0.5892121399158441,0.05336289726533629,0.1800498753117207,0.0823261117445838,0.19107862151275548,6765,0.7350126386851343
mgab,2,random_control,2,0.23809523809523808,0.5724687545043707,0.055102282133144144,0.23241895261845386,0.08908430510418656,0.23843055348351486,8457,0.7350126386851343
mgab,2,random_control,2,0.2857142857142857,0.5577180687312193,0.05488766259361451,0.27780548628428925,0.09166460956142516,0.28617037147545876,10148,0.7350126386851343
mgab,2,random_control,2,0.3333333333333333,0.5436310971031162,0.05363175675675676,0.3167082294264339,0.0917298663777537,0.33432791287483216,11840,0.7350126386851343
mgab,2,random_control,2,0.38095238095238093,0.5307840729701638,0.054467519030374695,0.3675810473815461,0.09487641606591143,0.38173951961808145,13531,0.7350126386851343
mgab,2,random_control,2,0.42857142857142855,0.5175674226516094,0.055380370516357906,0.4204488778054863,0.09786962326580369,0.4290317768163509,15222,0.7350126386851343
mgab,2,random_control,2,0.47619047619047616,0.5049162593509209,0.055043159512829606,0.4643391521197007,0.09841957820180769,0.47689094435327467,16914,0.7350126386851343
mgab,2,random_control,2,0.5238095238095238,0.49237769879482585,0.05455522708949207,0.5062344139650873,0.0984958757884522,0.5248396240489334,18605,0.7350126386851343
mgab,2,random_control,2,0.5714285714285714,0.4795521983874096,0.054441543085185,0.5511221945137157,0.09909425163662451,0.5726391168133671,20297,0.7350126386851343
mgab,2,random_control,2,0.6190476190476191,0.46640509412009123,0.05448426414407859,0.5975062344139651,0.09986245988413286,0.6203192600328211,21988,0.7350126386851343
mgab,2,random_control,2,0.6666666666666666,0.45303973284399035,0.05472972972972973,0.6463840399002494,0.10091493089351762,0.6678800537072952,23680,0.7350126386851343
mgab,2,random_control,2,0.7142857142857143,0.4386069435568061,0.054077490047692245,0.68428927680798,0.10023378141437755,0.7160674324929136,25371,0.7350126386851343
mgab,2,random_control,2,0.7619047619047619,0.42320408504201623,0.05428275811100436,0.7326683291770574,0.10107682251350329,0.7636282261673878,27062,0.7350126386851343
mgab,2,random_control,2,0.8095238095238095,0.40622131797090333,0.05460109897753356,0.7830423940149626,0.10208394291101791,0.811099507683127,28754,0.7350126386851343
mgab,2,random_control,2,0.8571428571428571,0.3863352842899985,0.05485301363113812,0.8329177057356608,0.10292758089368259,0.8585707891988662,30445,0.7350126386851343
mgab,2,random_control,2,0.9047619047619048,0.3617520577540745,0.055170053209695986,0.8842892768079801,0.10386034795852614,0.9059823959421155,32137,0.7350126386851343
mgab,2,random_control,2,0.9523809523809523,0.3259102029983296,0.05572306964644673,0.940149625935162,0.10521028102587002,0.9530956288229151,33828,0.7350126386851343
mgab,2,random_control,2,1.0,0.1351381710719579,0.05644707207207207,1.0,0.10686209193870753,1.0,35520,0.7350126386851343
mgab,2,input_norm_control,2,0.047619047619047616,1.7421761742057242,0.044352454169130695,0.03740648379052369,0.040584415584415584,0.04821721617186334,1691,1.9444967178942534
mgab,2,input_norm_control,2,0.09523809523809523,1.5367973752299804,0.04937906564163217,0.08329177057356608,0.062001113792463335,0.09592719677756228,3382,1.9444967178942534
mgab,2,input_norm_control,2,0.14285714285714285,1.4002874637062632,0.052621206148994876,0.13316708229426433,0.07543438338748411,0.14342831567954648,5074,1.9444967178942534
mgab,2,input_norm_control,2,0.19047619047619047,1.2759488281772065,0.05336289726533629,0.1800498753117207,0.0823261117445838,0.19107862151275548,6765,1.9444967178942534
mgab,2,input_norm_control,2,0.23809523809523808,1.164847928697327,0.05368333924559537,0.22643391521197007,0.08679028866373542,0.23878860211845443,8457,1.9444967178942534
mgab,2,input_norm_control,2,0.2857142857142857,1.0700386599551166,0.054493496255419785,0.27581047381546137,0.09100633588414384,0.2862897210204386,10148,1.9444967178942534
mgab,2,input_norm_control,2,0.3333333333333333,0.9884784139312615,0.05599662162162162,0.3306733167082294,0.09577464788732394,0.3334924660599731,11840,1.9444967178942534
mgab,2,input_norm_control,2,0.38095238095238093,0.9137293343728743,0.056980267533811246,0.38453865336658355,0.09925334706488156,0.38072504848575267,13531,1.9444967178942534
mgab,2,input_norm_control,2,0.42857142857142855,0.8463285084035306,0.05787675732492445,0.4394014962593516,0.10228130260637372,0.42789795613904225,15222,1.9444967178942534
mgab,2,input_norm_control,2,0.47619047619047616,0.7846577021546182,0.05853139411138702,0.4937655860349127,0.10465669432845288,0.47513053856482174,16914,1.9444967178942534
mgab,2,input_norm_control,2,0.5238095238095238,0.7295139289863073,0.05853265251276538,0.543142144638404,0.1056768558951965,0.522631657466806,18605,1.9444967178942534
mgab,2,input_norm_control,2,0.5714285714285714,0.6794150224832265,0.05838301226782283,0.5910224438902744,0.10626849609900457,0.57025212591377,20297,1.9444967178942534
mgab,2,input_norm_control,2,0.6190476190476191,0.6266310513010467,0.05830452974349645,0.6394014962593516,0.10686450214645939,0.617812919588244,21988,1.9444967178942534
mgab,2,input_norm_control,2,0.6666666666666666,0.5747716106729968,0.058023648648648646,0.685286783042394,0.10698851469729415,0.665552737580188,23680,1.9444967178942534
mgab,2,input_norm_control,2,0.7142857142857143,0.5261820038858787,0.05754601710614481,0.7281795511221946,0.10666277030976039,0.7134417425033567,25371,1.9444967178942534
mgab,2,input_norm_control,2,0.7619047619047619,0.48899569404511567,0.05757150247579632,0.7770573566084789,0.10720060549764338,0.7609726987915859,27062,1.9444967178942534
mgab,2,input_norm_control,2,0.8095238095238095,0.43652535627734323,0.05766154274187939,0.8269326683291771,0.10780584544361,0.8084738176935701,28754,1.9444967178942534
mgab,2,input_norm_control,2,0.8571428571428571,0.3777773930469266,0.05751354902282805,0.8733167082294264,0.10791987673343605,0.856153960913024,30445,1.9444967178942534
mgab,2,input_norm_control,2,0.9047619047619048,0.3191511749187157,0.057068176867784794,0.914713216957606,0.10743365942241227,0.9041623153811726,32137,1.9444967178942534
mgab,2,input_norm_control,2,0.9523809523809523,0.21113634312678187,0.05634385715974932,0.9506234413965087,0.10638238495241817,0.9524690437117709,33828,1.9444967178942534
mgab,2,input_norm_control,2,1.0,0.022753793697120273,0.05644707207207207,1.0,0.10686209193870753,1.0,35520,1.9444967178942534
mgab,2,esn_residual,3,0.047619047619047616,0.024028670654203665,0.19515079834417504,0.16897081413210446,0.18111964873765093,0.040545774123395,1691,0.02644669220612883
mgab,2,esn_residual,3,0.09523809523809523,0.022340890628953503,0.12714370195150798,0.2201740911418331,0.16119962511715089,0.0879435159531683,3382,0.02644669220612883
mgab,2,esn_residual,3,0.14285714285714285,0.021269968850234022,0.09992116673236105,0.25960061443932414,0.14430055500213462,0.13605624571752017,5074,0.02644669220612883
mgab,2,esn_residual,3,0.19047619047619047,0.020490084688645993,0.08677014042867702,0.300563236047107,0.13466391374168388,0.18404981082610897,6765,0.02644669220612883
mgab,2,esn_residual,3,0.23809523809523808,0.01981932505474049,0.07816010405581175,0.3384536610343062,0.12699327569644572,0.23225191408228318,8457,0.02644669220612883
mgab,2,esn_residual,3,0.2857142857142857,0.019199201197608318,0.07331493890421759,0.38095238095238093,0.12296504421122223,0.28015610569904964,10148,0.02644669220612883
mgab,2,esn_residual,3,0.3333333333333333,0.01865963384030067,0.06976351351351351,0.4229390681003584,0.1197708982817371,0.32811987964369765,11840,0.02644669220612883
mgab,2,esn_residual,3,0.38095238095238093,0.018154560091474536,0.06651393097332052,0.4608294930875576,0.11624903125807286,0.37629219173593115,13531,0.02644669220612883
mgab,2,esn_residual,3,0.42857142857142855,0.01765841229088494,0.06510314019182761,0.5074244751664106,0.11540029112081512,0.4239580540411714,15222,0.02644669220612883
mgab,2,esn_residual,3,0.47619047619047616,0.01716874437660465,0.06296559063497695,0.5453149001536098,0.11289553188106217,0.4721601572973456,16914,0.02644669220612883
mgab,2,esn_residual,3,0.5238095238095238,0.016678768124080534,0.06143509809191078,0.5852534562211982,0.11119758731394105,0.520213304733816,18605,0.02644669220612883
mgab,2,esn_residual,3,0.5714285714285714,0.01621564148069865,0.059663989752180124,0.6200716845878136,0.10885393258426966,0.5685941549736349,20297,0.02644669220612883
mgab,2,esn_residual,3,0.6190476190476191,0.015725427534079017,0.0583954884482445,0.6574500768049155,0.1072636899043482,0.616796258229809,21988,0.02644669220612883
mgab,2,esn_residual,3,0.6666666666666666,0.015234266970509225,0.057221283783783786,0.6938044034818228,0.10572309132758553,0.6650877349778056,23680,0.02644669220612883
mgab,2,esn_residual,3,0.7142857142857143,0.01470013124247771,0.056836545662370425,0.7383512544802867,0.1055482359830186,0.712872761938809,25371,0.02644669220612883
mgab,2,esn_residual,3,0.7619047619047619,0.014127462277642167,0.05609341512083364,0.7772657450076805,0.10463553334482165,0.7609854917031609,27062,0.02644669220612883
mgab,2,esn_residual,3,0.8095238095238095,0.013504946676945906,0.05602698754955832,0.8248847926267281,0.10492721529292995,0.8086215628444603,28754,0.02644669220612883
mgab,2,esn_residual,3,0.8571428571428571,0.012791718505042127,0.05587124322548859,0.8709677419354839,0.10500648188159764,0.8563172163136413,30445,0.02644669220612883
mgab,2,esn_residual,3,0.9047619047619048,0.011850482760209502,0.055387870678657,0.9114183307731695,0.10442945145203872,0.9043703637501117,32137,0.02644669220612883
mgab,2,esn_residual,3,0.9523809523809523,0.010543510019417113,0.05525008868393047,0.956989247311828,0.10446885218412007,0.9520958083832335,33828,0.02644669220612883
mgab,2,esn_residual,3,1.0,0.003621243088502979,0.05498310810810811,1.0,0.10423504923544953,1.0,35520,0.02644669220612883
mgab,2,delay_line_residual,3,0.047619047619047616,0.05456784025795969,0.05558840922531047,0.048131080389144903,0.051591657519209654,0.04757648881341794,1691,0.05960153595016493
mgab,2,delay_line_residual,3,0.09523809523809523,0.05111248598797147,0.05381431105854524,0.0931899641577061,0.06822867853795689,0.09533172461048053,3382,0.05960153595016493
mgab,2,delay_line_residual,3,0.14285714285714285,0.04873902635380034,0.05380370516357903,0.13978494623655913,0.07770029884730326,0.14302737807966157,5074,0.05960153595016493
mgab,2,delay_line_residual,3,0.19047619047619047,0.04691468425914991,0.056023651145602364,0.19406041986687148,0.08694654737325076,0.19024637292579022,6765,0.05960153595016493
mgab,2,delay_line_residual,3,0.23809523809523808,0.04538068148536922,0.0572306964644673,0.24782386072708654,0.09298751200768492,0.2375249500998004,8457,0.05960153595016493
mgab,2,delay_line_residual,3,0.2857142857142857,0.04397302692856897,0.057252660622782815,0.2974910394265233,0.09602512189075282,0.285012065421396,10148,0.05960153595016493
mgab,2,delay_line_residual,3,0.3333333333333333,0.042670689486357105,0.05641891891891892,0.3420378904249872,0.09686072645544842,0.33282688354634016,11840,0.05960153595016493
mgab,2,delay_line_residual,3,0.38095238095238093,0.04136744498410394,0.0555760845465967,0.38504864311315923,0.0971325238956342,0.38070128399916586,13531,0.05960153595016493
mgab,2,delay_line_residual,3,0.42857142857142855,0.0401924825735307,0.05524898173695966,0.4306195596518177,0.0979330422125182,0.42842672863228765,15222,0.05960153595016493
mgab,2,delay_line_residual,3,0.47619047619047616,0.03908681354542409,0.055457017855031335,0.48028673835125446,0.09943287221073832,0.47594363511782406,16914,0.05960153595016493
mgab,2,delay_line_residual,3,0.5238095238095238,0.037927561347800065,0.05525396398817522,0.5263696876600102,0.10000972857281837,0.5236392885870051,18605,0.05960153595016493
mgab,2,delay_line_residual,3,0.5714285714285714,0.03677187254649539,0.0551805685569296,0.5734767025089605,0.10067415730337079,0.5713051508922453,20297,0.05960153595016493
mgab,2,delay_line_residual,3,0.6190476190476191,0.03562587976244913,0.05525741313443697,0.6221198156682027,0.101499519652479,0.6188518485417225,21988,0.05960153595016493
mgab,2,delay_line_residual,3,0.6666666666666666,0.0344975426679639,0.05464527027027027,0.6625704045058883,0.1009636016073031,0.6669049959781929,23680,0.05960153595016493
mgab,2,delay_line_residual,3,0.7142857142857143,0.033268242691463,0.05466871625083757,0.710189452124936,0.10152247108768848,0.7145112759555515,25371,0.05960153595016493
mgab,2,delay_line_residual,3,0.7619047619047619,0.0319353043266517,0.05454142339812283,0.7557603686635944,0.10174047906255386,0.7622367205886734,27062,0.05960153595016493
mgab,2,delay_line_residual,3,0.8095238095238095,0.030509466483863434,0.05460109897753356,0.8038914490527393,0.10225681440713844,0.8098430005660321,28754,0.05960153595016493
mgab,2,delay_line_residual,3,0.8571428571428571,0.028735151619514454,0.055378551486286745,0.8632872503840245,0.10408049879622198,0.856764083772753,30445,0.05960153595016493
mgab,2,delay_line_residual,3,0.9047619047619048,0.026653817925421208,0.054765535053054114,0.9011776753712237,0.10325608682898212,0.9049661870289272,32137,0.05960153595016493
mgab,2,delay_line_residual,3,0.9523809523809523,0.02367972169480481,0.05477710772141421,0.9487967229902714,0.10357452279142561,0.952572467006286,33828,0.05960153595016493
mgab,2,delay_line_residual,3,1.0,0.005595365768868987,0.05498310810810811,1.0,0.10423504923544953,1.0,35520,0.05960153595016493
mgab,2,persistence_residual,3,0.047619047619047616,0.24844095137461863,0.05322294500295683,0.04608294930875576,0.04939626783754116,0.04769565346918104,1691,0.26416445533783417
mgab,2,persistence_residual,3,0.09523809523809523,0.22812112439510202,0.05292726197516263,0.09165386584741424,0.06710402999062792,0.09542109810230286,3382,0.26416445533783417
mgab,2,persistence_residual,3,0.14285714285714285,0.2067117460036343,0.05340953882538431,0.13876088069636458,0.07713106588871495,0.14308696040754312,5074,0.26416445533783417
mgab,2,persistence_residual,3,0.19047619047619047,0.1893138370919587,0.05439763488543976,0.18842805939580134,0.08442303280568937,0.19057407572913873,6765,0.26416445533783417
mgab,2,persistence_residual,3,0.23809523809523808,0.17420357566021494,0.05533877261440227,0.23963133640552994,0.0899135446685879,0.2380016087228528,8457,0.26416445533783417
mgab,2,persistence_residual,3,0.2857142857142857,0.16050899563185794,0.05557745368545526,0.2887864823348694,0.09321543674076523,0.28551851520838917,10148,0.26416445533783417
mgab,2,persistence_residual,3,0.3333333333333333,0.14791064620288807,0.05625,0.34101382488479265,0.09657072428043209,0.3328864658742217,11840,0.26416445533783417
mgab,2,persistence_residual,3,0.38095238095238093,0.13636840436925013,0.056462936959574314,0.3911930363543267,0.09868251097907517,0.38034379003187657,13531,0.26416445533783417
mgab,2,persistence_residual,3,0.42857142857142855,0.12675155176259523,0.056628563920641174,0.44137224782386075,0.10037845705967975,0.4278011141895314,15222,0.26416445533783417
mgab,2,persistence_residual,3,0.47619047619047616,0.1190538422448526,0.05646210240037838,0.48899129544290837,0.10123496051306513,0.4754371853308309,16914,0.26416445533783417
mgab,2,persistence_residual,3,0.5238095238095238,0.11177091759532232,0.05654393980112873,0.5386584741423451,0.10234458604922658,0.5229243006524265,18605,0.26416445533783417
mgab,2,persistence_residual,3,0.5714285714285714,0.1049086918943658,0.05641227767650392,0.5862775217613927,0.10292134831460674,0.570560371793726,20297,0.26416445533783417
mgab,2,persistence_residual,3,0.6190476190476191,0.09862224243988749,0.056167000181917406,0.6323604710701485,0.10317029363852805,0.618256025262907,21988,0.26416445533783417
mgab,2,persistence_residual,3,0.6666666666666666,0.09231846651323394,0.05633445945945946,0.6830517153097798,0.10408457847306207,0.6657133494205618,23680,0.26416445533783417
mgab,2,persistence_residual,3,0.7142857142857143,0.08561729875191304,0.05620590437901541,0.7301587301587301,0.10437710437710437,0.7133494205618613,25371,0.26416445533783417
mgab,2,persistence_residual,3,0.7619047619047619,0.07825121637108623,0.05579779764984111,0.7731694828469022,0.10408409443391349,0.761223821014687,27062,0.26416445533783417
mgab,2,persistence_residual,3,0.8095238095238095,0.06940166675678938,0.055331432148570635,0.8146441372247823,0.10362458071449508,0.8092173861232759,28754,0.26416445533783417
mgab,2,persistence_residual,3,0.8571428571428571,0.05995442923779137,0.05518147479060601,0.8602150537634409,0.10371010556207173,0.8569428307563977,30445,0.26416445533783417
mgab,2,persistence_residual,3,0.9047619047619048,0.052039753128269695,0.054734418271773964,0.9006656426011265,0.10319741859782927,0.904995978192868,32137,0.26416445533783417
mgab,2,persistence_residual,3,0.9523809523809523,0.04382197410882327,0.05459973986047061,0.9457245263696876,0.1032391492691652,0.9527512139899306,33828,0.26416445533783417
mgab,2,persistence_residual,3,1.0,0.018245854054214306,0.05498310810810811,1.0,0.10423504923544953,1.0,35520,0.26416445533783417
mgab,2,moving_statistics,3,0.047619047619047616,2.6102943085288643,0.04671791839148433,0.04045058883768561,0.0433589462129528,0.048023356272529565,1691,2.9727342530431997
mgab,2,moving_statistics,3,0.09523809523809523,2.396347391533709,0.04730928444707274,0.0819252432155658,0.05998125585754451,0.09598713021717759,3382,2.9727342530431997
mgab,2,moving_statistics,3,0.14285714285714285,2.2955547949386528,0.05005912495072921,0.1300563236047107,0.07229258574071439,0.1435934101945363,5074,2.9727342530431997
mgab,2,moving_statistics,3,0.19047619047619047,2.1839188590402046,0.05232815964523282,0.18125960061443933,0.08121128699242945,0.19099115202430958,6765,2.9727342530431997
mgab,2,moving_statistics,3,0.23809523809523808,2.083148626570619,0.05427456544874069,0.2350230414746544,0.08818443804034581,0.2382697291983198,8457,2.9727342530431997
mgab,2,moving_statistics,3,0.2857142857142857,1.9855535197693825,0.05370516357903035,0.279057859703021,0.09007520039666145,0.28608454732326394,10148,2.9727342530431997
mgab,2,moving_statistics,3,0.3333333333333333,1.8886435823369538,0.05472972972972973,0.3317972350230415,0.0939607047052853,0.3334227068251557,11840,2.9727342530431997
mgab,2,moving_statistics,3,0.38095238095238093,1.8032082152831208,0.0549109452368635,0.38044034818228367,0.09597003358305346,0.38096940447463284,13531,2.9727342530431997
mgab,2,moving_statistics,3,0.42857142857142855,1.722849631740246,0.055183287347260544,0.43010752688172044,0.0978165938864629,0.42845651979622845,15222,2.9727342530431997
mgab,2,moving_statistics,3,0.47619047619047616,1.651620408623785,0.0555752630956604,0.48131080389144903,0.09964488259924738,0.4758840527899425,16914,2.9727342530431997
mgab,2,moving_statistics,3,0.5238095238095238,1.5914387207831169,0.056060198871271165,0.5340501792114696,0.10146901449557351,0.5231924211278934,18605,2.9727342530431997
mgab,2,moving_statistics,3,0.5714285714285714,1.5373655552775745,0.05552544711041041,0.5770609318996416,0.10130337078651686,0.57109661274466,20297,2.9727342530431997
mgab,2,moving_statistics,3,0.6190476190476191,1.475740937149567,0.056121520829543386,0.6318484383000512,0.1030867549392256,0.6182858164268478,21988,2.9727342530431997
mgab,2,moving_statistics,3,0.6666666666666666,1.4010586298954877,0.05591216216216216,0.677931387608807,0.10330433425662232,0.6660112610599697,23680,2.9727342530431997
mgab,2,moving_statistics,3,0.7142857142857143,1.321395324383957,0.05573292341649915,0.7240143369175627,0.10349875567266872,0.7137069145291507,25371,2.9727342530431997
mgab,2,moving_statistics,3,0.7619047619047619,1.238863137037697,0.055982558569211444,0.7757296466973886,0.1044287437532311,0.7610748651949831,27062,2.9727342530431997
mgab,2,moving_statistics,3,0.8095238095238095,1.155103780220088,0.05609654308965709,0.8259088581669227,0.10505747875077344,0.8085619805165788,28754,2.9727342530431997
mgab,2,moving_statistics,3,0.8571428571428571,1.0745863902484416,0.05600262768927574,0.873015873015873,0.10525341070436446,0.8561980516578783,30445,2.9727342530431997
mgab,2,moving_statistics,3,0.9047619047619048,0.9370821932207036,0.055761272054018735,0.9175627240143369,0.1051334702258727,0.9040128697828225,32137,2.9727342530431997
mgab,2,moving_statistics,3,0.9523809523809523,0.7143646713539056,0.05560482440581767,0.9631336405529954,0.1051395992286409,0.9517383144159443,33828,2.9727342530431997
mgab,2,moving_statistics,3,1.0,0.16920418636163959,0.05498310810810811,1.0,0.10423504923544953,1.0,35520,2.9727342530431997
mgab,2,random_control,3,0.047619047619047616,0.6695829273367053,0.06564163217031342,0.05683563748079877,0.06092206366630077,0.04707003902642476,1691,0.7314911021546777
mgab,2,random_control,3,0.09523809523809523,0.6339363774086451,0.05913660555884092,0.10240655401945725,0.07497656982193064,0.09479548365954658,3382,0.7314911021546777
mgab,2,random_control,3,0.14285714285714285,0.6103163083657819,0.058533701221915646,0.15207373271889402,0.08453109435036288,0.14231239014508296,5074,0.7314911021546777
mgab,2,random_control,3,0.19047619047619047,0.5910935397753292,0.05631929046563193,0.19508448540706605,0.08740536820371646,0.19018679059790866,6765,0.7314911021546777
mgab,2,random_control,3,0.23809523809523808,0.5741366131692303,0.05451105592999882,0.23604710701484896,0.08856868395773296,0.23821014687043823,8457,0.7314911021546777
mgab,2,random_control,3,0.2857142857142857,0.5588824276123887,0.055281828931809225,0.2872503840245776,0.09271960994959096,0.28560788870021153,10148,0.7314911021546777
mgab,2,random_control,3,0.3333333333333333,0.5454887156743098,0.05405405405405406,0.3277009728622632,0.09280069600522005,0.33366103613668185,11840,0.7314911021546777
mgab,2,random_control,3,0.38095238095238093,0.5319480639263929,0.053432857881900823,0.37019969278033793,0.09338672177731852,0.3815652277534483,13531,0.7314911021546777
mgab,2,random_control,3,0.42857142857142855,0.5189035821335892,0.05373801077387991,0.4188428059395801,0.095254730713246,0.4291119254029255,15222,0.7314911021546777
mgab,2,random_control,3,0.47619047619047616,0.5061382764183691,0.0537424618659099,0.46543778801843316,0.09635872157735728,0.4768075788721065,16914,0.7314911021546777
mgab,2,random_control,3,0.5238095238095238,0.49350732728726143,0.05364149422198334,0.5110087045570917,0.0970911567273081,0.5245330235052283,18605,0.7314911021546777
mgab,2,random_control,3,0.5714285714285714,0.48115268886431295,0.05380105434300635,0.5591397849462365,0.09815730337078651,0.572139303482587,20297,0.7314911021546777
mgab,2,random_control,3,0.6190476190476191,0.46840536622084983,0.05443878479170457,0.6129032258064516,0.09999582306503488,0.6193880894926564,21988,0.7314911021546777
mgab,2,random_control,3,0.6666666666666666,0.4552246052035116,0.05396959459459459,0.6543778801843319,0.09971521086099949,0.6673816546012453,23680,0.7314911021546777
mgab,2,random_control,3,0.7142857142857143,0.4417200714851788,0.054156320208111626,0.7035330261136713,0.10057092665788317,0.7148985610867816,25371,0.7314911021546777
mgab,2,random_control,3,0.7619047619047619,0.42753255329080275,0.053950188456137756,0.7475678443420379,0.10063760124073753,0.7627133792117258,27062,0.7314911021546777
mgab,2,random_control,3,0.8095238095238095,0.4114098779559754,0.05425332127703972,0.7987711213517665,0.10160549711792101,0.8101409122054398,28754,0.7314911021546777
mgab,2,random_control,3,0.8571428571428571,0.3934784290263451,0.05462309081951059,0.851510496671787,0.10266065806531267,0.8574492805433909,30445,0.7314911021546777
mgab,2,random_control,3,0.9047619047619048,0.3689023807041849,0.05504558608457541,0.9057859703020993,0.10378410090935758,0.9046980665534602,32137,0.7314911021546777
mgab,2,random_control,3,0.9523809523809523,0.33304447590217023,0.05501359820267234,0.9528929851510497,0.10402168748777285,0.9523341376947597,33828,0.7314911021546777
mgab,2,random_control,3,1.0,0.13562266453527627,0.05498310810810811,1.0,0.10423504923544953,1.0,35520,0.7314911021546777
mgab,2,input_norm_control,3,0.047619047619047616,1.7402515194298758,0.041986989946777055,0.03635432667690732,0.03896816684961581,0.04826168558405577,1691,1.9444967178942534
mgab,2,input_norm_control,3,0.09523809523809523,1.536441367205498,0.04701360141927853,0.08141321044546851,0.05960637300843487,0.09601692138111836,3382,1.9444967178942534
mgab,2,input_norm_control,3,0.14285714285714285,1.399606730114101,0.05084745762711865,0.13210445468509985,0.07343105165789099,0.1434742455387732,5074,1.9444967178942534
mgab,2,input_norm_control,3,0.19047619047619047,1.2752455836980516,0.05218033998521803,0.18074756784434204,0.0809818765771966,0.19102094318825036,6765,1.9444967178942534
mgab,2,input_norm_control,3,0.23809523809523808,1.164696397854641,0.05250088683930472,0.22734254992319508,0.08530259365994237,0.23871659665743142,8457,1.9444967178942534
mgab,2,input_norm_control,3,0.2857142857142857,1.0700829469242308,0.05350808040993299,0.2780337941628264,0.08974464920254524,0.2861441296511455,10148,1.9444967178942534
mgab,2,input_norm_control,3,0.3333333333333333,0.9886502230683618,0.055152027027027026,0.3343573988735279,0.09468571014282606,0.33327375100545176,11840,1.9444967178942534
mgab,2,input_norm_control,3,0.38095238095238093,0.9147042093859454,0.05616731948858177,0.3891449052739375,0.09816584861792818,0.38046295468763963,13531,1.9444967178942534
mgab,2,input_norm_control,3,0.42857142857142855,0.8473205773398149,0.05695703586913677,0.44393241167434716,0.10096069868995632,0.4276521583698275,15222,1.9444967178942534
mgab,2,input_norm_control,3,0.47619047619047616,0.7854705575145999,0.05764455480666903,0.49923195084485406,0.10335506439815549,0.4748413620520154,16914,1.9444967178942534
mgab,2,input_norm_control,3,0.5238095238095238,0.7300691585378445,0.05767266863746305,0.5494111623143881,0.10438758634108376,0.5222986862096702,18605,1.9444967178942534
mgab,2,input_norm_control,3,0.5714285714285714,0.679872773025636,0.05715130314824851,0.593958013312852,0.1042696629213483,0.5701135043346144,20297,1.9444967178942534
mgab,2,input_norm_control,3,0.6190476190476191,0.6273008391608528,0.05707658722939785,0.6426011264720942,0.10484106762457708,0.6176602019840916,21988,1.9444967178942534
mgab,2,input_norm_control,3,0.6666666666666666,0.5753862924466375,0.05671452702702703,0.6876600102406554,0.10478679826785783,0.6654452289450948,23680,1.9444967178942534
mgab,2,input_norm_control,3,0.7142857142857143,0.5267103690484873,0.0562453194592251,0.7306707629288275,0.10445030010247403,0.7133196293979206,25371,1.9444967178942534
mgab,2,input_norm_control,3,0.7619047619047619,0.4896961536746858,0.05635208040795211,0.7808499743983615,0.10511804239186627,0.7607769535555754,27062,1.9444967178942534
mgab,2,input_norm_control,3,0.8095238095238095,0.43754696785345004,0.05651387633024971,0.8320532514080902,0.10583905949783438,0.8082044865492894,28754,1.9444967178942534
mgab,2,input_norm_control,3,0.8571428571428571,0.37871547907661807,0.05629824273279685,0.8776241679467486,0.10580900055558985,0.8559299311824113,30445,1.9444967178942534
mgab,2,input_norm_control,3,0.9047619047619048,0.31996531457343735,0.05582350561657902,0.9185867895545314,0.10525080668817835,0.9039532874549409,32137,1.9444967178942534
mgab,2,input_norm_control,3,0.9523809523809523,0.21184627272668877,0.05501359820267234,0.9528929851510497,0.10402168748777285,0.9523341376947597,33828,1.9444967178942534
mgab,2,input_norm_control,3,1.0,0.022753793697120273,0.05498310810810811,1.0,0.10423504923544953,1.0,35520,1.9444967178942534
mgab,2,esn_residual,4,0.047619047619047616,0.0242273823605359,0.166173861620343,0.1401496259351621,0.15205627705627706,0.042070714605400565,1691,0.026726723016103904
mgab,2,esn_residual,4,0.09523809523809523,0.022558100291945493,0.11797752808988764,0.19900249376558604,0.1481343976239094,0.08900492316873042,3382,0.026726723016103904
mgab,2,esn_residual,4,0.14285714285714285,0.021501519344113262,0.09893575088687426,0.25037406483790525,0.14182794179968922,0.13641652991197972,5074,0.026726723016103904
mgab,2,esn_residual,4,0.19047619047619047,0.020690685436903777,0.08736141906873614,0.2947630922693267,0.1347776510832383,0.18421602267641354,6765,0.026726723016103904
mgab,2,esn_residual,4,0.23809523809523808,0.019978167848222483,0.08052500886839305,0.3396508728179551,0.13018543299560315,0.2320155154408474,8457,0.026726723016103904
mgab,2,esn_residual,4,0.2857142857142857,0.01934135625390354,0.07577847851793457,0.3835411471321696,0.12655311445733564,0.27984484559152617,10148,0.026726723016103904
mgab,2,esn_residual,4,0.3333333333333333,0.018767896622435387,0.07221283783783784,0.42643391521197005,0.12351029252437704,0.3277636879009399,11840,0.026726723016103904
mgab,2,esn_residual,4,0.38095238095238093,0.018261906697560448,0.06924839258000148,0.46733167082294264,0.1206230690010299,0.37577204236908845,13531,0.026726723016103904
mgab,2,esn_residual,4,0.42857142857142855,0.017738339830046357,0.06556300091972146,0.4977556109725686,0.11586463110233937,0.42440698194838133,15222,0.026726723016103904
mgab,2,esn_residual,4,0.47619047619047616,0.017262340559568656,0.06373418469906586,0.5376558603491272,0.11395951160209311,0.4725048485752648,16914,0.026726723016103904
mgab,2,esn_residual,4,0.5238095238095238,0.01676376680191538,0.06138134909970438,0.5695760598503741,0.11081999029597281,0.5210502759958228,18605,0.026726723016103904
mgab,2,esn_residual,4,0.5714285714285714,0.016274497924968045,0.06045228358870769,0.6119700748129676,0.1100349744417541,0.5689989556914814,20297,0.026726723016103904
mgab,2,esn_residual,4,0.6190476190476191,0.01579433069301217,0.059850827724213206,0.656359102244389,0.109698662109782,0.6167984484559152,21988,0.026726723016103904
mgab,2,esn_residual,4,0.6666666666666666,0.015283668139346673,0.05907939189189189,0.6977556109725686,0.10893517617286352,0.6648068029240638,23680,0.026726723016103904
mgab,2,esn_residual,4,0.7142857142857143,0.014742057200692216,0.058689054432225767,0.742643391521197,0.10878141437755699,0.7125764583022527,25371,0.026726723016103904
mgab,2,esn_residual,4,0.7619047619047619,0.0141745304103722,0.05842140270489986,0.7885286783042394,0.1087831561564661,0.7602864389079517,27062,0.026726723016103904
mgab,2,esn_residual,4,0.8095238095238095,0.013554753205255565,0.05814843152257077,0.8339152119700748,0.10871614811924965,0.8080560942861406,28754,0.026726723016103904
mgab,2,esn_residual,4,0.8571428571428571,0.012813638576901099,0.05748070290688126,0.8728179551122195,0.10785824345146379,0.8561837982992689,30445,0.026726723016103904
mgab,2,esn_residual,4,0.9047619047619048,0.011916547383052034,0.05737934468058624,0.9197007481296758,0.10801944818698377,0.903863941518723,32137,0.026726723016103904
mgab,2,esn_residual,4,0.9523809523809523,0.010614323875657306,0.05687596074258011,0.9596009975062344,0.10738704546088802,0.9519319707593615,33828,0.026726723016103904
mgab,2,esn_residual,4,1.0,0.004437065646555993,0.05644707207207207,1.0,0.10686209193870753,1.0,35520,0.026726723016103904
mgab,2,delay_line_residual,4,0.047619047619047616,0.05459080444478559,0.056179775280898875,0.04738154613466334,0.051406926406926415,0.04762046844696405,1691,0.059533579275509396
mgab,2,delay_line_residual,4,0.09523809523809523,0.05111953770548894,0.054701360141927856,0.09226932668329177,0.06868386857248933,0.09539012382515291,3382,0.059533579275509396
mgab,2,delay_line_residual,4,0.14285714285714285,0.04875799075171017,0.05557745368545526,0.14064837905236907,0.07967227009464613,0.142980754885872,5074,0.059533579275509396
mgab,2,delay_line_residual,4,0.19047619047619047,0.0469315798886214,0.057649667405764965,0.19451371571072318,0.08893956670467504,0.1902133373116515,6765,0.059533579275509396
mgab,2,delay_line_residual,4,0.23809523809523808,0.045391638955209146,0.05888612983327421,0.2483790523690773,0.09520168227872298,0.23747575712367597,8457,0.059533579275509396
mgab,2,delay_line_residual,4,0.2857142857142857,0.0439816018569843,0.05892786756011037,0.29825436408977557,0.0984119147535588,0.2849470386394152,10148,0.059533579275509396
mgab,2,delay_line_residual,4,0.3333333333333333,0.042675536623278276,0.05819256756756757,0.34364089775561096,0.09953051643192488,0.33271669401760406,11840,0.059533579275509396
mgab,2,delay_line_residual,4,0.38095238095238093,0.04137194428832913,0.05742369374030005,0.38753117206982546,0.10002574665293512,0.38054602416828287,13531,0.059533579275509396
mgab,2,delay_line_residual,4,0.42857142857142855,0.04019827063257253,0.056891341479437654,0.4319201995012469,0.10053985023509607,0.4283455169327167,15222,0.059533579275509396
mgab,2,delay_line_residual,4,0.47619047619047616,0.03908376980049866,0.05705332860352371,0.48129675810473815,0.1020138485120778,0.47587647322094584,16914,0.059533579275509396
mgab,2,delay_line_residual,4,0.5238095238095238,0.03791951549575856,0.05675893576995431,0.5266832917705736,0.10247452692867541,0.5236162912128898,18605,0.059533579275509396
mgab,2,delay_line_residual,4,0.5714285714285714,0.03675389909739124,0.05695422968911662,0.5765586034912719,0.1036678324813918,0.5711174101148739,20297,0.059533579275509396
mgab,2,delay_line_residual,4,0.6190476190476191,0.03562164560480596,0.05680371111515372,0.6229426433915212,0.10411369982911683,0.618797553334328,21988,0.059533579275509396
mgab,2,delay_line_residual,4,0.6666666666666666,0.03448856526972577,0.056081081081081084,0.6623441396508728,0.10340665758224644,0.6669252573474563,23680,0.059533579275509396
mgab,2,delay_line_residual,4,0.7142857142857143,0.03324728192421844,0.056048244058176655,0.7092269326683291,0.10388661601402688,0.7145755631806654,25371,0.059533579275509396
mgab,2,delay_line_residual,4,0.7619047619047619,0.031911604904905744,0.05583474983371517,0.7536159600997506,0.10396669762961433,0.7623750559450992,27062,0.059533579275509396
mgab,2,delay_line_residual,4,0.8095238095238095,0.030487069550048318,0.05595743200945955,0.8024937655860349,0.10461978607887122,0.8099358496195733,28754,0.059533579275509396
mgab,2,delay_line_residual,4,0.8571428571428571,0.028710560323105483,0.056725242240105105,0.8613466334164589,0.10644067796610168,0.8568700581829032,30445,0.059533579275509396
mgab,2,delay_line_residual,4,0.9047619047619048,0.026638397105728018,0.05625914055450104,0.9017456359102244,0.10591060863452638,0.9049380874235416,32137,0.059533579275509396
mgab,2,delay_line_residual,4,0.9523809523809523,0.023675604461857347,0.05619605060896299,0.9481296758104738,0.10610331258895432,0.9526182306429957,33828,0.059533579275509396
mgab,2,delay_line_residual,4,1.0,0.005554710488695491,0.05644707207207207,1.0,0.10686209193870753,1.0,35520,0.059533579275509396
mgab,2,persistence_residual,4,0.047619047619047616,0.24844614672531407,0.054405677114133646,0.04588528678304239,0.049783549783549784,0.04770998060569894,1691,0.26416445533783417
mgab,2,persistence_residual,4,0.09523809523809523,0.22815402412390995,0.054109994086339444,0.0912718204488778,0.06794134026359754,0.09544979859764284,3382,0.26416445533783417
mgab,2,persistence_residual,4,0.14285714285714285,0.20679009224011224,0.054592037839968466,0.13815461346633418,0.0782596411922588,0.14312994181709682,5074,0.26416445533783417
mgab,2,persistence_residual,4,0.19047619047619047,0.18932285626851808,0.055284552845528454,0.18653366583541148,0.08529076396807297,0.19069073549157095,6765,0.26416445533783417
mgab,2,persistence_residual,4,0.23809523809523808,0.1741959786793359,0.05616648929880572,0.23690773067331672,0.09080481743452494,0.23816201700731016,8457,0.26416445533783417
mgab,2,persistence_residual,4,0.2857142857142857,0.1605003701371288,0.056562869530942056,0.286284289276808,0.09446227268987081,0.2856631359092943,10148,0.26416445533783417
mgab,2,persistence_residual,4,0.3333333333333333,0.14790344398215893,0.05717905405405405,0.3376558603491272,0.09779703864210908,0.3330747426525436,11840,0.26416445533783417
mgab,2,persistence_residual,4,0.38095238095238093,0.13630617478270324,0.057497598108048185,0.38802992518703244,0.10015447991761071,0.3805161867820379,13531,0.26416445533783417
mgab,2,persistence_residual,4,0.42857142857142855,0.12671611400082838,0.057679674155827095,0.4379052369077307,0.1019330121321182,0.4279874682977771,15222,0.26416445533783417
mgab,2,persistence_residual,4,0.47619047619047616,0.11902301360601086,0.05734894170509637,0.4837905236907731,0.10254241767535283,0.475727286289721,16914,0.26416445533783417
mgab,2,persistence_residual,4,0.5238095238095238,0.1117488226984733,0.05761891964525665,0.5346633416458852,0.10402717127607956,0.5231388930329703,18605,0.26416445533783417
mgab,2,persistence_residual,4,0.5714285714285714,0.10488135808998322,0.057594718431295266,0.5830423940149626,0.10483364720652857,0.5707295240936894,20297,0.26416445533783417
mgab,2,persistence_residual,4,0.6190476190476191,0.09861411929671249,0.057303983991267966,0.628428927680798,0.10503063393489767,0.6184693420856333,21988,0.26416445533783417
mgab,2,persistence_residual,4,0.6666666666666666,0.09229876526865155,0.05755912162162162,0.6798004987531172,0.1061319836480436,0.6658809488288826,23680,0.26416445533783417
mgab,2,persistence_residual,4,0.7142857142857143,0.08558392354456146,0.057427771865515745,0.7266832917705736,0.10644360023378142,0.7135312546620916,25371,0.26416445533783417
mgab,2,persistence_residual,4,0.7619047619047619,0.07821794718404362,0.057017219717685315,0.769576059850374,0.10616850724188942,0.7614202595852604,27062,0.26416445533783417
mgab,2,persistence_residual,4,0.8095238095238095,0.06935759272977293,0.05658343187034847,0.8114713216957606,0.10579017523326506,0.809398776667164,28754,0.26416445533783417
mgab,2,persistence_residual,4,0.8571428571428571,0.059894703920804204,0.056429627196584,0.856857855361596,0.10588597842835132,0.8571385946591079,30445,0.26416445533783417
mgab,2,persistence_residual,4,0.9047619047619048,0.052039753128269695,0.05607243986682017,0.8987531172069826,0.10555913537578347,0.9051171117410115,32137,0.26416445533783417
mgab,2,persistence_residual,4,0.9523809523809523,0.043840501232352835,0.05607780536833393,0.9461346633416459,0.10588005469818323,0.9527375801879755,33828,0.26416445533783417
mgab,2,persistence_residual,4,1.0,0.018245854054214306,0.05644707207207207,1.0,0.10686209193870753,1.0,35520,0.26416445533783417
mgab,2,moving_statistics,4,0.047619047619047616,2.6110968466418853,0.04671791839148433,0.03940149625935162,0.042748917748917745,0.048097866626883486,1691,2.9703877526326323
mgab,2,moving_statistics,4,0.09523809523809523,2.396456971993757,0.04730928444707274,0.0798004987531172,0.05940226471134211,0.09613605848127704,3382,2.9703877526326323
mgab,2,moving_statistics,4,0.14285714285714285,2.295609812479597,0.050650374458021286,0.1281795511221945,0.07260912558270942,0.14372668954199613,5074,2.9703877526326323
mgab,2,moving_statistics,4,0.19047619047619047,2.1839188590402046,0.05306725794530673,0.17905236907730673,0.08187001140250855,0.19113829628524542,6765,2.9703877526326323
mgab,2,moving_statistics,4,0.23809523809523808,2.0834952213690485,0.05533877261440227,0.23341645885286783,0.0894666411775951,0.2383708787110249,8457,2.9703877526326323
mgab,2,moving_statistics,4,0.2857142857142857,1.9856996243815956,0.05478912100906583,0.2773067331670823,0.09150004114210483,0.2862002088617037,10148,2.9703877526326323
mgab,2,moving_statistics,4,0.3333333333333333,1.8887302418497711,0.05591216216216216,0.33017456359102243,0.09563019140483929,0.33352230344621814,11840,2.9703877526326323
mgab,2,moving_statistics,4,0.38095238095238093,1.8031385638551,0.056019510753085505,0.37805486284289275,0.09757981462409887,0.3811129345069372,13531,2.9703877526326323
mgab,2,moving_statistics,4,0.42857142857142855,1.722849631740246,0.0563657863618447,0.427930174563591,0.09961107563708134,0.42858421602267643,15222,2.9703877526326323
mgab,2,moving_statistics,4,0.47619047619047616,1.651620408623785,0.05669859288163651,0.47830423940149625,0.1013795655161478,0.47605549753841564,16914,2.9703877526326323
mgab,2,moving_statistics,4,0.5238095238095238,1.5913885359968845,0.05718892770760548,0.5306733167082295,0.10325084910237747,0.52337759212293,18605,2.9703877526326323
mgab,2,moving_statistics,4,0.5714285714285714,1.5371167179928307,0.056510814406069865,0.5720698254364089,0.10286072997937405,0.5713859465910787,20297,2.9703877526326323
mgab,2,moving_statistics,4,0.6190476190476191,1.4755438452748422,0.05712206658177187,0.6264339152119701,0.10469720335097737,0.6185886916306131,21988,2.9703877526326323
mgab,2,moving_statistics,4,0.6666666666666666,1.4008139517081872,0.05705236486486486,0.6738154613466334,0.10519758613977029,0.6662389974638222,23680,2.9703877526326323
mgab,2,moving_statistics,4,0.7142857142857143,1.3208643532216229,0.05687596074258011,0.7197007481296758,0.1054208065458796,0.7139489780695211,25371,2.9703877526326323
mgab,2,moving_statistics,4,0.7619047619047619,1.2381425712574128,0.057128076269307514,0.771072319201995,0.10637492689304022,0.7613307474265254,27062,2.9703877526326323
mgab,2,moving_statistics,4,0.8095238095238095,1.1547007474273414,0.05734854281143493,0.8224438902743142,0.10722065086641308,0.8087423541697747,28754,2.9703877526326323
mgab,2,moving_statistics,4,0.8571428571428571,1.074014069939949,0.05718508786336016,0.8683291770573566,0.1073035439137134,0.8564523347754737,30445,2.9703877526326323
mgab,2,moving_statistics,4,0.9047619047619048,0.9365362470789478,0.05703706008650465,0.914214463840399,0.10737508054595511,0.9041921527674176,32137,2.9703877526326323
mgab,2,moving_statistics,4,0.9523809523809523,0.7132451492307155,0.05693508336289464,0.9605985037406484,0.10749867440627356,0.9518722959868715,33828,2.9703877526326323
mgab,2,moving_statistics,4,1.0,0.16920418636163959,0.05644707207207207,1.0,0.10686209193870753,1.0,35520,2.9703877526326323
mgab,2,random_control,4,0.047619047619047616,0.670089673179973,0.06978119455943228,0.05885286783042394,0.06385281385281386,0.04693420856332985,1691,0.7421314334646922
mgab,2,random_control,4,0.09523809523809523,0.6352051608860165,0.06948551153163808,0.1172069825436409,0.08724707629478373,0.09389825451290466,3382,0.7421314334646922
mgab,2,random_control,4,0.14285714285714285,0.6100711913600207,0.06621994481671266,0.16758104738154614,0.09492866224042945,0.14136953602864388,5074,0.7421314334646922
mgab,2,random_control,4,0.19047619047619047,0.5906421732238414,0.06356245380635625,0.2144638403990025,0.09806157354618016,0.1890198418618529,6765,0.7421314334646922
mgab,2,random_control,4,0.23809523809523808,0.5738365933148089,0.06456190138346932,0.27231920199501247,0.10437774804052764,0.23604356258391765,8457,0.7421314334646922
mgab,2,random_control,4,0.2857142857142857,0.5584080075745987,0.06326369728025226,0.3201995012468828,0.10565292520365341,0.2836341936446367,10148,0.7421314334646922
mgab,2,random_control,4,0.3333333333333333,0.5446824558557637,0.0625,0.3690773067331671,0.1068977970386421,0.33119498731911085,11840,0.7421314334646922
mgab,2,random_control,4,0.38095238095238093,0.531909721546981,0.062079668908432487,0.41895261845386533,0.10813594232749743,0.37866626883485005,13531,0.7421314334646922
mgab,2,random_control,4,0.42857142857142855,0.5192622392842168,0.06181842070687164,0.4693266832917706,0.1092471120914843,0.4261077129643443,15222,0.7421314334646922
mgab,2,random_control,4,0.47619047619047616,0.5071487387190245,0.06190138346931536,0.5221945137157107,0.11068238278978805,0.4734298075488587,16914,0.7421314334646922
mgab,2,random_control,4,0.5238095238095238,0.4944744405424899,0.061327600107497986,0.569077306733167,0.11072295002426008,0.5210801133820677,18605,0.7421314334646922
mgab,2,random_control,4,0.5714285714285714,0.48234896955864315,0.0607971621421885,0.6154613466334165,0.11066272083221235,0.5687900939877667,20297,0.7421314334646922
mgab,2,random_control,4,0.6190476190476191,0.4698538243205803,0.06126068764780789,0.6718204488778055,0.11228274913516441,0.6158734894823213,21988,0.7421314334646922
mgab,2,random_control,4,0.6666666666666666,0.4568836712301163,0.06072635135135135,0.7172069825436409,0.1119719680747518,0.6636431448605102,23680,0.7421314334646922
mgab,2,random_control,4,0.7142857142857143,0.4434118071794728,0.060068582239564856,0.7600997506234414,0.11133839859731151,0.711532149783679,25371,0.7421314334646922
mgab,2,random_control,4,0.7619047619047619,0.4283997937041022,0.0593821594856256,0.8014962593516209,0.11057212646643959,0.7595106668655826,27062,0.7421314334646922
mgab,2,random_control,4,0.8095238095238095,0.4115391662817274,0.05929609793420046,0.8503740648379052,0.11086186156897168,0.8070714605400567,28754,0.7421314334646922
mgab,2,random_control,4,0.8571428571428571,0.39269191372932255,0.058498932501231726,0.888279301745636,0.109768875192604,0.855258839325675,30445,0.7421314334646922
mgab,2,random_control,4,0.9047619047619048,0.3681653402629763,0.05744157824314653,0.9206982543640898,0.10813660593989809,0.903804266746233,32137,0.7421314334646922
mgab,2,random_control,4,0.9523809523809523,0.33342477625592437,0.056757715501951043,0.9576059850374065,0.10716378757011692,0.9520513203043414,33828,0.7421314334646922
mgab,2,random_control,4,1.0,0.10797649111600549,0.05644707207207207,1.0,0.10686209193870753,1.0,35520,0.7421314334646922
mgab,2,input_norm_control,4,0.047619047619047616,1.7420222894479593,0.0449438202247191,0.03790523690773067,0.04112554112554112,0.04818737878561838,1691,1.9444967178942534
mgab,2,input_norm_control,4,0.09523809523809523,1.5367633217583716,0.04937906564163217,0.08329177057356608,0.062001113792463335,0.09592719677756228,3382,1.9444967178942534
mgab,2,input_norm_control,4,0.14285714285714285,1.4001010188312648,0.052621206148994876,0.13316708229426433,0.07543438338748411,0.14342831567954648,5074,1.9444967178942534
mgab,2,input_norm_control,4,0.19047619047619047,1.2762368687317576,0.05336289726533629,0.1800498753117207,0.0823261117445838,0.19107862151275548,6765,1.9444967178942534
mgab,2,input_norm_control,4,0.23809523809523808,1.165276534455188,0.05368333924559537,0.22643391521197007,0.08679028866373542,0.23878860211845443,8457,1.9444967178942534
mgab,2,input_norm_control,4,0.2857142857142857,1.0703289044759003,0.054493496255419785,0.27581047381546137,0.09100633588414384,0.2862897210204386,10148,1.9444967178942534
mgab,2,input_norm_control,4,0.3333333333333333,0.9886031378655389,0.05599662162162162,0.3306733167082294,0.09577464788732394,0.3334924660599731,11840,1.9444967178942534
mgab,2,input_norm_control,4,0.38095238095238093,0.9142770660100723,0.056980267533811246,0.38453865336658355,0.09925334706488156,0.38072504848575267,13531,1.9444967178942534
mgab,2,input_norm_control,4,0.42857142857142855,0.8466896681143226,0.05781106293522533,0.4389027431421446,0.10216520578162187,0.4279277935252872,15222,1.9444967178942534
mgab,2,input_norm_control,4,0.47619047619047616,0.7848836490843496,0.05853139411138702,0.4937655860349127,0.10465669432845288,0.47513053856482174,16914,1.9444967178942534
mgab,2,input_norm_control,4,0.5238095238095238,0.7296076163097496,0.05853265251276538,0.543142144638404,0.1056768558951965,0.522631657466806,18605,1.9444967178942534
mgab,2,input_norm_control,4,0.5714285714285714,0.6795466213743566,0.05833374390303986,0.5905236907730673,0.10617881804322483,0.5702819633000149,20297,1.9444967178942534
mgab,2,input_norm_control,4,0.6190476190476191,0.6267841580338427,0.05830452974349645,0.6394014962593516,0.10686450214645939,0.617812919588244,21988,1.9444967178942534
mgab,2,input_norm_control,4,0.6666666666666666,0.5749425854737638,0.058023648648648646,0.685286783042394,0.10698851469729415,0.665552737580188,23680,1.9444967178942534
mgab,2,input_norm_control,4,0.7142857142857143,0.5263910787534769,0.05746718694572543,0.7271820448877806,0.1065166569257744,0.7135014172758466,25371,1.9444967178942534
mgab,2,input_norm_control,4,0.7619047619047619,0.48919340824886604,0.05757150247579632,0.7770573566084789,0.10720060549764338,0.7609726987915859,27062,1.9444967178942534
mgab,2,input_norm_control,4,0.8095238095238095,0.436883482916528,0.05766154274187939,0.8269326683291771,0.10780584544361,0.8084738176935701,28754,1.9444967178942534
mgab,2,input_norm_control,4,0.8571428571428571,0.3782184778146984,0.05748070290688126,0.8728179551122195,0.10785824345146379,0.8561837982992689,30445,1.9444967178942534
mgab,2,input_norm_control,4,0.9047619047619048,0.31946433495886595,0.057068176867784794,0.914713216957606,0.10743365942241227,0.9041623153811726,32137,1.9444967178942534
mgab,2,input_norm_control,4,0.9523809523809523,0.21113634312678187,0.05634385715974932,0.9506234413965087,0.10638238495241817,0.9524690437117709,33828,1.9444967178942534
mgab,2,input_norm_control,4,1.0,0.022753793697120273,0.05644707207207207,1.0,0.10686209193870753,1.0,35520,1.9444967178942534
mgab,3,esn_residual,0,0.047619047619047616,0.023950088943124115,0.1856889414547605,0.13050706566916043,0.15328288991945327,0.04158362022105454,1691,0.027463069751853197
mgab,3,esn_residual,0,0.09523809523809523,0.022251189288112982,0.12950916617386163,0.18204488778054864,0.15134761575673808,0.08890499486621972,3382,0.027463069751853197
mgab,3,esn_residual,0,0.14285714285714285,0.021176161202177468,0.11036657469452109,0.23275145469659186,0.1497326203208556,0.13631696563387086,5074,0.027463069751853197
mgab,3,esn_residual,0,0.19047619047619047,0.020377840215218157,0.09830007390983,0.27639235245220284,0.1450223530694581,0.18421211572144713,6765,0.027463069751853197
mgab,3,esn_residual,0,0.23809523809523808,0.019689374128390114,0.0930590043750739,0.32709891936824603,0.14489551689220287,0.23162408648909827,8457,0.027463069751853197
mgab,3,esn_residual,0,0.2857142857142857,0.019118665321414596,0.08799763500197083,0.3711554447215295,0.1422654134140513,0.2794890378691792,10148,0.027463069751853197
mgab,3,esn_residual,0,0.3333333333333333,0.018574579182526918,0.08403716216216216,0.41354945968412304,0.13968833356731714,0.32750498278673673,11840,0.027463069751853197
mgab,3,esn_residual,0,0.38095238095238093,0.01804803981961811,0.08129480452294731,0.457190357439734,0.1380435464642028,0.37540013287431295,13531,0.027463069751853197
mgab,3,esn_residual,0,0.42857142857142855,0.017552715974943567,0.07883326763894363,0.49875311720698257,0.13614703880190607,0.42344627649936584,15222,0.027463069751853197
mgab,3,esn_residual,0,0.47619047619047616,0.01708275074162202,0.07614993496511765,0.5353283458021613,0.13333333333333333,0.47188500332185784,16914,0.027463069751853197
mgab,3,esn_residual,0,0.5238095238095238,0.01661369546158653,0.07476484815909702,0.5781379883624272,0.13240683451525392,0.5198405508244247,18605,0.027463069751853197
mgab,3,esn_residual,0,0.5714285714285714,0.016133472983966612,0.07370547371532739,0.6217788861180382,0.1317887503854116,0.5677658996194963,20297,0.027463069751853197
mgab,3,esn_residual,0,0.6190476190476191,0.015683108410769364,0.07208477351282518,0.6587697423108895,0.1299499877018939,0.6161442290269976,21988,0.027463069751853197
mgab,3,esn_residual,0,0.6666666666666666,0.015195200862905267,0.0711570945945946,0.700332502078138,0.12918807022924172,0.6642205713595458,23680,0.027463069751853197
mgab,3,esn_residual,0,0.7142857142857143,0.014688395964498113,0.06976469197114817,0.7356608478802993,0.12744356841991575,0.7127196955970284,25371,0.027463069751853197
mgab,3,esn_residual,0,0.7619047619047619,0.014150068732988075,0.06950705786711994,0.7817955112219451,0.1276639066105606,0.7604336534396328,27062,0.027463069751853197
mgab,3,esn_residual,0,0.8095238095238095,0.013556262279266207,0.06885998469778118,0.8229426433915212,0.12708600770218229,0.8085401944796763,28754,0.027463069751853197
mgab,3,esn_residual,0,0.8571428571428571,0.012871460229519016,0.0687140745606832,0.8694929343308395,0.12736294176737387,0.8562239536147853,30445,0.027463069751853197
mgab,3,esn_residual,0,0.9047619047619048,0.011993868766353444,0.06833245169119706,0.912718204488778,0.12714587615435832,0.9041795011173521,32137,0.027463069751853197
mgab,3,esn_residual,0,0.9523809523809523,0.01080585795027389,0.06775452288045407,0.9526184538653366,0.1265110117569134,0.9523464395723863,33828,0.027463069751853197
mgab,3,esn_residual,0,1.0,0.0031655811816904134,0.06773648648648649,1.0,0.12687865844012025,1.0,35520,0.027463069751853197
mgab,3,delay_line_residual,0,0.047619047619047616,0.05414898593525663,0.08397397989355411,0.05901911886949293,0.06931901391261898,0.04677779791024944,1691,0.0615315825423437
mgab,3,delay_line_residual,0,0.09523809523809523,0.05080580792511569,0.07451212300413956,0.10473815461346633,0.08707671043538355,0.0945219544603491,3382,0.0615315825423437
mgab,3,delay_line_residual,0,0.14285714285714285,0.04851263426979813,0.07410327158060702,0.15627597672485452,0.10053475935828877,0.1418735278130096,5074,0.0615315825423437
mgab,3,delay_line_residual,0,0.19047619047619047,0.04669502405657511,0.07405764966740576,0.2082294264339152,0.10925744193653908,0.18916470375067948,6765,0.0615315825423437
mgab,3,delay_line_residual,0,0.23809523809523808,0.045094469717213315,0.07011942769303535,0.24646716541978386,0.10917794347786063,0.2374826357431902,8457,0.0615315825423437
mgab,3,delay_line_residual,0,0.2857142857142857,0.04366951917558026,0.07154119038234134,0.30174563591022446,0.11566034729966544,0.2845322220208975,10148,0.0615315825423437
mgab,3,delay_line_residual,0,0.3333333333333333,0.042357314292360115,0.07221283783783784,0.3553615960099751,0.12003369366839817,0.3317328018360814,11840,0.0615315825423437
mgab,3,delay_line_residual,0,0.38095238095238093,0.04110150624677544,0.07109600177370483,0.399833748960931,0.12072535608960282,0.379567554508667,13531,0.0615315825423437
mgab,3,delay_line_residual,0,0.42857142857142855,0.03991412111750492,0.07127841282354487,0.45095594347464674,0.12309961425005675,0.4269191278613275,15222,0.0615315825423437
mgab,3,delay_line_residual,0,0.47619047619047616,0.03880000148041063,0.07100626699775334,0.499168744804655,0.12432712215320911,0.4745122908739506,16914,0.0615315825423437
mgab,3,delay_line_residual,0,0.5238095238095238,0.03766335960833089,0.07170115560333244,0.5544472152950956,0.12698110513540525,0.5215618771516579,18605,0.0615315825423437
mgab,3,delay_line_residual,0,0.5714285714285714,0.036579053798419636,0.0716854707592255,0.6047381546134664,0.1281768929216403,0.5690040466268044,20297,0.0615315825423437
mgab,3,delay_line_residual,0,0.6190476190476191,0.03548527901020293,0.07117518646534474,0.6504571903574398,0.12831024022300566,0.616748203176904,21988,0.0615315825423437
mgab,3,delay_line_residual,0,0.6666666666666666,0.03434273544496591,0.07027027027027027,0.6916043225270158,0.12757801119374376,0.6648547442169476,23680,0.0615315825423437
mgab,3,delay_line_residual,0,0.7142857142857143,0.03308334511828548,0.06988293721177723,0.7369077306733167,0.1276595744680851,0.7126290994745424,25371,0.0615315825423437
mgab,3,delay_line_residual,0,0.7619047619047619,0.03172452756535904,0.06947010568324588,0.7813798836242727,0.12759603637844444,0.7604638521471281,27062,0.0615315825423437
mgab,3,delay_line_residual,0,0.8095238095238095,0.030316226232400822,0.06927731793837379,0.827930174563591,0.12785622593068036,0.8081778099897324,28754,0.0615315825423437
mgab,3,delay_line_residual,0,0.8571428571428571,0.02860251354650245,0.06881261290852357,0.8707398171238571,0.12754558460929652,0.8561333574922994,30445,0.0615315825423437
mgab,3,delay_line_residual,0,0.9047619047619048,0.026530266324414242,0.0684258020350375,0.9139650872817955,0.12731957270648178,0.9040889049948663,32137,0.0615315825423437
mgab,3,delay_line_residual,0,0.9523809523809523,0.02353426813402848,0.06757715501951046,0.9501246882793017,0.12617983109786388,0.9525276318173582,33828,0.0615315825423437
mgab,3,delay_line_residual,0,1.0,0.006883884944585361,0.06773648648648649,1.0,0.12687865844012025,1.0,35520,0.0615315825423437
mgab,3,persistence_residual,0,0.047619047619047616,0.24851999384628698,0.07451212300413956,0.05236907730673317,0.06150842079570416,0.04726097723017455,1691,0.26379736012967214
mgab,3,persistence_residual,0,0.09523809523809523,0.22781580077946728,0.06978119455943228,0.09808811305070657,0.08154803040774015,0.0950051337802742,3382,0.26379736012967214
mgab,3,persistence_residual,0,0.14285714285714285,0.20618377433640944,0.0717382735514387,0.1512884455527847,0.09732620320855616,0.14223591230295343,5074,0.26379736012967214
mgab,3,persistence_residual,0,0.19047619047619047,0.18920294851261588,0.07021433850702144,0.1974231088944306,0.10358739504961294,0.18994987014555778,6765,0.26379736012967214
mgab,3,persistence_residual,0,0.23809523809523808,0.17409189928014257,0.06881873004611565,0.24189526184538654,0.1071527202430268,0.2378148215256387,8457,0.26379736012967214
mgab,3,persistence_residual,0,0.2857142857142857,0.16076726170422262,0.06819077650768625,0.2876142975893599,0.11024374701290426,0.2855589780757384,10148,0.26379736012967214
mgab,3,persistence_residual,0,0.3333333333333333,0.14812666354566772,0.06807432432432432,0.3349958437240233,0.1131545697037765,0.33321253850335203,11840,0.26379736012967214
mgab,3,persistence_residual,0,0.38095238095238093,0.13652099461239686,0.0682137314315276,0.38362427265170407,0.11583108489678108,0.3807453041009845,13531,0.26379736012967214
mgab,3,persistence_residual,0,0.42857142857142855,0.12717950850753823,0.06700827749310209,0.4239401496259352,0.11572498298162015,0.4288820438485233,15222,0.26379736012967214
mgab,3,persistence_residual,0,0.47619047619047616,0.1191935216032789,0.06728154191793781,0.47298420615128844,0.11780538302277434,0.4764148094461557,16914,0.26379736012967214
mgab,3,persistence_residual,0,0.5238095238095238,0.11187256996913675,0.06772373018005913,0.5236907730673317,0.11993717576507545,0.5237965815063115,18605,0.26379736012967214
mgab,3,persistence_residual,0,0.5714285714285714,0.10494485525020991,0.06759619648223876,0.5702410640066501,0.12086508390961548,0.5715105393489158,20297,0.26379736012967214
mgab,3,persistence_residual,0,0.6190476190476191,0.09868882779869637,0.06662725122794251,0.6088944305901912,0.12011150282856438,0.619768073926436,21988,0.26379736012967214
mgab,3,persistence_residual,0,0.6666666666666666,0.09223562473914626,0.06672297297297297,0.656691604322527,0.12113777505175188,0.6673914356465543,23680,0.26379736012967214
mgab,3,persistence_residual,0,0.7142857142857143,0.08537964842162182,0.06700563635646999,0.7065669160432253,0.1224034272959643,0.7148336051217008,25371,0.26379736012967214
mgab,3,persistence_residual,0,0.7619047619047619,0.0781376637885387,0.06647697878944646,0.7477140482128013,0.12209854757703271,0.762909947454249,27062,0.26379736012967214
mgab,3,persistence_residual,0,0.8095238095238095,0.06935389248428692,0.06632120748417611,0.7926018287614297,0.12240051347881899,0.8107447001268345,28754,0.26379736012967214
mgab,3,persistence_residual,0,0.8571428571428571,0.05975858064840622,0.06690753818360978,0.8466334164588528,0.12401448966545918,0.8578848825270279,30445,0.26379736012967214
mgab,3,persistence_residual,0,0.9047619047619048,0.05198251844274182,0.0678034664094346,0.9056525353283458,0.1261615956923255,0.9046928791447726,32137,0.26379736012967214
mgab,3,persistence_residual,0,0.9523809523809523,0.04349816337554557,0.06810925860234125,0.9576059850374065,0.12717337307501242,0.9519840550824424,33828,0.26379736012967214
mgab,3,persistence_residual,0,1.0,0.017418504274701263,0.06773648648648649,1.0,0.12687865844012025,1.0,35520,0.26379736012967214
mgab,3,moving_statistics,0,0.047619047619047616,2.609152288223413,0.07983441750443525,0.05610972568578554,0.06590187942396876,0.04698918886271668,1691,3.012517081122496
mgab,3,moving_statistics,0,0.09523809523809523,2.3968217766250746,0.07451212300413956,0.10473815461346633,0.08707671043538355,0.0945219544603491,3382,3.012517081122496
mgab,3,moving_statistics,0,0.14285714285714285,2.2980043664447294,0.07114702404414663,0.15004156275976724,0.096524064171123,0.1423265084254394,5074,3.012517081122496
mgab,3,moving_statistics,0,0.19047619047619047,2.1866136602493498,0.06829268292682927,0.19201995012468828,0.10075237160614985,0.19034245334299693,6765,3.012517081122496
mgab,3,moving_statistics,0,0.23809523809523808,2.086146705563806,0.07000118245240629,0.2460515378221114,0.10899383227469389,0.23751283445068552,8457,3.012517081122496
mgab,3,moving_statistics,0,0.2857142857142857,1.9876928491703438,0.06957035869136775,0.29343308395677475,0.11247411183686475,0.2851361961708039,10148,3.012517081122496
mgab,3,moving_statistics,0,0.3333333333333333,1.8912271261597198,0.06883445945945946,0.33873649210307566,0.114418082268707,0.3329407501358942,11840,3.012517081122496
mgab,3,moving_statistics,0,0.38095238095238093,1.8036585811096302,0.06887887074126081,0.3873649210307564,0.11696053209512455,0.3804735157335266,13531,3.012517081122496
mgab,3,moving_statistics,0,0.42857142857142855,1.7208035614185064,0.06779661016949153,0.428927680798005,0.11708645336963922,0.42851965935857944,15222,3.012517081122496
mgab,3,moving_statistics,0,0.47619047619047616,1.65093779082963,0.06793189074139766,0.4775561097256858,0.11894409937888199,0.4760826236637072,16914,3.012517081122496
mgab,3,moving_statistics,0,0.5238095238095238,1.5907799903143314,0.06691749529696318,0.5174563591022444,0.11850935224406263,0.5242495621187413,18605,3.012517081122496
mgab,3,moving_statistics,0,0.5714285714285714,1.5377963475530123,0.06695570774006011,0.5648379052369077,0.11971986081134653,0.571903122546355,20297,3.012517081122496
mgab,3,moving_statistics,0,0.6190476190476191,1.47623267666404,0.06644533381844643,0.6072319201995012,0.11978355333278676,0.6198888687564172,21988,3.012517081122496
mgab,3,moving_statistics,0,0.6666666666666666,1.4030392087224755,0.06727195945945946,0.6620947630922693,0.12213447826420301,0.6669988524491152,23680,3.012517081122496
mgab,3,moving_statistics,0,0.7142857142857143,1.3225256300411274,0.06736037207835718,0.7103075644222776,0.12305144544047233,0.7145618167542429,25371,3.012517081122496
mgab,3,moving_statistics,0,0.7619047619047619,1.2410517356056516,0.06703126154755747,0.7539484621778886,0.12311660105877564,0.7624569668418192,27062,3.012517081122496
mgab,3,moving_statistics,0,0.8095238095238095,1.1566163816642074,0.06719065173541072,0.8029925187032418,0.12400513478818997,0.8099897324394516,28754,3.012517081122496
mgab,3,moving_statistics,0,0.8571428571428571,1.0738250001122651,0.0674659221547052,0.8536990856192851,0.12504946576968737,0.8573715044996074,30445,3.012517081122496
mgab,3,moving_statistics,0,0.9047619047619048,0.9304300471758324,0.06721224756511186,0.8977556109725686,0.12506151752887704,0.9052666545871837,32137,3.012517081122496
mgab,3,moving_statistics,0,0.9523809523809523,0.7121377701114397,0.0670154901265224,0.9422277639235245,0.12513109234420708,0.9531014072597693,33828,3.012517081122496
mgab,3,moving_statistics,0,1.0,0.16356538102445484,0.06773648648648649,1.0,0.12687865844012025,1.0,35520,3.012517081122496
mgab,3,random_control,0,0.047619047619047616,0.66983691959922,0.05736250739207569,0.04031587697423109,0.04735172077129607,0.048136739747538806,1691,0.7372847372837441
mgab,3,random_control,0,0.09523809523809523,0.6343151616488285,0.062389118864577174,0.08769742310889443,0.07290946786454736,0.09576010146765719,3382,0.7372847372837441
mgab,3,random_control,0,0.14285714285714285,0.6108731153335611,0.06385494678754434,0.13466334164588528,0.08663101604278076,0.1434438606027662,5074,0.7372847372837441
mgab,3,random_control,0,0.19047619047619047,0.5908645951490143,0.06740576496674058,0.18952618453865336,0.0994438992476284,0.19052364558796883,6765,0.7372847372837441
mgab,3,random_control,0,0.23809523809523808,0.5739705855951343,0.06645382523353435,0.23358270989193683,0.10347049617969253,0.23841879567554508,8457,0.7372847372837441
mgab,3,random_control,0,0.2857142857142857,0.5584861912534507,0.06907765076862436,0.2913549459684123,0.11167755297116456,0.2852871897082805,10148,0.7372847372837441
mgab,3,random_control,0,0.3333333333333333,0.5440593083612839,0.06765202702702702,0.3329177057356609,0.1124526182788151,0.33336353204082864,11840,0.7372847372837441
mgab,3,random_control,0,0.38095238095238093,0.5309085444464472,0.06740078338629812,0.3790523690773067,0.11445064943213903,0.381077489883433,13531,0.7372847372837441
mgab,3,random_control,0,0.42857142857142855,0.5179822034942845,0.06746813822099593,0.42684954280964255,0.11651917404129794,0.42867065289605605,15222,0.7372847372837441
mgab,3,random_control,0,0.47619047619047616,0.5048845413391518,0.06935083362894644,0.48753117206982544,0.12142857142857143,0.4753578546838195,16914,0.7372847372837441
mgab,3,random_control,0,0.5238095238095238,0.4919557952671312,0.06992743886052137,0.5407315045719036,0.12383989338917713,0.5225584344990034,18605,0.7372847372837441
mgab,3,random_control,0,0.5714285714285714,0.47926813142112223,0.06902497906094497,0.5822942643391521,0.12341981235960008,0.5706347768315516,20297,0.7372847372837441
mgab,3,random_control,0,0.6190476190476191,0.46603858927255715,0.0684464253229034,0.6255195344970906,0.1233909977863409,0.6185601256266232,21988,0.7372847372837441
mgab,3,random_control,0,0.6666666666666666,0.45253999400392786,0.06815878378378379,0.6708229426433915,0.12374453729970099,0.6663646795917135,23680,0.7372847372837441
mgab,3,random_control,0,0.7142857142857143,0.438799158896245,0.0689763903669544,0.7273482959268496,0.1260035280987868,0.7133236697469348,25371,0.7372847372837441
mgab,3,random_control,0,0.7619047619047619,0.42336067894484586,0.06939620131549774,0.7805486284289277,0.12746029591421204,0.7605242495621187,27062,0.7372847372837441
mgab,3,random_control,0,0.8095238095238095,0.4062189384417252,0.0694859845586701,0.830423940149626,0.1282413350449294,0.8079966177447605,28754,0.7372847372837441
mgab,3,random_control,0,0.8571428571428571,0.38615804890650907,0.06946953522745936,0.8790523690773068,0.12876320355544732,0.8555293833423929,30445,0.7372847372837441
mgab,3,random_control,0,0.9047619047619048,0.36100134686557794,0.06895478731679995,0.9210307564422278,0.12830385316851461,0.9035755269674458,32137,0.7372847372837441
mgab,3,random_control,0,0.9523809523809523,0.32563198354591805,0.068079697292184,0.957190357439734,0.1271181762985042,0.9520142537899378,33828,0.7372847372837441
mgab,3,random_control,0,1.0,0.12168212286132984,0.06773648648648649,1.0,0.12687865844012025,1.0,35520,0.7372847372837441
mgab,3,input_norm_control,0,0.047619047619047616,1.7404347342408073,0.08042578356002365,0.05652535328345802,0.06639004149377593,0.046958990155221356,1691,1.9482052613734595
mgab,3,input_norm_control,0,0.09523809523809523,1.5324949893856683,0.07865168539325842,0.11055694098088113,0.09191430545957152,0.09409917255541463,3382,1.9482052613734595
mgab,3,input_norm_control,0,0.14285714285714285,1.3991941056065116,0.07627118644067797,0.16084788029925187,0.10347593582887701,0.1415413420305611,5074,1.9482052613734595
mgab,3,input_norm_control,0,0.19047619047619047,1.2733892418909818,0.07243163340724317,0.20365752285951788,0.10685857594591648,0.189496889533128,6765,1.9482052613734595
mgab,3,input_norm_control,0,0.23809523809523808,1.1615477946643296,0.07000118245240629,0.2460515378221114,0.10899383227469389,0.23751283445068552,8457,1.9482052613734595
mgab,3,input_norm_control,0,0.2857142857142857,1.0653886512668578,0.0683878596767836,0.2884455527847049,0.11056237055918433,0.28549858066074774,10148,1.9482052613734595
mgab,3,input_norm_control,0,0.3333333333333333,0.9852150820242969,0.06655405405405405,0.32751454696591853,0.11062754457391548,0.3337561152382678,11840,1.9482052613734595
mgab,3,input_norm_control,0,0.38095238095238093,0.9109675476593111,0.06673564407656493,0.37531172069825436,0.11332120223379558,0.3813492782508909,13531,1.9482052613734595
mgab,3,input_norm_control,0,0.42857142857142855,0.8449418572736249,0.0660228616476153,0.4177057356608479,0.11402314499659634,0.42933502446095306,15222,1.9482052613734595
mgab,3,input_norm_control,0,0.47619047619047616,0.7849067404822563,0.0652713728272437,0.45885286783042395,0.1142857142857143,0.47744156550099653,16914,1.9482052613734595
mgab,3,input_norm_control,0,0.5238095238095238,0.729975545785237,0.06455253963988175,0.499168744804655,0.11432106991575842,0.5255783052485353,18605,1.9482052613734595
mgab,3,input_norm_control,0,0.5714285714285714,0.6805151804746856,0.06592107207961767,0.5561097256857855,0.11786988503721975,0.5725372954037568,20297,1.9482052613734595
mgab,3,input_norm_control,0,0.6190476190476191,0.6289542120443912,0.06694560669456066,0.6118038237738986,0.12068541444617528,0.6195566829739687,21988,1.9482052613734595
mgab,3,input_norm_control,0,0.6666666666666666,0.5764210282027307,0.0670608108108108,0.6600166251039069,0.12175113087479872,0.6671498459865918,23680,1.9482052613734595
mgab,3,input_norm_control,0,0.7142857142857143,0.528780360118617,0.06767569272003468,0.7136325852036576,0.12362746156892392,0.7143202270942803,25371,1.9482052613734595
mgab,3,input_norm_control,0,0.7619047619047619,0.49032881954053664,0.0682137314315276,0.7672485453034081,0.12528844848649381,0.761490608201969,27062,1.9482052613734595
mgab,3,input_norm_control,0,0.8095238095238095,0.43950934789245366,0.0674688738958058,0.8063175394846218,0.1245186136071887,0.809748142779489,28754,1.9482052613734595
mgab,3,input_norm_control,0,0.8571428571428571,0.38272726272225555,0.06677615371982264,0.8449709060681629,0.12377096587622906,0.8580056773570092,30445,1.9482052613734595
mgab,3,input_norm_control,0,0.9047619047619048,0.3221723770056997,0.06683884618975013,0.8927680798004988,0.12436673132038328,0.9056290390771276,32137,1.9482052613734595
mgab,3,input_norm_control,0,0.9523809523809523,0.2116146816078981,0.06645382523353435,0.9343308395677473,0.12408235359055031,0.9536751827021803,33828,1.9482052613734595
mgab,3,input_norm_control,0,1.0,0.04458139654752813,0.06773648648648649,1.0,0.12687865844012025,1.0,35520,1.9482052613734595
mgab,3,esn_residual,1,0.047619047619047616,0.02390224060157209,0.19041986989946777,0.13383208645054032,0.15718818647791066,0.04134203056109199,1691,0.026829891884204926
mgab,3,esn_residual,1,0.09523809523809523,0.022152072492318098,0.12950916617386163,0.18204488778054864,0.15134761575673808,0.08890499486621972,3382,0.026829891884204926
mgab,3,esn_residual,1,0.14285714285714285,0.021099368293434395,0.11115490737091052,0.2344139650872818,0.15080213903743314,0.1361961708038896,5074,0.026829891884204926
mgab,3,esn_residual,1,0.19047619047619047,0.020319632227810303,0.10022172949002217,0.2817955112219451,0.14785737651292116,0.18381953252400798,6765,0.026829891884204926
mgab,3,esn_residual,1,0.23809523809523808,0.019636666239762235,0.095069173465768,0.3341645885286783,0.148025407346037,0.23111070846167783,8457,0.026829891884204926
mgab,3,esn_residual,1,0.2857142857142857,0.019036229895931456,0.08888450926290895,0.37489609310058186,0.1436992193723116,0.27921724950172133,10148,0.026829891884204926
mgab,3,esn_residual,1,0.3333333333333333,0.018467278439274537,0.08479729729729729,0.4172901080631754,0.14095184613224765,0.32723319441927884,11840,0.026829891884204926
mgab,3,esn_residual,1,0.38095238095238093,0.017946666290868052,0.08203384820042864,0.4613466334164589,0.13929848779569554,0.3750981457993598,13531,0.026829891884204926
mgab,3,esn_residual,1,0.42857142857142855,0.017472666753576505,0.07929312836683747,0.50166251039069,0.13694122986158383,0.4232348855468986,15222,0.026829891884204926
mgab,3,esn_residual,1,0.47619047619047616,0.01700004331205207,0.07745063261203737,0.544472152950956,0.13561076604554867,0.47122063175696083,16914,0.026829891884204926
mgab,3,esn_residual,1,0.5238095238095238,0.01652652608021299,0.07551733404998656,0.5839567747298421,0.13373946980153253,0.5194177689194902,18605,0.026829891884204926
mgab,3,esn_residual,1,0.5714285714285714,0.016067538472626097,0.07424742572794009,0.6263507896924356,0.1327577853147161,0.5674337138370478,20297,0.026829891884204926
mgab,3,esn_residual,1,0.6190476190476191,0.015608492514871841,0.07317627796980171,0.6687448046550291,0.13191768467655982,0.61541946004711,21988,0.026829891884204926
mgab,3,esn_residual,1,0.6666666666666666,0.015133460156235401,0.07098817567567567,0.698669991687448,0.1288813923177183,0.6643413661895271,23680,0.026829891884204926
mgab,3,esn_residual,1,0.7142857142857143,0.014641410924042475,0.07051357849513223,0.7435577722360764,0.1288116067249883,0.7121459201546174,25371,0.026829891884204926
mgab,3,esn_residual,1,0.7619047619047619,0.014122795870619598,0.07006134062523095,0.7880299251870324,0.1286819600923035,0.7599806728272029,27062,0.026829891884204926
mgab,3,esn_residual,1,0.8095238095238095,0.013532668174249807,0.06959031786881825,0.8316708229426434,0.1284338896020539,0.8079060216222745,28754,0.026829891884204926
mgab,3,esn_residual,1,0.8571428571428571,0.01284603568448972,0.06956807357529972,0.8802992518703242,0.12894584639736995,0.855438787219907,30445,0.026829891884204926
mgab,3,esn_residual,1,0.9047619047619048,0.011974192196831268,0.06901702087936024,0.9218620116375728,0.12841965086993024,0.9035151295524552,32137,0.026829891884204926
mgab,3,esn_residual,1,0.9523809523809523,0.010754647291847164,0.06852311694454298,0.9634247714048213,0.12794612794612795,0.951561273177508,33828,0.026829891884204926
mgab,3,esn_residual,1,1.0,0.0036263280319985824,0.06773648648648649,1.0,0.12687865844012025,1.0,35520,0.026829891884204926
mgab,3,delay_line_residual,1,0.047619047619047616,0.05416548735615834,0.08515671200473093,0.059850374064837904,0.07029533805223334,0.046717400495258805,1691,0.06148810839778207
mgab,3,delay_line_residual,1,0.09523809523809523,0.050836502030392694,0.07421643997634536,0.10432252701579385,0.08673116793365584,0.09455215316784442,3382,0.06148810839778207
mgab,3,delay_line_residual,1,0.14285714285714285,0.04852071240297562,0.07430035474970438,0.15669160432252702,0.10080213903743315,0.14184332910551428,5074,0.06148810839778207
mgab,3,delay_line_residual,1,0.19047619047619047,0.046714943446716006,0.07331855136733186,0.20615128844555278,0.1081670483044379,0.18931569728815606,6765,0.06148810839778207
mgab,3,delay_line_residual,1,0.23809523809523808,0.045128174119355435,0.07035591817429349,0.24729842061512886,0.10954616588419405,0.23742223832819956,8457,0.06148810839778207
mgab,3,delay_line_residual,1,0.2857142857142857,0.04369474498165005,0.07114702404414663,0.3000831255195345,0.11502310020710532,0.2846530168508788,10148,0.06148810839778207
mgab,3,delay_line_residual,1,0.3333333333333333,0.042375772890636654,0.07179054054054054,0.35328345802161265,0.11933174224343675,0.331883795373558,11840,0.06148810839778207
mgab,3,delay_line_residual,1,0.38095238095238093,0.04111345016659129,0.07109600177370483,0.399833748960931,0.12072535608960282,0.379567554508667,13531,0.06148810839778207
mgab,3,delay_line_residual,1,0.42857142857142855,0.03994994699553445,0.07121271843384575,0.45054031587697424,0.12298615838438848,0.42694932656882284,15222,0.06148810839778207
mgab,3,delay_line_residual,1,0.47619047619047616,0.03881012296318431,0.07118363485869694,0.5004156275976724,0.1246376811594203,0.4744216947514646,16914,0.06148810839778207
mgab,3,delay_line_residual,1,0.5238095238095238,0.03766903415970546,0.07180865358774523,0.5552784704904405,0.12717148160487363,0.5215014797366673,18605,0.06148810839778207
mgab,3,delay_line_residual,1,0.5714285714285714,0.03659622976448418,0.07163620239444253,0.6043225270157938,0.1280887988371581,0.5690342453342997,20297,0.06148810839778207
mgab,3,delay_line_residual,1,0.6190476190476191,0.03549093027243089,0.07103874840822266,0.6492103075644223,0.1280642781011724,0.61683879929939,21988,0.06148810839778207
mgab,3,delay_line_residual,1,0.6666666666666666,0.034342061852697725,0.07022804054054053,0.6911886949293433,0.12750134171586291,0.6648849429244428,23680,0.06148810839778207
mgab,3,delay_line_residual,1,0.7142857142857143,0.03308185475867731,0.06984352213156754,0.7364921030756443,0.12758757245202865,0.7126592981820378,25371,0.06148810839778207
mgab,3,delay_line_residual,1,0.7619047619047619,0.03173327005620763,0.06950705786711994,0.7817955112219451,0.1276639066105606,0.7604336534396328,27062,0.06148810839778207
mgab,3,delay_line_residual,1,0.8095238095238095,0.030316026782230665,0.0692425401683244,0.8275145469659185,0.12779204107830552,0.8082080086972278,28754,0.06148810839778207
mgab,3,delay_line_residual,1,0.8571428571428571,0.028600895582371777,0.06874692067662999,0.8699085619285121,0.12742382271468145,0.85619375490729,30445,0.06148810839778207
mgab,3,delay_line_residual,1,0.9047619047619048,0.026522451175850392,0.0684258020350375,0.9139650872817955,0.12731957270648178,0.9040889049948663,32137,0.06148810839778207
mgab,3,delay_line_residual,1,0.9523809523809523,0.023502927747131253,0.067636277639825,0.9509559434746467,0.12629022465088038,0.9524672344023676,33828,0.06148810839778207
mgab,3,delay_line_residual,1,1.0,0.0070272123280403775,0.06773648648648649,1.0,0.12687865844012025,1.0,35520,0.06148810839778207
mgab,3,persistence_residual,1,0.047619047619047616,0.24855577197212142,0.07451212300413956,0.05236907730673317,0.06150842079570416,0.04726097723017455,1691,0.26399019990532224
mgab,3,persistence_residual,1,0.09523809523809523,0.2278009625042614,0.06978119455943228,0.09808811305070657,0.08154803040774015,0.0950051337802742,3382,0.26399019990532224
mgab,3,persistence_residual,1,0.14285714285714285,0.20619792951424643,0.0717382735514387,0.1512884455527847,0.09732620320855616,0.14223591230295343,5074,0.26399019990532224
mgab,3,persistence_residual,1,0.19047619047619047,0.18924444872442336,0.07021433850702144,0.1974231088944306,0.10358739504961294,0.18994987014555778,6765,0.26399019990532224
mgab,3,persistence_residual,1,0.23809523809523808,0.1742156869858036,0.06870048480548657,0.24147963424771404,0.10696860903986005,0.23784502023313403,8457,0.26399019990532224
mgab,3,persistence_residual,1,0.2857142857142857,0.1608088659323812,0.06799369333858889,0.286783042394015,0.10992512346662418,0.285619375490729,10148,0.26399019990532224
mgab,3,persistence_residual,1,0.3333333333333333,0.14817012399203122,0.06807432432432432,0.3349958437240233,0.1131545697037765,0.33321253850335203,11840,0.26399019990532224
mgab,3,persistence_residual,1,0.38095238095238093,0.13658878704893596,0.06813982706377947,0.38320864505403157,0.1157055907636318,0.38077550280847977,13531,0.26399019990532224
mgab,3,persistence_residual,1,0.42857142857142855,0.1272352512728503,0.06694258310340297,0.4235245220282627,0.11561152711595189,0.4289122425560186,15222,0.26399019990532224
mgab,3,persistence_residual,1,0.47619047619047616,0.11924866225126607,0.06722241929762326,0.47256857855361595,0.11770186335403726,0.47644500815365104,16914,0.26399019990532224
mgab,3,persistence_residual,1,0.5238095238095238,0.11193521766813319,0.06772373018005913,0.5236907730673317,0.11993717576507545,0.5237965815063115,18605,0.26399019990532224
mgab,3,persistence_residual,1,0.5714285714285714,0.1049677342066957,0.06759619648223876,0.5702410640066501,0.12086508390961548,0.5715105393489158,20297,0.26399019990532224
mgab,3,persistence_residual,1,0.6190476190476191,0.09869873286208986,0.06658177187556849,0.6084788029925187,0.12002951545461998,0.6197982726339313,21988,0.26399019990532224
mgab,3,persistence_residual,1,0.6666666666666666,0.09226700411340971,0.06672297297297297,0.656691604322527,0.12113777505175188,0.6673914356465543,23680,0.26399019990532224
mgab,3,persistence_residual,1,0.7142857142857143,0.08539366186562347,0.06700563635646999,0.7065669160432253,0.1224034272959643,0.7148336051217008,25371,0.26399019990532224
mgab,3,persistence_residual,1,0.7619047619047619,0.07810882290124255,0.06647697878944646,0.7477140482128013,0.12209854757703271,0.762909947454249,27062,0.26399019990532224
mgab,3,persistence_residual,1,0.8095238095238095,0.06938282150201758,0.06628642971412672,0.7921862011637573,0.12233632862644415,0.8107748988343298,28754,0.26399019990532224
mgab,3,persistence_residual,1,0.8571428571428571,0.05976702279690471,0.06690753818360978,0.8466334164588528,0.12401448966545918,0.8578848825270279,30445,0.26399019990532224
mgab,3,persistence_residual,1,0.9047619047619048,0.051970702133417035,0.0678034664094346,0.9056525353283458,0.1261615956923255,0.9046928791447726,32137,0.26399019990532224
mgab,3,persistence_residual,1,0.9523809523809523,0.043480767828555145,0.06810925860234125,0.9576059850374065,0.12717337307501242,0.9519840550824424,33828,0.26399019990532224
mgab,3,persistence_residual,1,1.0,0.017418504274701263,0.06773648648648649,1.0,0.12687865844012025,1.0,35520,0.26399019990532224
mgab,3,moving_statistics,1,0.047619047619047616,2.609475083067082,0.07983441750443525,0.05610972568578554,0.06590187942396876,0.04698918886271668,1691,3.012517081122496
mgab,3,moving_statistics,1,0.09523809523809523,2.397112914894933,0.07451212300413956,0.10473815461346633,0.08707671043538355,0.0945219544603491,3382,3.012517081122496
mgab,3,moving_statistics,1,0.14285714285714285,2.298168856738812,0.07114702404414663,0.15004156275976724,0.096524064171123,0.1423265084254394,5074,3.012517081122496
mgab,3,moving_statistics,1,0.19047619047619047,2.1866136602493498,0.06829268292682927,0.19201995012468828,0.10075237160614985,0.19034245334299693,6765,3.012517081122496
mgab,3,moving_statistics,1,0.23809523809523808,2.086095108472364,0.07000118245240629,0.2460515378221114,0.10899383227469389,0.23751283445068552,8457,3.012517081122496
mgab,3,moving_statistics,1,0.2857142857142857,1.9876182251355203,0.06957035869136775,0.29343308395677475,0.11247411183686475,0.2851361961708039,10148,3.012517081122496
mgab,3,moving_statistics,1,0.3333333333333333,1.8911091717909585,0.06883445945945946,0.33873649210307566,0.114418082268707,0.3329407501358942,11840,3.012517081122496
mgab,3,moving_statistics,1,0.38095238095238093,1.8032269434843329,0.06887887074126081,0.3873649210307564,0.11696053209512455,0.3804735157335266,13531,3.012517081122496
mgab,3,moving_statistics,1,0.42857142857142855,1.720699743826117,0.06786230455919065,0.42934330839567747,0.11719990923530747,0.4284894606510841,15222,3.012517081122496
mgab,3,moving_statistics,1,0.47619047619047616,1.65093779082963,0.06793189074139766,0.4775561097256858,0.11894409937888199,0.4760826236637072,16914,3.012517081122496
mgab,3,moving_statistics,1,0.5238095238095238,1.5911758461361387,0.06691749529696318,0.5174563591022444,0.11850935224406263,0.5242495621187413,18605,3.012517081122496
mgab,3,moving_statistics,1,0.5714285714285714,1.5379409251218021,0.06695570774006011,0.5648379052369077,0.11971986081134653,0.571903122546355,20297,3.012517081122496
mgab,3,moving_statistics,1,0.6190476190476191,1.4765148349724768,0.06644533381844643,0.6072319201995012,0.11978355333278676,0.6198888687564172,21988,3.012517081122496
mgab,3,moving_statistics,1,0.6666666666666666,1.4036240049317712,0.06727195945945946,0.6620947630922693,0.12213447826420301,0.6669988524491152,23680,3.012517081122496
mgab,3,moving_statistics,1,0.7142857142857143,1.3226983125468905,0.06736037207835718,0.7103075644222776,0.12305144544047233,0.7145618167542429,25371,3.012517081122496
mgab,3,moving_statistics,1,0.7619047619047619,1.2418341040402083,0.06699430936368339,0.7535328345802161,0.12304873082665944,0.7624871655493145,27062,3.012517081122496
mgab,3,moving_statistics,1,0.8095238095238095,1.1571200371126906,0.06708631842526257,0.8017456359102244,0.12381258023106546,0.8100803285619376,28754,3.012517081122496
mgab,3,moving_statistics,1,0.8571428571428571,1.0740734123301081,0.0674659221547052,0.8536990856192851,0.12504946576968737,0.8573715044996074,30445,3.012517081122496
mgab,3,moving_statistics,1,0.9047619047619048,0.9307094560208498,0.06721224756511186,0.8977556109725686,0.12506151752887704,0.9052666545871837,32137,3.012517081122496
mgab,3,moving_statistics,1,0.9523809523809523,0.7119388611336035,0.0670154901265224,0.9422277639235245,0.12513109234420708,0.9531014072597693,33828,3.012517081122496
mgab,3,moving_statistics,1,1.0,0.16356538102445484,0.06773648648648649,1.0,0.12687865844012025,1.0,35520,3.012517081122496
mgab,3,random_control,1,0.047619047619047616,0.6679727801201807,0.07214665878178593,0.05070656691604322,0.059555772516475466,0.04738177206015583,1691,0.7311305123128022
mgab,3,random_control,1,0.09523809523809523,0.6330810819240469,0.07185097575399173,0.10099750623441396,0.08396682791983415,0.09479374282780698,3382,0.7311305123128022
mgab,3,random_control,1,0.14285714285714285,0.6089131301528141,0.07114702404414663,0.15004156275976724,0.096524064171123,0.1423265084254394,5074,0.7311305123128022
mgab,3,random_control,1,0.19047619047619047,0.5891351514474081,0.07110125646711013,0.1999168744804655,0.10489586740813432,0.18976867790058585,6765,0.7311305123128022
mgab,3,random_control,1,0.23809523809523808,0.5727943856547881,0.071301880099326,0.2506234413965087,0.11101905550952773,0.237180648668237,8457,0.7311305123128022
mgab,3,random_control,1,0.2857142857142857,0.5570003529805945,0.0717382735514387,0.3025768911055694,0.11597897084594552,0.28447182460590686,10148,0.7311305123128022
mgab,3,random_control,1,0.3333333333333333,0.5431031946372968,0.06967905405405406,0.3428927680798005,0.11582198511862979,0.332638763060941,11840,0.7311305123128022
mgab,3,random_control,1,0.38095238095238093,0.5300989825191209,0.06961791441874214,0.3915211970074813,0.11821547342661728,0.3801715286585734,13531,0.7311305123128022
mgab,3,random_control,1,0.42857142857142855,0.5179322226867953,0.06983313625016424,0.44181213632585203,0.12060358520535511,0.42758349942622453,15222,0.7311305123128022
mgab,3,random_control,1,0.47619047619047616,0.5054597080845724,0.06958732411020456,0.48919368246051537,0.12184265010351966,0.47523705985383824,16914,0.7311305123128022
mgab,3,random_control,1,0.5238095238095238,0.49301556812861236,0.06901370599301263,0.5336658354114713,0.12222169339869592,0.5230718125264239,18605,0.7311305123128022
mgab,3,random_control,1,0.5714285714285714,0.48065627482674245,0.06863083214268119,0.5789692435577722,0.12271505968374224,0.5708763664915142,20297,0.7311305123128022
mgab,3,random_control,1,0.6190476190476191,0.46740958025065993,0.0686283427323995,0.6271820448877805,0.12371894728211857,0.6184393307966419,21988,0.7311305123128022
mgab,3,random_control,1,0.6666666666666666,0.45425078750486136,0.0679054054054054,0.6683291770573566,0.12328452043241586,0.6665458718366853,23680,0.7311305123128022
mgab,3,random_control,1,0.7142857142857143,0.44019012740454855,0.06881873004611565,0.7256857855361596,0.125715520034561,0.7134444645769161,25371,0.7311305123128022
mgab,3,random_control,1,0.7619047619047619,0.4249640934285708,0.06850934890252014,0.770573566084788,0.12583141034342338,0.7612490185420064,27062,0.7311305123128022
mgab,3,random_control,1,0.8095238095238095,0.40819445550414457,0.06816442929679349,0.8146300914380715,0.1258023106546855,0.8091441686295826,28754,0.7311305123128022
mgab,3,random_control,1,0.8571428571428571,0.387936645755417,0.06815569058958779,0.8624272651704074,0.12632796566314572,0.8567373316422057,30445,0.7311305123128022
mgab,3,random_control,1,0.9047619047619048,0.3636989203084795,0.06795905031583532,0.9077306733167082,0.12645108994586457,0.904541885607296,32137,0.7311305123128022
mgab,3,random_control,1,0.9523809523809523,0.32644293788985124,0.06787276812108313,0.9542809642560266,0.12673179886294642,0.952225644742405,33828,0.7311305123128022
mgab,3,random_control,1,1.0,0.11048248157476337,0.06773648648648649,1.0,0.12687865844012025,1.0,35520,0.7311305123128022
mgab,3,input_norm_control,1,0.047619047619047616,1.7391494541870998,0.08042578356002365,0.05652535328345802,0.06639004149377593,0.046958990155221356,1691,1.9492575389358535
mgab,3,input_norm_control,1,0.09523809523809523,1.5315861358694747,0.07865168539325842,0.11055694098088113,0.09191430545957152,0.09409917255541463,3382,1.9492575389358535
mgab,3,input_norm_control,1,0.14285714285714285,1.3987276992484112,0.07627118644067797,0.16084788029925187,0.10347593582887701,0.1415413420305611,5074,1.9492575389358535
mgab,3,input_norm_control,1,0.19047619047619047,1.2729697478607704,0.07243163340724317,0.20365752285951788,0.10685857594591648,0.189496889533128,6765,1.9492575389358535
mgab,3,input_norm_control,1,0.23809523809523808,1.1612892718649164,0.07023767293366442,0.24688279301745636,0.10936205468102736,0.23745243703569488,8457,1.9492575389358535
mgab,3,input_norm_control,1,0.2857142857142857,1.065295990649247,0.0683878596767836,0.2884455527847049,0.11056237055918433,0.28549858066074774,10148,1.9492575389358535
mgab,3,input_norm_control,1,0.3333333333333333,0.9852150820242969,0.06655405405405405,0.32751454696591853,0.11062754457391548,0.3337561152382678,11840,1.9492575389358535
mgab,3,input_norm_control,1,0.38095238095238093,0.9109675476593111,0.06673564407656493,0.37531172069825436,0.11332120223379558,0.3813492782508909,13531,1.9492575389358535
mgab,3,input_norm_control,1,0.42857142857142855,0.8450961890343933,0.06595716725791617,0.4172901080631754,0.11390968913092807,0.4293652231684484,15222,1.9492575389358535
mgab,3,input_norm_control,1,0.47619047619047616,0.785102360286146,0.06521225020692917,0.45843724023275145,0.11418219461697722,0.47747176420849186,16914,1.9492575389358535
mgab,3,input_norm_control,1,0.5238095238095238,0.730344469998272,0.06449879064767536,0.49875311720698257,0.11422588168102422,0.5256085039560306,18605,1.9492575389358535
mgab,3,input_norm_control,1,0.5714285714285714,0.6810768842610742,0.0658718037148347,0.5556940980881131,0.11778179095273753,0.5725674941112521,20297,1.9492575389358535
mgab,3,input_norm_control,1,0.6190476190476191,0.6295078309794917,0.0668091686374386,0.6105569409808811,0.12043945232434206,0.6196472790964547,21988,1.9492575389358535
mgab,3,input_norm_control,1,0.6666666666666666,0.5771879457797695,0.06693412162162163,0.6587697423108895,0.12152112244115619,0.6672404421090777,23680,1.9492575389358535
mgab,3,input_norm_control,1,0.7142857142857143,0.5292917967117319,0.0675968625596153,0.7128013300083126,0.12348345753681104,0.714380624509271,25371,1.9492575389358535
mgab,3,input_norm_control,1,0.7619047619047619,0.49081671598378307,0.06806592269603133,0.7655860349127181,0.12501696755802905,0.7616114030319502,27062,1.9492575389358535
mgab,3,input_norm_control,1,0.8095238095238095,0.4407012744104577,0.06739931835570703,0.8054862842892768,0.12439024390243902,0.8098085401944797,28754,1.9492575389358535
mgab,3,input_norm_control,1,0.8571428571428571,0.38343491799332696,0.06677615371982264,0.8449709060681629,0.12377096587622906,0.8580056773570092,30445,1.9492575389358535
mgab,3,input_norm_control,1,0.9047619047619048,0.3229570049679751,0.06677661262718984,0.8919368246051538,0.12425093361896766,0.9056894364921181,32137,1.9492575389358535
mgab,3,input_norm_control,1,0.9523809523809523,0.21252932789866463,0.06645382523353435,0.9343308395677473,0.12408235359055031,0.9536751827021803,33828,1.9492575389358535
mgab,3,input_norm_control,1,1.0,0.04458139654752813,0.06773648648648649,1.0,0.12687865844012025,1.0,35520,1.9492575389358535
mgab,3,esn_residual,2,0.047619047619047616,0.024012577024407733,0.1856889414547605,0.13050706566916043,0.15328288991945327,0.04158362022105454,1691,0.027301262103399893
mgab,3,esn_residual,2,0.09523809523809523,0.022253297548061823,0.1333530455351863,0.18744804655029093,0.15583966827919832,0.08851241166878057,3382,0.027301262103399893
mgab,3,esn_residual,2,0.14285714285714285,0.021200041968697292,0.11351990540007884,0.23940149625935161,0.15401069518716579,0.13583378631394577,5074,0.027301262103399893
mgab,3,esn_residual,2,0.19047619047619047,0.02036321090947979,0.10303030303030303,0.28969243557772234,0.15200087231490567,0.1832457570815969,6765,0.027301262103399893
mgab,3,esn_residual,2,0.23809523809523808,0.019675381669586045,0.09459619250325174,0.3325020781379884,0.14728896253337018,0.23123150329165912,8457,0.027301262103399893
mgab,3,esn_residual,2,0.2857142857142857,0.019093346735516548,0.08918013401655499,0.37614297589359935,0.1441771546917317,0.27912665337923537,10148,0.027301262103399893
mgab,3,esn_residual,2,0.3333333333333333,0.01854268332036213,0.08513513513513514,0.41895261845386533,0.14151340727221678,0.32711239958929755,11840,0.027301262103399893
mgab,3,esn_residual,2,0.38095238095238093,0.0180132446626331,0.08203384820042864,0.4613466334164589,0.13929848779569554,0.3750981457993598,13531,0.027301262103399893
mgab,3,esn_residual,2,0.42857142857142855,0.017519173066844473,0.07916173958743923,0.500831255195345,0.13671431813024734,0.42329528296188923,15222,0.027301262103399893
mgab,3,esn_residual,2,0.47619047619047616,0.017039570180600094,0.0775097552323519,0.5448877805486284,0.1357142857142857,0.4711904330494655,16914,0.027301262103399893
mgab,3,esn_residual,2,0.5238095238095238,0.016603265421537117,0.07616232195646332,0.5889443059019119,0.13488172861834277,0.5190553844295465,18605,0.027301262103399893
mgab,3,esn_residual,2,0.5714285714285714,0.016141511254986085,0.0740503522688082,0.6246882793017456,0.1324054089767872,0.5675545086670291,20297,0.027301262103399893
mgab,3,esn_residual,2,0.6190476190476191,0.015669270789487655,0.07263052574131344,0.6637572734829593,0.13093383618922685,0.6157818445370539,21988,0.027301262103399893
mgab,3,esn_residual,2,0.6666666666666666,0.015186449027680737,0.07221283783783784,0.7107231920199502,0.13110480717626313,0.6634656036721628,23680,0.027301262103399893
mgab,3,esn_residual,2,0.7142857142857143,0.014692084155939256,0.07102597453785818,0.7489609310058188,0.12974763293372216,0.7117533369571782,25371,0.027301262103399893
mgab,3,esn_residual,2,0.7619047619047619,0.014158201432280748,0.07091124085433449,0.7975893599334996,0.13024297543097596,0.7592861025548107,27062,0.027301262103399893
mgab,3,esn_residual,2,0.8095238095238095,0.013588432015538388,0.0703902065799541,0.8412302576891105,0.12991014120667524,0.8072114513498823,28754,0.027301262103399893
mgab,3,esn_residual,2,0.8571428571428571,0.01291872395182736,0.07009361143044834,0.8869492934330839,0.12991994155429057,0.8549556078999819,30445,0.027301262103399893
mgab,3,esn_residual,2,0.9047619047619048,0.012070851314845754,0.06939042225472197,0.9268495428096426,0.12911443707842402,0.9031527450625113,32137,0.027301262103399893
mgab,3,esn_residual,2,0.9523809523809523,0.010878986454713413,0.06878916873595838,0.9671654197838736,0.12844289893470218,0.9512894848100502,33828,0.027301262103399893
mgab,3,esn_residual,2,1.0,0.003925017406359643,0.06773648648648649,1.0,0.12687865844012025,1.0,35520,0.027301262103399893
mgab,3,delay_line_residual,2,0.047619047619047616,0.05417677706697077,0.08456534594914251,0.05943474646716542,0.06980717598242617,0.04674759920275412,1691,0.061764093120174834
mgab,3,delay_line_residual,2,0.09523809523809523,0.05082083220491995,0.07451212300413956,0.10473815461346633,0.08707671043538355,0.0945219544603491,3382,0.061764093120174834
mgab,3,delay_line_residual,2,0.14285714285714285,0.048504427924768834,0.07489160425699645,0.15793848711554448,0.10160427807486631,0.14175273298302832,5074,0.061764093120174834
mgab,3,delay_line_residual,2,0.19047619047619047,0.046684927409899046,0.07361419068736141,0.20698254364089774,0.10860320575727836,0.18925529987316542,6765,0.061764093120174834
mgab,3,delay_line_residual,2,0.23809523809523808,0.045093753865359076,0.07071065389618068,0.2485453034081463,0.1100984994936942,0.2373316422057136,8457,0.061764093120174834
mgab,3,delay_line_residual,2,0.2857142857142857,0.04364447395661841,0.07193535672053607,0.3034081463009144,0.11629759439222559,0.2844114271909162,10148,0.061764093120174834
mgab,3,delay_line_residual,2,0.3333333333333333,0.04234629730737538,0.07179054054054054,0.35328345802161265,0.11933174224343675,0.331883795373558,11840,0.061764093120174834
mgab,3,delay_line_residual,2,0.38095238095238093,0.041084792552112503,0.07124381050920109,0.400665004156276,0.12097634435590135,0.3795071570936764,13531,0.061764093120174834
mgab,3,delay_line_residual,2,0.42857142857142855,0.03991383056683162,0.07108132965444751,0.44970906068162925,0.12275924665305196,0.4270097239838135,15222,0.061764093120174834
mgab,3,delay_line_residual,2,0.47619047619047616,0.03878271404434486,0.07142012533995507,0.5020781379883624,0.12505175983436853,0.4743008999214834,16914,0.061764093120174834
mgab,3,delay_line_residual,2,0.5238095238095238,0.03766180676012709,0.07180865358774523,0.5552784704904405,0.12717148160487363,0.5215014797366673,18605,0.061764093120174834
mgab,3,delay_line_residual,2,0.5714285714285714,0.036575487766640435,0.07193181258314037,0.6068162926018288,0.12861736334405144,0.5688530530893278,20297,0.061764093120174834
mgab,3,delay_line_residual,2,0.6190476190476191,0.035484006542390034,0.07103874840822266,0.6492103075644223,0.1280642781011724,0.61683879929939,21988,0.061764093120174834
mgab,3,delay_line_residual,2,0.6666666666666666,0.0343261588489554,0.07027027027027027,0.6916043225270158,0.12757801119374376,0.6648547442169476,23680,0.061764093120174834
mgab,3,delay_line_residual,2,0.7142857142857143,0.03307285103235813,0.06980410705135785,0.7360764754779717,0.1275155704359722,0.7126894968895331,25371,0.061764093120174834
mgab,3,delay_line_residual,2,0.7619047619047619,0.03172026290008034,0.06947010568324588,0.7813798836242727,0.12759603637844444,0.7604638521471281,27062,0.061764093120174834
mgab,3,delay_line_residual,2,0.8095238095238095,0.030314113041924884,0.06927731793837379,0.827930174563591,0.12785622593068036,0.8081778099897324,28754,0.061764093120174834
mgab,3,delay_line_residual,2,0.8571428571428571,0.028606434288775517,0.06877976679257677,0.8703241895261845,0.12748470366198897,0.8561635561997947,30445,0.061764093120174834
mgab,3,delay_line_residual,2,0.9047619047619048,0.02650902723567583,0.06845691881631764,0.914380714879468,0.1273774715571896,0.904058706287371,32137,0.061764093120174834
mgab,3,delay_line_residual,2,0.9523809523809523,0.02352434927300351,0.06760671632966773,0.9505403158769742,0.12623502787437216,0.9524974331098629,33828,0.061764093120174834
mgab,3,delay_line_residual,2,1.0,0.007071278484204413,0.06773648648648649,1.0,0.12687865844012025,1.0,35520,0.061764093120174834
mgab,3,persistence_residual,2,0.047619047619047616,0.24848006481886387,0.07451212300413956,0.05236907730673317,0.06150842079570416,0.04726097723017455,1691,0.2640759493477276
mgab,3,persistence_residual,2,0.09523809523809523,0.22783060412382383,0.06978119455943228,0.09808811305070657,0.08154803040774015,0.0950051337802742,3382,0.2640759493477276
mgab,3,persistence_residual,2,0.14285714285714285,0.20620203063538156,0.0717382735514387,0.1512884455527847,0.09732620320855616,0.14223591230295343,5074,0.2640759493477276
mgab,3,persistence_residual,2,0.19047619047619047,0.18918253586070932,0.07021433850702144,0.1974231088944306,0.10358739504961294,0.18994987014555778,6765,0.2640759493477276
mgab,3,persistence_residual,2,0.23809523809523808,0.1740418206612162,0.06881873004611565,0.24189526184538654,0.1071527202430268,0.2378148215256387,8457,0.2640759493477276
mgab,3,persistence_residual,2,0.2857142857142857,0.1606840521618551,0.06819077650768625,0.2876142975893599,0.11024374701290426,0.2855589780757384,10148,0.2640759493477276
mgab,3,persistence_residual,2,0.3333333333333333,0.14805951267373985,0.06815878378378379,0.33541147132169574,0.11329495998876879,0.33318233979585676,11840,0.2640759493477276
mgab,3,persistence_residual,2,0.38095238095238093,0.13641527905042494,0.0682137314315276,0.38362427265170407,0.11583108489678108,0.3807453041009845,13531,0.2640759493477276
mgab,3,persistence_residual,2,0.42857142857142855,0.12713440369009277,0.06700827749310209,0.4239401496259352,0.11572498298162015,0.4288820438485233,15222,0.2640759493477276
mgab,3,persistence_residual,2,0.47619047619047616,0.11914431278887605,0.06728154191793781,0.47298420615128844,0.11780538302277434,0.4764148094461557,16914,0.2640759493477276
mgab,3,persistence_residual,2,0.5238095238095238,0.11182658136567625,0.06793872614888471,0.5253532834580216,0.12031792870401219,0.5236757866763303,18605,0.2640759493477276
mgab,3,persistence_residual,2,0.5714285714285714,0.1049155667251398,0.06759619648223876,0.5702410640066501,0.12086508390961548,0.5715105393489158,20297,0.2640759493477276
mgab,3,persistence_residual,2,0.6190476190476191,0.09866693690298689,0.06662725122794251,0.6088944305901912,0.12011150282856438,0.619768073926436,21988,0.2640759493477276
mgab,3,persistence_residual,2,0.6666666666666666,0.09221859877038696,0.06672297297297297,0.656691604322527,0.12113777505175188,0.6673914356465543,23680,0.2640759493477276
mgab,3,persistence_residual,2,0.7142857142857143,0.08541214335946279,0.0669662212762603,0.7061512884455527,0.12233142527990784,0.7148638038291961,25371,0.2640759493477276
mgab,3,persistence_residual,2,0.7619047619047619,0.07816337073290924,0.06644002660557238,0.7472984206151289,0.12203067734491652,0.7629401461617443,27062,0.2640759493477276
mgab,3,persistence_residual,2,0.8095238095238095,0.06935389248428692,0.06632120748417611,0.7926018287614297,0.12240051347881899,0.8107447001268345,28754,0.2640759493477276
mgab,3,persistence_residual,2,0.8571428571428571,0.059741005765999944,0.06690753818360978,0.8466334164588528,0.12401448966545918,0.8578848825270279,30445,0.2640759493477276
mgab,3,persistence_residual,2,0.9047619047619048,0.05196443644035753,0.06783458319071475,0.9060681629260183,0.1262194945430333,0.9046626804372773,32137,0.2640759493477276
mgab,3,persistence_residual,2,0.9523809523809523,0.043473259819847954,0.06810925860234125,0.9576059850374065,0.12717337307501242,0.9519840550824424,33828,0.2640759493477276
mgab,3,persistence_residual,2,1.0,0.017418504274701263,0.06773648648648649,1.0,0.12687865844012025,1.0,35520,0.2640759493477276
mgab,3,moving_statistics,2,0.047619047619047616,2.608638669755237,0.08042578356002365,0.05652535328345802,0.06639004149377593,0.046958990155221356,1691,3.012517081122496
mgab,3,moving_statistics,2,0.09523809523809523,2.3960693898261525,0.07451212300413956,0.10473815461346633,0.08707671043538355,0.0945219544603491,3382,3.012517081122496
mgab,3,moving_statistics,2,0.14285714285714285,2.2976013182787938,0.07114702404414663,0.15004156275976724,0.096524064171123,0.1423265084254394,5074,3.012517081122496
mgab,3,moving_statistics,2,0.19047619047619047,2.1854593524112715,0.06844050258684405,0.19243557772236075,0.10097045033257006,0.1903122546355016,6765,3.012517081122496
mgab,3,moving_statistics,2,0.23809523809523808,2.085996074727518,0.07011942769303535,0.24646716541978386,0.10917794347786063,0.2374826357431902,8457,3.012517081122496
mgab,3,moving_statistics,2,0.2857142857142857,1.9867596538360885,0.06957035869136775,0.29343308395677475,0.11247411183686475,0.2851361961708039,10148,3.012517081122496
mgab,3,moving_statistics,2,0.3333333333333333,1.8910496760290698,0.06883445945945946,0.33873649210307566,0.114418082268707,0.3329407501358942,11840,3.012517081122496
mgab,3,moving_statistics,2,0.38095238095238093,1.8032269434843329,0.06887887074126081,0.3873649210307564,0.11696053209512455,0.3804735157335266,13531,3.012517081122496
mgab,3,moving_statistics,2,0.42857142857142855,1.7206344540063583,0.06786230455919065,0.42934330839567747,0.11719990923530747,0.4284894606510841,15222,3.012517081122496
mgab,3,moving_statistics,2,0.47619047619047616,1.6503652819974377,0.06799101336171219,0.4779717373233583,0.11904761904761905,0.47605242495621186,16914,3.012517081122496
mgab,3,moving_statistics,2,0.5238095238095238,1.5904186904936068,0.06691749529696318,0.5174563591022444,0.11850935224406263,0.5242495621187413,18605,3.012517081122496
mgab,3,moving_statistics,2,0.5714285714285714,1.537525664360146,0.06700497610484309,0.5652535328345802,0.11980795489582875,0.5718729238388597,20297,3.012517081122496
mgab,3,moving_statistics,2,0.6190476190476191,1.4756055735069822,0.06658177187556849,0.6084788029925187,0.12002951545461998,0.6197982726339313,21988,3.012517081122496
mgab,3,moving_statistics,2,0.6666666666666666,1.4024031700828345,0.06727195945945946,0.6620947630922693,0.12213447826420301,0.6669988524491152,23680,3.012517081122496
mgab,3,moving_statistics,2,0.7142857142857143,1.3219703156682954,0.06739978715856687,0.7107231920199502,0.12312344745652878,0.7145316180467476,25371,3.012517081122496
mgab,3,moving_statistics,2,0.7619047619047619,1.2405005992895894,0.06706821373143153,0.7543640897755611,0.1231844712908918,0.7624267681343239,27062,3.012517081122496
mgab,3,moving_statistics,2,0.8095238095238095,1.1564503481458814,0.06719065173541072,0.8029925187032418,0.12400513478818997,0.8099897324394516,28754,3.012517081122496
mgab,3,moving_statistics,2,0.8571428571428571,1.0732331642120698,0.0674659221547052,0.8536990856192851,0.12504946576968737,0.8573715044996074,30445,3.012517081122496
mgab,3,moving_statistics,2,0.9047619047619048,0.9305960626124943,0.06721224756511186,0.8977556109725686,0.12506151752887704,0.9052666545871837,32137,3.012517081122496
mgab,3,moving_statistics,2,0.9523809523809523,0.7124070091431349,0.0670154901265224,0.9422277639235245,0.12513109234420708,0.9531014072597693,33828,3.012517081122496
mgab,3,moving_statistics,2,1.0,0.16356538102445484,0.06773648648648649,1.0,0.12687865844012025,1.0,35520,3.012517081122496
mgab,3,random_control,2,0.047619047619047616,0.6693027841154162,0.06918982850384388,0.048628428927680795,0.05711496216743959,0.04753276559763242,1691,0.732471270910537
mgab,3,random_control,2,0.09523809523809523,0.6343813675703132,0.07214665878178593,0.10141313383208644,0.08431237042156184,0.09476354412031165,3382,0.732471270910537
mgab,3,random_control,2,0.14285714285714285,0.6102220256771034,0.07154119038234134,0.15087281795511223,0.09705882352941177,0.14226611101044875,5074,0.732471270910537
mgab,3,random_control,2,0.19047619047619047,0.589672058425549,0.07169253510716925,0.20157938487115545,0.1057681823138153,0.18964788307060457,6765,0.732471270910537
mgab,3,random_control,2,0.23809523809523808,0.5730553915047949,0.06787276812108313,0.23857024106400665,0.1056798306176931,0.23805641118560125,8457,0.732471270910537
mgab,3,random_control,2,0.2857142857142857,0.5577224608473443,0.06681119432400473,0.2817955112219451,0.10801338218894375,0.2859817599806728,10148,0.732471270910537
mgab,3,random_control,2,0.3333333333333333,0.5444193401071971,0.0674831081081081,0.3320864505403159,0.11217183770883055,0.3334239294558193,11840,0.732471270910537
mgab,3,random_control,2,0.38095238095238093,0.5311154938171967,0.06910058384450521,0.3886118038237739,0.11733701449457237,0.38038291961104065,13531,0.732471270910537
mgab,3,random_control,2,0.42857142857142855,0.5186788113624061,0.06970174747076599,0.44098088113050704,0.1203766734740186,0.4276438968412152,15222,0.732471270910537
mgab,3,random_control,2,0.47619047619047616,0.5059342080639908,0.06958732411020456,0.48919368246051537,0.12184265010351966,0.47523705985383824,16914,0.732471270910537
mgab,3,random_control,2,0.5238095238095238,0.4936586789381181,0.07008868583714055,0.541978387364921,0.12412545809337965,0.5224678383765174,18605,0.732471270910537
mgab,3,random_control,2,0.5714285714285714,0.4810677953405502,0.07045376163965118,0.5943474646716542,0.12597454080958462,0.5697590143141874,20297,0.732471270910537
mgab,3,random_control,2,0.6190476190476191,0.46893998462974196,0.07031107877023832,0.6425602660016625,0.12675248011806184,0.6173219786193151,21988,0.732471270910537
mgab,3,random_control,2,0.6666666666666666,0.45548309940841136,0.06951013513513514,0.684123025768911,0.12619796059188837,0.6653983209518632,23680,0.732471270910537
mgab,3,random_control,2,0.7142857142857143,0.441583365605311,0.06948878640968034,0.7327514546965919,0.1269395543075206,0.7129310865494957,25371,0.732471270910537
mgab,3,random_control,2,0.7619047619047619,0.4267748819488588,0.07002438844135689,0.78761429758936,0.12861408986018733,0.7600108715346983,27062,0.732471270910537
mgab,3,random_control,2,0.8095238095238095,0.40952059902019755,0.06983376225916395,0.8345802161263508,0.1288831835686778,0.8076946306698073,28754,0.732471270910537
mgab,3,random_control,2,0.8571428571428571,0.38964005559273573,0.06891115125636393,0.8719866999168745,0.12772822745121915,0.8560427613698134,30445,0.732471270910537
mgab,3,random_control,2,0.9047619047619048,0.36495644693604845,0.0689859040980801,0.9214463840399002,0.12836175201922242,0.9035453282599505,32137,0.732471270910537
mgab,3,random_control,2,0.9523809523809523,0.3294109041453339,0.06819794253281306,0.9588528678304239,0.12733896340453718,0.9518934589599565,33828,0.732471270910537
mgab,3,random_control,2,1.0,0.09340619138356487,0.06773648648648649,1.0,0.12687865844012025,1.0,35520,0.732471270910537
mgab,3,input_norm_control,2,0.047619047619047616,1.739995936343803,0.08042578356002365,0.05652535328345802,0.06639004149377593,0.046958990155221356,1691,1.9511461342644907
mgab,3,input_norm_control,2,0.09523809523809523,1.5325178242210313,0.07835600236546422,0.11014131338320865,0.09156876295784382,0.09412937126290995,3382,1.9511461342644907
mgab,3,input_norm_control,2,0.14285714285714285,1.3988906439703896,0.07627118644067797,0.16084788029925187,0.10347593582887701,0.1415413420305611,5074,1.9511461342644907
mgab,3,input_norm_control,2,0.19047619047619047,1.2733892418909818,0.07243163340724317,0.20365752285951788,0.10685857594591648,0.189496889533128,6765,1.9511461342644907
mgab,3,input_norm_control,2,0.23809523809523808,1.1620129055586403,0.07000118245240629,0.2460515378221114,0.10899383227469389,0.23751283445068552,8457,1.9511461342644907
mgab,3,input_norm_control,2,0.2857142857142857,1.0655323919322655,0.0683878596767836,0.2884455527847049,0.11056237055918433,0.28549858066074774,10148,1.9511461342644907
mgab,3,input_norm_control,2,0.3333333333333333,0.985140861578202,0.06655405405405405,0.32751454696591853,0.11062754457391548,0.3337561152382678,11840,1.9511461342644907
mgab,3,input_norm_control,2,0.38095238095238093,0.9106980436663434,0.06680954844431305,0.37572734829592686,0.11344669636694485,0.38131907954339556,13531,1.9511461342644907
mgab,3,input_norm_control,2,0.42857142857142855,0.8446415366356632,0.0660228616476153,0.4177057356608479,0.11402314499659634,0.42933502446095306,15222,1.9511461342644907
mgab,3,input_norm_control,2,0.47619047619047616,0.7841165589734373,0.06533049544755823,0.45926849542809645,0.11438923395445134,0.4774113667935012,16914,1.9511461342644907
mgab,3,input_norm_control,2,0.5238095238095238,0.7291607523297898,0.06455253963988175,0.499168744804655,0.11432106991575842,0.5255783052485353,18605,1.9511461342644907
mgab,3,input_norm_control,2,0.5714285714285714,0.6800671579558184,0.06601960880918362,0.5569409808811305,0.11804607320618421,0.5724768979887661,20297,1.9511461342644907
mgab,3,input_norm_control,2,0.6190476190476191,0.6285371363574086,0.0669910860469347,0.6122194513715711,0.1207674018201197,0.6195264842664734,21988,1.9511461342644907
mgab,3,input_norm_control,2,0.6666666666666666,0.5757147736612751,0.0671875,0.6612635078969243,0.12198113930844132,0.6670592498641058,23680,1.9511461342644907
mgab,3,input_norm_control,2,0.7142857142857143,0.5283246619342208,0.06771510780024437,0.71404821280133,0.12369946358498037,0.714290028386785,25371,1.9511461342644907
mgab,3,input_norm_control,2,0.7619047619047619,0.4899916194472098,0.06825068361540167,0.7676641729010806,0.12535631871861,0.7614604094944737,27062,1.9511461342644907
mgab,3,input_norm_control,2,0.8095238095238095,0.4390606749575454,0.06757320720595396,0.8075644222776392,0.12471116816431323,0.8096575466570031,28754,1.9511461342644907
mgab,3,input_norm_control,2,0.8571428571428571,0.38190268140851913,0.06677615371982264,0.8449709060681629,0.12377096587622906,0.8580056773570092,30445,1.9511461342644907
mgab,3,input_norm_control,2,0.9047619047619048,0.3216366291931081,0.06686996297103028,0.8931837073981712,0.1244246301710911,0.9055988403696322,32137,1.9511461342644907
mgab,3,input_norm_control,2,0.9523809523809523,0.21074454017980315,0.06645382523353435,0.9343308395677473,0.12408235359055031,0.9536751827021803,33828,1.9511461342644907
mgab,3,input_norm_control,2,1.0,0.04458139654752813,0.06773648648648649,1.0,0.12687865844012025,1.0,35520,1.9511461342644907
mgab,3,esn_residual,3,0.047619047619047616,0.02401209290637496,0.18332347723240686,0.1288445552784705,0.15133024164022457,0.041704415051035816,1691,0.027238295885119612
mgab,3,esn_residual,3,0.09523809523809523,0.02229139595957008,0.13276167947959788,0.18661679135494597,0.15514858327574294,0.08857280908377121,3382,0.027238295885119612
mgab,3,esn_residual,3,0.14285714285714285,0.021227750662831113,0.1150965707528577,0.2427265170407315,0.15614973262032086,0.1355921966539832,5074,0.027238295885119612
mgab,3,esn_residual,3,0.19047619047619047,0.020411451530179647,0.10450849963045085,0.2938487115544472,0.15418165957910807,0.18294377000664372,6765,0.027238295885119612
mgab,3,esn_residual,3,0.23809523809523808,0.019752853985352203,0.09684285207520398,0.3403990024937656,0.1507870753935377,0.23065772784924804,8457,0.027238295885119612
mgab,3,esn_residual,3,0.2857142857142857,0.019165102771367515,0.09134804887662594,0.385286783042394,0.1476820137008125,0.27846228181433835,10148,0.027238295885119612
mgab,3,esn_residual,3,0.3333333333333333,0.018615926180501674,0.08682432432432433,0.42726517040731504,0.14432121297206235,0.3265084254393912,11840,0.027238295885119612
mgab,3,esn_residual,3,0.38095238095238093,0.018084522909560974,0.08351193555539133,0.4696591853699086,0.14180837045868108,0.3744941716494534,13531,0.027238295885119612
mgab,3,esn_residual,3,0.42857142857142855,0.0176051003921458,0.08277493102089081,0.5236907730673317,0.14295439074200136,0.42163435404964666,15222,0.027238295885119612
mgab,3,esn_residual,3,0.47619047619047616,0.01711749131843021,0.08040676362776399,0.5652535328345802,0.14078674948240166,0.4697106963821948,16914,0.027238295885119612
mgab,3,esn_residual,3,0.5238095238095238,0.016662917133970723,0.07944101048105348,0.6142975893599335,0.14068821093712816,0.517213263272332,18605,0.027238295885119612
mgab,3,esn_residual,3,0.5714285714285714,0.016198092359800853,0.07769621126274819,0.6554447215295096,0.138924371228472,0.5653198043123754,20297,0.027238295885119612
mgab,3,esn_residual,3,0.6190476190476191,0.015716385585193393,0.07599599781699108,0.6945137157107232,0.13700090186111338,0.6135471401824002,21988,0.027238295885119612
mgab,3,esn_residual,3,0.6666666666666666,0.015228610750952498,0.07381756756756756,0.7265170407315046,0.13401824733573564,0.6623180527873407,23680,0.027238295885119612
mgab,3,esn_residual,3,0.7142857142857143,0.014710807669601422,0.07287848330771353,0.7684954280964256,0.13313172768837528,0.7103339977048982,25371,0.027238295885119612
mgab,3,esn_residual,3,0.7619047619047619,0.014165625260503134,0.07176114108343803,0.8071487946799667,0.13180399076964844,0.7585915322824183,27062,0.027238295885119612
mgab,3,esn_residual,3,0.8095238095238095,0.013537304498200342,0.07091187313069486,0.8474646716541978,0.1308729139922978,0.8067584707374524,28754,0.027238295885119612
mgab,3,esn_residual,3,0.8571428571428571,0.012835943874208056,0.06960091969124652,0.8807148794679966,0.1290067273446775,0.8554085885124116,30445,0.027238295885119612
mgab,3,esn_residual,3,0.9047619047619048,0.012015581193054459,0.0689236705355198,0.9206151288445553,0.12824595431780678,0.9036057256749411,32137,0.027238295885119612
mgab,3,esn_residual,3,0.9523809523809523,0.010773356320470384,0.06822750384297033,0.9592684954280964,0.12739416018104543,0.9518632602524612,33828,0.027238295885119612
mgab,3,esn_residual,3,1.0,0.004903826507216991,0.06773648648648649,1.0,0.12687865844012025,1.0,35520,0.027238295885119612
mgab,3,delay_line_residual,3,0.047619047619047616,0.05413981362815434,0.0833826138379657,0.05860349127182045,0.06883085184281182,0.04680799661774476,1691,0.06149813394517878
mgab,3,delay_line_residual,3,0.09523809523809523,0.05081312343702393,0.07480780603193377,0.10515378221113882,0.08742225293711127,0.09449175575285378,3382,0.06149813394517878
mgab,3,delay_line_residual,3,0.14285714285714285,0.04850810900842362,0.07390618841150966,0.15586034912718205,0.10026737967914438,0.14190372652050492,5074,0.06149813394517878
mgab,3,delay_line_residual,3,0.19047619047619047,0.04668864042861287,0.07390983000739099,0.20781379883624274,0.10903936321011885,0.1891949024581748,6765,0.06149813394517878
mgab,3,delay_line_residual,3,0.23809523809523808,0.04510169588436952,0.07000118245240629,0.2460515378221114,0.10899383227469389,0.23751283445068552,8457,0.06149813394517878
mgab,3,delay_line_residual,3,0.2857142857142857,0.04367349704622825,0.07144264879779266,0.30133000831255197,0.11550103552652541,0.28456242072839283,10148,0.06149813394517878
mgab,3,delay_line_residual,3,0.3333333333333333,0.042366187851769155,0.07212837837837838,0.3549459684123026,0.11989330338340587,0.3317630005435767,11840,0.06149813394517878
mgab,3,delay_line_residual,3,0.38095238095238093,0.04111101506725845,0.07094819303820855,0.39900249376558605,0.12047436782330426,0.37962795192365767,13531,0.06149813394517878
mgab,3,delay_line_residual,3,0.42857142857142855,0.03992691752330302,0.07121271843384575,0.45054031587697424,0.12298615838438848,0.42694932656882284,15222,0.06149813394517878
mgab,3,delay_line_residual,3,0.47619047619047616,0.03880669812224369,0.07100626699775334,0.499168744804655,0.12432712215320911,0.4745122908739506,16914,0.06149813394517878
mgab,3,delay_line_residual,3,0.5238095238095238,0.03766806407674039,0.07159365761891964,0.5536159600997507,0.12679072866593688,0.5216222745666486,18605,0.06149813394517878
mgab,3,delay_line_residual,3,0.5714285714285714,0.03658543069414577,0.07153766566487658,0.6034912718204489,0.12791261066819365,0.5690946427492903,20297,0.06149813394517878
mgab,3,delay_line_residual,3,0.6190476190476191,0.03548694391596996,0.07117518646534474,0.6504571903574398,0.12831024022300566,0.616748203176904,21988,0.06149813394517878
mgab,3,delay_line_residual,3,0.6666666666666666,0.03433946835409074,0.07027027027027027,0.6916043225270158,0.12757801119374376,0.6648547442169476,23680,0.06149813394517878
mgab,3,delay_line_residual,3,0.7142857142857143,0.033081837783015544,0.06988293721177723,0.7369077306733167,0.1276595744680851,0.7126290994745424,25371,0.06149813394517878
mgab,3,delay_line_residual,3,0.7619047619047619,0.03172960050849838,0.06958096223486808,0.7826267664172901,0.127799647074793,0.7603732560246421,27062,0.06149813394517878
mgab,3,delay_line_residual,3,0.8095238095238095,0.030324206951860333,0.0692425401683244,0.8275145469659185,0.12779204107830552,0.8082080086972278,28754,0.06149813394517878
mgab,3,delay_line_residual,3,0.8571428571428571,0.02859408592598811,0.06881261290852357,0.8707398171238571,0.12754558460929652,0.8561333574922994,30445,0.06149813394517878
mgab,3,delay_line_residual,3,0.9047619047619048,0.026528000074421243,0.06839468525375735,0.913549459684123,0.12726167385577394,0.9041191037023616,32137,0.06149813394517878
mgab,3,delay_line_residual,3,0.9523809523809523,0.02351845600702518,0.06760671632966773,0.9505403158769742,0.12623502787437216,0.9524974331098629,33828,0.06149813394517878
mgab,3,delay_line_residual,3,1.0,0.00692663717711639,0.06773648648648649,1.0,0.12687865844012025,1.0,35520,0.06149813394517878
mgab,3,persistence_residual,3,0.047619047619047616,0.24855577197212142,0.07451212300413956,0.05236907730673317,0.06150842079570416,0.04726097723017455,1691,0.26379736012967214
mgab,3,persistence_residual,3,0.09523809523809523,0.22790457720350332,0.06948551153163808,0.09767248545303409,0.08120248790601245,0.09503533248776952,3382,0.26379736012967214
mgab,3,persistence_residual,3,0.14285714285714285,0.20621603507777309,0.0717382735514387,0.1512884455527847,0.09732620320855616,0.14223591230295343,5074,0.26379736012967214
mgab,3,persistence_residual,3,0.19047619047619047,0.18924444872442336,0.07021433850702144,0.1974231088944306,0.10358739504961294,0.18994987014555778,6765,0.26379736012967214
mgab,3,persistence_residual,3,0.23809523809523808,0.17423484600431038,0.06870048480548657,0.24147963424771404,0.10696860903986005,0.23784502023313403,8457,0.26379736012967214
mgab,3,persistence_residual,3,0.2857142857142857,0.16087441346348896,0.06799369333858889,0.286783042394015,0.10992512346662418,0.285619375490729,10148,0.26379736012967214
mgab,3,persistence_residual,3,0.3333333333333333,0.1482305663516854,0.06807432432432432,0.3349958437240233,0.1131545697037765,0.33321253850335203,11840,0.26379736012967214
mgab,3,persistence_residual,3,0.38095238095238093,0.13662910284324425,0.06813982706377947,0.38320864505403157,0.1157055907636318,0.38077550280847977,13531,0.26379736012967214
mgab,3,persistence_residual,3,0.42857142857142855,0.1272437812170324,0.06694258310340297,0.4235245220282627,0.11561152711595189,0.4289122425560186,15222,0.26379736012967214
mgab,3,persistence_residual,3,0.47619047619047616,0.11925703226654605,0.06716329667730873,0.47215295095594345,0.1175983436853002,0.47647520686114636,16914,0.26379736012967214
mgab,3,persistence_residual,3,0.5238095238095238,0.11195371165831602,0.06772373018005913,0.5236907730673317,0.11993717576507545,0.5237965815063115,18605,0.26379736012967214
mgab,3,persistence_residual,3,0.5714285714285714,0.10503241952875442,0.06759619648223876,0.5702410640066501,0.12086508390961548,0.5715105393489158,20297,0.26379736012967214
mgab,3,persistence_residual,3,0.6190476190476191,0.09872576070335981,0.06653629252319447,0.6080631753948462,0.11994752808067558,0.6198284713414266,21988,0.26379736012967214
mgab,3,persistence_residual,3,0.6666666666666666,0.09228700206006124,0.06668074324324325,0.6562759767248545,0.12106110557387104,0.6674216343540497,23680,0.26379736012967214
mgab,3,persistence_residual,3,0.7142857142857143,0.08541485195507903,0.0669662212762603,0.7061512884455527,0.12233142527990784,0.7148638038291961,25371,0.26379736012967214
mgab,3,persistence_residual,3,0.7619047619047619,0.07814376461215033,0.06644002660557238,0.7472984206151289,0.12203067734491652,0.7629401461617443,27062,0.26379736012967214
mgab,3,persistence_residual,3,0.8095238095238095,0.06937790724509796,0.06628642971412672,0.7921862011637573,0.12233632862644415,0.8107748988343298,28754,0.26379736012967214
mgab,3,persistence_residual,3,0.8571428571428571,0.05976929344626569,0.06690753818360978,0.8466334164588528,0.12401448966545918,0.8578848825270279,30445,0.26379736012967214
mgab,3,persistence_residual,3,0.9047619047619048,0.05198251844274182,0.0678034664094346,0.9056525353283458,0.1261615956923255,0.9046928791447726,32137,0.26379736012967214
mgab,3,persistence_residual,3,0.9523809523809523,0.04347963000589061,0.06810925860234125,0.9576059850374065,0.12717337307501242,0.9519840550824424,33828,0.26379736012967214
mgab,3,persistence_residual,3,1.0,0.017418504274701263,0.06773648648648649,1.0,0.12687865844012025,1.0,35520,0.26379736012967214
mgab,3,moving_statistics,3,0.047619047619047616,2.609152288223413,0.07983441750443525,0.05610972568578554,0.06590187942396876,0.04698918886271668,1691,3.012517081122496
mgab,3,moving_statistics,3,0.09523809523809523,2.397239634608013,0.07451212300413956,0.10473815461346633,0.08707671043538355,0.0945219544603491,3382,3.012517081122496
mgab,3,moving_statistics,3,0.14285714285714285,2.29831123771055,0.07114702404414663,0.15004156275976724,0.096524064171123,0.1423265084254394,5074,3.012517081122496
mgab,3,moving_statistics,3,0.19047619047619047,2.1871493259095587,0.06814486326681449,0.19160432252701579,0.10053429287972958,0.19037265205049225,6765,3.012517081122496
mgab,3,moving_statistics,3,0.23809523809523808,2.0867167619662723,0.06988293721177723,0.2456359102244389,0.10880972107152721,0.23754303315818082,8457,3.012517081122496
mgab,3,moving_statistics,3,0.2857142857142857,1.988056447586132,0.06957035869136775,0.29343308395677475,0.11247411183686475,0.2851361961708039,10148,3.012517081122496
mgab,3,moving_statistics,3,0.3333333333333333,1.8915005196286074,0.06883445945945946,0.33873649210307566,0.114418082268707,0.3329407501358942,11840,3.012517081122496
mgab,3,moving_statistics,3,0.38095238095238093,1.8039913224383781,0.06880496637351267,0.38694929343308393,0.11683503796197527,0.38050371444102193,13531,3.012517081122496
mgab,3,moving_statistics,3,0.42857142857142855,1.7211201450209046,0.06779661016949153,0.428927680798005,0.11708645336963922,0.42851965935857944,15222,3.012517081122496
mgab,3,moving_statistics,3,0.47619047619047616,1.6514887943048961,0.06793189074139766,0.4775561097256858,0.11894409937888199,0.4760826236637072,16914,3.012517081122496
mgab,3,moving_statistics,3,0.5238095238095238,1.591270081539733,0.06691749529696318,0.5174563591022444,0.11850935224406263,0.5242495621187413,18605,3.012517081122496
mgab,3,moving_statistics,3,0.5714285714285714,1.5380229850952674,0.06695570774006011,0.5648379052369077,0.11971986081134653,0.571903122546355,20297,3.012517081122496
mgab,3,moving_statistics,3,0.6190476190476191,1.4770440574520762,0.06644533381844643,0.6072319201995012,0.11978355333278676,0.6198888687564172,21988,3.012517081122496
mgab,3,moving_statistics,3,0.6666666666666666,1.403957726554836,0.06722972972972972,0.6616791354945969,0.12205780878632216,0.6670290511566105,23680,3.012517081122496
mgab,3,moving_statistics,3,0.7142857142857143,1.3230242655936308,0.0673209569981475,0.7098919368246052,0.12297944342441589,0.7145920154617382,25371,3.012517081122496
mgab,3,moving_statistics,3,0.7619047619047619,1.2419850366677565,0.06699430936368339,0.7535328345802161,0.12304873082665944,0.7624871655493145,27062,3.012517081122496
mgab,3,moving_statistics,3,0.8095238095238095,1.1573418257476078,0.06708631842526257,0.8017456359102244,0.12381258023106546,0.8100803285619376,28754,3.012517081122496
mgab,3,moving_statistics,3,0.8571428571428571,1.074228123255125,0.0674659221547052,0.8536990856192851,0.12504946576968737,0.8573715044996074,30445,3.012517081122496
mgab,3,moving_statistics,3,0.9047619047619048,0.9311219432083817,0.06721224756511186,0.8977556109725686,0.12506151752887704,0.9052666545871837,32137,3.012517081122496
mgab,3,moving_statistics,3,0.9523809523809523,0.7125508599547175,0.0670154901265224,0.9422277639235245,0.12513109234420708,0.9531014072597693,33828,3.012517081122496
mgab,3,moving_statistics,3,1.0,0.16356538102445484,0.06773648648648649,1.0,0.12687865844012025,1.0,35520,3.012517081122496
mgab,3,random_control,3,0.047619047619047616,0.6710557928709022,0.0768775872264932,0.05403158769742311,0.06346106907493289,0.04714018240019327,1691,0.7424868242831053
mgab,3,random_control,3,0.09523809523809523,0.6352241124600368,0.07273802483737433,0.10224438902743142,0.08500345542501728,0.09470314670532101,3382,0.7424868242831053
mgab,3,random_control,3,0.14285714285714285,0.6106298189774861,0.06681119432400473,0.14089775561097256,0.09064171122994652,0.1429908799903364,5074,0.7424868242831053
mgab,3,random_control,3,0.19047619047619047,0.5910943027824942,0.06740576496674058,0.18952618453865336,0.0994438992476284,0.19052364558796883,6765,0.7424868242831053
mgab,3,random_control,3,0.23809523809523808,0.5743007396881694,0.06881873004611565,0.24189526184538654,0.1071527202430268,0.2378148215256387,8457,0.7424868242831053
mgab,3,random_control,3,0.2857142857142857,0.5593227128920262,0.06947181710681907,0.29301745635910226,0.11231480006372471,0.2851663948782992,10148,0.7424868242831053
mgab,3,random_control,3,0.3333333333333333,0.5461246605018459,0.07119932432432433,0.35037406483790523,0.11834901024849082,0.33209518632602525,11840,0.7424868242831053
mgab,3,random_control,3,0.38095238095238093,0.5328465328034326,0.07198285418668243,0.40482128013300084,0.12223128568739411,0.3792051700187232,13531,0.7424868242831053
mgab,3,random_control,3,0.42857142857142855,0.5207707366353134,0.07075285770595191,0.4476309226932668,0.1221919673247107,0.4271607175212901,15222,0.7424868242831053
mgab,3,random_control,3,0.47619047619047616,0.5080308349834013,0.07029679555397896,0.4941812136325852,0.12308488612836438,0.47487467536389444,16914,0.7424868242831053
mgab,3,random_control,3,0.5238095238095238,0.49542798958236745,0.06971244289169579,0.5390689941812137,0.12345914045024037,0.5226792293289847,18605,0.7424868242831053
mgab,3,random_control,3,0.5714285714285714,0.48283734125880073,0.07020741981573632,0.5922693266832918,0.1255340703871735,0.5699100078516639,20297,0.7424868242831053
mgab,3,random_control,3,0.6190476190476191,0.4696165179161653,0.06981080589412407,0.6379883624272652,0.1258506190046733,0.6176541644017636,21988,0.7424868242831053
mgab,3,random_control,3,0.6666666666666666,0.4564051596412355,0.07018581081081081,0.6907730673316709,0.12742467223798207,0.6649151416319381,23680,0.7424868242831053
mgab,3,random_control,3,0.7142857142857143,0.44236940877408415,0.06972527689093848,0.7352452202826267,0.12737156640385933,0.7127498943045237,25371,0.7424868242831053
mgab,3,random_control,3,0.7619047619047619,0.4277778750106336,0.06972877097036435,0.78428927680798,0.1280711280032578,0.7602524611946608,27062,0.7424868242831053
mgab,3,random_control,3,0.8095238095238095,0.41035378436117753,0.06931209570842317,0.8283458021612635,0.1279204107830552,0.8081476112822371,28754,0.7424868242831053
mgab,3,random_control,3,0.8571428571428571,0.3901451094534423,0.06910822795204467,0.8744804655029094,0.1280935131350644,0.8558615691248415,30445,0.7424868242831053
mgab,3,random_control,3,0.9047619047619048,0.3657154647187326,0.06864361950399851,0.9168744804655029,0.12772486466143645,0.903877514042399,32137,0.7424868242831053
mgab,3,random_control,3,0.9523809523809523,0.32783838858495074,0.06843443301407118,0.9621778886118039,0.12778053761660318,0.951651869299994,33828,0.7424868242831053
mgab,3,random_control,3,1.0,0.1068693926818014,0.06773648648648649,1.0,0.12687865844012025,1.0,35520,0.7424868242831053
mgab,3,input_norm_control,3,0.047619047619047616,1.7401751202173728,0.08042578356002365,0.05652535328345802,0.06639004149377593,0.046958990155221356,1691,1.9482052613734595
mgab,3,input_norm_control,3,0.09523809523809523,1.532104580379837,0.07865168539325842,0.11055694098088113,0.09191430545957152,0.09409917255541463,3382,1.9482052613734595
mgab,3,input_norm_control,3,0.14285714285714285,1.3988906439703896,0.07627118644067797,0.16084788029925187,0.10347593582887701,0.1415413420305611,5074,1.9482052613734595
mgab,3,input_norm_control,3,0.19047619047619047,1.2735360704873528,0.07243163340724317,0.20365752285951788,0.10685857594591648,0.189496889533128,6765,1.9482052613734595
mgab,3,input_norm_control,3,0.23809523809523808,1.1617422677954892,0.07000118245240629,0.2460515378221114,0.10899383227469389,0.23751283445068552,8457,1.9482052613734595
mgab,3,input_norm_control,3,0.2857142857142857,1.0655323919322655,0.0683878596767836,0.2884455527847049,0.11056237055918433,0.28549858066074774,10148,1.9482052613734595
mgab,3,input_norm_control,3,0.3333333333333333,0.985595507781909,0.06655405405405405,0.32751454696591853,0.11062754457391548,0.3337561152382678,11840,1.9482052613734595
mgab,3,input_norm_control,3,0.38095238095238093,0.9112650119218415,0.06673564407656493,0.37531172069825436,0.11332120223379558,0.3813492782508909,13531,1.9482052613734595
mgab,3,input_norm_control,3,0.42857142857142855,0.8456037936130087,0.06589147286821706,0.4168744804655029,0.11379623326525982,0.4293954218759437,15222,1.9482052613734595
mgab,3,input_norm_control,3,0.47619047619047616,0.7857741427119436,0.06521225020692917,0.45843724023275145,0.11418219461697722,0.47747176420849186,16914,1.9482052613734595
mgab,3,input_norm_control,3,0.5238095238095238,0.7307888558025297,0.06449879064767536,0.49875311720698257,0.11422588168102422,0.5256085039560306,18605,1.9482052613734595
mgab,3,input_norm_control,3,0.5714285714285714,0.6814675413770601,0.06582253535005173,0.5552784704904405,0.11769369686825529,0.5725976928187474,20297,1.9482052613734595
mgab,3,input_norm_control,3,0.6190476190476191,0.6296713139299754,0.0668091686374386,0.6105569409808811,0.12043945232434206,0.6196472790964547,21988,1.9482052613734595
mgab,3,input_norm_control,3,0.6666666666666666,0.577349223969577,0.06689189189189189,0.6583541147132169,0.1214444529632753,0.6672706408165731,23680,1.9482052613734595
mgab,3,input_norm_control,3,0.7142857142857143,0.5293631365648253,0.06755744747940562,0.71238570241064,0.12341145552075458,0.7144108232167663,25371,1.9482052613734595
mgab,3,input_norm_control,3,0.7619047619047619,0.4909038690257148,0.06806592269603133,0.7655860349127181,0.12501696755802905,0.7616114030319502,27062,1.9482052613734595
mgab,3,input_norm_control,3,0.8095238095238095,0.44073905115737944,0.06736454058565765,0.8050706566916043,0.12432605905006419,0.809838738901975,28754,1.9482052613734595
mgab,3,input_norm_control,3,0.8571428571428571,0.38348280247282673,0.06677615371982264,0.8449709060681629,0.12377096587622906,0.8580056773570092,30445,1.9482052613734595
mgab,3,input_norm_control,3,0.9047619047619048,0.32305798620336645,0.06677661262718984,0.8919368246051538,0.12425093361896766,0.9056894364921181,32137,1.9482052613734595
mgab,3,input_norm_control,3,0.9523809523809523,0.21237934472810593,0.06645382523353435,0.9343308395677473,0.12408235359055031,0.9536751827021803,33828,1.9482052613734595
mgab,3,input_norm_control,3,1.0,0.04458139654752813,0.06773648648648649,1.0,0.12687865844012025,1.0,35520,1.9482052613734595
mgab,3,esn_residual,4,0.047619047619047616,0.024019675443227584,0.17267888823181549,0.12136325852036575,0.1425433243836954,0.04224799178595156,1691,0.027303806897670313
mgab,3,esn_residual,4,0.09523809523809523,0.02235038179795623,0.11738616203429923,0.16500415627597673,0.13718037318590187,0.09014314187352782,3382,0.027303806897670313
mgab,3,esn_residual,4,0.14285714285714285,0.021299138873089873,0.10090658257784785,0.21280133000831256,0.13689839572192514,0.1377665035936462,5074,0.027303806897670313
mgab,3,esn_residual,4,0.19047619047619047,0.020536645191668867,0.09297856614929785,0.26142975893599335,0.13717151891832952,0.18529926919127862,6765,0.027303806897670313
mgab,3,esn_residual,4,0.23809523809523808,0.019819991676584436,0.08655551614047535,0.30423940149625933,0.1347694007180337,0.23328501540134083,8457,0.027303806897670313
mgab,3,esn_residual,4,0.2857142857142857,0.0191922802504223,0.08277493102089081,0.3491271820448878,0.13382188943762943,0.2810895693664311,10148,0.027303806897670313
mgab,3,esn_residual,4,0.3333333333333333,0.018655388886031687,0.08023648648648649,0.3948462177888612,0.1333707707426646,0.3288639246240261,11840,0.027303806897670313
mgab,3,esn_residual,4,0.38095238095238093,0.01813005197212192,0.07782129923878502,0.4376558603491272,0.13214532220618688,0.376819472126593,13531,0.027303806897670313
mgab,3,esn_residual,4,0.42857142857142855,0.01762510163276687,0.07528577059519118,0.4763092269326683,0.13002042205582032,0.4250770067041131,15222,0.027303806897670313
mgab,3,esn_residual,4,0.47619047619047616,0.01713923620081914,0.07538134090102873,0.529925187032419,0.13198757763975152,0.47227758651929697,16914,0.027303806897670313
mgab,3,esn_residual,4,0.5238095238095238,0.016657411807813105,0.0735823703305563,0.5689941812136325,0.13031269335110182,0.5205049223893218,18605,0.027303806897670313
mgab,3,esn_residual,4,0.5714285714285714,0.016185211700815216,0.07247376459575307,0.6113881961762261,0.12958639827335594,0.5685208673068792,20297,0.027303806897670313
mgab,3,esn_residual,4,0.6190476190476191,0.01571467931213988,0.07208477351282518,0.6587697423108895,0.1299499877018939,0.6161442290269976,21988,0.027303806897670313
mgab,3,esn_residual,4,0.6666666666666666,0.015228317371438038,0.07111486486486486,0.6999168744804655,0.12911140075136088,0.6642507700670411,23680,0.027303806897670313
mgab,3,esn_residual,4,0.7142857142857143,0.014709540497079843,0.07071065389618068,0.7456359102244389,0.12917161680527056,0.7119949266171408,25371,0.027303806897670313
mgab,3,esn_residual,4,0.7619047619047619,0.014173519751494723,0.06995048407360875,0.786783042394015,0.12847834939595495,0.7600712689496889,27062,0.027303806897670313
mgab,3,esn_residual,4,0.8095238095238095,0.01357911845064308,0.06910342908812687,0.8258520365752285,0.12753530166880617,0.808328803527209,28754,0.027303806897670313
mgab,3,esn_residual,4,0.8571428571428571,0.012867721799381115,0.06841845951716209,0.8657522859517872,0.12681501324160604,0.8564957419822432,30445,0.027303806897670313
mgab,3,esn_residual,4,0.9047619047619048,0.012012945628924854,0.06792793353455519,0.9073150457190358,0.12639319109515676,0.9045720843147913,32137,0.027303806897670313
mgab,3,esn_residual,4,0.9523809523809523,0.010772956016339208,0.06748847108903866,0.9488778054862843,0.12601424076833911,0.9526182279398442,33828,0.027303806897670313
mgab,3,esn_residual,4,1.0,0.0031646413193442413,0.06773648648648649,1.0,0.12687865844012025,1.0,35520,0.027303806897670313
mgab,3,delay_line_residual,4,0.047619047619047616,0.05414669789561799,0.08397397989355411,0.05901911886949293,0.06931901391261898,0.04677779791024944,1691,0.06159818045682641
mgab,3,delay_line_residual,4,0.09523809523809523,0.05083095506506652,0.07421643997634536,0.10432252701579385,0.08673116793365584,0.09455215316784442,3382,0.06159818045682641
mgab,3,delay_line_residual,4,0.14285714285714285,0.04851448894007149,0.07469452108789909,0.15752285951787198,0.10133689839572192,0.14178293169052364,5074,0.06159818045682641
mgab,3,delay_line_residual,4,0.19047619047619047,0.046694719801990914,0.07390983000739099,0.20781379883624274,0.10903936321011885,0.1891949024581748,6765,0.06159818045682641
mgab,3,delay_line_residual,4,0.23809523809523808,0.04510591735022729,0.07011942769303535,0.24646716541978386,0.10917794347786063,0.2374826357431902,8457,0.06159818045682641
mgab,3,delay_line_residual,4,0.2857142857142857,0.04365947278823512,0.07124556562869531,0.300498753117207,0.11518241198024534,0.28462281814338347,10148,0.06159818045682641
mgab,3,delay_line_residual,4,0.3333333333333333,0.04236060620121407,0.07204391891891893,0.3545303408146301,0.1197529130984136,0.33179319925107204,11840,0.06159818045682641
mgab,3,delay_line_residual,4,0.38095238095238093,0.04110307585771977,0.07109600177370483,0.399833748960931,0.12072535608960282,0.379567554508667,13531,0.06159818045682641
mgab,3,delay_line_residual,4,0.42857142857142855,0.03991673827465547,0.07121271843384575,0.45054031587697424,0.12298615838438848,0.42694932656882284,15222,0.06159818045682641
mgab,3,delay_line_residual,4,0.47619047619047616,0.03879912247219863,0.07112451223838241,0.5,0.12453416149068323,0.47445189345895994,16914,0.06159818045682641
mgab,3,delay_line_residual,4,0.5238095238095238,0.03766250312526154,0.07164740661112604,0.5540315876974231,0.12688591690067108,0.5215920758591532,18605,0.06159818045682641
mgab,3,delay_line_residual,4,0.5714285714285714,0.03658168153137353,0.07163620239444253,0.6043225270157938,0.1280887988371581,0.5690342453342997,20297,0.06159818045682641
mgab,3,delay_line_residual,4,0.6190476190476191,0.03548266669093891,0.07103874840822266,0.6492103075644223,0.1280642781011724,0.61683879929939,21988,0.06159818045682641
mgab,3,delay_line_residual,4,0.6666666666666666,0.03432826990987792,0.07035472972972973,0.6924355777223608,0.12773135014950546,0.6647943468019569,23680,0.06159818045682641
mgab,3,delay_line_residual,4,0.7142857142857143,0.0330820646251766,0.06988293721177723,0.7369077306733167,0.1276595744680851,0.7126290994745424,25371,0.06159818045682641
mgab,3,delay_line_residual,4,0.7619047619047619,0.03171913539762272,0.06943315349937182,0.7809642560266001,0.12752816614632823,0.7604940508546234,27062,0.06159818045682641
mgab,3,delay_line_residual,4,0.8095238095238095,0.030325557328069408,0.06927731793837379,0.827930174563591,0.12785622593068036,0.8081778099897324,28754,0.06159818045682641
mgab,3,delay_line_residual,4,0.8571428571428571,0.028605569677154108,0.06874692067662999,0.8699085619285121,0.12742382271468145,0.85619375490729,30445,0.06159818045682641
mgab,3,delay_line_residual,4,0.9047619047619048,0.026526305646598303,0.0684258020350375,0.9139650872817955,0.12731957270648178,0.9040889049948663,32137,0.06159818045682641
mgab,3,delay_line_residual,4,0.9523809523809523,0.0235367043203496,0.06757715501951046,0.9501246882793017,0.12617983109786388,0.9525276318173582,33828,0.06159818045682641
mgab,3,delay_line_residual,4,1.0,0.006936276151350285,0.06773648648648649,1.0,0.12687865844012025,1.0,35520,0.06159818045682641
mgab,3,persistence_residual,4,0.047619047619047616,0.2485198023181283,0.07451212300413956,0.05236907730673317,0.06150842079570416,0.04726097723017455,1691,0.2642400837090122
mgab,3,persistence_residual,4,0.09523809523809523,0.2278529874593005,0.06978119455943228,0.09808811305070657,0.08154803040774015,0.0950051337802742,3382,0.2642400837090122
mgab,3,persistence_residual,4,0.14285714285714285,0.20621500326865316,0.0717382735514387,0.1512884455527847,0.09732620320855616,0.14223591230295343,5074,0.2642400837090122
mgab,3,persistence_residual,4,0.19047619047619047,0.1891952420620555,0.07021433850702144,0.1974231088944306,0.10358739504961294,0.18994987014555778,6765,0.2642400837090122
mgab,3,persistence_residual,4,0.23809523809523808,0.174093240249249,0.06881873004611565,0.24189526184538654,0.1071527202430268,0.2378148215256387,8457,0.2642400837090122
mgab,3,persistence_residual,4,0.2857142857142857,0.16078197558397278,0.06819077650768625,0.2876142975893599,0.11024374701290426,0.2855589780757384,10148,0.2642400837090122
mgab,3,persistence_residual,4,0.3333333333333333,0.14813737509427938,0.06807432432432432,0.3349958437240233,0.1131545697037765,0.33321253850335203,11840,0.2642400837090122
mgab,3,persistence_residual,4,0.38095238095238093,0.13652099461239686,0.0682137314315276,0.38362427265170407,0.11583108489678108,0.3807453041009845,13531,0.2642400837090122
mgab,3,persistence_residual,4,0.42857142857142855,0.1271825310436725,0.06700827749310209,0.4239401496259352,0.11572498298162015,0.4288820438485233,15222,0.2642400837090122
mgab,3,persistence_residual,4,0.47619047619047616,0.11919875781006795,0.06728154191793781,0.47298420615128844,0.11780538302277434,0.4764148094461557,16914,0.2642400837090122
mgab,3,persistence_residual,4,0.5238095238095238,0.11186923403505489,0.06772373018005913,0.5236907730673317,0.11993717576507545,0.5237965815063115,18605,0.2642400837090122
mgab,3,persistence_residual,4,0.5714285714285714,0.10493554448441955,0.06759619648223876,0.5702410640066501,0.12086508390961548,0.5715105393489158,20297,0.2642400837090122
mgab,3,persistence_residual,4,0.6190476190476191,0.09867582861107849,0.06662725122794251,0.6088944305901912,0.12011150282856438,0.619768073926436,21988,0.2642400837090122
mgab,3,persistence_residual,4,0.6666666666666666,0.0922117705083565,0.0667652027027027,0.6571072319201995,0.12121444452963273,0.667361236939059,23680,0.2642400837090122
mgab,3,persistence_residual,4,0.7142857142857143,0.08537569436174408,0.06700563635646999,0.7065669160432253,0.1224034272959643,0.7148336051217008,25371,0.2642400837090122
mgab,3,persistence_residual,4,0.7619047619047619,0.07813082766665502,0.06647697878944646,0.7477140482128013,0.12209854757703271,0.762909947454249,27062,0.2642400837090122
mgab,3,persistence_residual,4,0.8095238095238095,0.06934123851010554,0.0663559852542255,0.7930174563591023,0.12246469833119383,0.8107145014193392,28754,0.2642400837090122
mgab,3,persistence_residual,4,0.8571428571428571,0.059753090197375514,0.06690753818360978,0.8466334164588528,0.12401448966545918,0.8578848825270279,30445,0.2642400837090122
mgab,3,persistence_residual,4,0.9047619047619048,0.05198302546978084,0.0678034664094346,0.9056525353283458,0.1261615956923255,0.9046928791447726,32137,0.2642400837090122
mgab,3,persistence_residual,4,0.9523809523809523,0.04349816337554557,0.06810925860234125,0.9576059850374065,0.12717337307501242,0.9519840550824424,33828,0.2642400837090122
mgab,3,persistence_residual,4,1.0,0.017418504274701263,0.06773648648648649,1.0,0.12687865844012025,1.0,35520,0.2642400837090122
mgab,3,moving_statistics,4,0.047619047619047616,2.6096302382120484,0.07983441750443525,0.05610972568578554,0.06590187942396876,0.04698918886271668,1691,3.0092144668715264
mgab,3,moving_statistics,4,0.09523809523809523,2.3968501520885184,0.07451212300413956,0.10473815461346633,0.08707671043538355,0.0945219544603491,3382,3.0092144668715264
mgab,3,moving_statistics,4,0.14285714285714285,2.2980043664447294,0.07114702404414663,0.15004156275976724,0.096524064171123,0.1423265084254394,5074,3.0092144668715264
mgab,3,moving_statistics,4,0.19047619047619047,2.1864263141178526,0.06829268292682927,0.19201995012468828,0.10075237160614985,0.19034245334299693,6765,3.0092144668715264
mgab,3,moving_statistics,4,0.23809523809523808,2.086146705563806,0.07000118245240629,0.2460515378221114,0.10899383227469389,0.23751283445068552,8457,3.0092144668715264
mgab,3,moving_statistics,4,0.2857142857142857,1.9874597571506456,0.06957035869136775,0.29343308395677475,0.11247411183686475,0.2851361961708039,10148,3.0092144668715264
mgab,3,moving_statistics,4,0.3333333333333333,1.8912327469843149,0.06883445945945946,0.33873649210307566,0.114418082268707,0.3329407501358942,11840,3.0092144668715264
mgab,3,moving_statistics,4,0.38095238095238093,1.8036585811096302,0.06887887074126081,0.3873649210307564,0.11696053209512455,0.3804735157335266,13531,3.0092144668715264
mgab,3,moving_statistics,4,0.42857142857142855,1.720817569303108,0.06779661016949153,0.428927680798005,0.11708645336963922,0.42851965935857944,15222,3.0092144668715264
mgab,3,moving_statistics,4,0.47619047619047616,1.6508543961899704,0.06793189074139766,0.4775561097256858,0.11894409937888199,0.4760826236637072,16914,3.0092144668715264
mgab,3,moving_statistics,4,0.5238095238095238,1.5907799903143314,0.06691749529696318,0.5174563591022444,0.11850935224406263,0.5242495621187413,18605,3.0092144668715264
mgab,3,moving_statistics,4,0.5714285714285714,1.5379223680884024,0.06695570774006011,0.5648379052369077,0.11971986081134653,0.571903122546355,20297,3.0092144668715264
mgab,3,moving_statistics,4,0.6190476190476191,1.4763212237812695,0.06644533381844643,0.6072319201995012,0.11978355333278676,0.6198888687564172,21988,3.0092144668715264
mgab,3,moving_statistics,4,0.6666666666666666,1.403012484899591,0.06727195945945946,0.6620947630922693,0.12213447826420301,0.6669988524491152,23680,3.0092144668715264
mgab,3,moving_statistics,4,0.7142857142857143,1.3225161198242859,0.06736037207835718,0.7103075644222776,0.12305144544047233,0.7145618167542429,25371,3.0092144668715264
mgab,3,moving_statistics,4,0.7619047619047619,1.2409282863500266,0.06703126154755747,0.7539484621778886,0.12311660105877564,0.7624569668418192,27062,3.0092144668715264
mgab,3,moving_statistics,4,0.8095238095238095,1.1565563790754823,0.06719065173541072,0.8029925187032418,0.12400513478818997,0.8099897324394516,28754,3.0092144668715264
mgab,3,moving_statistics,4,0.8571428571428571,1.073756381819294,0.0674659221547052,0.8536990856192851,0.12504946576968737,0.8573715044996074,30445,3.0092144668715264
mgab,3,moving_statistics,4,0.9047619047619048,0.9307094560208498,0.06721224756511186,0.8977556109725686,0.12506151752887704,0.9052666545871837,32137,3.0092144668715264
mgab,3,moving_statistics,4,0.9523809523809523,0.7121377701114397,0.0670154901265224,0.9422277639235245,0.12513109234420708,0.9531014072597693,33828,3.0092144668715264
mgab,3,moving_statistics,4,1.0,0.16356538102445484,0.06773648648648649,1.0,0.12687865844012025,1.0,35520,3.0092144668715264
mgab,3,random_control,4,0.047619047619047616,0.6708531292479165,0.09343583678296866,0.0656691604322527,0.0771296070295338,0.046294618590324334,1691,0.7312489905980328
mgab,3,random_control,4,0.09523809523809523,0.636351245950209,0.08160851567120048,0.11471321695760599,0.09536973047684864,0.09379718548046144,3382,0.7312489905980328
mgab,3,random_control,4,0.14285714285714285,0.6117628352212705,0.07528577059519118,0.15876974231088944,0.10213903743315508,0.14169233556803768,5074,0.7312489905980328
mgab,3,random_control,4,0.19047619047619047,0.5928987389715985,0.07272727272727272,0.20448877805486285,0.10729473339875695,0.18943649211813735,6765,0.7312489905980328
mgab,3,random_control,4,0.23809523809523808,0.5761314770993522,0.06940995624926097,0.24397339983374897,0.10807327625886036,0.2376638279881621,8457,0.7312489905980328
mgab,3,random_control,4,0.2857142857142857,0.5608628489972034,0.06927473393772172,0.29218620116375726,0.11199617651744466,0.28522679229328984,10148,0.7312489905980328
mgab,3,random_control,4,0.3333333333333333,0.5471865712761428,0.06722972972972972,0.33083956774729845,0.11175066685385371,0.33351452557830524,11840,0.7312489905980328
mgab,3,random_control,4,0.38095238095238093,0.5336625763147822,0.06740078338629812,0.3790523690773067,0.11445064943213903,0.381077489883433,13531,0.7312489905980328
mgab,3,random_control,4,0.42857142857142855,0.5203438188007112,0.06792799894888976,0.42975893599334997,0.11731336510097573,0.4284592619435888,15222,0.7312489905980328
mgab,3,random_control,4,0.47619047619047616,0.5082857268371299,0.06757715501951046,0.47506234413965087,0.11832298136645963,0.4762638159086791,16914,0.7312489905980328
mgab,3,random_control,4,0.5238095238095238,0.4957921708187314,0.06772373018005913,0.5236907730673317,0.11993717576507545,0.5237965815063115,18605,0.7312489905980328
mgab,3,random_control,4,0.5714285714285714,0.48314568849173156,0.06799034340050254,0.57356608478803,0.1215698365854733,0.5712689496889534,20297,0.7312489905980328
mgab,3,random_control,4,0.6190476190476191,0.47032780364270366,0.06858286338002546,0.6267664172901081,0.12363695990817414,0.6184695295041372,21988,0.7312489905980328
mgab,3,random_control,4,0.6666666666666666,0.4568715692630576,0.06942567567567567,0.683291770573566,0.12604462163612665,0.6654587183668539,23680,0.7312489905980328
mgab,3,random_control,4,0.7142857142857143,0.44329407594796066,0.06952820148989003,0.7331670822942643,0.12701155632357705,0.7129008878420003,25371,0.7312489905980328
mgab,3,random_control,4,0.7619047619047619,0.4278317331809376,0.06950705786711994,0.7817955112219451,0.1276639066105606,0.7604336534396328,27062,0.7312489905980328
mgab,3,random_control,4,0.8095238095238095,0.4108253453237012,0.06920776239827502,0.8270989193682461,0.1277278562259307,0.8082382074047231,28754,0.7312489905980328
mgab,3,random_control,4,0.8571428571428571,0.390805695529707,0.06881261290852357,0.8707398171238571,0.12754558460929652,0.8561333574922994,30445,0.7312489905980328
mgab,3,random_control,4,0.9047619047619048,0.36664774820110324,0.06851915237887793,0.9152119700748129,0.1274932692586052,0.9039983088723803,32137,0.7312489905980328
mgab,3,random_control,4,0.9523809523809523,0.3290473045349245,0.06819794253281306,0.9588528678304239,0.12733896340453718,0.9518934589599565,33828,0.7312489905980328
mgab,3,random_control,4,1.0,0.09759507674289125,0.06773648648648649,1.0,0.12687865844012025,1.0,35520,0.7312489905980328
mgab,3,input_norm_control,4,0.047619047619047616,1.7404347342408073,0.08042578356002365,0.05652535328345802,0.06639004149377593,0.046958990155221356,1691,1.9497595051800545
mgab,3,input_norm_control,4,0.09523809523809523,1.5324949893856683,0.07865168539325842,0.11055694098088113,0.09191430545957152,0.09409917255541463,3382,1.9497595051800545
mgab,3,input_norm_control,4,0.14285714285714285,1.3988239890450131,0.07627118644067797,0.16084788029925187,0.10347593582887701,0.1415413420305611,5074,1.9497595051800545
mgab,3,input_norm_control,4,0.19047619047619047,1.273235901238877,0.07243163340724317,0.20365752285951788,0.10685857594591648,0.189496889533128,6765,1.9497595051800545
mgab,3,input_norm_control,4,0.23809523809523808,1.1618274599877623,0.07000118245240629,0.2460515378221114,0.10899383227469389,0.23751283445068552,8457,1.9497595051800545
mgab,3,input_norm_control,4,0.2857142857142857,1.065733289261516,0.0683878596767836,0.2884455527847049,0.11056237055918433,0.28549858066074774,10148,1.9497595051800545
mgab,3,input_norm_control,4,0.3333333333333333,0.9853167242008567,0.06655405405405405,0.32751454696591853,0.11062754457391548,0.3337561152382678,11840,1.9497595051800545
mgab,3,input_norm_control,4,0.38095238095238093,0.911005145285344,0.06673564407656493,0.37531172069825436,0.11332120223379558,0.3813492782508909,13531,1.9497595051800545
mgab,3,input_norm_control,4,0.42857142857142855,0.8449418572736249,0.0660228616476153,0.4177057356608479,0.11402314499659634,0.42933502446095306,15222,1.9497595051800545
mgab,3,input_norm_control,4,0.47619047619047616,0.7848627337289145,0.0652713728272437,0.45885286783042395,0.1142857142857143,0.47744156550099653,16914,1.9497595051800545
mgab,3,input_norm_control,4,0.5238095238095238,0.7299462565051726,0.06455253963988175,0.499168744804655,0.11432106991575842,0.5255783052485353,18605,1.9497595051800545
mgab,3,input_norm_control,4,0.5714285714285714,0.6805367740621477,0.06592107207961767,0.5561097256857855,0.11786988503721975,0.5725372954037568,20297,1.9497595051800545
mgab,3,input_norm_control,4,0.6190476190476191,0.6288675455361954,0.06694560669456066,0.6118038237738986,0.12068541444617528,0.6195566829739687,21988,1.9497595051800545
mgab,3,input_norm_control,4,0.6666666666666666,0.5764755200516447,0.0670608108108108,0.6600166251039069,0.12175113087479872,0.6671498459865918,23680,1.9497595051800545
mgab,3,input_norm_control,4,0.7142857142857143,0.5287776863024192,0.06767569272003468,0.7136325852036576,0.12362746156892392,0.7143202270942803,25371,1.9497595051800545
mgab,3,input_norm_control,4,0.7619047619047619,0.4903388394432113,0.0682137314315276,0.7672485453034081,0.12528844848649381,0.761490608201969,27062,1.9497595051800545
mgab,3,input_norm_control,4,0.8095238095238095,0.43950934789245366,0.0674688738958058,0.8063175394846218,0.1245186136071887,0.809748142779489,28754,1.9497595051800545
mgab,3,input_norm_control,4,0.8571428571428571,0.3825102065866304,0.06677615371982264,0.8449709060681629,0.12377096587622906,0.8580056773570092,30445,1.9497595051800545
mgab,3,input_norm_control,4,0.9047619047619048,0.3221666679282862,0.06683884618975013,0.8927680798004988,0.12436673132038328,0.9056290390771276,32137,1.9497595051800545
mgab,3,input_norm_control,4,0.9523809523809523,0.2116146816078981,0.06645382523353435,0.9343308395677473,0.12408235359055031,0.9536751827021803,33828,1.9497595051800545
mgab,3,input_norm_control,4,1.0,0.04458139654752813,0.06773648648648649,1.0,0.12687865844012025,1.0,35520,1.9497595051800545
