experiment,replicate,seed_reservoir,seed_drive,seed_surrogate,rho,leak_rate,input_scale,sigma_u,input_drive_std,n_units,density,state_noise,n_steps,washout,t0_mc,n_samples_mc,mc_total,mc_total_raw,mc_threshold,mc_effective_delay,mc_ratio,n_delays,t0_ipc,n_samples_ipc,ipc_total,ipc_total_raw,ipc_linear,ipc_nonlinear,ipc_saturation_ratio,n_targets,n_targets_kept,n_degrees,chunk_size_mc_effective,chunk_size_ipc_effective,wall_time_state_s,wall_time_mc_s,wall_time_ipc_s,wall_time_s
4D_freerun_capacity,0,0,1,4,0.7,0.1,0.5,1.0,1.0074835130563982,200,0.1,0.0,8000,200,400,7600,257.95534185044556,257.95534185044556,0.03339388199794862,143.09281188207686,1.2897767092522279,400,200,7800,600.9968865820163,600.9968865820163,59.99712761954266,540.9997589624736,3.0049844329100814,601,601,4,256,256,0.3185467498842627,0.03211949998512864,0.22836304199881852,0.5791034169960767
4D_freerun_capacity,1,0,1,4,0.7,0.1,0.5,1.0,1.0015115370040335,200,0.1,0.0,8000,200,400,7600,281.24961465499183,281.24961465499183,0.03235361995672657,157.23342294182274,1.4062480732749592,400,200,7800,600.9948256403587,600.9948256403587,59.99540634163192,540.9994192987268,3.0049741282017934,601,601,4,256,256,0.37302279099822044,0.030825208174064755,0.22536249994300306,0.6292687079403549
4D_freerun_capacity,2,0,1,4,0.7,0.1,0.5,1.0,0.997714871515581,200,0.1,0.0,8000,200,400,7600,272.8917129614379,272.8917129614379,0.03465632807123376,152.065877255723,1.3644585648071896,400,200,7800,600.9955746637431,600.9955746637431,59.996147730458674,540.9994269332844,3.004977873318716,601,601,4,256,256,0.27759912493638694,0.03104116697795689,0.22594670904800296,0.5346373750362545
4D_freerun_capacity,3,0,1,4,0.7,0.1,0.5,1.0,1.022278279749745,200,0.1,0.0,8000,200,400,7600,261.795056646338,261.795056646338,0.03425776144214835,147.31016792827774,1.30897528323169,400,200,7800,600.994078530592,600.994078530592,59.994962117326914,540.999116413265,3.00497039265296,601,601,4,256,256,0.7733712920453399,0.031096040969714522,0.2274432920385152,1.0319685419090092
4D_freerun_capacity,4,0,1,4,0.7,0.1,0.5,1.0,1.028323269541461,200,0.1,0.0,8000,200,400,7600,273.59580779217396,273.59580779217396,0.03113145175639828,153.05304329786222,1.3679790389608697,400,200,7800,600.9963974702086,600.9963974702086,59.996723166789316,540.9996743034193,3.004981987351043,601,601,4,256,256,0.22305341600440443,0.031034667044878006,0.22587404120713472,0.48001854098401964
4D_freerun_capacity,0,0,1,4,0.7,0.1,0.5,1.0,1.0074835130563982,200,0.1,0.0001,8000,200,400,7600,252.37917703088291,252.37917703088291,0.033189889976694475,145.66262421831235,1.2618958851544146,400,200,7800,600.9888665269006,600.9888665269006,59.990488016086324,540.9983785108142,3.0049443326345027,601,601,4,256,256,0.7262448749970645,0.031036333879455924,0.22611633292399347,0.9834502090234309
4D_freerun_capacity,1,0,1,4,0.7,0.1,0.5,1.0,1.0015115370040335,200,0.1,0.0001,8000,200,400,7600,275.28599561937153,275.28599561937153,0.03392359767268998,157.11006578124832,1.3764299780968576,400,200,7800,600.9877083030785,600.9877083030785,59.98999863894975,540.9977096641288,3.0049385415153926,601,601,4,256,256,0.8186072919052094,0.030701959040015936,0.22547020786441863,1.0748367919586599
4D_freerun_capacity,2,0,1,4,0.7,0.1,0.5,1.0,0.997714871515581,200,0.1,0.0001,8000,200,400,7600,265.2326889280261,265.2326889280261,0.032476072415802165,151.26860035716035,1.3261634446401305,400,200,7800,600.9893704645224,600.9893704645224,59.991527886767656,540.9978425777547,3.004946852322612,601,601,4,256,256,0.8198591670952737,0.03057241695933044,0.2247719168663025,1.0752549171447754
4D_freerun_capacity,3,0,1,4,0.7,0.1,0.5,1.0,1.022278279749745,200,0.1,0.0001,8000,200,400,7600,259.39661234535834,259.39661234535834,0.03372385599484386,148.67409064602538,1.2969830617267917,400,200,7800,600.9878594624674,600.9878594624674,59.990389740058006,540.9974697224094,3.004939297312337,601,601,4,256,256,0.8180742498952895,0.03086508414708078,0.2388750829268247,1.0878730409312993
4D_freerun_capacity,4,0,1,4,0.7,0.1,0.5,1.0,1.028323269541461,200,0.1,0.0001,8000,200,400,7600,266.40367498392817,266.40367498392817,0.03228009769334621,152.94958713182152,1.3320183749196408,400,200,7800,600.9878569344787,600.9878569344787,59.989879620135255,540.9979773143434,3.0049392846723935,601,601,4,256,256,0.24520729179494083,0.03076658397912979,0.22595645813271403,0.501980333821848
4D_freerun_capacity,0,0,1,4,0.7,0.1,0.5,1.0,1.0074835130563982,200,0.1,0.001,8000,200,400,7600,238.08818783516443,238.08818783516443,0.03346603632440241,147.7482007782235,1.1904409391758222,400,200,7800,600.9221116084477,600.9221116084477,59.953176866951715,540.968934741496,3.0046105580422386,601,601,4,256,256,0.8160221248399466,0.030719249974936247,0.22509970888495445,1.0718936659395695
4D_freerun_capacity,1,0,1,4,0.7,0.1,0.5,1.0,1.0015115370040335,200,0.1,0.001,8000,200,400,7600,260.4939476858832,260.4939476858832,0.03382371729854523,157.06394655941375,1.302469738429416,400,200,7800,600.9254664402845,600.9254664402845,59.96049385620334,540.9649725840811,3.0046273322014225,601,601,4,256,256,0.813166624866426,0.030990750063210726,0.22621016600169241,1.0704196658916771
4D_freerun_capacity,2,0,1,4,0.7,0.1,0.5,1.0,0.997714871515581,200,0.1,0.001,8000,200,400,7600,253.34473420506782,253.34473420506782,0.032050333530210584,153.55583566776076,1.2667236710253391,400,200,7800,600.9280149270135,600.9280149270135,59.96108896809481,540.9669259589186,3.004640074635067,601,601,4,256,256,0.832746583968401,0.030944959027692676,0.22599949990399182,1.0897427089512348
4D_freerun_capacity,3,0,1,4,0.7,0.1,0.5,1.0,1.022278279749745,200,0.1,0.001,8000,200,400,7600,247.28780873535112,247.28780873535112,0.03438207436776964,149.7351149336277,1.2364390436767556,400,200,7800,600.9254434877715,600.9254434877715,59.95851803913095,540.9669254486406,3.0046272174388577,601,601,4,256,256,0.8131967501249164,0.031061290996149182,0.22666337504051626,1.0709800000768155
4D_freerun_capacity,4,0,1,4,0.7,0.1,0.5,1.0,1.028323269541461,200,0.1,0.001,8000,200,400,7600,249.62420891903417,249.62420891903417,0.03439718662375194,153.12510638466017,1.248121044595171,400,200,7800,600.9242899825387,600.9242899825387,59.954832188305595,540.9694577942331,3.004621449912693,601,601,4,256,256,0.26136587490327656,0.030678875045850873,0.22474920889362693,0.5168436248786747
4D_freerun_capacity,0,0,1,4,0.7,0.1,0.5,1.0,1.0074835130563982,200,0.1,0.01,8000,200,400,7600,219.77180660827446,219.77180660827446,0.03446178918320494,150.04174317167116,1.0988590330413723,400,200,7800,600.1222120839095,600.1222120839095,59.74163992699555,540.380572156914,3.0006110604195477,601,601,4,256,256,0.8155324158724397,0.030929917003959417,0.22657725005410612,1.0730923749506474
4D_freerun_capacity,1,0,1,4,0.7,0.1,0.5,1.0,1.0015115370040335,200,0.1,0.01,8000,200,400,7600,236.88323128036694,236.88323128036694,0.035063518788704985,156.42117737725385,1.1844161564018347,400,200,7800,600.0580819179428,600.0580819179428,59.78450079572544,540.2735811222174,3.000290409589714,601,601,4,256,256,0.44859174988232553,0.030735583044588566,0.22543158289045095,0.7048102498520166
4D_freerun_capacity,2,0,1,4,0.7,0.1,0.5,1.0,0.997714871515581,200,0.1,0.01,8000,200,400,7600,234.19040646498712,234.19040646498712,0.031262021466263425,153.62522436861883,1.1709520323249356,400,200,7800,600.1215752940116,600.1215752940116,59.77177375428388,540.3498015397277,3.000607876470058,601,601,4,256,256,0.8036197500769049,0.030844083055853844,0.22791262483224273,1.0624344171956182
4D_freerun_capacity,3,0,1,4,0.7,0.1,0.5,1.0,1.022278279749745,200,0.1,0.01,8000,200,400,7600,226.7358329305385,226.7358329305385,0.03489150933470804,150.84459413706924,1.1336791646526925,400,200,7800,599.992061876399,599.992061876399,59.776777547970845,540.2152843284282,2.9999603093819953,601,601,4,256,256,0.8218160411342978,0.0309285840485245,0.22603120794519782,1.0788273750804365
4D_freerun_capacity,4,0,1,4,0.7,0.1,0.5,1.0,1.028323269541461,200,0.1,0.01,8000,200,400,7600,227.63020925901566,227.63020925901566,0.03546056507542202,153.88111801632388,1.1381510462950784,400,200,7800,600.1893453837815,600.1893453837815,59.77039953199088,540.4189458517907,3.0009467269189076,601,601,4,256,256,0.28599333320744336,0.03077837498858571,0.2260670829564333,0.5428857081569731
4D_freerun_capacity,0,0,1,4,0.7,0.3,0.5,1.0,1.0074835130563982,200,0.1,0.0,8000,200,400,7600,142.93355851476446,142.93355851476446,0.03310870514511516,109.87159639364735,0.7146677925738223,400,200,7800,600.9991361272118,600.9991361272118,59.99913768724152,540.9999984399703,3.004995680636059,601,601,4,256,256,0.7518541251774877,0.031057541025802493,0.22612141608260572,1.0090909160207957
4D_freerun_capacity,1,0,1,4,0.7,0.3,0.5,1.0,1.0015115370040335,200,0.1,0.0,8000,200,400,7600,167.519568615708,167.519568615708,0.03426566056649423,131.3443549975614,0.83759784307854,400,200,7800,600.9986228651755,600.9986228651755,59.99863574179448,540.9999871233811,3.004993114325878,601,601,4,256,256,0.7562639159150422,0.03095949999988079,0.22611554199829698,1.013396207941696
4D_freerun_capacity,2,0,1,4,0.7,0.3,0.5,1.0,0.997714871515581,200,0.1,0.0,8000,200,400,7600,150.88674398252624,150.88674398252624,0.03282701700567591,116.64507479937467,0.7544337199126312,400,200,7800,600.9991701843085,600.9991701843085,59.999177575468934,540.9999926088395,3.004995850921542,601,601,4,256,256,0.7476410421077162,0.03094795811921358,0.22574775014072657,1.004389459034428
4D_freerun_capacity,3,0,1,4,0.7,0.3,0.5,1.0,1.022278279749745,200,0.1,0.0,8000,200,400,7600,143.83185067772465,143.83185067772465,0.03366824014196916,117.98356216980089,0.7191592533886232,400,200,7800,600.9964729567032,600.9964729567032,59.99649082653219,540.999982130171,3.004982364783516,601,601,4,256,256,0.7493447500746697,0.03264704090543091,0.22349954210221767,1.0055414580274373
4D_freerun_capacity,4,0,1,4,0.7,0.3,0.5,1.0,1.028323269541461,200,0.1,0.0,8000,200,400,7600,165.9916617524618,165.9916617524618,0.031069809418646288,129.8169496081585,0.829958308762309,400,200,7800,600.9993046920722,600.9993046920722,59.99930690114372,540.9999977909284,3.004996523460361,601,601,4,256,256,0.7487526249606162,0.030947624938562512,0.2252882500179112,1.0050433340948075
4D_freerun_capacity,0,0,1,4,0.7,0.3,0.5,1.0,1.0074835130563982,200,0.1,0.0001,8000,200,400,7600,132.25104685420456,132.25104685420456,0.03407659078878014,114.09292232146339,0.6612552342710228,400,200,7800,600.9502771431376,600.9502771431376,59.950749799929135,540.9995273432085,3.0047513857156876,601,601,4,256,256,0.8147990410216153,0.031111707910895348,0.22351295896805823,1.0694792501162738
4D_freerun_capacity,1,0,1,4,0.7,0.3,0.5,1.0,1.0015115370040335,200,0.1,0.0001,8000,200,400,7600,151.84898249510047,151.84898249510047,0.03201893332533097,131.509983088263,0.7592449124755024,400,200,7800,600.9782815639533,600.9782815639533,59.97916625631413,540.9991153076392,3.004891407819766,601,601,4,256,256,0.8335860830266029,0.030908041866496205,0.22727029211819172,1.0918198330327868
4D_freerun_capacity,2,0,1,4,0.7,0.3,0.5,1.0,0.997714871515581,200,0.1,0.0001,8000,200,400,7600,137.71542274877348,137.71542274877348,0.0352749513398385,120.32973426563446,0.6885771137438674,400,200,7800,600.9729365276969,600.9729365276969,59.97356511358563,540.9993714141112,3.0048646826384844,601,601,4,256,256,0.8266668748110533,0.030813417164608836,0.2265419578179717,1.0840804579202086
4D_freerun_capacity,3,0,1,4,0.7,0.3,0.5,1.0,1.022278279749745,200,0.1,0.0001,8000,200,400,7600,136.18612945650608,136.18612945650608,0.032662568611709845,121.57947056442558,0.6809306472825304,400,200,7800,600.9094885648765,600.9094885648765,59.91016743401583,540.9993211308606,3.0045474428243826,601,601,4,256,256,0.8166586249135435,0.030767542077228427,0.22541958396323025,1.0729043749161065
4D_freerun_capacity,4,0,1,4,0.7,0.3,0.5,1.0,1.028323269541461,200,0.1,0.0001,8000,200,400,7600,147.42688963570814,147.42688963570814,0.03201402253740146,129.54886797106556,0.7371344481785407,400,200,7800,600.9616948963395,600.9616948963395,59.96213692919528,540.9995579671443,3.0048084744816976,601,601,4,256,256,0.8226209580898285,0.03130899998359382,0.22576787509024143,1.0797476251609623
4D_freerun_capacity,0,0,1,4,0.7,0.3,0.5,1.0,1.0074835130563982,200,0.1,0.001,8000,200,400,7600,120.64425426787346,120.64425426787346,0.034728361267441166,118.46853751870673,0.6032212713393673,400,200,7800,600.1397392305532,600.1397392305532,59.15565648498956,540.9840827455637,3.000698696152766,601,601,4,256,256,0.8176032088231295,0.030742291128262877,0.22494308301247656,1.0733366669155657
4D_freerun_capacity,1,0,1,4,0.7,0.3,0.5,1.0,1.0015115370040335,200,0.1,0.001,8000,200,400,7600,137.44461293477508,137.44461293477508,0.03317988900194998,130.58861434885245,0.6872230646738754,400,200,7800,600.564987886821,600.564987886821,59.59020362586682,540.9747842609542,3.0028249394341047,601,601,4,256,256,0.81872354215011,0.03153587505221367,0.22477429220452905,1.0750824590213597
4D_freerun_capacity,2,0,1,4,0.7,0.3,0.5,1.0,0.997714871515581,200,0.1,0.001,8000,200,400,7600,128.58555134222104,128.58555134222104,0.03269272133602535,120.66828659017976,0.6429277567111051,400,200,7800,600.5310931604679,600.5310931604679,59.55047319748741,540.9806199629804,3.0026554658023397,601,601,4,256,256,0.8140453749801964,0.030812917044386268,0.22594191692769527,1.0708525408990681
4D_freerun_capacity,3,0,1,4,0.7,0.3,0.5,1.0,1.022278279749745,200,0.1,0.001,8000,200,400,7600,127.84721905439584,127.84721905439584,0.032715968418336,124.0405862882123,0.6392360952719792,400,200,7800,600.1153996485147,600.1153996485147,59.13708722292518,540.9783124255895,3.000576998242573,601,601,4,256,256,0.819016374880448,0.03130287514068186,0.22736716596409678,1.077737082960084
4D_freerun_capacity,4,0,1,4,0.7,0.3,0.5,1.0,1.028323269541461,200,0.1,0.001,8000,200,400,7600,134.67406292621962,134.67406292621962,0.03296631061067374,129.92451708889124,0.6733703146310981,400,200,7800,600.5054302218329,600.5054302218329,59.52124187164941,540.9841883501834,3.0025271511091645,601,601,4,256,256,0.8193869171664119,0.030869124922901392,0.227056167088449,1.0773646670859307
4D_freerun_capacity,0,0,1,4,0.7,0.3,0.5,1.0,1.0074835130563982,200,0.1,0.01,8000,200,400,7600,110.11764202655027,110.11764202655027,0.03561122403513809,124.11882825087172,0.5505882101327514,400,200,7800,595.9572351845317,595.9572351845317,55.427245082866726,540.5299901016649,2.9797861759226585,601,601,4,256,256,0.8155178751330823,0.03065629187040031,0.2266646248754114,1.0728955829981714
4D_freerun_capacity,1,0,1,4,0.7,0.3,0.5,1.0,1.0015115370040335,200,0.1,0.01,8000,200,400,7600,121.49092329864155,121.49092329864155,0.033522366843143706,128.62385738477286,0.6074546164932078,400,200,7800,597.3617617038353,597.3617617038353,57.08947285210575,540.2722888517296,2.986808808519177,601,601,4,256,256,0.8145017500501126,0.030923582846298814,0.22478837496601045,1.070264457957819
4D_freerun_capacity,2,0,1,4,0.7,0.3,0.5,1.0,0.997714871515581,200,0.1,0.01,8000,200,400,7600,116.86702571149003,116.86702571149003,0.032262029906373134,121.4539159344467,0.5843351285574502,400,200,7800,597.1086926833594,597.1086926833594,56.71656040153631,540.3921322818231,2.985543463416797,601,601,4,256,256,0.815306083066389,0.030982250114902854,0.22619758313521743,1.0725436250213534
4D_freerun_capacity,3,0,1,4,0.7,0.3,0.5,1.0,1.022278279749745,200,0.1,0.01,8000,200,400,7600,114.44851218877008,114.44851218877008,0.0325663614525449,124.17017120651089,0.5722425609438504,400,200,7800,595.7243524953742,595.7243524953742,55.37126904532626,540.353083450048,2.978621762476871,601,601,4,256,256,0.8114090831950307,0.031319750007241964,0.22609858284704387,1.0688793330918998
4D_freerun_capacity,4,0,1,4,0.7,0.3,0.5,1.0,1.028323269541461,200,0.1,0.01,8000,200,400,7600,119.5434244416625,119.5434244416625,0.034995306863679194,127.95642324254995,0.5977171222083125,400,200,7800,597.4682174480286,597.4682174480286,56.97314566816833,540.4950717798603,2.987341087240143,601,601,4,256,256,0.8136196250561625,0.030913583002984524,0.22525920812040567,1.0698442498687655
4D_freerun_capacity,0,0,1,4,0.7,0.6,0.5,1.0,1.0074835130563982,200,0.1,0.0,8000,200,400,7600,117.36566339063125,117.36566339063125,0.032127512212499654,103.56422495032346,0.5868283169531563,400,200,7800,600.7750191870045,600.7750191870045,59.77502651410579,540.9999926728988,3.003875095935023,601,601,4,256,256,0.7515005001332611,0.030824874993413687,0.22518987488001585,1.0075690420344472
4D_freerun_capacity,1,0,1,4,0.7,0.6,0.5,1.0,1.0015115370040335,200,0.1,0.0,8000,200,400,7600,131.8929674683403,131.8929674683403,0.0335396721654884,125.50270146062508,0.6594648373417015,400,200,7800,600.4506761871945,600.4506761871945,59.450695474747086,540.9999807124474,3.0022533809359726,601,601,4,256,256,0.7510557910427451,0.030666917096823454,0.22669120784848928,1.0084655829705298
4D_freerun_capacity,2,0,1,4,0.7,0.6,0.5,1.0,0.997714871515581,200,0.1,0.0,8000,200,400,7600,120.00583690604557,120.00583690604557,0.033701697269250964,110.03680791889145,0.6000291845302279,400,200,7800,600.5634590065977,600.5634590065977,59.563478374856714,540.999980631741,3.0028172950329886,601,601,4,256,256,0.7525345839094371,0.030697125010192394,0.22687629191204906,1.0101669998839498
4D_freerun_capacity,3,0,1,4,0.7,0.6,0.5,1.0,1.022278279749745,200,0.1,0.0,8000,200,400,7600,117.47577598957636,117.47577598957636,0.03379584661907093,113.07772119484167,0.5873788799478818,400,200,7800,600.103674307426,600.103674307426,59.10372512747709,540.9999491799489,3.00051837153713,601,601,4,256,256,0.7520316250156611,0.030818792060017586,0.22612891695462167,1.0090306249912828
4D_freerun_capacity,4,0,1,4,0.7,0.6,0.5,1.0,1.028323269541461,200,0.1,0.0,8000,200,400,7600,133.28818846214546,133.28818846214546,0.03258444818605708,123.8886764743036,0.6664409423107273,400,200,7800,600.7129823617404,600.7129823617404,59.712988406634516,540.9999939551059,3.0035649118087018,601,601,4,256,256,0.7492450419813395,0.030738249886780977,0.22507595899514854,1.0051160419825464
4D_freerun_capacity,0,0,1,4,0.7,0.6,0.5,1.0,1.0074835130563982,200,0.1,0.0001,8000,200,400,7600,95.81970790682968,95.81970790682968,0.03275482629890608,103.30786458576799,0.4790985395341484,400,200,7800,597.1667319012452,597.1667319012452,56.16856459851416,540.998167302731,2.9858336595062256,601,601,4,256,256,0.8235717918723822,0.03197587514296174,0.22765970788896084,1.083260083803907
4D_freerun_capacity,1,0,1,4,0.7,0.6,0.5,1.0,1.0015115370040335,200,0.1,0.0001,8000,200,400,7600,112.76617924864175,112.76617924864175,0.033784595338052226,122.53546765685614,0.5638308962432087,400,200,7800,597.5873999702508,597.5873999702508,56.5901844633745,540.9972155068763,2.9879369998512537,601,601,4,256,256,0.8221229591872543,0.03075270797125995,0.22634395910426974,1.0792725840583444
4D_freerun_capacity,2,0,1,4,0.7,0.6,0.5,1.0,0.997714871515581,200,0.1,0.0001,8000,200,400,7600,98.7556568741449,98.7556568741449,0.034625096169120545,107.38400940586531,0.4937782843707245,400,200,7800,596.748416296383,596.748416296383,55.751220117802255,540.9971961785807,2.983742081481915,601,601,4,256,256,0.8160675421822816,0.03091187495738268,0.22589045809581876,1.0729222081135958
4D_freerun_capacity,3,0,1,4,0.7,0.6,0.5,1.0,1.022278279749745,200,0.1,0.0001,8000,200,400,7600,102.81761319698049,102.81761319698049,0.03281002600911708,113.7234364660366,0.5140880659849024,400,200,7800,596.7637552911206,596.7637552911206,55.76696227771262,540.9967930134079,2.983818776455603,601,601,4,256,256,0.8244372501503676,0.030776624800637364,0.22516329190693796,1.0804283749312162
4D_freerun_capacity,4,0,1,4,0.7,0.6,0.5,1.0,1.028323269541461,200,0.1,0.0001,8000,200,400,7600,108.43292409489388,108.43292409489388,0.0332078213097393,122.27899238825826,0.5421646204744693,400,200,7800,596.9713902223838,596.9713902223838,55.97308522159133,540.9983050007925,2.9848569511119187,601,601,4,256,256,0.8251807908527553,0.03083308320492506,0.22599099995568395,1.0820659999735653
4D_freerun_capacity,0,0,1,4,0.7,0.6,0.5,1.0,1.0074835130563982,200,0.1,0.001,8000,200,400,7600,85.89665972394909,85.89665972394909,0.03439293478521509,105.9858064852755,0.42948329861974543,400,200,7800,591.8538297839839,591.8538297839839,50.89415004730928,540.9596797366746,2.9592691489199194,601,601,4,256,256,0.8371817499864846,0.03173816599883139,0.23061816697008908,1.0996021658647805
4D_freerun_capacity,1,0,1,4,0.7,0.6,0.5,1.0,1.0015115370040335,200,0.1,0.001,8000,200,400,7600,96.77761572768074,96.77761572768074,0.03312655565511484,117.55089971438495,0.4838880786384037,400,200,7800,593.025332345259,593.025332345259,52.093899123491035,540.931433221768,2.9651266617262952,601,601,4,256,256,0.8170553750824183,0.031136041041463614,0.22551212506368756,1.0737557499669492
4D_freerun_capacity,2,0,1,4,0.7,0.6,0.5,1.0,0.997714871515581,200,0.1,0.001,8000,200,400,7600,87.80122991960772,87.80122991960772,0.0347863536889364,103.71348299932818,0.43900614959803863,400,200,7800,591.6557721560462,591.6557721560462,50.72333471395497,540.9324374420912,2.958278860780231,601,601,4,256,256,0.8138202088885009,0.030814875150099397,0.22719300002790987,1.071885583922267
4D_freerun_capacity,3,0,1,4,0.7,0.6,0.5,1.0,1.022278279749745,200,0.1,0.001,8000,200,400,7600,92.11161202380009,92.11161202380009,0.03264288148381972,112.09974565974086,0.46055806011900047,400,200,7800,592.0537724393289,592.0537724393289,51.11529693625499,540.938475503074,2.9602688621966444,601,601,4,256,256,0.8190860419999808,0.03094854182563722,0.22605291684158146,1.0761394170112908
4D_freerun_capacity,4,0,1,4,0.7,0.6,0.5,1.0,1.028323269541461,200,0.1,0.001,8000,200,400,7600,94.1113390972149,94.1113390972149,0.03390462660501067,118.04438903617583,0.4705566954860745,400,200,7800,592.2663002285976,592.2663002285976,51.306529384982674,540.9597708436149,2.961331501142988,601,601,4,256,256,0.8151012079324573,0.03135812492109835,0.226133500225842,1.0726439580321312
4D_freerun_capacity,0,0,1,4,0.7,0.6,0.5,1.0,1.0074835130563982,200,0.1,0.01,8000,200,400,7600,75.92568834159951,75.92568834159951,0.034104424330829955,106.58353829220502,0.37962844170799753,400,200,7800,584.6683654250008,584.6683654250008,44.671092651641295,539.9972727733596,2.9233418271250042,601,601,4,256,256,0.33762424997985363,0.031144625041633844,0.22547979094088078,0.5943053329829127
4D_freerun_capacity,1,0,1,4,0.7,0.6,0.5,1.0,1.0015115370040335,200,0.1,0.01,8000,200,400,7600,83.28605053521851,83.28605053521851,0.034437386855309844,110.79825994149428,0.4164302526760925,400,200,7800,586.1084923770345,586.1084923770345,46.56885425785802,539.5396381191765,2.9305424618851728,601,601,4,256,256,0.8212865418754518,0.03481833403930068,0.22749004187062383,1.0836613338906318
4D_freerun_capacity,2,0,1,4,0.7,0.6,0.5,1.0,0.997714871515581,200,0.1,0.01,8000,200,400,7600,76.65499085667003,76.65499085667003,0.034654820415945906,98.89796182619045,0.3832749542833501,400,200,7800,584.9099995816496,584.9099995816496,45.283574916561825,539.6264246650877,2.924549997908248,601,601,4,256,256,0.8271788749843836,0.031005250057205558,0.22620533290319145,1.08444745792076
4D_freerun_capacity,3,0,1,4,0.7,0.6,0.5,1.0,1.022278279749745,200,0.1,0.01,8000,200,400,7600,78.92520194138778,78.92520194138778,0.03291381388157355,105.27291683951302,0.3946260097069389,400,200,7800,584.7967552531284,584.7967552531284,45.22943750895388,539.5673177441745,2.9239837762656418,601,601,4,256,256,0.8194387501571327,0.0305542079731822,0.22548245918005705,1.0755260831210762
4D_freerun_capacity,4,0,1,4,0.7,0.6,0.5,1.0,1.028323269541461,200,0.1,0.01,8000,200,400,7600,78.52536353821782,78.52536353821782,0.03407169082915867,110.08229939177286,0.3926268176910891,400,200,7800,585.7139457370857,585.7139457370857,45.762330400569674,539.951615336516,2.928569728685429,601,601,4,256,256,0.8200765419751406,0.03078350005671382,0.2232749171089381,1.074185709003359
4D_freerun_capacity,0,0,1,4,0.7,1.0,0.5,1.0,1.0074835130563982,200,0.1,0.0,8000,200,400,7600,110.75134838748204,110.75134838748204,0.03186033018505254,102.26644433526678,0.5537567419374102,400,200,7800,600.0817412617246,600.0817412617246,59.08176634059875,540.9999749211258,3.000408706308623,601,601,4,256,256,0.7539974579121917,0.03119720797985792,0.2270160831976682,1.01226795790717
4D_freerun_capacity,1,0,1,4,0.7,1.0,0.5,1.0,1.0015115370040335,200,0.1,0.0,8000,200,400,7600,126.32194866275645,126.32194866275645,0.03418077856318896,123.64423188682707,0.6316097433137823,400,200,7800,599.7124070836139,599.7124070836139,58.71247423973898,540.999932843875,2.9985620354180695,601,601,4,256,256,0.7505880000535399,0.030818958999589086,0.22652924992144108,1.0079868340399116
4D_freerun_capacity,2,0,1,4,0.7,1.0,0.5,1.0,0.997714871515581,200,0.1,0.0,8000,200,400,7600,112.68214374665338,112.68214374665338,0.03225897643488451,108.39407453148762,0.5634107187332669,400,200,7800,599.6825446361023,599.6825446361023,58.68261973429434,540.999924901808,2.9984127231805116,601,601,4,256,256,0.7556699169799685,0.030756416032090783,0.22552216588519514,1.0119999169837683
4D_freerun_capacity,3,0,1,4,0.7,1.0,0.5,1.0,1.022278279749745,200,0.1,0.0,8000,200,400,7600,112.13596206084834,112.13596206084834,0.033809680261003526,112.87862602420005,0.5606798103042417,400,200,7800,598.8173194418391,598.8173194418391,57.817510980353916,540.9998084614851,2.9940865972091957,601,601,4,256,256,0.7544743749313056,0.031153582967817783,0.22671400010585785,1.0123967910185456
4D_freerun_capacity,4,0,1,4,0.7,1.0,0.5,1.0,1.028323269541461,200,0.1,0.0,8000,200,400,7600,126.15944027303472,126.15944027303472,0.03256704106911153,122.6656973236581,0.6307972013651736,400,200,7800,600.1929211168987,600.1929211168987,59.19294406592634,540.9999770509723,3.0009646055844934,601,601,4,256,256,0.7550159581005573,0.031044041039422154,0.22505608317442238,1.0111679171677679
4D_freerun_capacity,0,0,1,4,0.7,1.0,0.5,1.0,1.0074835130563982,200,0.1,0.0001,8000,200,400,7600,84.26329611170557,84.26329611170557,0.03209401979728466,96.01101118009481,0.4213164805585279,400,200,7800,594.1596391850237,594.1596391850237,53.16587353069193,540.9937656543318,2.9707981959251186,601,601,4,256,256,0.815175874857232,0.03168820892460644,0.2349684580694884,1.0818916249554604
4D_freerun_capacity,1,0,1,4,0.7,1.0,0.5,1.0,1.0015115370040335,200,0.1,0.0001,8000,200,400,7600,98.03541430092908,98.03541430092908,0.03333943767840133,116.33583145123602,0.4901770715046454,400,200,7800,593.9725544958704,593.9725544958704,52.98302643805999,540.9895280578105,2.969862772479352,601,601,4,256,256,0.8218447910621762,0.032690374879166484,0.2260958340484649,1.0806893750559539
4D_freerun_capacity,2,0,1,4,0.7,1.0,0.5,1.0,0.997714871515581,200,0.1,0.0001,8000,200,400,7600,85.8306637021021,85.8306637021021,0.03429091201697513,97.11235356946707,0.42915331851051053,400,200,7800,593.366517799878,593.366517799878,52.37801718306544,540.9885006168125,2.96683258899939,601,601,4,256,256,0.8181023339275271,0.030687416903674603,0.22463704086840153,1.0734785001259297
4D_freerun_capacity,3,0,1,4,0.7,1.0,0.5,1.0,1.022278279749745,200,0.1,0.0001,8000,200,400,7600,90.19396155339675,90.19396155339675,0.03528028904395294,107.0086911879838,0.45096980776698375,400,200,7800,593.1623556203265,593.1623556203265,52.174051997839605,540.9883036224869,2.9658117781016324,601,601,4,256,256,0.8151143749710172,0.030655999900773168,0.22754224995151162,1.0733716248068959
4D_freerun_capacity,4,0,1,4,0.7,1.0,0.5,1.0,1.028323269541461,200,0.1,0.0001,8000,200,400,7600,94.90190940889539,94.90190940889539,0.03361142746375542,116.40209977611387,0.47450954704447695,400,200,7800,593.4031811748848,593.4031811748848,52.409751983330096,540.9934291915547,2.9670159058744243,601,601,4,256,256,0.816804459085688,0.030920583987608552,0.22516587493009865,1.0729442921001464
4D_freerun_capacity,0,0,1,4,0.7,1.0,0.5,1.0,1.0074835130563982,200,0.1,0.001,8000,200,400,7600,73.13661879437919,73.13661879437919,0.032694283528306896,96.33398621967666,0.36568309397189597,400,200,7800,587.5104237495841,587.5104237495841,46.63168733481359,540.8787364147705,2.9375521187479205,601,601,4,256,256,0.8201230422127992,0.031071124831214547,0.22600795794278383,1.0772536671720445
4D_freerun_capacity,1,0,1,4,0.7,1.0,0.5,1.0,1.0015115370040335,200,0.1,0.001,8000,200,400,7600,80.75662404286324,80.75662404286324,0.03238159837464401,105.79320849919978,0.40378312021431617,400,200,7800,588.4606103508538,588.4606103508538,47.65366676162471,540.8069435892291,2.942303051754269,601,601,4,256,256,0.8182958750985563,0.030798250110819936,0.22547541605308652,1.0746229579672217
4D_freerun_capacity,2,0,1,4,0.7,1.0,0.5,1.0,0.997714871515581,200,0.1,0.001,8000,200,400,7600,72.43408469471457,72.43408469471457,0.03410248882152682,88.17926465893628,0.36217042347357287,400,200,7800,587.1009294624221,587.1009294624221,46.287851351114604,540.8130781113075,2.9355046473121105,601,601,4,256,256,0.8200130839832127,0.030739417066797614,0.22739950008690357,1.0782112919259816
4D_freerun_capacity,3,0,1,4,0.7,1.0,0.5,1.0,1.022278279749745,200,0.1,0.001,8000,200,400,7600,77.55817851715695,77.55817851715695,0.033053484221871945,99.59778591277752,0.38779089258578475,400,200,7800,588.0237445802666,588.0237445802666,47.196247250635864,540.8274973296307,2.940118722901333,601,601,4,256,256,0.8201388330198824,0.030578125035390258,0.22436012513935566,1.0751322079449892
4D_freerun_capacity,4,0,1,4,0.7,1.0,0.5,1.0,1.028323269541461,200,0.1,0.001,8000,200,400,7600,77.2214921121269,77.2214921121269,0.03433935755329847,106.67099257817475,0.3861074605606345,400,200,7800,587.0258173498174,587.0258173498174,46.13993078977896,540.8858865600384,2.9351290867490873,601,601,4,256,256,0.8204801250249147,0.033080500084906816,0.2233831249177456,1.0770007078535855
4D_freerun_capacity,0,0,1,4,0.7,1.0,0.5,1.0,1.0074835130563982,200,0.1,0.01,8000,200,400,7600,59.743503425847194,59.743503425847194,0.03336880343756796,90.25070085795751,0.298717517129236,400,200,7800,577.65733735131,577.65733735131,38.953100953968544,538.7042363973414,2.88828668675655,601,601,4,256,256,0.8173122918233275,0.03212916594929993,0.22436158289201558,1.0738601249177009
4D_freerun_capacity,1,0,1,4,0.7,1.0,0.5,1.0,1.0015115370040335,200,0.1,0.01,8000,200,400,7600,66.4367767951953,66.4367767951953,0.03316146728314797,97.26825523292214,0.3321838839759765,400,200,7800,578.7081499443261,578.7081499443261,40.80092618596958,537.9072237583565,2.893540749721631,601,601,4,256,256,0.814256832934916,0.030847666086629033,0.2257932920474559,1.070950707886368
4D_freerun_capacity,2,0,1,4,0.7,1.0,0.5,1.0,0.997714871515581,200,0.1,0.01,8000,200,400,7600,58.45044963665555,59.21969580612415,0.03485831794866895,75.90916697801234,0.2922522481832777,400,200,7800,577.7795358456972,577.7795358456972,39.559948482453954,538.2195873632432,2.888897679228486,601,601,4,256,256,0.8182078329846263,0.03084566700272262,0.22517912508919835,1.0742917500901967
4D_freerun_capacity,3,0,1,4,0.7,1.0,0.5,1.0,1.022278279749745,200,0.1,0.01,8000,200,400,7600,62.57075629894822,62.57075629894822,0.03380027992471144,88.41194391753204,0.3128537814947411,400,200,7800,578.1083841913727,578.1083841913727,40.13905254493325,537.9693316464394,2.8905419209568635,601,601,4,256,256,0.8185989998746663,0.030906042084097862,0.2268496248871088,1.0764060409273952
4D_freerun_capacity,4,0,1,4,0.7,1.0,0.5,1.0,1.028323269541461,200,0.1,0.01,8000,200,400,7600,60.04313473185556,60.04313473185556,0.03468697825747874,94.25463132255233,0.3002156736592778,400,200,7800,578.1300379757407,578.1300379757407,39.3483274327405,538.7817105430003,2.890650189878704,601,601,4,256,256,0.8196064170915633,0.03310749982483685,0.22760145901702344,1.0803728338796645
4D_freerun_capacity,0,0,1,4,0.9,0.1,0.5,1.0,1.0074835130563982,200,0.1,0.0,8000,200,400,7600,276.8971452634123,276.8971452634123,0.03393305566701521,150.5942594865556,1.3844857263170616,400,200,7800,600.9942860089815,600.9942860089815,59.99635205546283,540.9979339535187,3.0049714300449075,601,601,4,256,256,0.2369406670331955,0.030846582958474755,0.22560879099182785,0.4934436248149723
4D_freerun_capacity,1,0,1,4,0.9,0.1,0.5,1.0,1.0015115370040335,200,0.1,0.0,8000,200,400,7600,305.6200446471971,305.6200446471971,0.03279904166256608,165.83002124314768,1.5281002232359855,400,200,7800,600.988842595835,600.988842595835,59.99523705664883,540.9936055391861,3.004944212979175,601,601,4,256,256,0.3914238750003278,0.030895458068698645,0.2263001671526581,0.6486764589790255
4D_freerun_capacity,2,0,1,4,0.9,0.1,0.5,1.0,0.997714871515581,200,0.1,0.0,8000,200,400,7600,300.2984434072784,300.2984434072784,0.033617918700217464,163.03642530364564,1.501492217036392,400,200,7800,600.9893751012153,600.9893751012153,59.99489395379254,540.9944811474227,3.0049468755060764,601,601,4,256,256,0.7629452920518816,0.03184079099446535,0.2271577080246061,1.0220105000771582
4D_freerun_capacity,3,0,1,4,0.9,0.1,0.5,1.0,1.022278279749745,200,0.1,0.0,8000,200,400,7600,279.8588692672856,279.8588692672856,0.034655952225512175,154.09053371161036,1.3992943463364282,400,200,7800,600.9867385017345,600.9867385017345,59.99386693315186,540.9928715685827,3.0049336925086725,601,601,4,256,256,0.7545173340477049,0.030675374902784824,0.2266268329694867,1.0118762089405209
4D_freerun_capacity,4,0,1,4,0.9,0.1,0.5,1.0,1.028323269541461,200,0.1,0.0,8000,200,400,7600,298.6004405185678,298.6004405185678,0.03294375579224083,161.41742774632183,1.493002202592839,400,200,7800,600.9925330769879,600.9925330769879,59.99556965681994,540.996963420168,3.0049626653849395,601,601,4,256,256,0.22154133301228285,0.03099504206329584,0.22675175010226667,0.47934654098935425
4D_freerun_capacity,0,0,1,4,0.9,0.1,0.5,1.0,1.0074835130563982,200,0.1,0.0001,8000,200,400,7600,273.94275269830075,273.94275269830075,0.03355227557613869,149.89614052270338,1.3697137634915038,400,200,7800,600.9924869996148,600.9924869996148,59.995465444460585,540.9970215551542,3.004962434998074,601,601,4,256,256,0.29263087501749396,0.030575917102396488,0.22527241706848145,0.5485290829092264
4D_freerun_capacity,1,0,1,4,0.9,0.1,0.5,1.0,1.0015115370040335,200,0.1,0.0001,8000,200,400,7600,305.32722445401697,305.32722445401697,0.03317392234367239,165.8215179159877,1.5266361222700848,400,200,7800,600.9876955846189,600.9876955846189,59.99489015068448,540.9928054339344,3.0049384779230945,601,601,4,256,256,0.4140823751222342,0.03082879213616252,0.22629516595043242,0.6712622921913862
4D_freerun_capacity,2,0,1,4,0.9,0.1,0.5,1.0,0.997714871515581,200,0.1,0.0001,8000,200,400,7600,299.42806765256586,299.42806765256586,0.033412877566001274,162.77380981329503,1.4971403382628292,400,200,7800,600.988333128767,600.988333128767,59.994455345891176,540.9938777828758,3.004941665643835,601,601,4,256,256,0.8198275840841234,0.033066082978621125,0.22524508298374712,1.0781952501274645
4D_freerun_capacity,3,0,1,4,0.9,0.1,0.5,1.0,1.022278279749745,200,0.1,0.0001,8000,200,400,7600,279.37134726789316,279.37134726789316,0.035389620390768976,153.9035399741291,1.3968567363394657,400,200,7800,600.98564956966,600.98564956966,59.99348254395481,540.9921670257053,3.0049282478483,601,601,4,256,256,0.3716264581307769,0.031007125042378902,0.22571720788255334,0.6284032501280308
4D_freerun_capacity,4,0,1,4,0.9,0.1,0.5,1.0,1.028323269541461,200,0.1,0.0001,8000,200,400,7600,296.80108241450966,296.80108241450966,0.032513306634553304,160.88693306618123,1.4840054120725483,400,200,7800,600.9911652713279,600.9911652713279,59.9950171320431,540.9961481392847,3.0049558263566394,601,601,4,256,256,0.24750974983908236,0.030885915970429778,0.22663325001485646,0.5050840419717133
4D_freerun_capacity,0,0,1,4,0.9,0.1,0.5,1.0,1.0074835130563982,200,0.1,0.001,8000,200,400,7600,263.6362970645407,263.6362970645407,0.03323190257052867,149.52322043604963,1.3181814853227036,400,200,7800,600.958674441657,600.958674441657,59.98411146084212,540.9745629808149,3.004793372208285,601,601,4,256,256,0.4582313341088593,0.030723209027200937,0.2280832079704851,0.7170973750762641
4D_freerun_capacity,1,0,1,4,0.9,0.1,0.5,1.0,1.0015115370040335,200,0.1,0.001,8000,200,400,7600,296.30731126000035,296.30731126000035,0.03340755652247632,164.6768341982029,1.4815365563000018,400,200,7800,600.9516000401318,600.9516000401318,59.98668301160486,540.9649170285269,3.004758000200659,601,601,4,256,256,0.3344377081375569,0.030681582866236567,0.2261452090460807,0.5913164161611348
4D_freerun_capacity,2,0,1,4,0.9,0.1,0.5,1.0,0.997714871515581,200,0.1,0.001,8000,200,400,7600,287.56194942201495,287.56194942201495,0.03265868723371603,160.1874052102758,1.4378097471100748,400,200,7800,600.9570133848571,600.9570133848571,59.985441800696464,540.9715715841606,3.0047850669242853,601,601,4,256,256,0.8238467911724001,0.04337033396586776,0.22732249996624887,1.094602291006595
4D_freerun_capacity,3,0,1,4,0.9,0.1,0.5,1.0,1.022278279749745,200,0.1,0.001,8000,200,400,7600,273.20064959951867,273.20064959951867,0.036615289086726156,153.65439193489132,1.3660032479975934,400,200,7800,600.9541827037979,600.9541827037979,59.985034592958485,540.9691481108393,3.0047709135189895,601,601,4,256,256,0.8182186668273062,0.03087366698309779,0.2266673748381436,1.0758116669021547
4D_freerun_capacity,4,0,1,4,0.9,0.1,0.5,1.0,1.028323269541461,200,0.1,0.001,8000,200,400,7600,282.4107359620148,282.4107359620148,0.03253677809845543,158.0046292291363,1.4120536798100742,400,200,7800,600.9590664923143,600.9590664923143,59.98453829611252,540.9745281962017,3.0047953324615713,601,601,4,256,256,0.24820712488144636,0.030483874958008528,0.22675599996000528,0.5054965419694781
4D_freerun_capacity,0,0,1,4,0.9,0.1,0.5,1.0,1.0074835130563982,200,0.1,0.01,8000,200,400,7600,242.20313446952258,242.20313446952258,0.035379181056223986,150.8240310082955,1.2110156723476129,400,200,7800,600.4770368145814,600.4770368145814,59.90456244505502,540.5724743695264,3.002385184072907,601,601,4,256,256,0.8179466251749545,0.03060087515041232,0.22628816589713097,1.0748956659808755
4D_freerun_capacity,1,0,1,4,0.9,0.1,0.5,1.0,1.0015115370040335,200,0.1,0.01,8000,200,400,7600,270.2007872389593,270.2007872389593,0.03469121734906564,160.96178443077483,1.3510039361947965,400,200,7800,600.3200660516869,600.3200660516869,59.917379641140165,540.4026864105467,3.0016003302584346,601,601,4,256,256,0.4429125830065459,0.030852958094328642,0.2256224590819329,0.6994402909185737
4D_freerun_capacity,2,0,1,4,0.9,0.1,0.5,1.0,0.997714871515581,200,0.1,0.01,8000,200,400,7600,261.45532818674434,261.45532818674434,0.03213822181559963,156.19926155701924,1.3072766409337218,400,200,7800,600.4176901335817,600.4176901335817,59.91993367099483,540.4977564625868,3.0020884506679084,601,601,4,256,256,0.41384995891712606,0.031229416839778423,0.22665741597302258,0.6717902920208871
4D_freerun_capacity,3,0,1,4,0.9,0.1,0.5,1.0,1.022278279749745,200,0.1,0.01,8000,200,400,7600,252.91944004377606,252.91944004377606,0.0347483223553478,152.20650807675992,1.2645972002188803,400,200,7800,600.3338493686618,600.3338493686618,59.90863724507989,540.425212123582,3.001669246843309,601,601,4,256,256,0.284202084178105,0.031124291941523552,0.22772370814345777,0.5431008751038462
4D_freerun_capacity,4,0,1,4,0.9,0.1,0.5,1.0,1.028323269541461,200,0.1,0.01,8000,200,400,7600,253.24946436930105,253.24946436930105,0.03498044663680009,154.94455945247185,1.2662473218465053,400,200,7800,600.4862661424278,600.4862661424278,59.90976117851429,540.5765049639135,3.002431330712139,601,601,4,256,256,0.34638900007121265,0.031163332983851433,0.2250249159988016,0.6026300000958145
4D_freerun_capacity,0,0,1,4,0.9,0.3,0.5,1.0,1.0074835130563982,200,0.1,0.0,8000,200,400,7600,158.8939353433454,158.8939353433454,0.03276156807058877,113.15016057398041,0.794469676716727,400,200,7800,600.999060235817,600.999060235817,59.99911152259712,540.9999487132199,3.004995301179085,601,601,4,256,256,0.7621935000643134,0.031261916970834136,0.2264409998897463,1.0199480829760432
4D_freerun_capacity,1,0,1,4,0.9,0.3,0.5,1.0,1.0015115370040335,200,0.1,0.0,8000,200,400,7600,183.89498945278885,183.89498945278885,0.033247518916239095,132.91724520061578,0.9194749472639443,400,200,7800,600.9988713197532,600.9988713197532,59.99921993961687,540.9996513801364,3.004994356598766,601,601,4,256,256,0.753439832944423,0.030927875079214573,0.22607733309268951,1.0104941669851542
4D_freerun_capacity,2,0,1,4,0.9,0.3,0.5,1.0,0.997714871515581,200,0.1,0.0,8000,200,400,7600,162.4992172440963,162.4992172440963,0.03360494193783765,118.43029702098008,0.8124960862204814,400,200,7800,600.9994362125931,600.9994362125931,59.99960888338288,540.9998273292102,3.0049971810629654,601,601,4,256,256,0.7549824160523713,0.031078584026545286,0.2258480000309646,1.0119718331843615
4D_freerun_capacity,3,0,1,4,0.9,0.3,0.5,1.0,1.022278279749745,200,0.1,0.0,8000,200,400,7600,153.2422528447582,153.2422528447582,0.03376294354218196,119.09205392816966,0.766211264223791,400,200,7800,600.9947716308395,600.9947716308395,59.99499860627291,540.9997730245666,3.0049738581541976,601,601,4,256,256,0.7550094171892852,0.031209291890263557,0.22600533394142985,1.012277000118047
4D_freerun_capacity,4,0,1,4,0.9,0.3,0.5,1.0,1.028323269541461,200,0.1,0.0,8000,200,400,7600,181.02985591015533,181.02985591015533,0.030954652996295476,131.62717067686245,0.9051492795507766,400,200,7800,600.9993431322657,600.9993431322657,59.99940165548587,540.9999414767799,3.0049967156613286,601,601,4,256,256,0.7554627498611808,0.031052791979163885,0.22571412497200072,1.012282082810998
4D_freerun_capacity,0,0,1,4,0.9,0.3,0.5,1.0,1.0074835130563982,200,0.1,0.0001,8000,200,400,7600,151.56726414848325,151.56726414848325,0.033508641553713484,113.31606963224611,0.7578363207424162,400,200,7800,600.9959355165829,600.9959355165829,59.99628874409533,540.9996467724876,3.0049796775829147,601,601,4,256,256,0.8193200421519578,0.030951332999393344,0.22624370898120105,1.076567375101149
4D_freerun_capacity,1,0,1,4,0.9,0.3,0.5,1.0,1.0015115370040335,200,0.1,0.0001,8000,200,400,7600,179.42413264916942,179.42413264916942,0.03357951102722744,132.83019855300654,0.8971206632458472,400,200,7800,600.997104101285,600.997104101285,59.998136956621714,540.9989671446633,3.004985520506425,601,601,4,256,256,0.8209260839503258,0.03096258407458663,0.22722641588188708,1.079167417017743
4D_freerun_capacity,2,0,1,4,0.9,0.3,0.5,1.0,0.997714871515581,200,0.1,0.0001,8000,200,400,7600,158.7073176261406,158.7073176261406,0.03457655475044112,119.34652510140995,0.7935365881307029,400,200,7800,600.9982830552071,600.9982830552071,59.99895906007105,540.9993239951361,3.0049914152760357,601,601,4,256,256,0.8160582499112934,0.03130804211832583,0.22636187518946826,1.0737868750002235
4D_freerun_capacity,3,0,1,4,0.9,0.3,0.5,1.0,1.022278279749745,200,0.1,0.0001,8000,200,400,7600,148.4566287766578,148.4566287766578,0.03296694983773823,119.67825566993595,0.742283143883289,400,200,7800,600.9841638290975,600.9841638290975,59.98480861426931,540.9993552148281,3.0049208191454877,601,601,4,256,256,0.4609936671331525,0.030784541042521596,0.22748212493024766,0.7193205421790481
4D_freerun_capacity,4,0,1,4,0.9,0.3,0.5,1.0,1.028323269541461,200,0.1,0.0001,8000,200,400,7600,171.8733716202318,171.8733716202318,0.03240874957301613,129.59731955165077,0.8593668581011591,400,200,7800,600.9967559612015,600.9967559612015,59.99716327333587,540.9995926878656,3.0049837798060075,601,601,4,256,256,0.81851691682823,0.030692291911691427,0.22655208292417228,1.0758140829857439
4D_freerun_capacity,0,0,1,4,0.9,0.3,0.5,1.0,1.0074835130563982,200,0.1,0.001,8000,200,400,7600,138.36777795824997,138.36777795824997,0.034985412072551764,114.80853422794821,0.6918388897912499,400,200,7800,600.9389207799252,600.9389207799252,59.94865212766652,540.9902686522587,3.004694603899626,601,601,4,256,256,0.8195474578533322,0.03059704089537263,0.22741695796139538,1.077619707910344
4D_freerun_capacity,1,0,1,4,0.9,0.3,0.5,1.0,1.0015115370040335,200,0.1,0.001,8000,200,400,7600,161.62096110124452,161.62096110124452,0.032469675806546826,131.43678142114445,0.8081048055062225,400,200,7800,600.9636774817004,600.9636774817004,59.97910207912325,540.9845754025772,3.004818387408502,601,601,4,256,256,0.823002542136237,0.03088637487962842,0.2261752081103623,1.0801243751775473
4D_freerun_capacity,2,0,1,4,0.9,0.3,0.5,1.0,0.997714871515581,200,0.1,0.001,8000,200,400,7600,145.6455041932244,145.6455041932244,0.03342408160221557,120.35558562287177,0.7282275209661221,400,200,7800,600.9714623953513,600.9714623953513,59.984455377914706,540.9870070174366,3.0048573119767563,601,601,4,256,256,0.8104917500168085,0.031213624868541956,0.22763020801357925,1.0693956250324845
4D_freerun_capacity,3,0,1,4,0.9,0.3,0.5,1.0,1.022278279749745,200,0.1,0.001,8000,200,400,7600,137.85932112039484,137.85932112039484,0.03260117529629412,121.55217980481778,0.6892966056019741,400,200,7800,600.8251653263352,600.8251653263352,59.83868385272721,540.986481473608,3.004125826631676,601,601,4,256,256,0.8231578329578042,0.030880833975970745,0.22618087497539818,1.0802794159390032
4D_freerun_capacity,4,0,1,4,0.9,0.3,0.5,1.0,1.028323269541461,200,0.1,0.001,8000,200,400,7600,155.8343890198551,155.8343890198551,0.03231739573185934,128.19608877924708,0.7791719450992756,400,200,7800,600.9563753169828,600.9563753169828,59.96635522078195,540.9900200962009,3.004781876584914,601,601,4,256,256,0.8151592500507832,0.031080458080396056,0.22714437497779727,1.073445208137855
4D_freerun_capacity,0,0,1,4,0.9,0.3,0.5,1.0,1.0074835130563982,200,0.1,0.01,8000,200,400,7600,122.17930318270594,122.17930318270594,0.03456219868377373,118.44619002173883,0.6108965159135297,400,200,7800,599.8536529842595,599.8536529842595,59.143571008354755,540.7100819759047,2.9992682649212976,601,601,4,256,256,0.8222179159056395,0.030838749837130308,0.22762170783244073,1.0807296249549836
4D_freerun_capacity,1,0,1,4,0.9,0.3,0.5,1.0,1.0015115370040335,200,0.1,0.01,8000,200,400,7600,139.36602123887215,139.36602123887215,0.034209778464864636,128.32763796044878,0.6968301061943607,400,200,7800,600.2339207526753,600.2339207526753,59.680681412751845,540.5532393399235,3.0011696037633766,601,601,4,256,256,0.8150713751092553,0.03091770806349814,0.22588212485425174,1.0719248340465128
4D_freerun_capacity,2,0,1,4,0.9,0.3,0.5,1.0,0.997714871515581,200,0.1,0.01,8000,200,400,7600,130.756636671651,130.756636671651,0.03299849990934771,119.46591724589919,0.653783183358255,400,200,7800,600.254211604796,600.254211604796,59.621582071714634,540.6326295330813,3.00127105802398,601,601,4,256,256,0.8195521249435842,0.03075712500140071,0.2269599160645157,1.0773228339385241
4D_freerun_capacity,3,0,1,4,0.9,0.3,0.5,1.0,1.022278279749745,200,0.1,0.01,8000,200,400,7600,124.81275652796148,124.81275652796148,0.03393388577993087,121.87087274210619,0.6240637826398074,400,200,7800,599.4392744683564,599.4392744683564,58.85388706589061,540.5853874024658,2.997196372341782,601,601,4,256,256,0.8197925828862935,0.030885625164955854,0.22574812499806285,1.0764751669485122
4D_freerun_capacity,4,0,1,4,0.9,0.3,0.5,1.0,1.028323269541461,200,0.1,0.01,8000,200,400,7600,135.16181491602663,135.16181491602663,0.03421416647501975,125.94977046508636,0.6758090745801332,400,200,7800,600.247188110565,600.247188110565,59.583781040121046,540.663407070444,3.0012359405528253,601,601,4,256,256,0.4818711669649929,0.031051874859258533,0.22733045811764896,0.7403028339613229
4D_freerun_capacity,0,0,1,4,0.9,0.6,0.5,1.0,1.0074835130563982,200,0.1,0.0,8000,200,400,7600,112.90033498145937,112.90033498145937,0.0334017503026229,104.31649377713492,0.5645016749072969,400,200,7800,600.6506241713163,600.6506241713163,59.6507044384082,540.9999197329081,3.0032531208565816,601,601,4,256,256,0.7552914158441126,0.0307626249268651,0.22560650017112494,1.0117145827971399
4D_freerun_capacity,1,0,1,4,0.9,0.6,0.5,1.0,1.0015115370040335,200,0.1,0.0,8000,200,400,7600,132.9464549271356,132.9464549271356,0.032285062502118766,126.78080240540598,0.664732274635678,400,200,7800,600.6709783196567,600.6709783196567,59.67129334541267,540.999684974244,3.0033548915982835,601,601,4,256,256,0.7520794998854399,0.030553875025361776,0.22696575010195374,1.0096545410342515
4D_freerun_capacity,2,0,1,4,0.9,0.6,0.5,1.0,0.997714871515581,200,0.1,0.0,8000,200,400,7600,114.01042107489513,114.01042107489513,0.033261282455215535,110.80602484191216,0.5700521053744757,400,200,7800,600.1949606034224,600.1949606034224,59.195335881456394,540.999624721966,3.0009748030171117,601,601,4,256,256,0.7484431250486523,0.031013290863484144,0.2251066251192242,1.0046151250135154
4D_freerun_capacity,3,0,1,4,0.9,0.6,0.5,1.0,1.022278279749745,200,0.1,0.0,8000,200,400,7600,112.6374846214734,112.6374846214734,0.03485253983491205,114.47944897227897,0.563187423107367,400,200,7800,599.5078871161902,599.5078871161902,58.50841518084039,540.9994719353498,2.997539435580951,601,601,4,256,256,0.7535563751589507,0.031062624882906675,0.229856583988294,1.0145337500143796
4D_freerun_capacity,4,0,1,4,0.9,0.6,0.5,1.0,1.028323269541461,200,0.1,0.0,8000,200,400,7600,129.42656553696736,129.42656553696736,0.03281818930317788,125.6620644887229,0.6471328276848368,400,200,7800,600.7045274532022,600.7045274532022,59.704589952989494,540.9999375002127,3.003522637266011,601,601,4,256,256,0.7517188750207424,0.030759874964132905,0.22483008285053074,1.007358874892816
4D_freerun_capacity,0,0,1,4,0.9,0.6,0.5,1.0,1.0074835130563982,200,0.1,0.0001,8000,200,400,7600,102.80900181498944,102.80900181498944,0.033211892247122746,101.86849080342961,0.5140450090749472,400,200,7800,599.6859739282219,599.6859739282219,58.686936278495374,540.9990376497265,2.998429869641109,601,601,4,256,256,0.8153252080082893,0.03077820804901421,0.22688495903275907,1.0730442921631038
4D_freerun_capacity,1,0,1,4,0.9,0.6,0.5,1.0,1.0015115370040335,200,0.1,0.0001,8000,200,400,7600,125.03613099468272,125.03613099468272,0.03265219106104956,124.21256268004244,0.6251806549734136,400,200,7800,600.1739330194073,600.1739330194073,59.17556985990446,540.9983631595028,3.0008696650970363,601,601,4,256,256,0.81771200010553,0.030910665867850184,0.22623229096643627,1.0749060830567032
4D_freerun_capacity,2,0,1,4,0.9,0.6,0.5,1.0,0.997714871515581,200,0.1,0.0001,8000,200,400,7600,106.35859460121038,106.35859460121038,0.03382029873926623,108.48947406486072,0.5317929730060519,400,200,7800,599.2790679437283,599.2790679437283,58.28097980173774,540.9980881419905,2.9963953397186414,601,601,4,256,256,0.8201263330411166,0.03076675022020936,0.22244124999269843,1.073386040981859
4D_freerun_capacity,3,0,1,4,0.9,0.6,0.5,1.0,1.022278279749745,200,0.1,0.0001,8000,200,400,7600,108.55460902520662,108.55460902520662,0.03398612867526541,112.9453659144201,0.5427730451260331,400,200,7800,598.8259488367619,598.8259488367619,57.82818872363278,540.9977601131291,2.9941297441838093,601,601,4,256,256,0.814098582835868,0.032175375148653984,0.22742745908908546,1.0737605828326195
4D_freerun_capacity,4,0,1,4,0.9,0.6,0.5,1.0,1.028323269541461,200,0.1,0.0001,8000,200,400,7600,120.42186275897225,120.42186275897225,0.03177303830621585,122.7607020058916,0.6021093137948612,400,200,7800,600.0403354717505,600.0403354717505,59.04112582231508,540.9992096494354,3.0002016773587523,601,601,4,256,256,0.819205499952659,0.03267487487755716,0.225929707987234,1.077861832920462
4D_freerun_capacity,0,0,1,4,0.9,0.6,0.5,1.0,1.0074835130563982,200,0.1,0.001,8000,200,400,7600,94.792481304705,94.792481304705,0.03270811205366367,102.88419109914196,0.47396240652352506,400,200,7800,597.2175418379446,597.2175418379446,56.23917300546868,540.9783688324759,2.9860877091897233,601,601,4,256,256,0.8188562500290573,0.031034332932904363,0.22489408287219703,1.0748381249140948
4D_freerun_capacity,1,0,1,4,0.9,0.6,0.5,1.0,1.0015115370040335,200,0.1,0.001,8000,200,400,7600,112.60567701102977,112.60567701102977,0.03309713007702343,120.34528031139574,0.5630283850551489,400,200,7800,598.4513338709387,598.4513338709387,57.48590319994665,540.9654306709921,2.9922566693546937,601,601,4,256,256,0.8199550418648869,0.03121762489899993,0.2257138341665268,1.0769387090113014
4D_freerun_capacity,2,0,1,4,0.9,0.6,0.5,1.0,0.997714871515581,200,0.1,0.001,8000,200,400,7600,96.40719212472933,96.40719212472933,0.034125890206939305,103.80381715254657,0.4820359606236467,400,200,7800,596.8837014760056,596.8837014760056,55.918270534488364,540.9654309415173,2.984418507380028,601,601,4,256,256,0.8217660000082105,0.03056316706351936,0.2265812079422176,1.0789590410422534
4D_freerun_capacity,3,0,1,4,0.9,0.6,0.5,1.0,1.022278279749745,200,0.1,0.001,8000,200,400,7600,98.78306082646516,98.78306082646516,0.032561716835724126,111.26260149566232,0.4939153041323258,400,200,7800,595.7353872186059,595.7353872186059,54.77201175509605,540.9633754635098,2.9786769360930294,601,601,4,256,256,0.8202369171194732,0.030593999894335866,0.22570233303122222,1.0765830830205232
4D_freerun_capacity,4,0,1,4,0.9,0.6,0.5,1.0,1.028323269541461,200,0.1,0.001,8000,200,400,7600,107.72439877010515,107.72439877010515,0.033128068591166036,118.12878397303295,0.5386219938505258,400,200,7800,598.1491115256282,598.1491115256282,57.16997685302021,540.979134672608,2.990745557628141,601,601,4,256,256,0.8270009579136968,0.0312519168946892,0.22487683384679258,1.0831821670290083
4D_freerun_capacity,0,0,1,4,0.9,0.6,0.5,1.0,1.0074835130563982,200,0.1,0.01,8000,200,400,7600,84.4399580268146,84.4399580268146,0.035049536126154315,102.53340900926797,0.422199790134073,400,200,7800,591.8284105965167,591.8284105965167,51.456462340400165,540.3719482561165,2.9591420529825836,601,601,4,256,256,0.8178396250586957,0.030592666938900948,0.2260788748972118,1.0745688339229673
4D_freerun_capacity,1,0,1,4,0.9,0.6,0.5,1.0,1.0015115370040335,200,0.1,0.01,8000,200,400,7600,95.89377335187517,95.89377335187517,0.03362064180515273,111.26516603511624,0.47946886675937583,400,200,7800,593.8296418889204,593.8296418889204,53.75498464286517,540.0746572460553,2.969148209444602,601,601,4,256,256,0.8220890830270946,0.030790833057835698,0.22640208317898214,1.0793395831715316
4D_freerun_capacity,2,0,1,4,0.9,0.6,0.5,1.0,0.997714871515581,200,0.1,0.01,8000,200,400,7600,85.40464201054004,85.40464201054004,0.033855696365223044,96.68505583138618,0.4270232100527002,400,200,7800,591.8245723167878,591.8245723167878,51.6253325572531,540.1992397595347,2.959122861583939,601,601,4,256,256,0.8165694589260966,0.030862624989822507,0.2256186669692397,1.073102124966681
4D_freerun_capacity,3,0,1,4,0.9,0.6,0.5,1.0,1.022278279749745,200,0.1,0.01,8000,200,400,7600,85.41465396639896,85.41465396639896,0.033652693432196464,105.68955512523735,0.4270732698319948,400,200,7800,589.2879306642049,589.2879306642049,49.27880098642807,540.0091296777767,2.946439653321024,601,601,4,256,256,0.814341583987698,0.030659833922982216,0.22547329193912446,1.0705232918262482
4D_freerun_capacity,4,0,1,4,0.9,0.6,0.5,1.0,1.028323269541461,200,0.1,0.01,8000,200,400,7600,90.80270787978579,90.80270787978579,0.03352683903703224,109.27355155926973,0.4540135393989289,400,200,7800,593.3777388626213,593.3777388626213,53.0143539956545,540.3633848669668,2.9668886943131065,601,601,4,256,256,0.81518783303909,0.030653166817501187,0.22596166608855128,1.0718505000695586
4D_freerun_capacity,0,0,1,4,0.9,1.0,0.5,1.0,1.0074835130563982,200,0.1,0.0,8000,200,400,7600,101.0712797429066,101.0712797429066,0.032487992547067315,99.20271842645056,0.505356398714533,400,200,7800,599.0717673981144,599.0717673981144,58.072151876727624,540.9996155213868,2.995358836990572,601,601,4,256,256,0.7556455000303686,0.030705834040418267,0.22546483320184052,1.0118662079330534
4D_freerun_capacity,1,0,1,4,0.9,1.0,0.5,1.0,1.0015115370040335,200,0.1,0.0,8000,200,400,7600,118.5669683162608,118.5669683162608,0.03284629495307882,124.14178016866406,0.592834841581304,400,200,7800,598.4569936685451,598.4569936685451,57.45796102896781,540.9990326395773,2.9922849683427257,601,601,4,256,256,0.7532773748971522,0.030557375168427825,0.22672304208390415,1.010608125012368
4D_freerun_capacity,2,0,1,4,0.9,1.0,0.5,1.0,0.997714871515581,200,0.1,0.0,8000,200,400,7600,100.69760528225362,100.69760528225362,0.03237466405543906,106.71925420109051,0.5034880264112681,400,200,7800,597.552731156699,597.552731156699,56.55375763532789,540.9989735213711,2.987763655783495,601,601,4,256,256,0.7534125419333577,0.0304317909758538,0.2249760830309242,1.008870084071532
4D_freerun_capacity,3,0,1,4,0.9,1.0,0.5,1.0,1.022278279749745,200,0.1,0.0,8000,200,400,7600,103.28827761275834,103.28827761275834,0.035730557693902806,112.99295935659406,0.5164413880637917,400,200,7800,597.0939285286317,597.0939285286317,56.09547062648206,540.9984579021497,2.985469642643159,601,601,4,256,256,0.7534674170892686,0.030710667138919234,0.22626458294689655,1.010499957948923
4D_freerun_capacity,4,0,1,4,0.9,1.0,0.5,1.0,1.028323269541461,200,0.1,0.0,8000,200,400,7600,118.7908530422829,118.7908530422829,0.03238547174563663,124.20371053644594,0.5939542652114145,400,200,7800,599.2739297715826,599.2739297715826,58.27414362083069,540.9997861507519,2.9963696488579132,601,601,4,256,256,0.753029250074178,0.03088945895433426,0.2268444998189807,1.0108202090486884
4D_freerun_capacity,0,0,1,4,0.9,1.0,0.5,1.0,1.0074835130563982,200,0.1,0.0001,8000,200,400,7600,88.01422765120479,88.01422765120479,0.03335222170431211,95.72218728892977,0.44007113825602395,400,200,7800,595.7227145689907,595.7227145689907,54.72746879653565,540.9952457724551,2.9786135728449534,601,601,4,256,256,0.821324999909848,0.031064749928191304,0.22434987500309944,1.076789875049144
4D_freerun_capacity,1,0,1,4,0.9,1.0,0.5,1.0,1.0015115370040335,200,0.1,0.0001,8000,200,400,7600,105.76174905362831,105.76174905362831,0.03406286741566296,119.31789136847172,0.5288087452681416,400,200,7800,595.9412448700955,595.9412448700955,54.949416081016224,540.9918287890792,2.9797062243504775,601,601,4,256,256,0.8186072078533471,0.03075112495571375,0.22701220796443522,1.0764332078397274
4D_freerun_capacity,2,0,1,4,0.9,1.0,0.5,1.0,0.997714871515581,200,0.1,0.0001,8000,200,400,7600,89.72480411012043,89.72480411012043,0.032301520389071525,101.06051969513955,0.44862402055060213,400,200,7800,594.6230872887905,594.6230872887905,53.63202078906018,540.9910664997303,2.973115436443953,601,601,4,256,256,0.8202302090357989,0.0327563330065459,0.23262908402830362,1.085680834017694
4D_freerun_capacity,3,0,1,4,0.9,1.0,0.5,1.0,1.022278279749745,200,0.1,0.0001,8000,200,400,7600,94.38746594859879,94.38746594859879,0.03654444239456683,109.55461399369626,0.47193732974299396,400,200,7800,594.4858397263474,594.4858397263474,53.49521521949083,540.9906245068566,2.9724291986317373,601,601,4,256,256,0.8196642498951405,0.03536766697652638,0.22853825008496642,1.0836281247902662
4D_freerun_capacity,4,0,1,4,0.9,1.0,0.5,1.0,1.028323269541461,200,0.1,0.0001,8000,200,400,7600,102.46071680297419,102.46071680297419,0.032954856894214304,119.03713195586302,0.512303584014871,400,200,7800,595.8597506894856,595.8597506894856,54.86377972480041,540.9959709646852,2.979298753447428,601,601,4,256,256,0.81644191686064,0.03073070803657174,0.22611691593192518,1.0733414590358734
4D_freerun_capacity,0,0,1,4,0.9,1.0,0.5,1.0,1.0074835130563982,200,0.1,0.001,8000,200,400,7600,77.01407272088225,77.01407272088225,0.03301179817872681,95.24467894936768,0.38507036360441127,400,200,7800,590.3672387964453,590.3672387964453,49.43875191454574,540.9284868818996,2.951836193982227,601,601,4,256,256,0.8145352501887828,0.03071154118515551,0.22617450007237494,1.0714690831955522
4D_freerun_capacity,1,0,1,4,0.9,1.0,0.5,1.0,1.0015115370040335,200,0.1,0.001,8000,200,400,7600,90.27316362090737,90.27316362090737,0.03361612196780447,112.19516646731188,0.45136581810453685,400,200,7800,591.5164580849846,591.5164580849846,50.643864903329245,540.8725931816554,2.957582290424923,601,601,4,256,256,0.8185915420763195,0.030430166982114315,0.22635299991816282,1.0754319580737501
4D_freerun_capacity,2,0,1,4,0.9,1.0,0.5,1.0,0.997714871515581,200,0.1,0.001,8000,200,400,7600,76.89138297943401,76.89138297943401,0.033505581650617525,91.14034797948639,0.38445691489717004,400,200,7800,589.5790225710298,589.5790225710298,48.722766205060445,540.8562563659693,2.9478951128551487,601,601,4,256,256,0.8174016249831766,0.030605708016082644,0.2245039171539247,1.0725665839854628
4D_freerun_capacity,3,0,1,4,0.9,1.0,0.5,1.0,1.022278279749745,200,0.1,0.001,8000,200,400,7600,82.18335699360294,82.18335699360294,0.03392230785572471,102.59225107179876,0.4109167849680147,400,200,7800,589.9935309938916,589.9935309938916,49.10793336784133,540.8855976260502,2.949967654969458,601,601,4,256,256,0.8206907089333981,0.030843417160212994,0.22481275000609457,1.0763993340078741
4D_freerun_capacity,4,0,1,4,0.9,1.0,0.5,1.0,1.028323269541461,200,0.1,0.001,8000,200,400,7600,86.63017611145959,86.63017611145959,0.032575683075041564,111.32162007808111,0.43315088055729795,400,200,7800,591.1997047963378,591.1997047963378,50.26332095105171,540.9363838452861,2.955998523981689,601,601,4,256,256,0.8261179579421878,0.03054950013756752,0.22645545797422528,1.0831725420430303
4D_freerun_capacity,0,0,1,4,0.9,1.0,0.5,1.0,1.0074835130563982,200,0.1,0.01,8000,200,400,7600,66.08639855356154,66.08639855356154,0.03308481407942691,89.70161614456075,0.33043199276780766,400,200,7800,583.3260762609358,583.3260762609358,43.95293457573771,539.3731416851981,2.916630381304679,601,601,4,256,256,0.8115391668397933,0.030471834121271968,0.22647687513381243,1.0685470418538898
4D_freerun_capacity,1,0,1,4,0.9,1.0,0.5,1.0,1.0015115370040335,200,0.1,0.01,8000,200,400,7600,74.7319140307995,74.7319140307995,0.032741930803828,98.81253891189417,0.37365957015399753,400,200,7800,584.7895281472789,584.7895281472789,46.00866772156111,538.7808604257178,2.9239476407363947,601,601,4,256,256,0.8133535000961274,0.030474916798993945,0.22519454220309854,1.0690736251417547
4D_freerun_capacity,2,0,1,4,0.9,1.0,0.5,1.0,0.997714871515581,200,0.1,0.01,8000,200,400,7600,64.0728181412545,64.0728181412545,0.033395596872749546,79.34269824174658,0.32036409070627253,400,200,7800,581.8958369343391,581.8958369343391,42.93275759345378,538.9630793408853,2.9094791846716954,601,601,4,256,256,0.81981704197824,0.030912125017493963,0.22501724981702864,1.075799582991749
4D_freerun_capacity,3,0,1,4,0.9,1.0,0.5,1.0,1.022278279749745,200,0.1,0.01,8000,200,400,7600,67.11695337918108,67.11695337918108,0.03346116571482038,90.67489884271171,0.33558476689590544,400,200,7800,581.3537404923925,581.3537404923925,42.744740417366266,538.6090000750262,2.9067687024619624,601,601,4,256,256,0.8211397500708699,0.030647125095129013,0.22537012514658272,1.077216791920364
4D_freerun_capacity,4,0,1,4,0.9,1.0,0.5,1.0,1.028323269541461,200,0.1,0.01,8000,200,400,7600,68.36214841267103,68.36214841267103,0.03427234753262905,95.22841347099661,0.34181074206335516,400,200,7800,584.3077602196855,584.3077602196855,44.80727414513814,539.5004860745473,2.9215388010984276,601,601,4,256,256,0.8229255001060665,0.030777874868363142,0.22632995806634426,1.0800842919852585
4D_freerun_capacity,0,0,1,4,1.1,0.1,0.5,1.0,1.0074835130563982,200,0.1,0.0,8000,200,400,7600,302.15915117449595,302.15915117449595,0.03362617523684954,161.65486659717584,1.5107957558724798,400,200,7800,600.9685824861024,600.9685824861024,59.99453921983565,540.9740432662667,3.004842912430512,601,601,4,256,256,0.40893658297136426,0.030640708981081843,0.22520354203879833,0.6648391250055283
4D_freerun_capacity,1,0,1,4,1.1,0.1,0.5,1.0,1.0015115370040335,200,0.1,0.0,8000,200,400,7600,329.4683499478218,329.4683499478218,0.032907509178305025,174.6978694444281,1.6473417497391092,400,200,7800,600.9040851471007,600.9040851471007,59.9902359038557,540.913849243245,3.004520425735503,601,601,4,256,256,0.3039193330332637,0.03084300016053021,0.2257690830156207,0.5605887079145759
4D_freerun_capacity,2,0,1,4,1.1,0.1,0.5,1.0,0.997714871515581,200,0.1,0.0,8000,200,400,7600,319.70411222717945,319.70411222717945,0.03420055145822705,170.5279824361998,1.5985205611358972,400,200,7800,600.9271481406786,600.9271481406786,59.990107028018095,540.9370411126605,3.004635740703393,601,601,4,256,256,0.2490767079871148,0.030736041953787208,0.22353854193352163,0.503401790978387
4D_freerun_capacity,3,0,1,4,1.1,0.1,0.5,1.0,1.022278279749745,200,0.1,0.0,8000,200,400,7600,295.41899497523343,295.41899497523343,0.036187438041144285,160.87884695076912,1.4770949748761673,400,200,7800,600.927250102482,600.927250102482,59.99058600525372,540.9366640972283,3.0046362505124105,601,601,4,256,256,0.2637942919973284,0.030498000094667077,0.22656454099342227,0.5209161669481546
4D_freerun_capacity,4,0,1,4,1.1,0.1,0.5,1.0,1.028323269541461,200,0.1,0.0,8000,200,400,7600,318.8859258759352,318.8859258759352,0.03367899052873261,169.56678470777587,1.594429629379676,400,200,7800,600.9561776990456,600.9561776990456,59.99152878445469,540.964648914591,3.004780888495228,601,601,4,256,256,0.22759654209949076,0.030888250097632408,0.22967266594059765,0.4882194579113275
4D_freerun_capacity,0,0,1,4,1.1,0.1,0.5,1.0,1.0074835130563982,200,0.1,0.0001,8000,200,400,7600,302.3183666940233,302.3183666940233,0.03344742151207049,161.7884594617907,1.5115918334701166,400,200,7800,600.9684386862748,600.9684386862748,59.994511670461385,540.9739270158134,3.004842193431374,601,601,4,256,256,0.4857086248230189,0.03069554199464619,0.22573783295229077,0.742198291933164
4D_freerun_capacity,1,0,1,4,1.1,0.1,0.5,1.0,1.0015115370040335,200,0.1,0.0001,8000,200,400,7600,329.45470158953106,329.45470158953106,0.032771459429456064,174.6853485274344,1.6472735079476553,400,200,7800,600.9039537861544,600.9039537861544,59.99022153078333,540.9137322553711,3.0045197689307717,601,601,4,256,256,0.3392397908028215,0.03074599988758564,0.22536212485283613,0.5953973329160362
4D_freerun_capacity,2,0,1,4,1.1,0.1,0.5,1.0,0.997714871515581,200,0.1,0.0001,8000,200,400,7600,319.75250777364954,319.75250777364954,0.034107273775789954,170.5374997321215,1.5987625388682476,400,200,7800,600.9268811495024,600.9268811495024,59.990088536213776,540.9367926132886,3.004634405747512,601,601,4,256,256,0.27810041583143175,0.030640916898846626,0.2254669580142945,0.5342601658776402
4D_freerun_capacity,3,0,1,4,1.1,0.1,0.5,1.0,1.022278279749745,200,0.1,0.0001,8000,200,400,7600,295.4558120105375,295.4558120105375,0.036140205986471524,160.90163003656852,1.4772790600526875,400,200,7800,600.9269935346209,600.9269935346209,59.99054923358899,540.9364443010319,3.0046349676731046,601,601,4,256,256,0.2944347080774605,0.030698125017806888,0.2241920828819275,0.5493742499966174
4D_freerun_capacity,4,0,1,4,1.1,0.1,0.5,1.0,1.028323269541461,200,0.1,0.0001,8000,200,400,7600,318.88223111043123,318.88223111043123,0.033672986352437484,169.55141441607253,1.594411155552156,400,200,7800,600.9560103998028,600.9560103998028,59.991509764604736,540.9645006351981,3.004780051999014,601,601,4,256,256,0.294139709090814,0.030607332941144705,0.2259244997985661,0.5507216670084745
4D_freerun_capacity,0,0,1,4,1.1,0.1,0.5,1.0,1.0074835130563982,200,0.1,0.001,8000,200,400,7600,298.1276522303319,298.1276522303319,0.033287892700563634,160.9661054151045,1.4906382611516593,400,200,7800,600.9509420721294,600.9509420721294,59.991976280178804,540.9589657919505,3.004754710360647,601,601,4,256,256,0.38761691679246724,0.03041258384473622,0.22534279199317098,0.643428249983117
4D_freerun_capacity,1,0,1,4,1.1,0.1,0.5,1.0,1.0015115370040335,200,0.1,0.001,8000,200,400,7600,328.1860743537559,328.1860743537559,0.03206131302080952,174.3636363599393,1.6409303717687793,400,200,7800,600.8890843469633,600.8890843469633,59.98920436519001,540.8998799817732,3.0044454217348164,601,601,4,256,256,0.3471971668768674,0.02995691611431539,0.22530804201960564,0.6025160839781165
4D_freerun_capacity,2,0,1,4,1.1,0.1,0.5,1.0,0.997714871515581,200,0.1,0.001,8000,200,400,7600,318.11991543639476,318.11991543639476,0.03323385230867584,169.92121749039373,1.5905995771819739,400,200,7800,600.9117723742311,600.9117723742311,59.988725381055495,540.9230469931756,3.004558861871155,601,601,4,256,256,0.23669870803132653,0.03132879105396569,0.22940529207699,0.4974915001075715
4D_freerun_capacity,3,0,1,4,1.1,0.1,0.5,1.0,1.022278279749745,200,0.1,0.001,8000,200,400,7600,294.8884317727798,294.8884317727798,0.03509678199940622,161.01775360895783,1.4744421588638992,400,200,7800,600.9134178853714,600.9134178853714,59.98928266874286,540.9241352166285,3.004567089426857,601,601,4,256,256,0.29064783407375216,0.03168320911936462,0.2292089161928743,0.5515932920388877
4D_freerun_capacity,4,0,1,4,1.1,0.1,0.5,1.0,1.028323269541461,200,0.1,0.001,8000,200,400,7600,316.0617820926596,316.0617820926596,0.03285037113651112,168.68256105863867,1.580308910463298,400,200,7800,600.9382167166225,600.9382167166225,59.98941957170329,540.9487971449192,3.0046910835831127,601,601,4,256,256,0.2958658749703318,0.03203137521632016,0.22915462497621775,0.5571066248230636
4D_freerun_capacity,0,0,1,4,1.1,0.1,0.5,1.0,1.0074835130563982,200,0.1,0.01,8000,200,400,7600,272.9500268216226,272.9500268216226,0.03469334963478177,155.1355290001015,1.364750134108113,400,200,7800,600.5972622200488,600.5972622200488,59.95947341721333,540.6377888028355,3.002986311100244,601,601,4,256,256,0.3294600839726627,0.031019625021144748,0.2276826249435544,0.5882290839217603
4D_freerun_capacity,1,0,1,4,1.1,0.1,0.5,1.0,1.0015115370040335,200,0.1,0.01,8000,200,400,7600,311.9646452553279,311.9646452553279,0.03322122398977478,170.63667413327977,1.5598232262766396,400,200,7800,600.370662975015,600.370662975015,59.96505560585334,540.4056073691617,3.001853314875075,601,601,4,256,256,0.466776582878083,0.03096341690979898,0.22639241605065763,0.7241914158221334
4D_freerun_capacity,2,0,1,4,1.1,0.1,0.5,1.0,0.997714871515581,200,0.1,0.01,8000,200,400,7600,299.9990095143015,299.9990095143015,0.03281776584393453,165.7431191542014,1.4999950475715076,400,200,7800,600.4694004768714,600.4694004768714,59.96114600658584,540.5082544702856,3.002347002384357,601,601,4,256,256,0.27395674982108176,0.030864750035107136,0.22577758296392858,0.5306513749528676
4D_freerun_capacity,3,0,1,4,1.1,0.1,0.5,1.0,1.022278279749745,200,0.1,0.01,8000,200,400,7600,280.58999060489066,280.58999060489066,0.03414623143537095,158.46399869607018,1.4029499530244534,400,200,7800,600.4418258251451,600.4418258251451,59.96227547610801,540.479550349037,3.0022091291257254,601,601,4,256,256,0.2533529170323163,0.031093208119273186,0.2263158750720322,0.5108138748910278
4D_freerun_capacity,4,0,1,4,1.1,0.1,0.5,1.0,1.028323269541461,200,0.1,0.01,8000,200,400,7600,291.79442154506444,291.79442154506444,0.033586152817846285,162.86943031868384,1.4589721077253222,400,200,7800,600.5628765297397,600.5628765297397,59.95880952869198,540.6040670010477,3.0028143826486984,601,601,4,256,256,0.28281720797531307,0.03096316708251834,0.22475029178895056,0.5385845410637558
4D_freerun_capacity,0,0,1,4,1.1,0.3,0.5,1.0,1.0074835130563982,200,0.1,0.0,8000,200,400,7600,168.80204465639403,168.80204465639403,0.03254017596452976,115.72983734439404,0.8440102232819702,400,200,7800,600.9973186237646,600.9973186237646,59.998760648788064,540.9985579749765,3.004986593118823,601,601,4,256,256,0.626056790817529,0.031046333024278283,0.22683858405798674,0.8840022499207407
4D_freerun_capacity,1,0,1,4,1.1,0.3,0.5,1.0,1.0015115370040335,200,0.1,0.0,8000,200,400,7600,199.6271249111027,199.6271249111027,0.03363301240274258,134.26625874685914,0.9981356245555135,400,200,7800,600.9914821506396,600.9914821506396,59.99830432108054,540.993177829559,3.004957410753198,601,601,4,256,256,0.751740749925375,0.03141195885837078,0.22722233296371996,1.0104360000696033
4D_freerun_capacity,2,0,1,4,1.1,0.3,0.5,1.0,0.997714871515581,200,0.1,0.0,8000,200,400,7600,174.6277198238763,174.6277198238763,0.03241310696580524,121.34493683224966,0.8731385991193815,400,200,7800,600.9955147146741,600.9955147146741,59.99917500413256,540.9963397105415,3.0049775735733704,601,601,4,256,256,0.22882066620513797,0.031096500111743808,0.22911625006236136,0.4890928331296891
4D_freerun_capacity,3,0,1,4,1.1,0.3,0.5,1.0,1.022278279749745,200,0.1,0.0,8000,200,400,7600,163.32947698457366,163.32947698457366,0.03346058465566612,120.54725349834206,0.8166473849228683,400,200,7800,600.9747964894378,600.9747964894378,59.98017457291235,540.9946219165255,3.0048739824471893,601,601,4,256,256,0.16943758283741772,0.030761666828766465,0.2262462079524994,0.42649874999187887
4D_freerun_capacity,4,0,1,4,1.1,0.3,0.5,1.0,1.028323269541461,200,0.1,0.0,8000,200,400,7600,195.3133609651768,195.3133609651768,0.031236226287754264,134.1312123886382,0.976566804825884,400,200,7800,600.996993252078,600.996993252078,59.99895320298246,540.9980400490956,3.0049849662603902,601,601,4,256,256,0.22546058311127126,0.031764917075634,0.23052937490865588,0.48781470814719796
4D_freerun_capacity,0,0,1,4,1.1,0.3,0.5,1.0,1.0074835130563982,200,0.1,0.0001,8000,200,400,7600,168.39237330986856,168.39237330986856,0.033058064970271035,115.93757635237075,0.8419618665493428,400,200,7800,600.9969279722727,600.9969279722727,59.99856876589382,540.9983592063788,3.0049846398613638,601,601,4,256,256,0.2728316669818014,0.03062904207035899,0.2258468340151012,0.5293621669989079
4D_freerun_capacity,1,0,1,4,1.1,0.3,0.5,1.0,1.0015115370040335,200,0.1,0.0001,8000,200,400,7600,199.6489100229577,199.6489100229577,0.034180695397452346,134.32559975061255,0.9982445501147885,400,200,7800,600.9911917984277,600.9911917984277,59.99826259581715,540.9929292026106,3.004955958992139,601,601,4,256,256,0.8189988331869245,0.03078624978661537,0.22669070796109736,1.0765267082024366
4D_freerun_capacity,2,0,1,4,1.1,0.3,0.5,1.0,0.997714871515581,200,0.1,0.0001,8000,200,400,7600,174.21517735756703,174.21517735756703,0.03251873888318602,121.10701790409179,0.8710758867878351,400,200,7800,600.9953157296102,600.9953157296102,59.999138698811834,540.9961770307983,3.004976578648051,601,601,4,256,256,0.2581629161722958,0.03096108417958021,0.2256665830500424,0.5148434161674231
4D_freerun_capacity,3,0,1,4,1.1,0.3,0.5,1.0,1.022278279749745,200,0.1,0.0001,8000,200,400,7600,163.00494668733018,163.00494668733018,0.03330284380194155,120.50790084745766,0.8150247334366508,400,200,7800,600.9740787061012,600.9740787061012,59.97965809954637,540.9944206065549,3.004870393530506,601,601,4,256,256,0.1980718751437962,0.03086483315564692,0.22755599999800324,0.456547916168347
4D_freerun_capacity,4,0,1,4,1.1,0.3,0.5,1.0,1.028323269541461,200,0.1,0.0001,8000,200,400,7600,194.6774302685027,194.6774302685027,0.03154330477627334,133.97267698715166,0.9733871513425134,400,200,7800,600.9967055222304,600.9967055222304,59.99886214634503,540.9978433758854,3.004983527611152,601,601,4,256,256,0.8209295419510454,0.03096241713501513,0.22647891682572663,1.0784238749183714
4D_freerun_capacity,0,0,1,4,1.1,0.3,0.5,1.0,1.0074835130563982,200,0.1,0.001,8000,200,400,7600,160.49187765449705,160.49187765449705,0.03332257365169176,115.82540319713105,0.8024593882724852,400,200,7800,600.9840111166741,600.9840111166741,59.9929209157715,540.9910902009026,3.0049200555833706,601,601,4,256,256,0.8239263750147074,0.030975916888564825,0.22791887493804097,1.0828776250127703
4D_freerun_capacity,1,0,1,4,1.1,0.3,0.5,1.0,1.0015115370040335,200,0.1,0.001,8000,200,400,7600,194.57168944428312,194.57168944428312,0.03394511210459898,133.58546075346612,0.9728584472214156,400,200,7800,600.9772365104956,600.9772365104956,59.99601548456289,540.9812210259327,3.004886182552478,601,601,4,256,256,0.41724750003777444,0.03160387487150729,0.22839283291250467,0.6773055410012603
4D_freerun_capacity,2,0,1,4,1.1,0.3,0.5,1.0,0.997714871515581,200,0.1,0.001,8000,200,400,7600,167.18705474382404,167.18705474382404,0.03311245564801303,120.31040391827355,0.8359352737191201,400,200,7800,600.984880563595,600.984880563595,59.99757860160254,540.9873019619924,3.004924402817975,601,601,4,256,256,0.39906237507238984,0.030544500099495053,0.22588070784695446,0.6555377910844982
4D_freerun_capacity,3,0,1,4,1.1,0.3,0.5,1.0,1.022278279749745,200,0.1,0.001,8000,200,400,7600,157.8246501532818,157.8246501532818,0.03265901499153087,120.22474423701838,0.789123250766409,400,200,7800,600.9437901585734,600.9437901585734,59.96079960551696,540.9829905530564,3.004718950792867,601,601,4,256,256,0.34909837506711483,0.031192417023703456,0.2266917498782277,0.6070356250274926
4D_freerun_capacity,4,0,1,4,1.1,0.3,0.5,1.0,1.028323269541461,200,0.1,0.001,8000,200,400,7600,183.1485461793885,183.1485461793885,0.03185048041471229,131.24821932725243,0.9157427308969425,400,200,7800,600.9848476700777,600.9848476700777,59.99562553357704,540.9892221365006,3.0049242383503882,601,601,4,256,256,0.8252722918987274,0.031137417070567608,0.2260917080566287,1.0825533329043537
4D_freerun_capacity,0,0,1,4,1.1,0.3,0.5,1.0,1.0074835130563982,200,0.1,0.01,8000,200,400,7600,142.5995908915404,142.5995908915404,0.033964013869649826,115.83104297386356,0.712997954457702,400,200,7800,600.6780758510909,600.6780758510909,59.89113182570288,540.7869440253879,3.003390379255454,601,601,4,256,256,0.36928774998523295,0.032026125118136406,0.22710387501865625,0.6284749170299619
4D_freerun_capacity,1,0,1,4,1.1,0.3,0.5,1.0,1.0015115370040335,200,0.1,0.01,8000,200,400,7600,171.8911310932,171.8911310932,0.03304578273762106,129.8570845653126,0.8594556554659999,400,200,7800,600.6269063709299,600.6269063709299,59.9514585357615,540.6754478351684,3.0031345318546494,601,601,4,256,256,0.8152127501089126,0.031803708989173174,0.24497058289125562,1.092046624980867
4D_freerun_capacity,2,0,1,4,1.1,0.3,0.5,1.0,0.997714871515581,200,0.1,0.01,8000,200,400,7600,148.78250499090987,148.78250499090987,0.03393925015593368,121.33880470818887,0.7439125249545494,400,200,7800,600.7013025822789,600.7013025822789,59.95875639270898,540.7425461895699,3.0035065129113945,601,601,4,256,256,0.8238834999501705,0.030537708895280957,0.22492879116907716,1.0794019170571119
4D_freerun_capacity,3,0,1,4,1.1,0.3,0.5,1.0,1.022278279749745,200,0.1,0.01,8000,200,400,7600,142.37679841428897,142.37679841428897,0.03324136526056918,119.79266966797474,0.7118839920714448,400,200,7800,600.4012034476625,600.4012034476625,59.705491438004515,540.695712009658,3.0020060172383127,601,601,4,256,256,0.6680681249126792,0.03136108280159533,0.2255875829141587,0.9250705831218511
4D_freerun_capacity,4,0,1,4,1.1,0.3,0.5,1.0,1.028323269541461,200,0.1,0.01,8000,200,400,7600,159.72647292592353,159.72647292592353,0.032034919535209344,126.32999391186179,0.7986323646296176,400,200,7800,600.6687775194098,600.6687775194098,59.93398195709156,540.7347955623183,3.003343887597049,601,601,4,256,256,0.6322238338179886,0.03445133310742676,0.22636320814490318,0.8930978749413043
4D_freerun_capacity,0,0,1,4,1.1,0.6,0.5,1.0,1.0074835130563982,200,0.1,0.0,8000,200,400,7600,112.69749605533298,112.69749605533298,0.03191157903701382,105.33039431100809,0.5634874802766648,400,200,7800,600.6121072441944,600.6121072441944,59.613917305885856,540.9981899383085,3.0030605362209717,601,601,4,256,256,0.7575624999590218,0.03451770800165832,0.22578749991953373,1.0179335831198841
4D_freerun_capacity,1,0,1,4,1.1,0.6,0.5,1.0,1.0015115370040335,200,0.1,0.0,8000,200,400,7600,139.56026855883485,139.56026855883485,0.03405966966188022,124.97347474999344,0.6978013427941743,400,200,7800,600.9229273052445,600.9229273052445,59.93201292564453,540.9909143795999,3.004614636526222,601,601,4,256,256,0.7542619158048183,0.03114979201927781,0.225983208976686,1.011450707912445
4D_freerun_capacity,2,0,1,4,1.1,0.6,0.5,1.0,0.997714871515581,200,0.1,0.0,8000,200,400,7600,116.38485836003154,116.38485836003154,0.03318942597380197,109.8028639097015,0.5819242918001577,400,200,7800,600.5982360438355,600.5982360438355,59.602481732784646,540.9957543110509,3.0029911802191775,601,601,4,256,256,0.7553425410296768,0.030871584080159664,0.22558108298107982,1.01185308303684
4D_freerun_capacity,3,0,1,4,1.1,0.6,0.5,1.0,1.022278279749745,200,0.1,0.0,8000,200,400,7600,112.35815357357654,112.35815357357654,0.03356692539538048,113.37713944715047,0.5617907678678827,400,200,7800,599.5011051032895,599.5011051032895,58.51385963958049,540.9872454637091,2.9975055255164476,601,601,4,256,256,0.7586818751879036,0.030832125106826425,0.2260936249513179,1.0156611672136933
4D_freerun_capacity,4,0,1,4,1.1,0.6,0.5,1.0,1.028323269541461,200,0.1,0.0,8000,200,400,7600,135.72398045877952,135.72398045877952,0.032577790321547256,126.35362294404385,0.6786199022938976,400,200,7800,600.8962433051422,600.8962433051422,59.89834335441402,540.9978999507282,3.004481216525711,601,601,4,256,256,0.753679916029796,0.031042082933709025,0.22610904090106487,1.010885458206758
4D_freerun_capacity,0,0,1,4,1.1,0.6,0.5,1.0,1.0074835130563982,200,0.1,0.0001,8000,200,400,7600,111.50626004887594,111.50626004887594,0.03168074672252441,104.96437443032725,0.5575313002443797,400,200,7800,600.5563619205185,600.5563619205185,59.558855654839434,540.997506265679,3.0027818096025927,601,601,4,256,256,0.8269565422087908,0.030593333998695016,0.22555208299309015,1.0831571251619607
4D_freerun_capacity,1,0,1,4,1.1,0.6,0.5,1.0,1.0015115370040335,200,0.1,0.0001,8000,200,400,7600,138.8571815602646,138.8571815602646,0.03450077428776927,124.65812502073308,0.6942859078013229,400,200,7800,600.9154703697887,600.9154703697887,59.925392139907366,540.9900782298814,3.0045773518489436,601,601,4,256,256,0.8223032921086997,0.03084358316846192,0.2254207080695778,1.0786275840364397
4D_freerun_capacity,2,0,1,4,1.1,0.6,0.5,1.0,0.997714871515581,200,0.1,0.0001,8000,200,400,7600,115.80034529883915,115.80034529883915,0.0337506365593748,109.28620589435819,0.5790017264941958,400,200,7800,600.5813537298656,600.5813537298656,59.58622513660083,540.9951285932648,3.0029067686493276,601,601,4,256,256,0.8225542078725994,0.03083445900119841,0.22674112510867417,1.0801877919584513
4D_freerun_capacity,3,0,1,4,1.1,0.6,0.5,1.0,1.022278279749745,200,0.1,0.0001,8000,200,400,7600,112.13418880181895,112.13418880181895,0.032778575908481745,113.1823289003052,0.5606709440090948,400,200,7800,599.4746031380977,599.4746031380977,58.488130281557574,540.9864728565401,2.9973730156904885,601,601,4,256,256,0.8161356248892844,0.031006999779492617,0.22760429210029542,1.074806708842516
4D_freerun_capacity,4,0,1,4,1.1,0.6,0.5,1.0,1.028323269541461,200,0.1,0.0001,8000,200,400,7600,134.4172124185851,134.4172124185851,0.03202302462531946,125.75725191665985,0.6720860620929255,400,200,7800,600.8756152556879,600.8756152556879,59.87845817796285,540.997157077725,3.0043780762784396,601,601,4,256,256,0.8177277920767665,0.031455166870728135,0.22582316701300442,1.0750643340870738
4D_freerun_capacity,0,0,1,4,1.1,0.6,0.5,1.0,1.0074835130563982,200,0.1,0.001,8000,200,400,7600,105.29662623675218,105.29662623675218,0.03305175143916504,102.58687890781142,0.5264831311837609,400,200,7800,600.0038798409298,600.0038798409298,59.024066089988374,540.9798137509414,3.000019399204649,601,601,4,256,256,0.8206075420603156,0.030666291946545243,0.22582033416256309,1.0771466251462698
4D_freerun_capacity,1,0,1,4,1.1,0.6,0.5,1.0,1.0015115370040335,200,0.1,0.001,8000,200,400,7600,130.48063656162333,130.48063656162333,0.03268986636744453,122.04067581361821,0.6524031828081166,400,200,7800,600.7229855137173,600.7229855137173,59.7625066081571,540.9604789055602,3.003614927568586,601,601,4,256,256,0.8221753328107297,0.030691583873704076,0.22505058301612735,1.0779690828640014
4D_freerun_capacity,2,0,1,4,1.1,0.6,0.5,1.0,0.997714871515581,200,0.1,0.001,8000,200,400,7600,109.30729077859506,109.30729077859506,0.033234025486780394,105.55525096316161,0.5465364538929753,400,200,7800,600.1398156403421,600.1398156403421,59.165423615009836,540.9743920253323,3.000699078201711,601,601,4,256,256,0.8222662920597941,0.03063279204070568,0.22654708311893046,1.079494833946228
4D_freerun_capacity,3,0,1,4,1.1,0.6,0.5,1.0,1.022278279749745,200,0.1,0.001,8000,200,400,7600,106.9173094743882,106.9173094743882,0.03265268378196607,110.70552616730441,0.534586547371941,400,200,7800,598.5964412652351,598.5964412652351,57.643898103332454,540.9525431619026,2.9929822063261753,601,601,4,256,256,0.8248967910185456,0.030916957883164287,0.2264573338907212,1.0823242908809334
4D_freerun_capacity,4,0,1,4,1.1,0.6,0.5,1.0,1.028323269541461,200,0.1,0.001,8000,200,400,7600,123.33186462647095,123.33186462647095,0.03351481724038848,120.9227953703841,0.6166593231323547,400,200,7800,600.5468149377748,600.5468149377748,59.56914094751919,540.9776739902557,3.002734074688874,601,601,4,256,256,0.8235970831010491,0.03092745807953179,0.2267386249732226,1.08131583314389
4D_freerun_capacity,0,0,1,4,1.1,0.6,0.5,1.0,1.0074835130563982,200,0.1,0.01,8000,200,400,7600,95.61485225006464,95.61485225006464,0.03448679729500176,100.35799825898869,0.4780742612503232,400,200,7800,597.5278396334113,597.5278396334113,57.042271491464845,540.4855681419465,2.9876391981670567,601,601,4,256,256,0.8224255829118192,0.030881125014275312,0.227087166858837,1.080450041918084
4D_freerun_capacity,1,0,1,4,1.1,0.6,0.5,1.0,1.0015115370040335,200,0.1,0.01,8000,200,400,7600,114.5719863524599,114.5719863524599,0.03268579914093447,114.82659559141797,0.5728599317622995,400,200,7800,599.0282405825837,599.0282405825837,58.75589755214351,540.2723430304402,2.9951412029129187,601,601,4,256,256,0.8208977500908077,0.031230624997988343,0.22608374990522861,1.078264709096402
4D_freerun_capacity,2,0,1,4,1.1,0.6,0.5,1.0,0.997714871515581,200,0.1,0.01,8000,200,400,7600,96.78848449976712,96.78848449976712,0.03379791228548187,98.81427696595397,0.4839424224988356,400,200,7800,597.4473657481831,597.4473657481831,57.00891323706278,540.4384525111203,2.9872368287409152,601,601,4,256,256,0.8205157080665231,0.031052500009536743,0.225576417054981,1.0771971670910716
4D_freerun_capacity,3,0,1,4,1.1,0.6,0.5,1.0,1.022278279749745,200,0.1,0.01,8000,200,400,7600,94.04664944276513,94.04664944276513,0.033449292788115696,105.5063072233736,0.47023324721382564,400,200,7800,594.3043866589803,594.3043866589803,54.11390142929752,540.1904852296828,2.9715219332949014,601,601,4,256,256,0.8184288749471307,0.03068470791913569,0.22455020784400403,1.0737127088941634
4D_freerun_capacity,4,0,1,4,1.1,0.6,0.5,1.0,1.028323269541461,200,0.1,0.01,8000,200,400,7600,104.46897107209384,104.46897107209384,0.033710055743471884,110.25866800624844,0.5223448553604692,400,200,7800,598.6349921640808,598.6349921640808,58.1604905050906,540.4745016589902,2.993174960820404,601,601,4,256,256,0.8216522079892457,0.030975041911005974,0.2263778338674456,1.0790647498797625
4D_freerun_capacity,0,0,1,4,1.1,1.0,0.5,1.0,1.0074835130563982,200,0.1,0.0,8000,200,400,7600,91.91976095993704,91.91976095993704,0.03281297897187783,98.95172970192318,0.4595988047996852,400,200,7800,596.5796423964814,596.5796423964814,55.58696629714596,540.9926760993354,2.9828982119824072,601,601,4,256,256,0.7582457920070738,0.031057165935635567,0.2274538748897612,1.0168165829963982
4D_freerun_capacity,1,0,1,4,1.1,1.0,0.5,1.0,1.0015115370040335,200,0.1,0.0,8000,200,400,7600,116.54627730594675,116.54627730594675,0.03381052016212189,121.80355797264644,0.5827313865297338,400,200,7800,598.7858298151879,598.7858298151879,57.804597263464444,540.9812325517235,2.993929149075939,601,601,4,256,256,0.7536779581569135,0.030808459036052227,0.22811650019139051,1.0126601250376552
4D_freerun_capacity,2,0,1,4,1.1,1.0,0.5,1.0,0.997714871515581,200,0.1,0.0,8000,200,400,7600,90.67492345276838,90.67492345276838,0.0328781386929963,101.51740623724072,0.45337461726384193,400,200,7800,594.9179978517,594.9179978517,53.94161904190499,540.9763788097949,2.9745899892585,601,601,4,256,256,0.7560572081711143,0.031097790924832225,0.22635912499390543,1.0135735829826444
4D_freerun_capacity,3,0,1,4,1.1,1.0,0.5,1.0,1.022278279749745,200,0.1,0.0,8000,200,400,7600,92.79113072052371,92.79113072052371,0.03671597641457585,110.6546357700392,0.46395565360261853,400,200,7800,593.5319903533255,593.5319903533255,52.57812904144696,540.9538613118785,2.967659951766627,601,601,4,256,256,0.7571865420322865,0.031111333053559065,0.2258934169076383,1.0142444588709623
4D_freerun_capacity,4,0,1,4,1.1,1.0,0.5,1.0,1.028323269541461,200,0.1,0.0,8000,200,400,7600,112.57655623769851,112.57655623769851,0.032597981700255754,122.87945760896552,0.5628827811884926,400,200,7800,598.6346339245124,598.6346339245124,57.638292070908214,540.9963418536042,2.993173169622562,601,601,4,256,256,0.7567324580159038,0.03093491611070931,0.2266178340651095,1.0143385420087725
4D_freerun_capacity,0,0,1,4,1.1,1.0,0.5,1.0,1.0074835130563982,200,0.1,0.0001,8000,200,400,7600,90.1796417053007,90.1796417053007,0.03280908850087074,97.74480297095107,0.4508982085265035,400,200,7800,596.1653859765621,596.1653859765621,55.17645155059193,540.9889344259702,2.9808269298828107,601,601,4,256,256,0.8224947501439601,0.030791292199864984,0.22560158395208418,1.0789418751373887
4D_freerun_capacity,1,0,1,4,1.1,1.0,0.5,1.0,1.0015115370040335,200,0.1,0.0001,8000,200,400,7600,114.98893933858929,114.98893933858929,0.03354264623686855,120.86356219839125,0.5749446966929465,400,200,7800,598.6286209389292,598.6286209389292,57.6538534112307,540.9747675276985,2.993143104694646,601,601,4,256,256,0.8165914169512689,0.03138104104436934,0.22611416690051556,1.0741402090061456
4D_freerun_capacity,2,0,1,4,1.1,1.0,0.5,1.0,0.997714871515581,200,0.1,0.0001,8000,200,400,7600,89.59504214837142,89.59504214837142,0.03313814596381778,100.49516252057167,0.4479752107418571,400,200,7800,594.6438406402673,594.6438406402673,53.6736980908398,540.9701425494275,2.9732192032013365,601,601,4,256,256,0.8258667909540236,0.03076379094272852,0.2229388749692589,1.0796230409760028
4D_freerun_capacity,3,0,1,4,1.1,1.0,0.5,1.0,1.022278279749745,200,0.1,0.0001,8000,200,400,7600,91.94502953725787,91.94502953725787,0.036087321270673975,109.9501728476075,0.45972514768628936,400,200,7800,593.3296393899737,593.3296393899737,52.382692293347645,540.9469470966261,2.9666481969498686,601,601,4,256,256,0.8133666669018567,0.030903249979019165,0.22827458381652832,1.0725979169365019
4D_freerun_capacity,4,0,1,4,1.1,1.0,0.5,1.0,1.028323269541461,200,0.1,0.0001,8000,200,400,7600,109.49548882134033,109.49548882134033,0.032567583300685904,120.96803043445048,0.5474774441067016,400,200,7800,598.198611962863,598.198611962863,57.20580565036715,540.9928063124959,2.990993059814315,601,601,4,256,256,0.8223384581506252,0.03099558292888105,0.2250922080129385,1.0784786250442266
4D_freerun_capacity,0,0,1,4,1.1,1.0,0.5,1.0,1.0074835130563982,200,0.1,0.001,8000,200,400,7600,83.11906144663199,83.11906144663199,0.0329655791530871,94.53132051853721,0.41559530723315996,400,200,7800,593.7452979412271,593.7452979412271,52.82071860713335,540.9245793340938,2.968726489706136,601,601,4,256,256,0.823946125106886,0.030787708004936576,0.22491554194130003,1.07970945793204
4D_freerun_capacity,1,0,1,4,1.1,1.0,0.5,1.0,1.0015115370040335,200,0.1,0.001,8000,200,400,7600,105.39690275054375,105.39690275054375,0.03419329853142444,115.05229510844688,0.5269845137527187,400,200,7800,597.215618996704,597.215618996704,56.351982591725886,540.8636364049781,2.98607809498352,601,601,4,256,256,0.8217946658842266,0.03105229209177196,0.22706783283501863,1.0799684999510646
4D_freerun_capacity,2,0,1,4,1.1,1.0,0.5,1.0,0.997714871515581,200,0.1,0.001,8000,200,400,7600,81.99151291524454,81.99151291524454,0.03255261054646816,93.02060976516283,0.40995756457622273,400,200,7800,592.3652457822794,592.3652457822794,51.49987086372316,540.8653749185563,2.9618262289113972,601,601,4,256,256,0.8211824169848114,0.031096457969397306,0.22590862517245114,1.0782412078697234
4D_freerun_capacity,3,0,1,4,1.1,1.0,0.5,1.0,1.022278279749745,200,0.1,0.001,8000,200,400,7600,84.21989577540313,84.21989577540313,0.03573279345670307,104.0255877392223,0.42109947887701565,400,200,7800,590.857119030373,590.857119030373,50.053876946672,540.8032420837011,2.954285595151865,601,601,4,256,256,0.8242401250172406,0.03096291609108448,0.22729395888745785,1.082549124956131
4D_freerun_capacity,4,0,1,4,1.1,1.0,0.5,1.0,1.028323269541461,200,0.1,0.001,8000,200,400,7600,97.98077289704722,97.98077289704722,0.03433290429131794,113.26284513731191,0.4899038644852361,400,200,7800,596.2505299647955,596.2505299647955,55.31322803090088,540.9373019338947,2.9812526498239778,601,601,4,256,256,0.8257089168764651,0.030928791034966707,0.22779491706751287,1.0844888328574598
4D_freerun_capacity,0,0,1,4,1.1,1.0,0.5,1.0,1.0074835130563982,200,0.1,0.01,8000,200,400,7600,72.98459590067655,72.98459590067655,0.03271446307935409,88.35817730718648,0.36492297950338276,400,200,7800,588.3686500971291,588.3686500971291,48.92054014171343,539.4481099554157,2.9418432504856455,601,601,4,256,256,0.8137248330749571,0.031132000032812357,0.2260200830642134,1.0709393329452723
4D_freerun_capacity,1,0,1,4,1.1,1.0,0.5,1.0,1.0015115370040335,200,0.1,0.01,8000,200,400,7600,89.31097799305024,89.31097799305024,0.03378311071588746,104.15955238123686,0.4465548899652512,400,200,7800,591.9627313085219,591.9627313085219,53.001923027211966,538.9608082813099,2.9598136565426096,601,601,4,256,256,0.8177330419421196,0.031115917023271322,0.226317125139758,1.0752257499843836
4D_freerun_capacity,2,0,1,4,1.1,1.0,0.5,1.0,0.997714871515581,200,0.1,0.01,8000,200,400,7600,69.89923679982017,69.89923679982017,0.032610487230885755,80.70099560071756,0.3494961839991009,400,200,7800,586.251071089779,586.251071089779,47.08104508098932,539.1700260087897,2.931255355448895,601,601,4,256,256,0.8226911670062691,0.03083616611547768,0.22630654112435877,1.0798926670104265
4D_freerun_capacity,3,0,1,4,1.1,1.0,0.5,1.0,1.022278279749745,200,0.1,0.01,8000,200,400,7600,72.23611895832435,72.23611895832435,0.03403511081504269,92.66628759774623,0.3611805947916218,400,200,7800,584.7224590544893,584.7224590544893,46.07794235149273,538.6445167029965,2.9236122952724464,601,601,4,256,256,0.8197094579227269,0.031077499967068434,0.22696624998934567,1.0778094159904867
4D_freerun_capacity,4,0,1,4,1.1,1.0,0.5,1.0,1.028323269541461,200,0.1,0.01,8000,200,400,7600,80.02727319572725,80.02727319572725,0.033759417258529635,98.03684386141816,0.4001363659786362,400,200,7800,591.1609913727212,591.1609913727212,51.63215846780999,539.5288329049113,2.9558049568636062,601,601,4,256,256,0.824491041013971,0.03077520802617073,0.22766016703099012,1.0829849580768496
4D_freerun_capacity,0,0,1,4,1.3,0.1,0.5,1.0,1.0074835130563982,200,0.1,0.0,8000,200,400,7600,324.5242756290483,324.5242756290483,0.0337819284422017,171.930415968133,1.6226213781452414,400,200,7800,600.7321736886952,600.7321736886952,59.98498922180315,540.747184466892,3.003660868443476,601,601,4,256,256,0.3382312080357224,0.03074449999257922,0.22572495811618865,0.5947516250889748
4D_freerun_capacity,1,0,1,4,1.3,0.1,0.5,1.0,1.0015115370040335,200,0.1,0.0,8000,200,400,7600,343.41211318412024,343.41211318412024,0.033699980145846686,181.06580034369395,1.7170605659206013,400,200,7800,600.131589600868,600.131589600868,59.9659294014726,540.1656601993953,3.00065794800434,601,601,4,256,256,0.3132125409319997,0.031027832999825478,0.226326750125736,0.5706256660632789
4D_freerun_capacity,2,0,1,4,1.3,0.1,0.5,1.0,0.997714871515581,200,0.1,0.0,8000,200,400,7600,330.2914244099052,330.2914244099052,0.032840479768350174,175.65083765286298,1.6514571220495258,400,200,7800,600.337449211605,600.337449211605,59.9686442700663,540.3688049415387,3.0016872460580246,601,601,4,256,256,0.2468842500820756,0.030910416040569544,0.2263454580679536,0.504192957887426
4D_freerun_capacity,3,0,1,4,1.3,0.1,0.5,1.0,1.022278279749745,200,0.1,0.0,8000,200,400,7600,306.94770739979407,306.94770739979407,0.034756158104817345,165.95062248667304,1.5347385369989703,400,200,7800,600.4019345899271,600.4019345899271,59.98193210795116,540.420002481976,3.0020096729496357,601,601,4,256,256,0.3372295000590384,0.030992957996204495,0.2263261249754578,0.5946115420665592
4D_freerun_capacity,4,0,1,4,1.3,0.1,0.5,1.0,1.028323269541461,200,0.1,0.0,8000,200,400,7600,326.77194920656774,326.77194920656774,0.03359408560698024,174.92630018241266,1.6338597460328388,400,200,7800,600.6473170799495,600.6473170799495,59.97457654738471,540.6727405325648,3.0032365853997476,601,601,4,256,256,0.2397852500434965,0.030925957951694727,0.2260819999501109,0.4968437079805881
4D_freerun_capacity,0,0,1,4,1.3,0.1,0.5,1.0,1.0074835130563982,200,0.1,0.0001,8000,200,400,7600,324.53562819694713,324.53562819694713,0.03376875591949077,171.94079005875784,1.6226781409847357,400,200,7800,600.7323299690302,600.7323299690302,59.98498752635153,540.7473424426786,3.0036616498451507,601,601,4,256,256,0.3822109578177333,0.030842042062431574,0.2265890419948846,0.6397005419712514
4D_freerun_capacity,1,0,1,4,1.3,0.1,0.5,1.0,1.0015115370040335,200,0.1,0.0001,8000,200,400,7600,343.42036545089655,343.42036545089655,0.03367715472203296,181.0682744657506,1.7171018272544827,400,200,7800,600.1318304646534,600.1318304646534,59.96594539975385,540.1658850648995,3.000659152323267,601,601,4,256,256,0.34788762498646975,0.03173504094593227,0.22682174993678927,0.6064982919488102
4D_freerun_capacity,2,0,1,4,1.3,0.1,0.5,1.0,0.997714871515581,200,0.1,0.0001,8000,200,400,7600,330.3232492286753,330.3232492286753,0.032835646727040035,175.6651303990189,1.6516162461433765,400,200,7800,600.3373620142202,600.3373620142202,59.968652474410256,540.3687095398099,3.0016868100711007,601,601,4,256,256,0.2785997081082314,0.030897458782419562,0.22716762498021126,0.5367181659676135
4D_freerun_capacity,3,0,1,4,1.3,0.1,0.5,1.0,1.022278279749745,200,0.1,0.0001,8000,200,400,7600,306.96085282055526,306.96085282055526,0.03478511533866752,165.9587451522016,1.5348042641027764,400,200,7800,600.401721840223,600.401721840223,59.981930505690784,540.4197913345322,3.002008609201115,601,601,4,256,256,0.37463520816527307,0.030679624993354082,0.2267322090920061,0.6321015830617398
4D_freerun_capacity,4,0,1,4,1.3,0.1,0.5,1.0,1.028323269541461,200,0.1,0.0001,8000,200,400,7600,326.8032262452257,326.8032262452257,0.03355404158332483,174.94071349397618,1.6340161312261285,400,200,7800,600.647164387108,600.647164387108,59.974573760668946,540.672590626439,3.0032358219355397,601,601,4,256,256,0.26886416715569794,0.030798125080764294,0.22399912495166063,0.5237144590355456
4D_freerun_capacity,0,0,1,4,1.3,0.1,0.5,1.0,1.0074835130563982,200,0.1,0.001,8000,200,400,7600,324.37252333349466,324.37252333349466,0.03360972292706405,171.9583646812547,1.6218626166674732,400,200,7800,600.7283768332242,600.7283768332242,59.98474712351305,540.7436297097111,3.0036418841661208,601,601,4,256,256,0.3677986669354141,0.031045082956552505,0.22800591588020325,0.6269078748300672
4D_freerun_capacity,1,0,1,4,1.3,0.1,0.5,1.0,1.0015115370040335,200,0.1,0.001,8000,200,400,7600,343.43568799881484,343.43568799881484,0.03346412969625829,181.07365528034913,1.7171784399940742,400,200,7800,600.1299083247263,600.1299083247263,59.96599968197723,540.1639086427491,3.000649541623632,601,601,4,256,256,0.34523016680032015,0.03094129217788577,0.22820529201999307,0.6044335418846458
4D_freerun_capacity,2,0,1,4,1.3,0.1,0.5,1.0,0.997714871515581,200,0.1,0.001,8000,200,400,7600,330.50939721878626,330.50939721878626,0.03276976904523891,175.75912327773796,1.6525469860939312,400,200,7800,600.3328982610394,600.3328982610394,59.968618579852425,540.364279681187,3.0016644913051973,601,601,4,256,256,0.27814945904538035,0.030823874985799193,0.22611187514849007,0.5351374589372426
4D_freerun_capacity,3,0,1,4,1.3,0.1,0.5,1.0,1.022278279749745,200,0.1,0.001,8000,200,400,7600,306.9955441213192,306.9955441213192,0.03504910951741047,166.00714287095542,1.534977720606596,400,200,7800,600.3953332954463,600.3953332954463,59.98179803354159,540.4135352619047,3.0019766664772316,601,601,4,256,256,0.37582258391194046,0.03083649999462068,0.22529050009325147,0.631999250035733
4D_freerun_capacity,4,0,1,4,1.3,0.1,0.5,1.0,1.028323269541461,200,0.1,0.001,8000,200,400,7600,326.89790820239193,326.89790820239193,0.03319057921984806,175.0082631369097,1.6344895410119598,400,200,7800,600.6413951190141,600.6413951190141,59.9743327649301,540.667062354084,3.0032069755950705,601,601,4,256,256,0.2746869579423219,0.03082662494853139,0.22720304201357067,0.5327686248347163
4D_freerun_capacity,0,0,1,4,1.3,0.1,0.5,1.0,1.0074835130563982,200,0.1,0.01,8000,200,400,7600,313.76476298294006,313.76476298294006,0.034847393949409305,168.79219233284945,1.5688238149147002,400,200,7800,600.4425278436858,600.4425278436858,59.97169218993276,540.4708356537529,3.002212639218429,601,601,4,256,256,0.35836600000038743,0.031014457810670137,0.22785975015722215,0.6172929580789059
4D_freerun_capacity,1,0,1,4,1.3,0.1,0.5,1.0,1.0015115370040335,200,0.1,0.01,8000,200,400,7600,339.6391712257496,339.6391712257496,0.03365283647466776,179.9968234020221,1.6981958561287478,400,200,7800,599.8126889056366,599.8126889056366,59.9590432342864,539.8536456713503,2.999063444528183,601,601,4,256,256,0.2984975839499384,0.03127537504769862,0.22718333406373858,0.5570155000314116
4D_freerun_capacity,2,0,1,4,1.3,0.1,0.5,1.0,0.997714871515581,200,0.1,0.01,8000,200,400,7600,326.0108411666463,326.0108411666463,0.03212881192095431,174.42625011666917,1.6300542058332315,400,200,7800,600.0298345788806,600.0298345788806,59.960231918377914,540.0696026605027,3.0001491728944027,601,601,4,256,256,0.272700667148456,0.030791084049269557,0.22629037499427795,0.5298332921229303
4D_freerun_capacity,3,0,1,4,1.3,0.1,0.5,1.0,1.022278279749745,200,0.1,0.01,8000,200,400,7600,303.1058189344212,303.1058189344212,0.03487180734159651,165.32693150959352,1.515529094672106,400,200,7800,600.0434237363386,600.0434237363386,59.97285230069411,540.0705714356445,3.000217118681693,601,601,4,256,256,0.3070252500474453,0.030945084057748318,0.22612079209648073,0.5641446250956506
4D_freerun_capacity,4,0,1,4,1.3,0.1,0.5,1.0,1.028323269541461,200,0.1,0.01,8000,200,400,7600,319.1330070686782,319.1330070686782,0.03415934723743058,172.89018918988,1.595665035343391,400,200,7800,600.3468501722107,600.3468501722107,59.96071693248668,540.386133239724,3.0017342508610536,601,601,4,256,256,0.31960675003938377,0.0308485000859946,0.22544129192829132,0.5759464581497014
4D_freerun_capacity,0,0,1,4,1.3,0.3,0.5,1.0,1.0074835130563982,200,0.1,0.0,8000,200,400,7600,177.18403159890266,177.18403159890266,0.03297043479850398,117.81101517507636,0.8859201579945133,400,200,7800,600.963628441605,600.963628441605,59.99504651806576,540.9685819235392,3.004818142208025,601,601,4,256,256,0.7548740000929683,0.030584749998524785,0.22605274990200996,1.0115628340281546
4D_freerun_capacity,1,0,1,4,1.3,0.3,0.5,1.0,1.0015115370040335,200,0.1,0.0,8000,200,400,7600,211.30190626759986,211.30190626759986,0.03469097824922848,136.86417601692247,1.0565095313379993,400,200,7800,600.8933605126678,600.8933605126678,59.99098731870635,540.9023731939614,3.0044668025633388,601,601,4,256,256,0.7454201669897884,0.030721832998096943,0.22480658302083611,1.0010062088258564
4D_freerun_capacity,2,0,1,4,1.3,0.3,0.5,1.0,0.997714871515581,200,0.1,0.0,8000,200,400,7600,191.06603059388763,191.06603059388763,0.03314307596446566,124.87621619340074,0.9553301529694381,400,200,7800,600.9327966043472,600.9327966043472,59.99423253955318,540.938564064794,3.0046639830217363,601,601,4,256,256,0.22779533406719565,0.03107308316975832,0.22544425004161894,0.48437100020237267
4D_freerun_capacity,3,0,1,4,1.3,0.3,0.5,1.0,1.022278279749745,200,0.1,0.0,8000,200,400,7600,172.5265441414852,172.5265441414852,0.034127171821068614,122.83007182895932,0.862632720707426,400,200,7800,600.9075154907005,600.9075154907005,59.979643406803945,540.9278720838965,3.0045375774535024,601,601,4,256,256,0.17098466702736914,0.03112583397887647,0.22541250009089708,0.42757249996066093
4D_freerun_capacity,4,0,1,4,1.3,0.3,0.5,1.0,1.028323269541461,200,0.1,0.0,8000,200,400,7600,204.80127444693892,204.80127444693892,0.03152834991171823,135.9184600304231,1.0240063722346946,400,200,7800,600.9640470690333,600.9640470690333,59.99730511702714,540.9667419520061,3.0048202353451665,601,601,4,256,256,0.19824220798909664,0.030771249905228615,0.22782108304090798,0.45689412485808134
4D_freerun_capacity,0,0,1,4,1.3,0.3,0.5,1.0,1.0074835130563982,200,0.1,0.0001,8000,200,400,7600,177.22310745222785,177.22310745222785,0.0330566819660673,117.88029523211151,0.8861155372611392,400,200,7800,600.963579373233,600.963579373233,59.9950321927802,540.9685471804528,3.004817896866165,601,601,4,256,256,0.8199968331027776,0.03286737506277859,0.2286930000409484,1.0816187080927193
4D_freerun_capacity,1,0,1,4,1.3,0.3,0.5,1.0,1.0015115370040335,200,0.1,0.0001,8000,200,400,7600,211.32613857615615,211.32613857615615,0.034675564776871774,136.87031387220998,1.0566306928807807,400,200,7800,600.8932155476325,600.8932155476325,59.99097663135438,540.9022389162782,3.0044660777381624,601,601,4,256,256,0.8219088751357049,0.03135475004091859,0.22714483411982656,1.080463167047128
4D_freerun_capacity,2,0,1,4,1.3,0.3,0.5,1.0,0.997714871515581,200,0.1,0.0001,8000,200,400,7600,191.0249683685398,191.0249683685398,0.03315872633623164,124.85728110384231,0.955124841842699,400,200,7800,600.9327692126764,600.9327692126764,59.99422382726121,540.9385453854152,3.004663846063382,601,601,4,256,256,0.27535429201088846,0.030805208021774888,0.22635275009088218,0.5325628342106938
4D_freerun_capacity,3,0,1,4,1.3,0.3,0.5,1.0,1.022278279749745,200,0.1,0.0001,8000,200,400,7600,172.53158300457375,172.53158300457375,0.03411245610726504,122.83787802957937,0.8626579150228687,400,200,7800,600.9074151565442,600.9074151565442,59.97963711314039,540.9277780434038,3.004537075782721,601,601,4,256,256,0.19924949994310737,0.031002708012238145,0.22415220784023404,0.4544567079283297
4D_freerun_capacity,4,0,1,4,1.3,0.3,0.5,1.0,1.028323269541461,200,0.1,0.0001,8000,200,400,7600,204.82779212313926,204.82779212313926,0.031494281016358164,135.9366538703231,1.0241389606156963,400,200,7800,600.9639738584842,600.9639738584842,59.99730652030997,540.9666673381743,3.004819869292421,601,601,4,256,256,0.2887193749193102,0.03084204182960093,0.2276719999499619,0.5472855409607291
4D_freerun_capacity,0,0,1,4,1.3,0.3,0.5,1.0,1.0074835130563982,200,0.1,0.001,8000,200,400,7600,176.42560100227166,176.42560100227166,0.0338560088898294,118.49561819706044,0.8821280050113584,400,200,7800,600.9561506543795,600.9561506543795,59.99417851596504,540.9619721384145,3.0047807532718975,601,601,4,256,256,0.7260683749336749,0.030900541925802827,0.22578529105521739,0.9828070420771837
4D_freerun_capacity,1,0,1,4,1.3,0.3,0.5,1.0,1.0015115370040335,200,0.1,0.001,8000,200,400,7600,211.0464507001853,211.0464507001853,0.03460808554798762,136.7888368288736,1.0552322535009264,400,200,7800,600.8859067874142,600.8859067874142,59.99049841961409,540.8954083678001,3.004429533937071,601,601,4,256,256,0.8197125000879169,0.030907874926924706,0.22421183297410607,1.0748822500463575
4D_freerun_capacity,2,0,1,4,1.3,0.3,0.5,1.0,0.997714871515581,200,0.1,0.001,8000,200,400,7600,190.1762609246599,190.1762609246599,0.03283780024986998,124.6128349321084,0.9508813046232996,400,200,7800,600.9272148734144,600.9272148734144,59.99367702024984,540.9335378531646,3.004636074367072,601,601,4,256,256,0.3441013749688864,0.03069254197180271,0.22577883396297693,0.6006250837817788
4D_freerun_capacity,3,0,1,4,1.3,0.3,0.5,1.0,1.022278279749745,200,0.1,0.001,8000,200,400,7600,172.0653056520855,172.0653056520855,0.033861833846469465,122.84772559392616,0.8603265282604275,400,200,7800,600.9003571806912,600.9003571806912,59.97836238256763,540.9219947981236,3.004501785903456,601,601,4,256,256,0.20114137488417327,0.030696416972205043,0.22517979214899242,0.4570693748537451
4D_freerun_capacity,4,0,1,4,1.3,0.3,0.5,1.0,1.028323269541461,200,0.1,0.001,8000,200,400,7600,203.66396863123964,203.66396863123964,0.03210611892022423,135.7239944940044,1.0183198431561982,400,200,7800,600.9568881172906,600.9568881172906,59.99684213124489,540.9600459860458,3.0047844405864534,601,601,4,256,256,0.22205120790749788,0.030891708098351955,0.2249539161566645,0.4779489580541849
4D_freerun_capacity,0,0,1,4,1.3,0.3,0.5,1.0,1.0074835130563982,200,0.1,0.01,8000,200,400,7600,163.9232026336423,163.9232026336423,0.03451837547386489,118.76461946952978,0.8196160131682114,400,200,7800,600.7152585840872,600.7152585840872,59.96733359131112,540.7479249927761,3.003576292920436,601,601,4,256,256,0.8244210828561336,0.030881583923473954,0.22650000010617077,1.0818564998917282
4D_freerun_capacity,1,0,1,4,1.3,0.3,0.5,1.0,1.0015115370040335,200,0.1,0.01,8000,200,400,7600,200.76152850423395,200.76152850423395,0.0337592944451087,134.66752246030174,1.0038076425211697,400,200,7800,600.5758659014597,600.5758659014597,59.97130260047672,540.6045633009829,3.0028793295072984,601,601,4,256,256,0.8218392499256879,0.030940499855205417,0.225283290958032,1.078121667029336
4D_freerun_capacity,2,0,1,4,1.3,0.3,0.5,1.0,0.997714871515581,200,0.1,0.01,8000,200,400,7600,178.44912082992295,178.44912082992295,0.03275689109609565,122.78689624987712,0.8922456041496147,400,200,7800,600.6943045205636,600.6943045205636,59.975474563648255,540.7188299569153,3.003471522602818,601,601,4,256,256,0.24234308302402496,0.03109299996867776,0.22697204211726785,0.5004647080786526
4D_freerun_capacity,3,0,1,4,1.3,0.3,0.5,1.0,1.022278279749745,200,0.1,0.01,8000,200,400,7600,162.0490168863968,162.0490168863968,0.03359390249219041,121.56060260839094,0.810245084431984,400,200,7800,600.6063046917702,600.6063046917702,59.92606738993036,540.6802373018398,3.003031523458851,601,601,4,256,256,0.20881079090759158,0.03054212499409914,0.22678266721777618,0.4661914580501616
4D_freerun_capacity,4,0,1,4,1.3,0.3,0.5,1.0,1.028323269541461,200,0.1,0.01,8000,200,400,7600,184.17909092509967,184.17909092509967,0.03281936182773618,130.9503919367044,0.9208954546254984,400,200,7800,600.702368468107,600.702368468107,59.98011784804401,540.722250620063,3.003511842340535,601,601,4,256,256,0.8220936669968069,0.03102833405137062,0.2283755000680685,1.081555207958445
4D_freerun_capacity,0,0,1,4,1.3,0.6,0.5,1.0,1.0074835130563982,200,0.1,0.0,8000,200,400,7600,110.79820855110235,110.79820855110235,0.03225864357896562,102.96049276730116,0.5539910427555117,400,200,7800,600.4614197106602,600.4614197106602,59.50412428744244,540.9572954232177,3.0023070985533007,601,601,4,256,256,0.7589510839898139,0.030857583973556757,0.2262046670075506,1.0160665418952703
4D_freerun_capacity,1,0,1,4,1.3,0.6,0.5,1.0,1.0015115370040335,200,0.1,0.0,8000,200,400,7600,146.57901736589974,146.57901736589974,0.03354396673073335,122.77534311693977,0.7328950868294988,400,200,7800,600.7479072523809,600.7479072523809,59.87829852702528,540.8696087253555,3.003739536261904,601,601,4,256,256,0.7591157089918852,0.030769542092457414,0.2267841249704361,1.0167217920534313
4D_freerun_capacity,2,0,1,4,1.3,0.6,0.5,1.0,0.997714871515581,200,0.1,0.0,8000,200,400,7600,117.20240571009903,117.20240571009903,0.03342361041857584,108.69562062355465,0.5860120285504952,400,200,7800,600.4484958341004,600.4484958341004,59.579243271276674,540.8692525628237,3.0022424791705022,601,601,4,256,256,0.7538346671499312,0.03112033288925886,0.22526129195466638,1.0102701249998063
4D_freerun_capacity,3,0,1,4,1.3,0.6,0.5,1.0,1.022278279749745,200,0.1,0.0,8000,200,400,7600,111.67670430813175,111.67670430813175,0.034176122298576854,110.03095784129569,0.5583835215406587,400,200,7800,598.4502404129378,598.4502404129378,57.7713037543558,540.678936658582,2.992251202064689,601,601,4,256,256,0.40368045889772475,0.03066650009714067,0.22593745798803866,0.660336917033419
4D_freerun_capacity,4,0,1,4,1.3,0.6,0.5,1.0,1.028323269541461,200,0.1,0.0,8000,200,400,7600,137.1476296166838,137.1476296166838,0.032044563114644424,122.3102451877755,0.6857381480834189,400,200,7800,600.8711141415822,600.8711141415822,59.91274367380758,540.9583704677747,3.004355570707911,601,601,4,256,256,0.7530920000281185,0.03066283301450312,0.22543008299544454,1.0092366659082472
4D_freerun_capacity,0,0,1,4,1.3,0.6,0.5,1.0,1.0074835130563982,200,0.1,0.0001,8000,200,400,7600,110.79894445391284,110.79894445391284,0.03216210487407543,102.98474578410908,0.5539947222695641,400,200,7800,600.4611764126045,600.4611764126045,59.504137846183426,540.957038566421,3.0023058820630224,601,601,4,256,256,0.8234935831278563,0.030662250006571412,0.2256434999871999,1.0798523330595344
4D_freerun_capacity,1,0,1,4,1.3,0.6,0.5,1.0,1.0015115370040335,200,0.1,0.0001,8000,200,400,7600,146.56884111923364,146.56884111923364,0.0334754956876117,122.78443815081212,0.7328442055961681,400,200,7800,600.7476244084999,600.7476244084999,59.878136551488154,540.8694878570117,3.0037381220424995,601,601,4,256,256,0.8149204158689827,0.030600500060245395,0.22369979112409055,1.06927162501961
4D_freerun_capacity,2,0,1,4,1.3,0.6,0.5,1.0,0.997714871515581,200,0.1,0.0001,8000,200,400,7600,117.19953166285723,117.19953166285723,0.03342358316336807,108.68950326315604,0.5859976583142861,400,200,7800,600.4477529223236,600.4477529223236,59.57869043718118,540.8690624851424,3.002238764611618,601,601,4,256,256,0.8229587499517947,0.030927415937185287,0.226635874947533,1.0805808340664953
4D_freerun_capacity,3,0,1,4,1.3,0.6,0.5,1.0,1.022278279749745,200,0.1,0.0001,8000,200,400,7600,111.6815161963211,111.6815161963211,0.03422986568416625,110.05052296620973,0.5584075809816055,400,200,7800,598.4488570112794,598.4488570112794,57.770003648815866,540.6788533624635,2.992244285056397,601,601,4,256,256,0.6693374579772353,0.031109792180359364,0.225745250005275,0.9262459171004593
4D_freerun_capacity,4,0,1,4,1.3,0.6,0.5,1.0,1.028323269541461,200,0.1,0.0001,8000,200,400,7600,137.0900184857424,137.0900184857424,0.032171725755888975,122.28503991247996,0.685450092428712,400,200,7800,600.8707202189764,600.8707202189764,59.912537210369635,540.9581830086067,3.0043536010948824,601,601,4,256,256,0.816716083092615,0.03084820811636746,0.22513808403164148,1.0727548750583082
4D_freerun_capacity,0,0,1,4,1.3,0.6,0.5,1.0,1.0074835130563982,200,0.1,0.001,8000,200,400,7600,109.79814112005083,109.79814112005083,0.031804178999943915,102.74305484333682,0.5489907056002541,400,200,7800,600.3722456763903,600.3722456763903,59.433912483357716,540.9383331930326,3.0018612283819515,601,601,4,256,256,0.8191342910286039,0.030994874890893698,0.22569712507538497,1.0758780830074102
4D_freerun_capacity,1,0,1,4,1.3,0.6,0.5,1.0,1.0015115370040335,200,0.1,0.001,8000,200,400,7600,145.68105444193986,145.68105444193986,0.032634250034013094,122.55638331791644,0.7284052722096993,400,200,7800,600.7211175167231,600.7211175167231,59.86864410488117,540.852473411842,3.0036055875836154,601,601,4,256,256,0.8162898328155279,0.03080687508918345,0.22513970802538097,1.072284541791305
4D_freerun_capacity,2,0,1,4,1.3,0.6,0.5,1.0,0.997714871515581,200,0.1,0.001,8000,200,400,7600,116.56319232159103,116.56319232159103,0.03335591771969067,108.23982199663998,0.5828159616079551,400,200,7800,600.4031258461482,600.4031258461482,59.55096998795674,540.8521558581915,3.002015629230741,601,601,4,256,256,0.8213724158704281,0.030572790885344148,0.22472166689112782,1.0767183329444379
4D_freerun_capacity,3,0,1,4,1.3,0.6,0.5,1.0,1.022278279749745,200,0.1,0.001,8000,200,400,7600,111.34822855917736,111.34822855917736,0.034332495275249876,110.08244203093055,0.5567411427958868,400,200,7800,598.3741104123527,598.3741104123527,57.709845183604884,540.6642652287478,2.9918705520617634,601,601,4,256,256,0.8216168750077486,0.030667582992464304,0.22345033404417336,1.0757869579829276
4D_freerun_capacity,4,0,1,4,1.3,0.6,0.5,1.0,1.028323269541461,200,0.1,0.001,8000,200,400,7600,134.76992868169557,134.76992868169557,0.032091057671967946,121.39072677046705,0.6738496434084779,400,200,7800,600.8358363566854,600.8358363566854,59.89238983505525,540.9434465216301,3.0041791817834267,601,601,4,256,256,0.819272082997486,0.030681250151246786,0.2247211670037359,1.0747317080385983
4D_freerun_capacity,0,0,1,4,1.3,0.6,0.5,1.0,1.0074835130563982,200,0.1,0.01,8000,200,400,7600,101.64416570829707,101.64416570829707,0.03363806937296727,100.45458013254634,0.5082208285414853,400,200,7800,598.9380329464203,598.9380329464203,58.50769055041892,540.4303423960014,2.9946901647321016,601,601,4,256,256,0.7470097921323031,0.03032495896331966,0.22532949992455542,1.002712707966566
4D_freerun_capacity,1,0,1,4,1.3,0.6,0.5,1.0,1.0015115370040335,200,0.1,0.01,8000,200,400,7600,134.50514845481592,134.50514845481592,0.03241477851272567,119.14458444187373,0.6725257422740796,400,200,7800,599.8480747273326,599.8480747273326,59.63298106993832,540.2150936573943,2.999240373636663,601,601,4,256,256,0.8208116658497602,0.03081500018015504,0.2247219579294324,1.0764007498510182
4D_freerun_capacity,2,0,1,4,1.3,0.6,0.5,1.0,0.997714871515581,200,0.1,0.01,8000,200,400,7600,107.4349887980708,107.4349887980708,0.033216947223866124,102.65968797776424,0.537174943990354,400,200,7800,599.2285581089143,599.2285581089143,58.907971191750256,540.3205869171641,2.9961427905445714,601,601,4,256,256,0.8160954159684479,0.030522832879796624,0.22474199999123812,1.0714207079727203
4D_freerun_capacity,3,0,1,4,1.3,0.6,0.5,1.0,1.022278279749745,200,0.1,0.01,8000,200,400,7600,102.96310947990585,102.96310947990585,0.03343779296578098,107.80656619940022,0.5148155473995293,400,200,7800,596.1463331484041,596.1463331484041,56.151411585541375,539.9949215628627,2.9807316657420206,601,601,4,256,256,0.8159684590063989,0.03086591581813991,0.22638825001195073,1.0732812921050936
4D_freerun_capacity,4,0,1,4,1.3,0.6,0.5,1.0,1.028323269541461,200,0.1,0.01,8000,200,400,7600,118.87882234826293,118.87882234826293,0.03291419290954968,115.23532792585799,0.5943941117413146,400,200,7800,600.1058852481583,600.1058852481583,59.5662162813054,540.5396689668529,3.0005294262407913,601,601,4,256,256,0.8342044160235673,0.030992875108495355,0.22516741696745157,1.0904219581279904
4D_freerun_capacity,0,0,1,4,1.3,1.0,0.5,1.0,1.0074835130563982,200,0.1,0.0,8000,200,400,7600,83.72752983566792,83.72752983566792,0.0337522925940124,92.8348361070979,0.4186376491783396,400,200,7800,594.2948555097605,594.2948555097605,53.85822868708607,540.4366268226745,2.9714742775488023,601,601,4,256,256,0.7547576671931893,0.032776083098724484,0.22393975011073053,1.011531500145793
4D_freerun_capacity,1,0,1,4,1.3,1.0,0.5,1.0,1.0015115370040335,200,0.1,0.0,8000,200,400,7600,112.3490379228665,112.3490379228665,0.034515395245279135,115.02595946433006,0.5617451896143325,400,200,7800,598.4960255108215,598.4960255108215,57.933985369907134,540.5620401409144,2.9924801275541073,601,601,4,256,256,0.746191417099908,0.030726833967491984,0.22507441695779562,1.0020442500244826
4D_freerun_capacity,2,0,1,4,1.3,1.0,0.5,1.0,0.997714871515581,200,0.1,0.0,8000,200,400,7600,83.67222544857627,83.67222544857627,0.03341442427363462,88.64732296759266,0.4183611272428813,400,200,7800,592.868831896099,592.868831896099,53.49024979639032,539.3785820997086,2.964344159480495,601,601,4,256,256,0.7523105421569198,0.031168207991868258,0.22604479105211794,1.0095832920633256
4D_freerun_capacity,3,0,1,4,1.3,1.0,0.5,1.0,1.022278279749745,200,0.1,0.0,8000,200,400,7600,74.98761994351835,74.98761994351835,0.03400297940790115,94.5236377200002,0.3749380997175918,400,200,7800,585.6182677627341,585.6182677627341,47.63752681739475,537.9807409453394,2.9280913388136707,601,601,4,256,256,0.7521244171075523,0.03083066688850522,0.22596108401194215,1.0089727921877056
4D_freerun_capacity,4,0,1,4,1.3,1.0,0.5,1.0,1.028323269541461,200,0.1,0.0,8000,200,400,7600,104.65172937805667,104.65172937805667,0.0336864059305239,112.28977183028005,0.5232586468902833,400,200,7800,598.7787427086764,598.7787427086764,58.022212027602144,540.7565306810743,2.993893713543382,601,601,4,256,256,0.754453208995983,0.033804292092099786,0.2222194999922067,1.0105425419751555
4D_freerun_capacity,0,0,1,4,1.3,1.0,0.5,1.0,1.0074835130563982,200,0.1,0.0001,8000,200,400,7600,83.71601945732249,83.71601945732249,0.033688488458063194,92.82417148039805,0.41858009728661244,400,200,7800,594.2905717011188,594.2905717011188,53.85518046356139,540.4353912375574,2.971452858505594,601,601,4,256,256,0.8205652090255171,0.030801290879026055,0.22506379103288054,1.0764842091593891
4D_freerun_capacity,1,0,1,4,1.3,1.0,0.5,1.0,1.0015115370040335,200,0.1,0.0001,8000,200,400,7600,112.29184667370436,112.29184667370436,0.03487564213856832,114.97574480584701,0.5614592333685218,400,200,7800,598.488007313792,598.488007313792,57.928582365594465,540.5594249481975,2.9924400365689596,601,601,4,256,256,0.8181134590413421,0.030929291853681207,0.22587508312426507,1.0749687089119107
4D_freerun_capacity,2,0,1,4,1.3,1.0,0.5,1.0,0.997714871515581,200,0.1,0.0001,8000,200,400,7600,83.66008551005893,83.66008551005893,0.03333967593358377,88.62511774606801,0.4183004275502947,400,200,7800,592.8661730138118,592.8661730138118,53.49013491090316,539.3760381029086,2.964330865069059,601,601,4,256,256,0.8214065828360617,0.03035533311776817,0.22900083288550377,1.0808202920015901
4D_freerun_capacity,3,0,1,4,1.3,1.0,0.5,1.0,1.022278279749745,200,0.1,0.0001,8000,200,400,7600,74.98670948384162,74.98670948384162,0.03405367099762786,94.5272876679221,0.3749335474192081,400,200,7800,585.617250642646,585.617250642646,47.636563847473404,537.9806867951726,2.92808625321323,601,601,4,256,256,0.8173994589596987,0.030617457814514637,0.22524891700595617,1.073319167131558
4D_freerun_capacity,4,0,1,4,1.3,1.0,0.5,1.0,1.028323269541461,200,0.1,0.0001,8000,200,400,7600,104.50671047415126,104.50671047415126,0.03403468753156381,112.19900497414184,0.5225335523707563,400,200,7800,598.760588513268,598.760588513268,58.00947994735366,540.7511085659144,2.9938029425663397,601,601,4,256,256,0.8137595411390066,0.030637667048722506,0.22528679110109806,1.0697372911963612
4D_freerun_capacity,0,0,1,4,1.3,1.0,0.5,1.0,1.0074835130563982,200,0.1,0.001,8000,200,400,7600,83.05393910328179,83.05393910328179,0.03418002599752334,92.18084922211108,0.41526969551640897,400,200,7800,594.0184733688177,594.0184733688177,53.6892303575448,540.3292430112729,2.9700923668440886,601,601,4,256,256,0.8148972080089152,0.0306235000025481,0.22396008297801018,1.0695338749792427
4D_freerun_capacity,1,0,1,4,1.3,1.0,0.5,1.0,1.0015115370040335,200,0.1,0.001,8000,200,400,7600,109.92641762959639,109.92641762959639,0.03605209891036336,113.33151818248281,0.5496320881479819,400,200,7800,598.1062034199074,598.1062034199074,57.70661925929892,540.3995841606085,2.9905310170995367,601,601,4,256,256,0.8152394581120461,0.030735083855688572,0.22515233303420246,1.0711789999622852
4D_freerun_capacity,2,0,1,4,1.3,1.0,0.5,1.0,0.997714871515581,200,0.1,0.001,8000,200,400,7600,82.96856636621268,82.96856636621268,0.03311081606072435,87.73509188191318,0.4148428318310634,400,200,7800,592.5716021156368,592.5716021156368,53.34007724311276,539.231524872524,2.962858010578184,601,601,4,256,256,0.8224516250193119,0.03084154101088643,0.22462120791897178,1.0779668330214918
4D_freerun_capacity,3,0,1,4,1.3,1.0,0.5,1.0,1.022278279749745,200,0.1,0.001,8000,200,400,7600,74.83646423728715,74.83646423728715,0.03424986817559297,94.37845841820716,0.37418232118643574,400,200,7800,585.512173463682,585.512173463682,47.589880008984586,537.9222934546974,2.9275608673184097,601,601,4,256,256,0.8203007089905441,0.03073225007392466,0.22491516708396375,1.0759993749670684
4D_freerun_capacity,4,0,1,4,1.3,1.0,0.5,1.0,1.028323269541461,200,0.1,0.001,8000,200,400,7600,101.15613526874478,101.15613526874478,0.033238850458726696,109.52256575915976,0.5057806763437239,400,200,7800,598.318901617509,598.318901617509,57.71127840450157,540.6076232130074,2.991594508087545,601,601,4,256,256,0.8136287499219179,0.03089991700835526,0.22567133302800357,1.0702528750989586
4D_freerun_capacity,0,0,1,4,1.3,1.0,0.5,1.0,1.0074835130563982,200,0.1,0.01,8000,200,400,7600,76.67480951789061,76.67480951789061,0.034218010871288757,86.59800124388768,0.38337404758945304,400,200,7800,589.8932313158167,589.8932313158167,51.805362184278735,538.087869131538,2.9494661565790836,601,601,4,256,256,0.815564125077799,0.030805374961346388,0.2271980419754982,1.0736233331263065
4D_freerun_capacity,1,0,1,4,1.3,1.0,0.5,1.0,1.0015115370040335,200,0.1,0.01,8000,200,400,7600,98.55172497723342,98.55172497723342,0.03397939219103907,105.41764892911957,0.4927586248861671,400,200,7800,594.2378977027263,594.2378977027263,56.28609734402692,537.9518003586994,2.9711894885136316,601,601,4,256,256,0.8188582910224795,0.031983209075406194,0.22537154192104936,1.076270000077784
4D_freerun_capacity,2,0,1,4,1.3,1.0,0.5,1.0,0.997714871515581,200,0.1,0.01,8000,200,400,7600,75.05629955609687,75.05629955609687,0.03166840842971501,80.5375245058562,0.37528149778048436,400,200,7800,587.3844852270943,587.3844852270943,50.605997235509406,536.7784879915848,2.9369224261354714,601,601,4,256,256,0.8196944580413401,0.030661291908472776,0.22588279214687645,1.0762954580131918
4D_freerun_capacity,3,0,1,4,1.3,1.0,0.5,1.0,1.022278279749745,200,0.1,0.01,8000,200,400,7600,70.48926802678734,70.48926802678734,0.03306087499223671,89.17513178720856,0.3524463401339367,400,200,7800,581.5415955853462,581.5415955853462,46.25595577460127,535.2856398107449,2.907707977926731,601,601,4,256,256,0.8205930411349982,0.03083358402363956,0.2245917501859367,1.0760740411933511
4D_freerun_capacity,4,0,1,4,1.3,1.0,0.5,1.0,1.028323269541461,200,0.1,0.01,8000,200,400,7600,87.3788405837503,87.3788405837503,0.03180664119645078,97.04336733177563,0.43689420291875153,400,200,7800,594.6984749092051,594.6984749092051,55.84813907823843,538.8503358309666,2.973492374546025,601,601,4,256,256,0.823215042008087,0.030597792007029057,0.2248243330977857,1.0786887919530272
