experiment,condition_id,replicate,diagnostic,key,value
4A_lorenz_lyapunov,,0,max_lyapunov,lyapunov_per_step,0.009160616953558626
4A_lorenz_lyapunov,,0,max_lyapunov,lyapunov_per_time,0.9160616953558626
4A_lorenz_lyapunov,,0,max_lyapunov,lyapunov_time,1.0916295322353042
4A_lorenz_lyapunov,,0,max_lyapunov,n_intervals,800.0
4A_lorenz_lyapunov,,0,max_lyapunov,max_observed_growth,2.644159870980585
4A_lorenz_lyapunov,,0,max_lyapunov,reference_value,0.9056
4A_lorenz_lyapunov,,0,max_lyapunov,reference_rel_error,0.011552225437127441
4A_lorenz_lyapunov,,0,max_lyapunov,matches_reference,1.0
4D_freerun_capacity,leak_rate=0.1|n_units=200|rho=0.7|state_noise=0,0,memory_capacity,mc_total,257.95534185044556
4D_freerun_capacity,leak_rate=0.1|n_units=200|rho=0.7|state_noise=0,0,memory_capacity,mc_total_raw,257.95534185044556
4D_freerun_capacity,leak_rate=0.1|n_units=200|rho=0.7|state_noise=0,0,memory_capacity,mc_threshold,0.03339388199794862
4D_freerun_capacity,leak_rate=0.1|n_units=200|rho=0.7|state_noise=0,0,memory_capacity,mc_effective_delay,143.09281188207686
4D_freerun_capacity,leak_rate=0.1|n_units=200|rho=0.7|state_noise=0,0,memory_capacity,mc_ratio,1.2897767092522279
4D_freerun_capacity,leak_rate=0.1|n_units=200|rho=0.7|state_noise=0,0,memory_capacity,n_delays,400.0
4D_freerun_capacity,leak_rate=0.1|n_units=200|rho=0.7|state_noise=0,0,ipc,ipc_total,600.9968865820163
4D_freerun_capacity,leak_rate=0.1|n_units=200|rho=0.7|state_noise=0,0,ipc,ipc_total_raw,600.9968865820163
4D_freerun_capacity,leak_rate=0.1|n_units=200|rho=0.7|state_noise=0,0,ipc,ipc_linear,59.99712761954266
4D_freerun_capacity,leak_rate=0.1|n_units=200|rho=0.7|state_noise=0,0,ipc,ipc_nonlinear,540.9997589624736
4D_freerun_capacity,leak_rate=0.1|n_units=200|rho=0.7|state_noise=0,0,ipc,n_targets,601.0
4D_freerun_capacity,leak_rate=0.1|n_units=200|rho=0.7|state_noise=0,0,ipc,n_targets_kept,601.0
4D_freerun_capacity,leak_rate=0.1|n_units=200|rho=0.7|state_noise=0,0,ipc,saturation_ratio,3.0049844329100814
4D_freerun_capacity,leak_rate=0.1|n_units=200|rho=0.7|state_noise=0,0,ipc,ipc_threshold_degree1,0.03196076390400209
4D_freerun_capacity,leak_rate=0.1|n_units=200|rho=0.7|state_noise=0,0,ipc,ipc_threshold_degree2,0.46657702165121456
4D_freerun_capacity,leak_rate=0.1|n_units=200|rho=0.7|state_noise=0,0,ipc,ipc_threshold_degree3,0.05167206452487181
4D_freerun_capacity,leak_rate=0.1|n_units=200|rho=0.7|state_noise=0,0,ipc,ipc_threshold_degree4,0.2836010964581733
4D_freerun_capacity,leak_rate=0.1|n_units=200|rho=0.7|state_noise=0,1,memory_capacity,mc_total,281.24961465499183
4D_freerun_capacity,leak_rate=0.1|n_units=200|rho=0.7|state_noise=0,1,memory_capacity,mc_total_raw,281.24961465499183
4D_freerun_capacity,leak_rate=0.1|n_units=200|rho=0.7|state_noise=0,1,memory_capacity,mc_threshold,0.03235361995672657
4D_freerun_capacity,leak_rate=0.1|n_units=200|rho=0.7|state_noise=0,1,memory_capacity,mc_effective_delay,157.23342294182274
4D_freerun_capacity,leak_rate=0.1|n_units=200|rho=0.7|state_noise=0,1,memory_capacity,mc_ratio,1.4062480732749592
4D_freerun_capacity,leak_rate=0.1|n_units=200|rho=0.7|state_noise=0,1,memory_capacity,n_delays,400.0
4D_freerun_capacity,leak_rate=0.1|n_units=200|rho=0.7|state_noise=0,1,ipc,ipc_total,600.9948256403587
4D_freerun_capacity,leak_rate=0.1|n_units=200|rho=0.7|state_noise=0,1,ipc,ipc_total_raw,600.9948256403587
4D_freerun_capacity,leak_rate=0.1|n_units=200|rho=0.7|state_noise=0,1,ipc,ipc_linear,59.99540634163192
4D_freerun_capacity,leak_rate=0.1|n_units=200|rho=0.7|state_noise=0,1,ipc,ipc_nonlinear,540.9994192987268
4D_freerun_capacity,leak_rate=0.1|n_units=200|rho=0.7|state_noise=0,1,ipc,n_targets,601.0
4D_freerun_capacity,leak_rate=0.1|n_units=200|rho=0.7|state_noise=0,1,ipc,n_targets_kept,601.0
4D_freerun_capacity,leak_rate=0.1|n_units=200|rho=0.7|state_noise=0,1,ipc,saturation_ratio,3.0049741282017934
4D_freerun_capacity,leak_rate=0.1|n_units=200|rho=0.7|state_noise=0,1,ipc,ipc_threshold_degree1,0.03228067999656033
4D_freerun_capacity,leak_rate=0.1|n_units=200|rho=0.7|state_noise=0,1,ipc,ipc_threshold_degree2,0.5027710901204646
4D_freerun_capacity,leak_rate=0.1|n_units=200|rho=0.7|state_noise=0,1,ipc,ipc_threshold_degree3,0.032696023762229916
4D_freerun_capacity,leak_rate=0.1|n_units=200|rho=0.7|state_noise=0,1,ipc,ipc_threshold_degree4,0.3112556290774755
4D_freerun_capacity,leak_rate=0.1|n_units=200|rho=0.7|state_noise=0,2,memory_capacity,mc_total,272.8917129614379
4D_freerun_capacity,leak_rate=0.1|n_units=200|rho=0.7|state_noise=0,2,memory_capacity,mc_total_raw,272.8917129614379
4D_freerun_capacity,leak_rate=0.1|n_units=200|rho=0.7|state_noise=0,2,memory_capacity,mc_threshold,0.03465632807123376
4D_freerun_capacity,leak_rate=0.1|n_units=200|rho=0.7|state_noise=0,2,memory_capacity,mc_effective_delay,152.065877255723
4D_freerun_capacity,leak_rate=0.1|n_units=200|rho=0.7|state_noise=0,2,memory_capacity,mc_ratio,1.3644585648071896
4D_freerun_capacity,leak_rate=0.1|n_units=200|rho=0.7|state_noise=0,2,memory_capacity,n_delays,400.0
4D_freerun_capacity,leak_rate=0.1|n_units=200|rho=0.7|state_noise=0,2,ipc,ipc_total,600.9955746637431
4D_freerun_capacity,leak_rate=0.1|n_units=200|rho=0.7|state_noise=0,2,ipc,ipc_total_raw,600.9955746637431
4D_freerun_capacity,leak_rate=0.1|n_units=200|rho=0.7|state_noise=0,2,ipc,ipc_linear,59.996147730458674
4D_freerun_capacity,leak_rate=0.1|n_units=200|rho=0.7|state_noise=0,2,ipc,ipc_nonlinear,540.9994269332844
4D_freerun_capacity,leak_rate=0.1|n_units=200|rho=0.7|state_noise=0,2,ipc,n_targets,601.0
4D_freerun_capacity,leak_rate=0.1|n_units=200|rho=0.7|state_noise=0,2,ipc,n_targets_kept,601.0
4D_freerun_capacity,leak_rate=0.1|n_units=200|rho=0.7|state_noise=0,2,ipc,saturation_ratio,3.004977873318716
4D_freerun_capacity,leak_rate=0.1|n_units=200|rho=0.7|state_noise=0,2,ipc,ipc_threshold_degree1,0.032288300005499156
4D_freerun_capacity,leak_rate=0.1|n_units=200|rho=0.7|state_noise=0,2,ipc,ipc_threshold_degree2,0.4975748077172858
4D_freerun_capacity,leak_rate=0.1|n_units=200|rho=0.7|state_noise=0,2,ipc,ipc_threshold_degree3,0.042185227923093024
4D_freerun_capacity,leak_rate=0.1|n_units=200|rho=0.7|state_noise=0,2,ipc,ipc_threshold_degree4,0.28723189713059066
4D_freerun_capacity,leak_rate=0.1|n_units=200|rho=0.7|state_noise=0,3,memory_capacity,mc_total,261.795056646338
4D_freerun_capacity,leak_rate=0.1|n_units=200|rho=0.7|state_noise=0,3,memory_capacity,mc_total_raw,261.795056646338
4D_freerun_capacity,leak_rate=0.1|n_units=200|rho=0.7|state_noise=0,3,memory_capacity,mc_threshold,0.03425776144214835
4D_freerun_capacity,leak_rate=0.1|n_units=200|rho=0.7|state_noise=0,3,memory_capacity,mc_effective_delay,147.31016792827774
4D_freerun_capacity,leak_rate=0.1|n_units=200|rho=0.7|state_noise=0,3,memory_capacity,mc_ratio,1.30897528323169
4D_freerun_capacity,leak_rate=0.1|n_units=200|rho=0.7|state_noise=0,3,memory_capacity,n_delays,400.0
4D_freerun_capacity,leak_rate=0.1|n_units=200|rho=0.7|state_noise=0,3,ipc,ipc_total,600.994078530592
4D_freerun_capacity,leak_rate=0.1|n_units=200|rho=0.7|state_noise=0,3,ipc,ipc_total_raw,600.994078530592
4D_freerun_capacity,leak_rate=0.1|n_units=200|rho=0.7|state_noise=0,3,ipc,ipc_linear,59.994962117326914
4D_freerun_capacity,leak_rate=0.1|n_units=200|rho=0.7|state_noise=0,3,ipc,ipc_nonlinear,540.999116413265
4D_freerun_capacity,leak_rate=0.1|n_units=200|rho=0.7|state_noise=0,3,ipc,n_targets,601.0
4D_freerun_capacity,leak_rate=0.1|n_units=200|rho=0.7|state_noise=0,3,ipc,n_targets_kept,601.0
4D_freerun_capacity,leak_rate=0.1|n_units=200|rho=0.7|state_noise=0,3,ipc,saturation_ratio,3.00497039265296
4D_freerun_capacity,leak_rate=0.1|n_units=200|rho=0.7|state_noise=0,3,ipc,ipc_threshold_degree1,0.03304550775783745
4D_freerun_capacity,leak_rate=0.1|n_units=200|rho=0.7|state_noise=0,3,ipc,ipc_threshold_degree2,0.5160000495834406
4D_freerun_capacity,leak_rate=0.1|n_units=200|rho=0.7|state_noise=0,3,ipc,ipc_threshold_degree3,0.03633544522198672
4D_freerun_capacity,leak_rate=0.1|n_units=200|rho=0.7|state_noise=0,3,ipc,ipc_threshold_degree4,0.29233184260287187
4D_freerun_capacity,leak_rate=0.1|n_units=200|rho=0.7|state_noise=0,4,memory_capacity,mc_total,273.59580779217396
4D_freerun_capacity,leak_rate=0.1|n_units=200|rho=0.7|state_noise=0,4,memory_capacity,mc_total_raw,273.59580779217396
4D_freerun_capacity,leak_rate=0.1|n_units=200|rho=0.7|state_noise=0,4,memory_capacity,mc_threshold,0.03113145175639828
4D_freerun_capacity,leak_rate=0.1|n_units=200|rho=0.7|state_noise=0,4,memory_capacity,mc_effective_delay,153.05304329786222
4D_freerun_capacity,leak_rate=0.1|n_units=200|rho=0.7|state_noise=0,4,memory_capacity,mc_ratio,1.3679790389608697
4D_freerun_capacity,leak_rate=0.1|n_units=200|rho=0.7|state_noise=0,4,memory_capacity,n_delays,400.0
4D_freerun_capacity,leak_rate=0.1|n_units=200|rho=0.7|state_noise=0,4,ipc,ipc_total,600.9963974702086
4D_freerun_capacity,leak_rate=0.1|n_units=200|rho=0.7|state_noise=0,4,ipc,ipc_total_raw,600.9963974702086
4D_freerun_capacity,leak_rate=0.1|n_units=200|rho=0.7|state_noise=0,4,ipc,ipc_linear,59.996723166789316
4D_freerun_capacity,leak_rate=0.1|n_units=200|rho=0.7|state_noise=0,4,ipc,ipc_nonlinear,540.9996743034193
4D_freerun_capacity,leak_rate=0.1|n_units=200|rho=0.7|state_noise=0,4,ipc,n_targets,601.0
4D_freerun_capacity,leak_rate=0.1|n_units=200|rho=0.7|state_noise=0,4,ipc,n_targets_kept,601.0
4D_freerun_capacity,leak_rate=0.1|n_units=200|rho=0.7|state_noise=0,4,ipc,saturation_ratio,3.004981987351043
4D_freerun_capacity,leak_rate=0.1|n_units=200|rho=0.7|state_noise=0,4,ipc,ipc_threshold_degree1,0.03143354416979
4D_freerun_capacity,leak_rate=0.1|n_units=200|rho=0.7|state_noise=0,4,ipc,ipc_threshold_degree2,0.47254975124754395
4D_freerun_capacity,leak_rate=0.1|n_units=200|rho=0.7|state_noise=0,4,ipc,ipc_threshold_degree3,0.03871516089173186
4D_freerun_capacity,leak_rate=0.1|n_units=200|rho=0.7|state_noise=0,4,ipc,ipc_threshold_degree4,0.31240524964120003
4D_freerun_capacity,leak_rate=0.1|n_units=200|rho=0.7|state_noise=0.0001,0,memory_capacity,mc_total,252.37917703088291
4D_freerun_capacity,leak_rate=0.1|n_units=200|rho=0.7|state_noise=0.0001,0,memory_capacity,mc_total_raw,252.37917703088291
4D_freerun_capacity,leak_rate=0.1|n_units=200|rho=0.7|state_noise=0.0001,0,memory_capacity,mc_threshold,0.033189889976694475
4D_freerun_capacity,leak_rate=0.1|n_units=200|rho=0.7|state_noise=0.0001,0,memory_capacity,mc_effective_delay,145.66262421831235
4D_freerun_capacity,leak_rate=0.1|n_units=200|rho=0.7|state_noise=0.0001,0,memory_capacity,mc_ratio,1.2618958851544146
4D_freerun_capacity,leak_rate=0.1|n_units=200|rho=0.7|state_noise=0.0001,0,memory_capacity,n_delays,400.0
4D_freerun_capacity,leak_rate=0.1|n_units=200|rho=0.7|state_noise=0.0001,0,ipc,ipc_total,600.9888665269006
4D_freerun_capacity,leak_rate=0.1|n_units=200|rho=0.7|state_noise=0.0001,0,ipc,ipc_total_raw,600.9888665269006
4D_freerun_capacity,leak_rate=0.1|n_units=200|rho=0.7|state_noise=0.0001,0,ipc,ipc_linear,59.990488016086324
4D_freerun_capacity,leak_rate=0.1|n_units=200|rho=0.7|state_noise=0.0001,0,ipc,ipc_nonlinear,540.9983785108142
4D_freerun_capacity,leak_rate=0.1|n_units=200|rho=0.7|state_noise=0.0001,0,ipc,n_targets,601.0
4D_freerun_capacity,leak_rate=0.1|n_units=200|rho=0.7|state_noise=0.0001,0,ipc,n_targets_kept,601.0
4D_freerun_capacity,leak_rate=0.1|n_units=200|rho=0.7|state_noise=0.0001,0,ipc,saturation_ratio,3.0049443326345027
4D_freerun_capacity,leak_rate=0.1|n_units=200|rho=0.7|state_noise=0.0001,0,ipc,ipc_threshold_degree1,0.03292487436645392
4D_freerun_capacity,leak_rate=0.1|n_units=200|rho=0.7|state_noise=0.0001,0,ipc,ipc_threshold_degree2,0.4667163608978386
4D_freerun_capacity,leak_rate=0.1|n_units=200|rho=0.7|state_noise=0.0001,0,ipc,ipc_threshold_degree3,0.05118527170585393
4D_freerun_capacity,leak_rate=0.1|n_units=200|rho=0.7|state_noise=0.0001,0,ipc,ipc_threshold_degree4,0.282595576275823
4D_freerun_capacity,leak_rate=0.1|n_units=200|rho=0.7|state_noise=0.0001,1,memory_capacity,mc_total,275.28599561937153
4D_freerun_capacity,leak_rate=0.1|n_units=200|rho=0.7|state_noise=0.0001,1,memory_capacity,mc_total_raw,275.28599561937153
4D_freerun_capacity,leak_rate=0.1|n_units=200|rho=0.7|state_noise=0.0001,1,memory_capacity,mc_threshold,0.03392359767268998
4D_freerun_capacity,leak_rate=0.1|n_units=200|rho=0.7|state_noise=0.0001,1,memory_capacity,mc_effective_delay,157.11006578124832
4D_freerun_capacity,leak_rate=0.1|n_units=200|rho=0.7|state_noise=0.0001,1,memory_capacity,mc_ratio,1.3764299780968576
4D_freerun_capacity,leak_rate=0.1|n_units=200|rho=0.7|state_noise=0.0001,1,memory_capacity,n_delays,400.0
4D_freerun_capacity,leak_rate=0.1|n_units=200|rho=0.7|state_noise=0.0001,1,ipc,ipc_total,600.9877083030785
4D_freerun_capacity,leak_rate=0.1|n_units=200|rho=0.7|state_noise=0.0001,1,ipc,ipc_total_raw,600.9877083030785
4D_freerun_capacity,leak_rate=0.1|n_units=200|rho=0.7|state_noise=0.0001,1,ipc,ipc_linear,59.98999863894975
4D_freerun_capacity,leak_rate=0.1|n_units=200|rho=0.7|state_noise=0.0001,1,ipc,ipc_nonlinear,540.9977096641288
4D_freerun_capacity,leak_rate=0.1|n_units=200|rho=0.7|state_noise=0.0001,1,ipc,n_targets,601.0
4D_freerun_capacity,leak_rate=0.1|n_units=200|rho=0.7|state_noise=0.0001,1,ipc,n_targets_kept,601.0
4D_freerun_capacity,leak_rate=0.1|n_units=200|rho=0.7|state_noise=0.0001,1,ipc,saturation_ratio,3.0049385415153926
4D_freerun_capacity,leak_rate=0.1|n_units=200|rho=0.7|state_noise=0.0001,1,ipc,ipc_threshold_degree1,0.03209201756020347
4D_freerun_capacity,leak_rate=0.1|n_units=200|rho=0.7|state_noise=0.0001,1,ipc,ipc_threshold_degree2,0.5028802993980389
4D_freerun_capacity,leak_rate=0.1|n_units=200|rho=0.7|state_noise=0.0001,1,ipc,ipc_threshold_degree3,0.03343384821737254
4D_freerun_capacity,leak_rate=0.1|n_units=200|rho=0.7|state_noise=0.0001,1,ipc,ipc_threshold_degree4,0.31109616357411757
4D_freerun_capacity,leak_rate=0.1|n_units=200|rho=0.7|state_noise=0.0001,2,memory_capacity,mc_total,265.2326889280261
4D_freerun_capacity,leak_rate=0.1|n_units=200|rho=0.7|state_noise=0.0001,2,memory_capacity,mc_total_raw,265.2326889280261
4D_freerun_capacity,leak_rate=0.1|n_units=200|rho=0.7|state_noise=0.0001,2,memory_capacity,mc_threshold,0.032476072415802165
4D_freerun_capacity,leak_rate=0.1|n_units=200|rho=0.7|state_noise=0.0001,2,memory_capacity,mc_effective_delay,151.26860035716035
4D_freerun_capacity,leak_rate=0.1|n_units=200|rho=0.7|state_noise=0.0001,2,memory_capacity,mc_ratio,1.3261634446401305
4D_freerun_capacity,leak_rate=0.1|n_units=200|rho=0.7|state_noise=0.0001,2,memory_capacity,n_delays,400.0
4D_freerun_capacity,leak_rate=0.1|n_units=200|rho=0.7|state_noise=0.0001,2,ipc,ipc_total,600.9893704645224
4D_freerun_capacity,leak_rate=0.1|n_units=200|rho=0.7|state_noise=0.0001,2,ipc,ipc_total_raw,600.9893704645224
4D_freerun_capacity,leak_rate=0.1|n_units=200|rho=0.7|state_noise=0.0001,2,ipc,ipc_linear,59.991527886767656
4D_freerun_capacity,leak_rate=0.1|n_units=200|rho=0.7|state_noise=0.0001,2,ipc,ipc_nonlinear,540.9978425777547
4D_freerun_capacity,leak_rate=0.1|n_units=200|rho=0.7|state_noise=0.0001,2,ipc,n_targets,601.0
4D_freerun_capacity,leak_rate=0.1|n_units=200|rho=0.7|state_noise=0.0001,2,ipc,n_targets_kept,601.0
4D_freerun_capacity,leak_rate=0.1|n_units=200|rho=0.7|state_noise=0.0001,2,ipc,saturation_ratio,3.004946852322612
4D_freerun_capacity,leak_rate=0.1|n_units=200|rho=0.7|state_noise=0.0001,2,ipc,ipc_threshold_degree1,0.032421545243524294
4D_freerun_capacity,leak_rate=0.1|n_units=200|rho=0.7|state_noise=0.0001,2,ipc,ipc_threshold_degree2,0.498059405713266
4D_freerun_capacity,leak_rate=0.1|n_units=200|rho=0.7|state_noise=0.0001,2,ipc,ipc_threshold_degree3,0.041700948244585784
4D_freerun_capacity,leak_rate=0.1|n_units=200|rho=0.7|state_noise=0.0001,2,ipc,ipc_threshold_degree4,0.2880391155566469
4D_freerun_capacity,leak_rate=0.1|n_units=200|rho=0.7|state_noise=0.0001,3,memory_capacity,mc_total,259.39661234535834
4D_freerun_capacity,leak_rate=0.1|n_units=200|rho=0.7|state_noise=0.0001,3,memory_capacity,mc_total_raw,259.39661234535834
4D_freerun_capacity,leak_rate=0.1|n_units=200|rho=0.7|state_noise=0.0001,3,memory_capacity,mc_threshold,0.03372385599484386
4D_freerun_capacity,leak_rate=0.1|n_units=200|rho=0.7|state_noise=0.0001,3,memory_capacity,mc_effective_delay,148.67409064602538
4D_freerun_capacity,leak_rate=0.1|n_units=200|rho=0.7|state_noise=0.0001,3,memory_capacity,mc_ratio,1.2969830617267917
4D_freerun_capacity,leak_rate=0.1|n_units=200|rho=0.7|state_noise=0.0001,3,memory_capacity,n_delays,400.0
4D_freerun_capacity,leak_rate=0.1|n_units=200|rho=0.7|state_noise=0.0001,3,ipc,ipc_total,600.9878594624674
4D_freerun_capacity,leak_rate=0.1|n_units=200|rho=0.7|state_noise=0.0001,3,ipc,ipc_total_raw,600.9878594624674
4D_freerun_capacity,leak_rate=0.1|n_units=200|rho=0.7|state_noise=0.0001,3,ipc,ipc_linear,59.990389740058006
4D_freerun_capacity,leak_rate=0.1|n_units=200|rho=0.7|state_noise=0.0001,3,ipc,ipc_nonlinear,540.9974697224094
4D_freerun_capacity,leak_rate=0.1|n_units=200|rho=0.7|state_noise=0.0001,3,ipc,n_targets,601.0
4D_freerun_capacity,leak_rate=0.1|n_units=200|rho=0.7|state_noise=0.0001,3,ipc,n_targets_kept,601.0
4D_freerun_capacity,leak_rate=0.1|n_units=200|rho=0.7|state_noise=0.0001,3,ipc,saturation_ratio,3.004939297312337
4D_freerun_capacity,leak_rate=0.1|n_units=200|rho=0.7|state_noise=0.0001,3,ipc,ipc_threshold_degree1,0.03198460286910837
4D_freerun_capacity,leak_rate=0.1|n_units=200|rho=0.7|state_noise=0.0001,3,ipc,ipc_threshold_degree2,0.5161895927789809
4D_freerun_capacity,leak_rate=0.1|n_units=200|rho=0.7|state_noise=0.0001,3,ipc,ipc_threshold_degree3,0.035844202698652204
4D_freerun_capacity,leak_rate=0.1|n_units=200|rho=0.7|state_noise=0.0001,3,ipc,ipc_threshold_degree4,0.29161620064374566
4D_freerun_capacity,leak_rate=0.1|n_units=200|rho=0.7|state_noise=0.0001,4,memory_capacity,mc_total,266.40367498392817
4D_freerun_capacity,leak_rate=0.1|n_units=200|rho=0.7|state_noise=0.0001,4,memory_capacity,mc_total_raw,266.40367498392817
4D_freerun_capacity,leak_rate=0.1|n_units=200|rho=0.7|state_noise=0.0001,4,memory_capacity,mc_threshold,0.03228009769334621
4D_freerun_capacity,leak_rate=0.1|n_units=200|rho=0.7|state_noise=0.0001,4,memory_capacity,mc_effective_delay,152.94958713182152
4D_freerun_capacity,leak_rate=0.1|n_units=200|rho=0.7|state_noise=0.0001,4,memory_capacity,mc_ratio,1.3320183749196408
4D_freerun_capacity,leak_rate=0.1|n_units=200|rho=0.7|state_noise=0.0001,4,memory_capacity,n_delays,400.0
4D_freerun_capacity,leak_rate=0.1|n_units=200|rho=0.7|state_noise=0.0001,4,ipc,ipc_total,600.9878569344787
4D_freerun_capacity,leak_rate=0.1|n_units=200|rho=0.7|state_noise=0.0001,4,ipc,ipc_total_raw,600.9878569344787
4D_freerun_capacity,leak_rate=0.1|n_units=200|rho=0.7|state_noise=0.0001,4,ipc,ipc_linear,59.989879620135255
4D_freerun_capacity,leak_rate=0.1|n_units=200|rho=0.7|state_noise=0.0001,4,ipc,ipc_nonlinear,540.9979773143434
4D_freerun_capacity,leak_rate=0.1|n_units=200|rho=0.7|state_noise=0.0001,4,ipc,n_targets,601.0
4D_freerun_capacity,leak_rate=0.1|n_units=200|rho=0.7|state_noise=0.0001,4,ipc,n_targets_kept,601.0
4D_freerun_capacity,leak_rate=0.1|n_units=200|rho=0.7|state_noise=0.0001,4,ipc,saturation_ratio,3.0049392846723935
4D_freerun_capacity,leak_rate=0.1|n_units=200|rho=0.7|state_noise=0.0001,4,ipc,ipc_threshold_degree1,0.03223341052317349
4D_freerun_capacity,leak_rate=0.1|n_units=200|rho=0.7|state_noise=0.0001,4,ipc,ipc_threshold_degree2,0.47239068854467586
4D_freerun_capacity,leak_rate=0.1|n_units=200|rho=0.7|state_noise=0.0001,4,ipc,ipc_threshold_degree3,0.038194244131104865
4D_freerun_capacity,leak_rate=0.1|n_units=200|rho=0.7|state_noise=0.0001,4,ipc,ipc_threshold_degree4,0.31258692889261064
4D_freerun_capacity,leak_rate=0.1|n_units=200|rho=0.7|state_noise=0.001,0,memory_capacity,mc_total,238.08818783516443
4D_freerun_capacity,leak_rate=0.1|n_units=200|rho=0.7|state_noise=0.001,0,memory_capacity,mc_total_raw,238.08818783516443
4D_freerun_capacity,leak_rate=0.1|n_units=200|rho=0.7|state_noise=0.001,0,memory_capacity,mc_threshold,0.03346603632440241
4D_freerun_capacity,leak_rate=0.1|n_units=200|rho=0.7|state_noise=0.001,0,memory_capacity,mc_effective_delay,147.7482007782235
4D_freerun_capacity,leak_rate=0.1|n_units=200|rho=0.7|state_noise=0.001,0,memory_capacity,mc_ratio,1.1904409391758222
4D_freerun_capacity,leak_rate=0.1|n_units=200|rho=0.7|state_noise=0.001,0,memory_capacity,n_delays,400.0
4D_freerun_capacity,leak_rate=0.1|n_units=200|rho=0.7|state_noise=0.001,0,ipc,ipc_total,600.9221116084477
4D_freerun_capacity,leak_rate=0.1|n_units=200|rho=0.7|state_noise=0.001,0,ipc,ipc_total_raw,600.9221116084477
4D_freerun_capacity,leak_rate=0.1|n_units=200|rho=0.7|state_noise=0.001,0,ipc,ipc_linear,59.953176866951715
4D_freerun_capacity,leak_rate=0.1|n_units=200|rho=0.7|state_noise=0.001,0,ipc,ipc_nonlinear,540.968934741496
4D_freerun_capacity,leak_rate=0.1|n_units=200|rho=0.7|state_noise=0.001,0,ipc,n_targets,601.0
4D_freerun_capacity,leak_rate=0.1|n_units=200|rho=0.7|state_noise=0.001,0,ipc,n_targets_kept,601.0
4D_freerun_capacity,leak_rate=0.1|n_units=200|rho=0.7|state_noise=0.001,0,ipc,saturation_ratio,3.0046105580422386
4D_freerun_capacity,leak_rate=0.1|n_units=200|rho=0.7|state_noise=0.001,0,ipc,ipc_threshold_degree1,0.033615406081836705
4D_freerun_capacity,leak_rate=0.1|n_units=200|rho=0.7|state_noise=0.001,0,ipc,ipc_threshold_degree2,0.4661532771168805
4D_freerun_capacity,leak_rate=0.1|n_units=200|rho=0.7|state_noise=0.001,0,ipc,ipc_threshold_degree3,0.051207431819006846
4D_freerun_capacity,leak_rate=0.1|n_units=200|rho=0.7|state_noise=0.001,0,ipc,ipc_threshold_degree4,0.28225925476467795
4D_freerun_capacity,leak_rate=0.1|n_units=200|rho=0.7|state_noise=0.001,1,memory_capacity,mc_total,260.4939476858832
4D_freerun_capacity,leak_rate=0.1|n_units=200|rho=0.7|state_noise=0.001,1,memory_capacity,mc_total_raw,260.4939476858832
4D_freerun_capacity,leak_rate=0.1|n_units=200|rho=0.7|state_noise=0.001,1,memory_capacity,mc_threshold,0.03382371729854523
4D_freerun_capacity,leak_rate=0.1|n_units=200|rho=0.7|state_noise=0.001,1,memory_capacity,mc_effective_delay,157.06394655941375
4D_freerun_capacity,leak_rate=0.1|n_units=200|rho=0.7|state_noise=0.001,1,memory_capacity,mc_ratio,1.302469738429416
4D_freerun_capacity,leak_rate=0.1|n_units=200|rho=0.7|state_noise=0.001,1,memory_capacity,n_delays,400.0
4D_freerun_capacity,leak_rate=0.1|n_units=200|rho=0.7|state_noise=0.001,1,ipc,ipc_total,600.9254664402845
4D_freerun_capacity,leak_rate=0.1|n_units=200|rho=0.7|state_noise=0.001,1,ipc,ipc_total_raw,600.9254664402845
4D_freerun_capacity,leak_rate=0.1|n_units=200|rho=0.7|state_noise=0.001,1,ipc,ipc_linear,59.96049385620334
4D_freerun_capacity,leak_rate=0.1|n_units=200|rho=0.7|state_noise=0.001,1,ipc,ipc_nonlinear,540.9649725840811
4D_freerun_capacity,leak_rate=0.1|n_units=200|rho=0.7|state_noise=0.001,1,ipc,n_targets,601.0
4D_freerun_capacity,leak_rate=0.1|n_units=200|rho=0.7|state_noise=0.001,1,ipc,n_targets_kept,601.0
4D_freerun_capacity,leak_rate=0.1|n_units=200|rho=0.7|state_noise=0.001,1,ipc,saturation_ratio,3.0046273322014225
4D_freerun_capacity,leak_rate=0.1|n_units=200|rho=0.7|state_noise=0.001,1,ipc,ipc_threshold_degree1,0.03234256189425508
4D_freerun_capacity,leak_rate=0.1|n_units=200|rho=0.7|state_noise=0.001,1,ipc,ipc_threshold_degree2,0.5027897736524263
4D_freerun_capacity,leak_rate=0.1|n_units=200|rho=0.7|state_noise=0.001,1,ipc,ipc_threshold_degree3,0.03293296236434248
4D_freerun_capacity,leak_rate=0.1|n_units=200|rho=0.7|state_noise=0.001,1,ipc,ipc_threshold_degree4,0.31116114629026703
4D_freerun_capacity,leak_rate=0.1|n_units=200|rho=0.7|state_noise=0.001,2,memory_capacity,mc_total,253.34473420506782
4D_freerun_capacity,leak_rate=0.1|n_units=200|rho=0.7|state_noise=0.001,2,memory_capacity,mc_total_raw,253.34473420506782
4D_freerun_capacity,leak_rate=0.1|n_units=200|rho=0.7|state_noise=0.001,2,memory_capacity,mc_threshold,0.032050333530210584
4D_freerun_capacity,leak_rate=0.1|n_units=200|rho=0.7|state_noise=0.001,2,memory_capacity,mc_effective_delay,153.55583566776076
4D_freerun_capacity,leak_rate=0.1|n_units=200|rho=0.7|state_noise=0.001,2,memory_capacity,mc_ratio,1.2667236710253391
4D_freerun_capacity,leak_rate=0.1|n_units=200|rho=0.7|state_noise=0.001,2,memory_capacity,n_delays,400.0
4D_freerun_capacity,leak_rate=0.1|n_units=200|rho=0.7|state_noise=0.001,2,ipc,ipc_total,600.9280149270135
4D_freerun_capacity,leak_rate=0.1|n_units=200|rho=0.7|state_noise=0.001,2,ipc,ipc_total_raw,600.9280149270135
4D_freerun_capacity,leak_rate=0.1|n_units=200|rho=0.7|state_noise=0.001,2,ipc,ipc_linear,59.96108896809481
4D_freerun_capacity,leak_rate=0.1|n_units=200|rho=0.7|state_noise=0.001,2,ipc,ipc_nonlinear,540.9669259589186
4D_freerun_capacity,leak_rate=0.1|n_units=200|rho=0.7|state_noise=0.001,2,ipc,n_targets,601.0
4D_freerun_capacity,leak_rate=0.1|n_units=200|rho=0.7|state_noise=0.001,2,ipc,n_targets_kept,601.0
4D_freerun_capacity,leak_rate=0.1|n_units=200|rho=0.7|state_noise=0.001,2,ipc,saturation_ratio,3.004640074635067
4D_freerun_capacity,leak_rate=0.1|n_units=200|rho=0.7|state_noise=0.001,2,ipc,ipc_threshold_degree1,0.032393214214088015
4D_freerun_capacity,leak_rate=0.1|n_units=200|rho=0.7|state_noise=0.001,2,ipc,ipc_threshold_degree2,0.4975201829178882
4D_freerun_capacity,leak_rate=0.1|n_units=200|rho=0.7|state_noise=0.001,2,ipc,ipc_threshold_degree3,0.041185367490306664
4D_freerun_capacity,leak_rate=0.1|n_units=200|rho=0.7|state_noise=0.001,2,ipc,ipc_threshold_degree4,0.2869876830975517
4D_freerun_capacity,leak_rate=0.1|n_units=200|rho=0.7|state_noise=0.001,3,memory_capacity,mc_total,247.28780873535112
4D_freerun_capacity,leak_rate=0.1|n_units=200|rho=0.7|state_noise=0.001,3,memory_capacity,mc_total_raw,247.28780873535112
4D_freerun_capacity,leak_rate=0.1|n_units=200|rho=0.7|state_noise=0.001,3,memory_capacity,mc_threshold,0.03438207436776964
4D_freerun_capacity,leak_rate=0.1|n_units=200|rho=0.7|state_noise=0.001,3,memory_capacity,mc_effective_delay,149.7351149336277
4D_freerun_capacity,leak_rate=0.1|n_units=200|rho=0.7|state_noise=0.001,3,memory_capacity,mc_ratio,1.2364390436767556
4D_freerun_capacity,leak_rate=0.1|n_units=200|rho=0.7|state_noise=0.001,3,memory_capacity,n_delays,400.0
4D_freerun_capacity,leak_rate=0.1|n_units=200|rho=0.7|state_noise=0.001,3,ipc,ipc_total,600.9254434877715
4D_freerun_capacity,leak_rate=0.1|n_units=200|rho=0.7|state_noise=0.001,3,ipc,ipc_total_raw,600.9254434877715
4D_freerun_capacity,leak_rate=0.1|n_units=200|rho=0.7|state_noise=0.001,3,ipc,ipc_linear,59.95851803913095
4D_freerun_capacity,leak_rate=0.1|n_units=200|rho=0.7|state_noise=0.001,3,ipc,ipc_nonlinear,540.9669254486406
4D_freerun_capacity,leak_rate=0.1|n_units=200|rho=0.7|state_noise=0.001,3,ipc,n_targets,601.0
4D_freerun_capacity,leak_rate=0.1|n_units=200|rho=0.7|state_noise=0.001,3,ipc,n_targets_kept,601.0
4D_freerun_capacity,leak_rate=0.1|n_units=200|rho=0.7|state_noise=0.001,3,ipc,saturation_ratio,3.0046272174388577
4D_freerun_capacity,leak_rate=0.1|n_units=200|rho=0.7|state_noise=0.001,3,ipc,ipc_threshold_degree1,0.03212777009998335
4D_freerun_capacity,leak_rate=0.1|n_units=200|rho=0.7|state_noise=0.001,3,ipc,ipc_threshold_degree2,0.5165119252902574
4D_freerun_capacity,leak_rate=0.1|n_units=200|rho=0.7|state_noise=0.001,3,ipc,ipc_threshold_degree3,0.035018351194252506
4D_freerun_capacity,leak_rate=0.1|n_units=200|rho=0.7|state_noise=0.001,3,ipc,ipc_threshold_degree4,0.29125260756766164
4D_freerun_capacity,leak_rate=0.1|n_units=200|rho=0.7|state_noise=0.001,4,memory_capacity,mc_total,249.62420891903417
4D_freerun_capacity,leak_rate=0.1|n_units=200|rho=0.7|state_noise=0.001,4,memory_capacity,mc_total_raw,249.62420891903417
4D_freerun_capacity,leak_rate=0.1|n_units=200|rho=0.7|state_noise=0.001,4,memory_capacity,mc_threshold,0.03439718662375194
4D_freerun_capacity,leak_rate=0.1|n_units=200|rho=0.7|state_noise=0.001,4,memory_capacity,mc_effective_delay,153.12510638466017
4D_freerun_capacity,leak_rate=0.1|n_units=200|rho=0.7|state_noise=0.001,4,memory_capacity,mc_ratio,1.248121044595171
4D_freerun_capacity,leak_rate=0.1|n_units=200|rho=0.7|state_noise=0.001,4,memory_capacity,n_delays,400.0
4D_freerun_capacity,leak_rate=0.1|n_units=200|rho=0.7|state_noise=0.001,4,ipc,ipc_total,600.9242899825387
4D_freerun_capacity,leak_rate=0.1|n_units=200|rho=0.7|state_noise=0.001,4,ipc,ipc_total_raw,600.9242899825387
4D_freerun_capacity,leak_rate=0.1|n_units=200|rho=0.7|state_noise=0.001,4,ipc,ipc_linear,59.954832188305595
4D_freerun_capacity,leak_rate=0.1|n_units=200|rho=0.7|state_noise=0.001,4,ipc,ipc_nonlinear,540.9694577942331
4D_freerun_capacity,leak_rate=0.1|n_units=200|rho=0.7|state_noise=0.001,4,ipc,n_targets,601.0
4D_freerun_capacity,leak_rate=0.1|n_units=200|rho=0.7|state_noise=0.001,4,ipc,n_targets_kept,601.0
4D_freerun_capacity,leak_rate=0.1|n_units=200|rho=0.7|state_noise=0.001,4,ipc,saturation_ratio,3.004621449912693
4D_freerun_capacity,leak_rate=0.1|n_units=200|rho=0.7|state_noise=0.001,4,ipc,ipc_threshold_degree1,0.031039585947234456
4D_freerun_capacity,leak_rate=0.1|n_units=200|rho=0.7|state_noise=0.001,4,ipc,ipc_threshold_degree2,0.47202017545349484
4D_freerun_capacity,leak_rate=0.1|n_units=200|rho=0.7|state_noise=0.001,4,ipc,ipc_threshold_degree3,0.038072398187200075
4D_freerun_capacity,leak_rate=0.1|n_units=200|rho=0.7|state_noise=0.001,4,ipc,ipc_threshold_degree4,0.31269861529460874
4D_freerun_capacity,leak_rate=0.1|n_units=200|rho=0.7|state_noise=0.01,0,memory_capacity,mc_total,219.77180660827446
4D_freerun_capacity,leak_rate=0.1|n_units=200|rho=0.7|state_noise=0.01,0,memory_capacity,mc_total_raw,219.77180660827446
4D_freerun_capacity,leak_rate=0.1|n_units=200|rho=0.7|state_noise=0.01,0,memory_capacity,mc_threshold,0.03446178918320494
4D_freerun_capacity,leak_rate=0.1|n_units=200|rho=0.7|state_noise=0.01,0,memory_capacity,mc_effective_delay,150.04174317167116
4D_freerun_capacity,leak_rate=0.1|n_units=200|rho=0.7|state_noise=0.01,0,memory_capacity,mc_ratio,1.0988590330413723
4D_freerun_capacity,leak_rate=0.1|n_units=200|rho=0.7|state_noise=0.01,0,memory_capacity,n_delays,400.0
4D_freerun_capacity,leak_rate=0.1|n_units=200|rho=0.7|state_noise=0.01,0,ipc,ipc_total,600.1222120839095
4D_freerun_capacity,leak_rate=0.1|n_units=200|rho=0.7|state_noise=0.01,0,ipc,ipc_total_raw,600.1222120839095
4D_freerun_capacity,leak_rate=0.1|n_units=200|rho=0.7|state_noise=0.01,0,ipc,ipc_linear,59.74163992699555
4D_freerun_capacity,leak_rate=0.1|n_units=200|rho=0.7|state_noise=0.01,0,ipc,ipc_nonlinear,540.380572156914
4D_freerun_capacity,leak_rate=0.1|n_units=200|rho=0.7|state_noise=0.01,0,ipc,n_targets,601.0
4D_freerun_capacity,leak_rate=0.1|n_units=200|rho=0.7|state_noise=0.01,0,ipc,n_targets_kept,601.0
4D_freerun_capacity,leak_rate=0.1|n_units=200|rho=0.7|state_noise=0.01,0,ipc,saturation_ratio,3.0006110604195477
4D_freerun_capacity,leak_rate=0.1|n_units=200|rho=0.7|state_noise=0.01,0,ipc,ipc_threshold_degree1,0.032655803919490134
4D_freerun_capacity,leak_rate=0.1|n_units=200|rho=0.7|state_noise=0.01,0,ipc,ipc_threshold_degree2,0.46614196199020874
4D_freerun_capacity,leak_rate=0.1|n_units=200|rho=0.7|state_noise=0.01,0,ipc,ipc_threshold_degree3,0.05148607708020413
4D_freerun_capacity,leak_rate=0.1|n_units=200|rho=0.7|state_noise=0.01,0,ipc,ipc_threshold_degree4,0.28221216554834605
4D_freerun_capacity,leak_rate=0.1|n_units=200|rho=0.7|state_noise=0.01,1,memory_capacity,mc_total,236.88323128036694
4D_freerun_capacity,leak_rate=0.1|n_units=200|rho=0.7|state_noise=0.01,1,memory_capacity,mc_total_raw,236.88323128036694
4D_freerun_capacity,leak_rate=0.1|n_units=200|rho=0.7|state_noise=0.01,1,memory_capacity,mc_threshold,0.035063518788704985
4D_freerun_capacity,leak_rate=0.1|n_units=200|rho=0.7|state_noise=0.01,1,memory_capacity,mc_effective_delay,156.42117737725385
4D_freerun_capacity,leak_rate=0.1|n_units=200|rho=0.7|state_noise=0.01,1,memory_capacity,mc_ratio,1.1844161564018347
4D_freerun_capacity,leak_rate=0.1|n_units=200|rho=0.7|state_noise=0.01,1,memory_capacity,n_delays,400.0
4D_freerun_capacity,leak_rate=0.1|n_units=200|rho=0.7|state_noise=0.01,1,ipc,ipc_total,600.0580819179428
4D_freerun_capacity,leak_rate=0.1|n_units=200|rho=0.7|state_noise=0.01,1,ipc,ipc_total_raw,600.0580819179428
4D_freerun_capacity,leak_rate=0.1|n_units=200|rho=0.7|state_noise=0.01,1,ipc,ipc_linear,59.78450079572544
4D_freerun_capacity,leak_rate=0.1|n_units=200|rho=0.7|state_noise=0.01,1,ipc,ipc_nonlinear,540.2735811222174
4D_freerun_capacity,leak_rate=0.1|n_units=200|rho=0.7|state_noise=0.01,1,ipc,n_targets,601.0
4D_freerun_capacity,leak_rate=0.1|n_units=200|rho=0.7|state_noise=0.01,1,ipc,n_targets_kept,601.0
4D_freerun_capacity,leak_rate=0.1|n_units=200|rho=0.7|state_noise=0.01,1,ipc,saturation_ratio,3.000290409589714
4D_freerun_capacity,leak_rate=0.1|n_units=200|rho=0.7|state_noise=0.01,1,ipc,ipc_threshold_degree1,0.031855520674155736
4D_freerun_capacity,leak_rate=0.1|n_units=200|rho=0.7|state_noise=0.01,1,ipc,ipc_threshold_degree2,0.502883183538777
4D_freerun_capacity,leak_rate=0.1|n_units=200|rho=0.7|state_noise=0.01,1,ipc,ipc_threshold_degree3,0.03270568448503489
4D_freerun_capacity,leak_rate=0.1|n_units=200|rho=0.7|state_noise=0.01,1,ipc,ipc_threshold_degree4,0.3114306810923054
4D_freerun_capacity,leak_rate=0.1|n_units=200|rho=0.7|state_noise=0.01,2,memory_capacity,mc_total,234.19040646498712
4D_freerun_capacity,leak_rate=0.1|n_units=200|rho=0.7|state_noise=0.01,2,memory_capacity,mc_total_raw,234.19040646498712
4D_freerun_capacity,leak_rate=0.1|n_units=200|rho=0.7|state_noise=0.01,2,memory_capacity,mc_threshold,0.031262021466263425
4D_freerun_capacity,leak_rate=0.1|n_units=200|rho=0.7|state_noise=0.01,2,memory_capacity,mc_effective_delay,153.62522436861883
4D_freerun_capacity,leak_rate=0.1|n_units=200|rho=0.7|state_noise=0.01,2,memory_capacity,mc_ratio,1.1709520323249356
4D_freerun_capacity,leak_rate=0.1|n_units=200|rho=0.7|state_noise=0.01,2,memory_capacity,n_delays,400.0
4D_freerun_capacity,leak_rate=0.1|n_units=200|rho=0.7|state_noise=0.01,2,ipc,ipc_total,600.1215752940116
4D_freerun_capacity,leak_rate=0.1|n_units=200|rho=0.7|state_noise=0.01,2,ipc,ipc_total_raw,600.1215752940116
4D_freerun_capacity,leak_rate=0.1|n_units=200|rho=0.7|state_noise=0.01,2,ipc,ipc_linear,59.77177375428388
4D_freerun_capacity,leak_rate=0.1|n_units=200|rho=0.7|state_noise=0.01,2,ipc,ipc_nonlinear,540.3498015397277
4D_freerun_capacity,leak_rate=0.1|n_units=200|rho=0.7|state_noise=0.01,2,ipc,n_targets,601.0
4D_freerun_capacity,leak_rate=0.1|n_units=200|rho=0.7|state_noise=0.01,2,ipc,n_targets_kept,601.0
4D_freerun_capacity,leak_rate=0.1|n_units=200|rho=0.7|state_noise=0.01,2,ipc,saturation_ratio,3.000607876470058
4D_freerun_capacity,leak_rate=0.1|n_units=200|rho=0.7|state_noise=0.01,2,ipc,ipc_threshold_degree1,0.032457525984129605
4D_freerun_capacity,leak_rate=0.1|n_units=200|rho=0.7|state_noise=0.01,2,ipc,ipc_threshold_degree2,0.49757031124800327
4D_freerun_capacity,leak_rate=0.1|n_units=200|rho=0.7|state_noise=0.01,2,ipc,ipc_threshold_degree3,0.04083310061972053
4D_freerun_capacity,leak_rate=0.1|n_units=200|rho=0.7|state_noise=0.01,2,ipc,ipc_threshold_degree4,0.28647377433500465
4D_freerun_capacity,leak_rate=0.1|n_units=200|rho=0.7|state_noise=0.01,3,memory_capacity,mc_total,226.7358329305385
4D_freerun_capacity,leak_rate=0.1|n_units=200|rho=0.7|state_noise=0.01,3,memory_capacity,mc_total_raw,226.7358329305385
4D_freerun_capacity,leak_rate=0.1|n_units=200|rho=0.7|state_noise=0.01,3,memory_capacity,mc_threshold,0.03489150933470804
4D_freerun_capacity,leak_rate=0.1|n_units=200|rho=0.7|state_noise=0.01,3,memory_capacity,mc_effective_delay,150.84459413706924
4D_freerun_capacity,leak_rate=0.1|n_units=200|rho=0.7|state_noise=0.01,3,memory_capacity,mc_ratio,1.1336791646526925
4D_freerun_capacity,leak_rate=0.1|n_units=200|rho=0.7|state_noise=0.01,3,memory_capacity,n_delays,400.0
4D_freerun_capacity,leak_rate=0.1|n_units=200|rho=0.7|state_noise=0.01,3,ipc,ipc_total,599.992061876399
4D_freerun_capacity,leak_rate=0.1|n_units=200|rho=0.7|state_noise=0.01,3,ipc,ipc_total_raw,599.992061876399
4D_freerun_capacity,leak_rate=0.1|n_units=200|rho=0.7|state_noise=0.01,3,ipc,ipc_linear,59.776777547970845
4D_freerun_capacity,leak_rate=0.1|n_units=200|rho=0.7|state_noise=0.01,3,ipc,ipc_nonlinear,540.2152843284282
4D_freerun_capacity,leak_rate=0.1|n_units=200|rho=0.7|state_noise=0.01,3,ipc,n_targets,601.0
4D_freerun_capacity,leak_rate=0.1|n_units=200|rho=0.7|state_noise=0.01,3,ipc,n_targets_kept,601.0
4D_freerun_capacity,leak_rate=0.1|n_units=200|rho=0.7|state_noise=0.01,3,ipc,saturation_ratio,2.9999603093819953
4D_freerun_capacity,leak_rate=0.1|n_units=200|rho=0.7|state_noise=0.01,3,ipc,ipc_threshold_degree1,0.031888019369973354
4D_freerun_capacity,leak_rate=0.1|n_units=200|rho=0.7|state_noise=0.01,3,ipc,ipc_threshold_degree2,0.5160011758807512
4D_freerun_capacity,leak_rate=0.1|n_units=200|rho=0.7|state_noise=0.01,3,ipc,ipc_threshold_degree3,0.034581639546246185
4D_freerun_capacity,leak_rate=0.1|n_units=200|rho=0.7|state_noise=0.01,3,ipc,ipc_threshold_degree4,0.2904998711093203
4D_freerun_capacity,leak_rate=0.1|n_units=200|rho=0.7|state_noise=0.01,4,memory_capacity,mc_total,227.63020925901566
4D_freerun_capacity,leak_rate=0.1|n_units=200|rho=0.7|state_noise=0.01,4,memory_capacity,mc_total_raw,227.63020925901566
4D_freerun_capacity,leak_rate=0.1|n_units=200|rho=0.7|state_noise=0.01,4,memory_capacity,mc_threshold,0.03546056507542202
4D_freerun_capacity,leak_rate=0.1|n_units=200|rho=0.7|state_noise=0.01,4,memory_capacity,mc_effective_delay,153.88111801632388
4D_freerun_capacity,leak_rate=0.1|n_units=200|rho=0.7|state_noise=0.01,4,memory_capacity,mc_ratio,1.1381510462950784
4D_freerun_capacity,leak_rate=0.1|n_units=200|rho=0.7|state_noise=0.01,4,memory_capacity,n_delays,400.0
4D_freerun_capacity,leak_rate=0.1|n_units=200|rho=0.7|state_noise=0.01,4,ipc,ipc_total,600.1893453837815
4D_freerun_capacity,leak_rate=0.1|n_units=200|rho=0.7|state_noise=0.01,4,ipc,ipc_total_raw,600.1893453837815
4D_freerun_capacity,leak_rate=0.1|n_units=200|rho=0.7|state_noise=0.01,4,ipc,ipc_linear,59.77039953199088
4D_freerun_capacity,leak_rate=0.1|n_units=200|rho=0.7|state_noise=0.01,4,ipc,ipc_nonlinear,540.4189458517907
4D_freerun_capacity,leak_rate=0.1|n_units=200|rho=0.7|state_noise=0.01,4,ipc,n_targets,601.0
4D_freerun_capacity,leak_rate=0.1|n_units=200|rho=0.7|state_noise=0.01,4,ipc,n_targets_kept,601.0
4D_freerun_capacity,leak_rate=0.1|n_units=200|rho=0.7|state_noise=0.01,4,ipc,saturation_ratio,3.0009467269189076
4D_freerun_capacity,leak_rate=0.1|n_units=200|rho=0.7|state_noise=0.01,4,ipc,ipc_threshold_degree1,0.031583651497419866
4D_freerun_capacity,leak_rate=0.1|n_units=200|rho=0.7|state_noise=0.01,4,ipc,ipc_threshold_degree2,0.47242926987392614
4D_freerun_capacity,leak_rate=0.1|n_units=200|rho=0.7|state_noise=0.01,4,ipc,ipc_threshold_degree3,0.039148961463728045
4D_freerun_capacity,leak_rate=0.1|n_units=200|rho=0.7|state_noise=0.01,4,ipc,ipc_threshold_degree4,0.3126295144020891
4D_freerun_capacity,leak_rate=0.3|n_units=200|rho=0.7|state_noise=0,0,memory_capacity,mc_total,142.93355851476446
4D_freerun_capacity,leak_rate=0.3|n_units=200|rho=0.7|state_noise=0,0,memory_capacity,mc_total_raw,142.93355851476446
4D_freerun_capacity,leak_rate=0.3|n_units=200|rho=0.7|state_noise=0,0,memory_capacity,mc_threshold,0.03310870514511516
4D_freerun_capacity,leak_rate=0.3|n_units=200|rho=0.7|state_noise=0,0,memory_capacity,mc_effective_delay,109.87159639364735
4D_freerun_capacity,leak_rate=0.3|n_units=200|rho=0.7|state_noise=0,0,memory_capacity,mc_ratio,0.7146677925738223
4D_freerun_capacity,leak_rate=0.3|n_units=200|rho=0.7|state_noise=0,0,memory_capacity,n_delays,400.0
4D_freerun_capacity,leak_rate=0.3|n_units=200|rho=0.7|state_noise=0,0,ipc,ipc_total,600.9991361272118
4D_freerun_capacity,leak_rate=0.3|n_units=200|rho=0.7|state_noise=0,0,ipc,ipc_total_raw,600.9991361272118
4D_freerun_capacity,leak_rate=0.3|n_units=200|rho=0.7|state_noise=0,0,ipc,ipc_linear,59.99913768724152
4D_freerun_capacity,leak_rate=0.3|n_units=200|rho=0.7|state_noise=0,0,ipc,ipc_nonlinear,540.9999984399703
4D_freerun_capacity,leak_rate=0.3|n_units=200|rho=0.7|state_noise=0,0,ipc,n_targets,601.0
4D_freerun_capacity,leak_rate=0.3|n_units=200|rho=0.7|state_noise=0,0,ipc,n_targets_kept,601.0
4D_freerun_capacity,leak_rate=0.3|n_units=200|rho=0.7|state_noise=0,0,ipc,saturation_ratio,3.004995680636059
4D_freerun_capacity,leak_rate=0.3|n_units=200|rho=0.7|state_noise=0,0,ipc,ipc_threshold_degree1,0.03136934856276535
4D_freerun_capacity,leak_rate=0.3|n_units=200|rho=0.7|state_noise=0,0,ipc,ipc_threshold_degree2,0.4662975728260452
4D_freerun_capacity,leak_rate=0.3|n_units=200|rho=0.7|state_noise=0,0,ipc,ipc_threshold_degree3,0.05075121730758402
4D_freerun_capacity,leak_rate=0.3|n_units=200|rho=0.7|state_noise=0,0,ipc,ipc_threshold_degree4,0.2826916158467351
4D_freerun_capacity,leak_rate=0.3|n_units=200|rho=0.7|state_noise=0,1,memory_capacity,mc_total,167.519568615708
4D_freerun_capacity,leak_rate=0.3|n_units=200|rho=0.7|state_noise=0,1,memory_capacity,mc_total_raw,167.519568615708
4D_freerun_capacity,leak_rate=0.3|n_units=200|rho=0.7|state_noise=0,1,memory_capacity,mc_threshold,0.03426566056649423
4D_freerun_capacity,leak_rate=0.3|n_units=200|rho=0.7|state_noise=0,1,memory_capacity,mc_effective_delay,131.3443549975614
4D_freerun_capacity,leak_rate=0.3|n_units=200|rho=0.7|state_noise=0,1,memory_capacity,mc_ratio,0.83759784307854
4D_freerun_capacity,leak_rate=0.3|n_units=200|rho=0.7|state_noise=0,1,memory_capacity,n_delays,400.0
4D_freerun_capacity,leak_rate=0.3|n_units=200|rho=0.7|state_noise=0,1,ipc,ipc_total,600.9986228651755
4D_freerun_capacity,leak_rate=0.3|n_units=200|rho=0.7|state_noise=0,1,ipc,ipc_total_raw,600.9986228651755
4D_freerun_capacity,leak_rate=0.3|n_units=200|rho=0.7|state_noise=0,1,ipc,ipc_linear,59.99863574179448
4D_freerun_capacity,leak_rate=0.3|n_units=200|rho=0.7|state_noise=0,1,ipc,ipc_nonlinear,540.9999871233811
4D_freerun_capacity,leak_rate=0.3|n_units=200|rho=0.7|state_noise=0,1,ipc,n_targets,601.0
4D_freerun_capacity,leak_rate=0.3|n_units=200|rho=0.7|state_noise=0,1,ipc,n_targets_kept,601.0
4D_freerun_capacity,leak_rate=0.3|n_units=200|rho=0.7|state_noise=0,1,ipc,saturation_ratio,3.004993114325878
4D_freerun_capacity,leak_rate=0.3|n_units=200|rho=0.7|state_noise=0,1,ipc,ipc_threshold_degree1,0.031874934537809624
4D_freerun_capacity,leak_rate=0.3|n_units=200|rho=0.7|state_noise=0,1,ipc,ipc_threshold_degree2,0.5028146680532727
4D_freerun_capacity,leak_rate=0.3|n_units=200|rho=0.7|state_noise=0,1,ipc,ipc_threshold_degree3,0.03311214034639677
4D_freerun_capacity,leak_rate=0.3|n_units=200|rho=0.7|state_noise=0,1,ipc,ipc_threshold_degree4,0.3112900532076429
4D_freerun_capacity,leak_rate=0.3|n_units=200|rho=0.7|state_noise=0,2,memory_capacity,mc_total,150.88674398252624
4D_freerun_capacity,leak_rate=0.3|n_units=200|rho=0.7|state_noise=0,2,memory_capacity,mc_total_raw,150.88674398252624
4D_freerun_capacity,leak_rate=0.3|n_units=200|rho=0.7|state_noise=0,2,memory_capacity,mc_threshold,0.03282701700567591
4D_freerun_capacity,leak_rate=0.3|n_units=200|rho=0.7|state_noise=0,2,memory_capacity,mc_effective_delay,116.64507479937467
4D_freerun_capacity,leak_rate=0.3|n_units=200|rho=0.7|state_noise=0,2,memory_capacity,mc_ratio,0.7544337199126312
4D_freerun_capacity,leak_rate=0.3|n_units=200|rho=0.7|state_noise=0,2,memory_capacity,n_delays,400.0
4D_freerun_capacity,leak_rate=0.3|n_units=200|rho=0.7|state_noise=0,2,ipc,ipc_total,600.9991701843085
4D_freerun_capacity,leak_rate=0.3|n_units=200|rho=0.7|state_noise=0,2,ipc,ipc_total_raw,600.9991701843085
4D_freerun_capacity,leak_rate=0.3|n_units=200|rho=0.7|state_noise=0,2,ipc,ipc_linear,59.999177575468934
4D_freerun_capacity,leak_rate=0.3|n_units=200|rho=0.7|state_noise=0,2,ipc,ipc_nonlinear,540.9999926088395
4D_freerun_capacity,leak_rate=0.3|n_units=200|rho=0.7|state_noise=0,2,ipc,n_targets,601.0
4D_freerun_capacity,leak_rate=0.3|n_units=200|rho=0.7|state_noise=0,2,ipc,n_targets_kept,601.0
4D_freerun_capacity,leak_rate=0.3|n_units=200|rho=0.7|state_noise=0,2,ipc,saturation_ratio,3.004995850921542
4D_freerun_capacity,leak_rate=0.3|n_units=200|rho=0.7|state_noise=0,2,ipc,ipc_threshold_degree1,0.03150774374208382
4D_freerun_capacity,leak_rate=0.3|n_units=200|rho=0.7|state_noise=0,2,ipc,ipc_threshold_degree2,0.4975298568068105
4D_freerun_capacity,leak_rate=0.3|n_units=200|rho=0.7|state_noise=0,2,ipc,ipc_threshold_degree3,0.04277825744359166
4D_freerun_capacity,leak_rate=0.3|n_units=200|rho=0.7|state_noise=0,2,ipc,ipc_threshold_degree4,0.28715918116273265
4D_freerun_capacity,leak_rate=0.3|n_units=200|rho=0.7|state_noise=0,3,memory_capacity,mc_total,143.83185067772465
4D_freerun_capacity,leak_rate=0.3|n_units=200|rho=0.7|state_noise=0,3,memory_capacity,mc_total_raw,143.83185067772465
4D_freerun_capacity,leak_rate=0.3|n_units=200|rho=0.7|state_noise=0,3,memory_capacity,mc_threshold,0.03366824014196916
4D_freerun_capacity,leak_rate=0.3|n_units=200|rho=0.7|state_noise=0,3,memory_capacity,mc_effective_delay,117.98356216980089
4D_freerun_capacity,leak_rate=0.3|n_units=200|rho=0.7|state_noise=0,3,memory_capacity,mc_ratio,0.7191592533886232
4D_freerun_capacity,leak_rate=0.3|n_units=200|rho=0.7|state_noise=0,3,memory_capacity,n_delays,400.0
4D_freerun_capacity,leak_rate=0.3|n_units=200|rho=0.7|state_noise=0,3,ipc,ipc_total,600.9964729567032
4D_freerun_capacity,leak_rate=0.3|n_units=200|rho=0.7|state_noise=0,3,ipc,ipc_total_raw,600.9964729567032
4D_freerun_capacity,leak_rate=0.3|n_units=200|rho=0.7|state_noise=0,3,ipc,ipc_linear,59.99649082653219
4D_freerun_capacity,leak_rate=0.3|n_units=200|rho=0.7|state_noise=0,3,ipc,ipc_nonlinear,540.999982130171
4D_freerun_capacity,leak_rate=0.3|n_units=200|rho=0.7|state_noise=0,3,ipc,n_targets,601.0
4D_freerun_capacity,leak_rate=0.3|n_units=200|rho=0.7|state_noise=0,3,ipc,n_targets_kept,601.0
4D_freerun_capacity,leak_rate=0.3|n_units=200|rho=0.7|state_noise=0,3,ipc,saturation_ratio,3.004982364783516
4D_freerun_capacity,leak_rate=0.3|n_units=200|rho=0.7|state_noise=0,3,ipc,ipc_threshold_degree1,0.032642344832088575
4D_freerun_capacity,leak_rate=0.3|n_units=200|rho=0.7|state_noise=0,3,ipc,ipc_threshold_degree2,0.5161531970045374
4D_freerun_capacity,leak_rate=0.3|n_units=200|rho=0.7|state_noise=0,3,ipc,ipc_threshold_degree3,0.036058609502388886
4D_freerun_capacity,leak_rate=0.3|n_units=200|rho=0.7|state_noise=0,3,ipc,ipc_threshold_degree4,0.2922499225005515
4D_freerun_capacity,leak_rate=0.3|n_units=200|rho=0.7|state_noise=0,4,memory_capacity,mc_total,165.9916617524618
4D_freerun_capacity,leak_rate=0.3|n_units=200|rho=0.7|state_noise=0,4,memory_capacity,mc_total_raw,165.9916617524618
4D_freerun_capacity,leak_rate=0.3|n_units=200|rho=0.7|state_noise=0,4,memory_capacity,mc_threshold,0.031069809418646288
4D_freerun_capacity,leak_rate=0.3|n_units=200|rho=0.7|state_noise=0,4,memory_capacity,mc_effective_delay,129.8169496081585
4D_freerun_capacity,leak_rate=0.3|n_units=200|rho=0.7|state_noise=0,4,memory_capacity,mc_ratio,0.829958308762309
4D_freerun_capacity,leak_rate=0.3|n_units=200|rho=0.7|state_noise=0,4,memory_capacity,n_delays,400.0
4D_freerun_capacity,leak_rate=0.3|n_units=200|rho=0.7|state_noise=0,4,ipc,ipc_total,600.9993046920722
4D_freerun_capacity,leak_rate=0.3|n_units=200|rho=0.7|state_noise=0,4,ipc,ipc_total_raw,600.9993046920722
4D_freerun_capacity,leak_rate=0.3|n_units=200|rho=0.7|state_noise=0,4,ipc,ipc_linear,59.99930690114372
4D_freerun_capacity,leak_rate=0.3|n_units=200|rho=0.7|state_noise=0,4,ipc,ipc_nonlinear,540.9999977909284
4D_freerun_capacity,leak_rate=0.3|n_units=200|rho=0.7|state_noise=0,4,ipc,n_targets,601.0
4D_freerun_capacity,leak_rate=0.3|n_units=200|rho=0.7|state_noise=0,4,ipc,n_targets_kept,601.0
4D_freerun_capacity,leak_rate=0.3|n_units=200|rho=0.7|state_noise=0,4,ipc,saturation_ratio,3.004996523460361
4D_freerun_capacity,leak_rate=0.3|n_units=200|rho=0.7|state_noise=0,4,ipc,ipc_threshold_degree1,0.03197612050141224
4D_freerun_capacity,leak_rate=0.3|n_units=200|rho=0.7|state_noise=0,4,ipc,ipc_threshold_degree2,0.4717721359846436
4D_freerun_capacity,leak_rate=0.3|n_units=200|rho=0.7|state_noise=0,4,ipc,ipc_threshold_degree3,0.039795067027966424
4D_freerun_capacity,leak_rate=0.3|n_units=200|rho=0.7|state_noise=0,4,ipc,ipc_threshold_degree4,0.3124324212267163
4D_freerun_capacity,leak_rate=0.3|n_units=200|rho=0.7|state_noise=0.0001,0,memory_capacity,mc_total,132.25104685420456
4D_freerun_capacity,leak_rate=0.3|n_units=200|rho=0.7|state_noise=0.0001,0,memory_capacity,mc_total_raw,132.25104685420456
4D_freerun_capacity,leak_rate=0.3|n_units=200|rho=0.7|state_noise=0.0001,0,memory_capacity,mc_threshold,0.03407659078878014
4D_freerun_capacity,leak_rate=0.3|n_units=200|rho=0.7|state_noise=0.0001,0,memory_capacity,mc_effective_delay,114.09292232146339
4D_freerun_capacity,leak_rate=0.3|n_units=200|rho=0.7|state_noise=0.0001,0,memory_capacity,mc_ratio,0.6612552342710228
4D_freerun_capacity,leak_rate=0.3|n_units=200|rho=0.7|state_noise=0.0001,0,memory_capacity,n_delays,400.0
4D_freerun_capacity,leak_rate=0.3|n_units=200|rho=0.7|state_noise=0.0001,0,ipc,ipc_total,600.9502771431376
4D_freerun_capacity,leak_rate=0.3|n_units=200|rho=0.7|state_noise=0.0001,0,ipc,ipc_total_raw,600.9502771431376
4D_freerun_capacity,leak_rate=0.3|n_units=200|rho=0.7|state_noise=0.0001,0,ipc,ipc_linear,59.950749799929135
4D_freerun_capacity,leak_rate=0.3|n_units=200|rho=0.7|state_noise=0.0001,0,ipc,ipc_nonlinear,540.9995273432085
4D_freerun_capacity,leak_rate=0.3|n_units=200|rho=0.7|state_noise=0.0001,0,ipc,n_targets,601.0
4D_freerun_capacity,leak_rate=0.3|n_units=200|rho=0.7|state_noise=0.0001,0,ipc,n_targets_kept,601.0
4D_freerun_capacity,leak_rate=0.3|n_units=200|rho=0.7|state_noise=0.0001,0,ipc,saturation_ratio,3.0047513857156876
4D_freerun_capacity,leak_rate=0.3|n_units=200|rho=0.7|state_noise=0.0001,0,ipc,ipc_threshold_degree1,0.032795254424688385
4D_freerun_capacity,leak_rate=0.3|n_units=200|rho=0.7|state_noise=0.0001,0,ipc,ipc_threshold_degree2,0.4662125057397866
4D_freerun_capacity,leak_rate=0.3|n_units=200|rho=0.7|state_noise=0.0001,0,ipc,ipc_threshold_degree3,0.05159591413918906
4D_freerun_capacity,leak_rate=0.3|n_units=200|rho=0.7|state_noise=0.0001,0,ipc,ipc_threshold_degree4,0.2818960939707384
4D_freerun_capacity,leak_rate=0.3|n_units=200|rho=0.7|state_noise=0.0001,1,memory_capacity,mc_total,151.84898249510047
4D_freerun_capacity,leak_rate=0.3|n_units=200|rho=0.7|state_noise=0.0001,1,memory_capacity,mc_total_raw,151.84898249510047
4D_freerun_capacity,leak_rate=0.3|n_units=200|rho=0.7|state_noise=0.0001,1,memory_capacity,mc_threshold,0.03201893332533097
4D_freerun_capacity,leak_rate=0.3|n_units=200|rho=0.7|state_noise=0.0001,1,memory_capacity,mc_effective_delay,131.509983088263
4D_freerun_capacity,leak_rate=0.3|n_units=200|rho=0.7|state_noise=0.0001,1,memory_capacity,mc_ratio,0.7592449124755024
4D_freerun_capacity,leak_rate=0.3|n_units=200|rho=0.7|state_noise=0.0001,1,memory_capacity,n_delays,400.0
4D_freerun_capacity,leak_rate=0.3|n_units=200|rho=0.7|state_noise=0.0001,1,ipc,ipc_total,600.9782815639533
4D_freerun_capacity,leak_rate=0.3|n_units=200|rho=0.7|state_noise=0.0001,1,ipc,ipc_total_raw,600.9782815639533
4D_freerun_capacity,leak_rate=0.3|n_units=200|rho=0.7|state_noise=0.0001,1,ipc,ipc_linear,59.97916625631413
4D_freerun_capacity,leak_rate=0.3|n_units=200|rho=0.7|state_noise=0.0001,1,ipc,ipc_nonlinear,540.9991153076392
4D_freerun_capacity,leak_rate=0.3|n_units=200|rho=0.7|state_noise=0.0001,1,ipc,n_targets,601.0
4D_freerun_capacity,leak_rate=0.3|n_units=200|rho=0.7|state_noise=0.0001,1,ipc,n_targets_kept,601.0
4D_freerun_capacity,leak_rate=0.3|n_units=200|rho=0.7|state_noise=0.0001,1,ipc,saturation_ratio,3.004891407819766
4D_freerun_capacity,leak_rate=0.3|n_units=200|rho=0.7|state_noise=0.0001,1,ipc,ipc_threshold_degree1,0.032458760816213274
4D_freerun_capacity,leak_rate=0.3|n_units=200|rho=0.7|state_noise=0.0001,1,ipc,ipc_threshold_degree2,0.5029543119080415
4D_freerun_capacity,leak_rate=0.3|n_units=200|rho=0.7|state_noise=0.0001,1,ipc,ipc_threshold_degree3,0.032652075208478716
4D_freerun_capacity,leak_rate=0.3|n_units=200|rho=0.7|state_noise=0.0001,1,ipc,ipc_threshold_degree4,0.3108591308941807
4D_freerun_capacity,leak_rate=0.3|n_units=200|rho=0.7|state_noise=0.0001,2,memory_capacity,mc_total,137.71542274877348
4D_freerun_capacity,leak_rate=0.3|n_units=200|rho=0.7|state_noise=0.0001,2,memory_capacity,mc_total_raw,137.71542274877348
4D_freerun_capacity,leak_rate=0.3|n_units=200|rho=0.7|state_noise=0.0001,2,memory_capacity,mc_threshold,0.0352749513398385
4D_freerun_capacity,leak_rate=0.3|n_units=200|rho=0.7|state_noise=0.0001,2,memory_capacity,mc_effective_delay,120.32973426563446
4D_freerun_capacity,leak_rate=0.3|n_units=200|rho=0.7|state_noise=0.0001,2,memory_capacity,mc_ratio,0.6885771137438674
4D_freerun_capacity,leak_rate=0.3|n_units=200|rho=0.7|state_noise=0.0001,2,memory_capacity,n_delays,400.0
4D_freerun_capacity,leak_rate=0.3|n_units=200|rho=0.7|state_noise=0.0001,2,ipc,ipc_total,600.9729365276969
4D_freerun_capacity,leak_rate=0.3|n_units=200|rho=0.7|state_noise=0.0001,2,ipc,ipc_total_raw,600.9729365276969
4D_freerun_capacity,leak_rate=0.3|n_units=200|rho=0.7|state_noise=0.0001,2,ipc,ipc_linear,59.97356511358563
4D_freerun_capacity,leak_rate=0.3|n_units=200|rho=0.7|state_noise=0.0001,2,ipc,ipc_nonlinear,540.9993714141112
4D_freerun_capacity,leak_rate=0.3|n_units=200|rho=0.7|state_noise=0.0001,2,ipc,n_targets,601.0
4D_freerun_capacity,leak_rate=0.3|n_units=200|rho=0.7|state_noise=0.0001,2,ipc,n_targets_kept,601.0
4D_freerun_capacity,leak_rate=0.3|n_units=200|rho=0.7|state_noise=0.0001,2,ipc,saturation_ratio,3.0048646826384844
4D_freerun_capacity,leak_rate=0.3|n_units=200|rho=0.7|state_noise=0.0001,2,ipc,ipc_threshold_degree1,0.032142008106580265
4D_freerun_capacity,leak_rate=0.3|n_units=200|rho=0.7|state_noise=0.0001,2,ipc,ipc_threshold_degree2,0.49777027211526037
4D_freerun_capacity,leak_rate=0.3|n_units=200|rho=0.7|state_noise=0.0001,2,ipc,ipc_threshold_degree3,0.04180568917749117
4D_freerun_capacity,leak_rate=0.3|n_units=200|rho=0.7|state_noise=0.0001,2,ipc,ipc_threshold_degree4,0.28746471588222433
4D_freerun_capacity,leak_rate=0.3|n_units=200|rho=0.7|state_noise=0.0001,3,memory_capacity,mc_total,136.18612945650608
4D_freerun_capacity,leak_rate=0.3|n_units=200|rho=0.7|state_noise=0.0001,3,memory_capacity,mc_total_raw,136.18612945650608
4D_freerun_capacity,leak_rate=0.3|n_units=200|rho=0.7|state_noise=0.0001,3,memory_capacity,mc_threshold,0.032662568611709845
4D_freerun_capacity,leak_rate=0.3|n_units=200|rho=0.7|state_noise=0.0001,3,memory_capacity,mc_effective_delay,121.57947056442558
4D_freerun_capacity,leak_rate=0.3|n_units=200|rho=0.7|state_noise=0.0001,3,memory_capacity,mc_ratio,0.6809306472825304
4D_freerun_capacity,leak_rate=0.3|n_units=200|rho=0.7|state_noise=0.0001,3,memory_capacity,n_delays,400.0
4D_freerun_capacity,leak_rate=0.3|n_units=200|rho=0.7|state_noise=0.0001,3,ipc,ipc_total,600.9094885648765
4D_freerun_capacity,leak_rate=0.3|n_units=200|rho=0.7|state_noise=0.0001,3,ipc,ipc_total_raw,600.9094885648765
4D_freerun_capacity,leak_rate=0.3|n_units=200|rho=0.7|state_noise=0.0001,3,ipc,ipc_linear,59.91016743401583
4D_freerun_capacity,leak_rate=0.3|n_units=200|rho=0.7|state_noise=0.0001,3,ipc,ipc_nonlinear,540.9993211308606
4D_freerun_capacity,leak_rate=0.3|n_units=200|rho=0.7|state_noise=0.0001,3,ipc,n_targets,601.0
4D_freerun_capacity,leak_rate=0.3|n_units=200|rho=0.7|state_noise=0.0001,3,ipc,n_targets_kept,601.0
4D_freerun_capacity,leak_rate=0.3|n_units=200|rho=0.7|state_noise=0.0001,3,ipc,saturation_ratio,3.0045474428243826
4D_freerun_capacity,leak_rate=0.3|n_units=200|rho=0.7|state_noise=0.0001,3,ipc,ipc_threshold_degree1,0.032152769768320766
4D_freerun_capacity,leak_rate=0.3|n_units=200|rho=0.7|state_noise=0.0001,3,ipc,ipc_threshold_degree2,0.5161990534114169
4D_freerun_capacity,leak_rate=0.3|n_units=200|rho=0.7|state_noise=0.0001,3,ipc,ipc_threshold_degree3,0.03474534351323835
4D_freerun_capacity,leak_rate=0.3|n_units=200|rho=0.7|state_noise=0.0001,3,ipc,ipc_threshold_degree4,0.2916868887676646
4D_freerun_capacity,leak_rate=0.3|n_units=200|rho=0.7|state_noise=0.0001,4,memory_capacity,mc_total,147.42688963570814
4D_freerun_capacity,leak_rate=0.3|n_units=200|rho=0.7|state_noise=0.0001,4,memory_capacity,mc_total_raw,147.42688963570814
4D_freerun_capacity,leak_rate=0.3|n_units=200|rho=0.7|state_noise=0.0001,4,memory_capacity,mc_threshold,0.03201402253740146
4D_freerun_capacity,leak_rate=0.3|n_units=200|rho=0.7|state_noise=0.0001,4,memory_capacity,mc_effective_delay,129.54886797106556
4D_freerun_capacity,leak_rate=0.3|n_units=200|rho=0.7|state_noise=0.0001,4,memory_capacity,mc_ratio,0.7371344481785407
4D_freerun_capacity,leak_rate=0.3|n_units=200|rho=0.7|state_noise=0.0001,4,memory_capacity,n_delays,400.0
4D_freerun_capacity,leak_rate=0.3|n_units=200|rho=0.7|state_noise=0.0001,4,ipc,ipc_total,600.9616948963395
4D_freerun_capacity,leak_rate=0.3|n_units=200|rho=0.7|state_noise=0.0001,4,ipc,ipc_total_raw,600.9616948963395
4D_freerun_capacity,leak_rate=0.3|n_units=200|rho=0.7|state_noise=0.0001,4,ipc,ipc_linear,59.96213692919528
4D_freerun_capacity,leak_rate=0.3|n_units=200|rho=0.7|state_noise=0.0001,4,ipc,ipc_nonlinear,540.9995579671443
4D_freerun_capacity,leak_rate=0.3|n_units=200|rho=0.7|state_noise=0.0001,4,ipc,n_targets,601.0
4D_freerun_capacity,leak_rate=0.3|n_units=200|rho=0.7|state_noise=0.0001,4,ipc,n_targets_kept,601.0
4D_freerun_capacity,leak_rate=0.3|n_units=200|rho=0.7|state_noise=0.0001,4,ipc,saturation_ratio,3.0048084744816976
4D_freerun_capacity,leak_rate=0.3|n_units=200|rho=0.7|state_noise=0.0001,4,ipc,ipc_threshold_degree1,0.03132784062330351
4D_freerun_capacity,leak_rate=0.3|n_units=200|rho=0.7|state_noise=0.0001,4,ipc,ipc_threshold_degree2,0.4715486625539504
4D_freerun_capacity,leak_rate=0.3|n_units=200|rho=0.7|state_noise=0.0001,4,ipc,ipc_threshold_degree3,0.038093724599452934
4D_freerun_capacity,leak_rate=0.3|n_units=200|rho=0.7|state_noise=0.0001,4,ipc,ipc_threshold_degree4,0.3122556866079291
4D_freerun_capacity,leak_rate=0.3|n_units=200|rho=0.7|state_noise=0.001,0,memory_capacity,mc_total,120.64425426787346
4D_freerun_capacity,leak_rate=0.3|n_units=200|rho=0.7|state_noise=0.001,0,memory_capacity,mc_total_raw,120.64425426787346
4D_freerun_capacity,leak_rate=0.3|n_units=200|rho=0.7|state_noise=0.001,0,memory_capacity,mc_threshold,0.034728361267441166
4D_freerun_capacity,leak_rate=0.3|n_units=200|rho=0.7|state_noise=0.001,0,memory_capacity,mc_effective_delay,118.46853751870673
4D_freerun_capacity,leak_rate=0.3|n_units=200|rho=0.7|state_noise=0.001,0,memory_capacity,mc_ratio,0.6032212713393673
4D_freerun_capacity,leak_rate=0.3|n_units=200|rho=0.7|state_noise=0.001,0,memory_capacity,n_delays,400.0
4D_freerun_capacity,leak_rate=0.3|n_units=200|rho=0.7|state_noise=0.001,0,ipc,ipc_total,600.1397392305532
4D_freerun_capacity,leak_rate=0.3|n_units=200|rho=0.7|state_noise=0.001,0,ipc,ipc_total_raw,600.1397392305532
4D_freerun_capacity,leak_rate=0.3|n_units=200|rho=0.7|state_noise=0.001,0,ipc,ipc_linear,59.15565648498956
4D_freerun_capacity,leak_rate=0.3|n_units=200|rho=0.7|state_noise=0.001,0,ipc,ipc_nonlinear,540.9840827455637
4D_freerun_capacity,leak_rate=0.3|n_units=200|rho=0.7|state_noise=0.001,0,ipc,n_targets,601.0
4D_freerun_capacity,leak_rate=0.3|n_units=200|rho=0.7|state_noise=0.001,0,ipc,n_targets_kept,601.0
4D_freerun_capacity,leak_rate=0.3|n_units=200|rho=0.7|state_noise=0.001,0,ipc,saturation_ratio,3.000698696152766
4D_freerun_capacity,leak_rate=0.3|n_units=200|rho=0.7|state_noise=0.001,0,ipc,ipc_threshold_degree1,0.03320679005756656
4D_freerun_capacity,leak_rate=0.3|n_units=200|rho=0.7|state_noise=0.001,0,ipc,ipc_threshold_degree2,0.46622692269880966
4D_freerun_capacity,leak_rate=0.3|n_units=200|rho=0.7|state_noise=0.001,0,ipc,ipc_threshold_degree3,0.05149469100009618
4D_freerun_capacity,leak_rate=0.3|n_units=200|rho=0.7|state_noise=0.001,0,ipc,ipc_threshold_degree4,0.2825230303578541
4D_freerun_capacity,leak_rate=0.3|n_units=200|rho=0.7|state_noise=0.001,1,memory_capacity,mc_total,137.44461293477508
4D_freerun_capacity,leak_rate=0.3|n_units=200|rho=0.7|state_noise=0.001,1,memory_capacity,mc_total_raw,137.44461293477508
4D_freerun_capacity,leak_rate=0.3|n_units=200|rho=0.7|state_noise=0.001,1,memory_capacity,mc_threshold,0.03317988900194998
4D_freerun_capacity,leak_rate=0.3|n_units=200|rho=0.7|state_noise=0.001,1,memory_capacity,mc_effective_delay,130.58861434885245
4D_freerun_capacity,leak_rate=0.3|n_units=200|rho=0.7|state_noise=0.001,1,memory_capacity,mc_ratio,0.6872230646738754
4D_freerun_capacity,leak_rate=0.3|n_units=200|rho=0.7|state_noise=0.001,1,memory_capacity,n_delays,400.0
4D_freerun_capacity,leak_rate=0.3|n_units=200|rho=0.7|state_noise=0.001,1,ipc,ipc_total,600.564987886821
4D_freerun_capacity,leak_rate=0.3|n_units=200|rho=0.7|state_noise=0.001,1,ipc,ipc_total_raw,600.564987886821
4D_freerun_capacity,leak_rate=0.3|n_units=200|rho=0.7|state_noise=0.001,1,ipc,ipc_linear,59.59020362586682
4D_freerun_capacity,leak_rate=0.3|n_units=200|rho=0.7|state_noise=0.001,1,ipc,ipc_nonlinear,540.9747842609542
4D_freerun_capacity,leak_rate=0.3|n_units=200|rho=0.7|state_noise=0.001,1,ipc,n_targets,601.0
4D_freerun_capacity,leak_rate=0.3|n_units=200|rho=0.7|state_noise=0.001,1,ipc,n_targets_kept,601.0
4D_freerun_capacity,leak_rate=0.3|n_units=200|rho=0.7|state_noise=0.001,1,ipc,saturation_ratio,3.0028249394341047
4D_freerun_capacity,leak_rate=0.3|n_units=200|rho=0.7|state_noise=0.001,1,ipc,ipc_threshold_degree1,0.03308081151841815
4D_freerun_capacity,leak_rate=0.3|n_units=200|rho=0.7|state_noise=0.001,1,ipc,ipc_threshold_degree2,0.5028391122564173
4D_freerun_capacity,leak_rate=0.3|n_units=200|rho=0.7|state_noise=0.001,1,ipc,ipc_threshold_degree3,0.032707432571341566
4D_freerun_capacity,leak_rate=0.3|n_units=200|rho=0.7|state_noise=0.001,1,ipc,ipc_threshold_degree4,0.3111040015024923
4D_freerun_capacity,leak_rate=0.3|n_units=200|rho=0.7|state_noise=0.001,2,memory_capacity,mc_total,128.58555134222104
4D_freerun_capacity,leak_rate=0.3|n_units=200|rho=0.7|state_noise=0.001,2,memory_capacity,mc_total_raw,128.58555134222104
4D_freerun_capacity,leak_rate=0.3|n_units=200|rho=0.7|state_noise=0.001,2,memory_capacity,mc_threshold,0.03269272133602535
4D_freerun_capacity,leak_rate=0.3|n_units=200|rho=0.7|state_noise=0.001,2,memory_capacity,mc_effective_delay,120.66828659017976
4D_freerun_capacity,leak_rate=0.3|n_units=200|rho=0.7|state_noise=0.001,2,memory_capacity,mc_ratio,0.6429277567111051
4D_freerun_capacity,leak_rate=0.3|n_units=200|rho=0.7|state_noise=0.001,2,memory_capacity,n_delays,400.0
4D_freerun_capacity,leak_rate=0.3|n_units=200|rho=0.7|state_noise=0.001,2,ipc,ipc_total,600.5310931604679
4D_freerun_capacity,leak_rate=0.3|n_units=200|rho=0.7|state_noise=0.001,2,ipc,ipc_total_raw,600.5310931604679
4D_freerun_capacity,leak_rate=0.3|n_units=200|rho=0.7|state_noise=0.001,2,ipc,ipc_linear,59.55047319748741
4D_freerun_capacity,leak_rate=0.3|n_units=200|rho=0.7|state_noise=0.001,2,ipc,ipc_nonlinear,540.9806199629804
4D_freerun_capacity,leak_rate=0.3|n_units=200|rho=0.7|state_noise=0.001,2,ipc,n_targets,601.0
4D_freerun_capacity,leak_rate=0.3|n_units=200|rho=0.7|state_noise=0.001,2,ipc,n_targets_kept,601.0
4D_freerun_capacity,leak_rate=0.3|n_units=200|rho=0.7|state_noise=0.001,2,ipc,saturation_ratio,3.0026554658023397
4D_freerun_capacity,leak_rate=0.3|n_units=200|rho=0.7|state_noise=0.001,2,ipc,ipc_threshold_degree1,0.032009712137796034
4D_freerun_capacity,leak_rate=0.3|n_units=200|rho=0.7|state_noise=0.001,2,ipc,ipc_threshold_degree2,0.49823428962752847
4D_freerun_capacity,leak_rate=0.3|n_units=200|rho=0.7|state_noise=0.001,2,ipc,ipc_threshold_degree3,0.04160219402589675
4D_freerun_capacity,leak_rate=0.3|n_units=200|rho=0.7|state_noise=0.001,2,ipc,ipc_threshold_degree4,0.2861426447254526
4D_freerun_capacity,leak_rate=0.3|n_units=200|rho=0.7|state_noise=0.001,3,memory_capacity,mc_total,127.84721905439584
4D_freerun_capacity,leak_rate=0.3|n_units=200|rho=0.7|state_noise=0.001,3,memory_capacity,mc_total_raw,127.84721905439584
4D_freerun_capacity,leak_rate=0.3|n_units=200|rho=0.7|state_noise=0.001,3,memory_capacity,mc_threshold,0.032715968418336
4D_freerun_capacity,leak_rate=0.3|n_units=200|rho=0.7|state_noise=0.001,3,memory_capacity,mc_effective_delay,124.0405862882123
4D_freerun_capacity,leak_rate=0.3|n_units=200|rho=0.7|state_noise=0.001,3,memory_capacity,mc_ratio,0.6392360952719792
4D_freerun_capacity,leak_rate=0.3|n_units=200|rho=0.7|state_noise=0.001,3,memory_capacity,n_delays,400.0
4D_freerun_capacity,leak_rate=0.3|n_units=200|rho=0.7|state_noise=0.001,3,ipc,ipc_total,600.1153996485147
4D_freerun_capacity,leak_rate=0.3|n_units=200|rho=0.7|state_noise=0.001,3,ipc,ipc_total_raw,600.1153996485147
4D_freerun_capacity,leak_rate=0.3|n_units=200|rho=0.7|state_noise=0.001,3,ipc,ipc_linear,59.13708722292518
4D_freerun_capacity,leak_rate=0.3|n_units=200|rho=0.7|state_noise=0.001,3,ipc,ipc_nonlinear,540.9783124255895
4D_freerun_capacity,leak_rate=0.3|n_units=200|rho=0.7|state_noise=0.001,3,ipc,n_targets,601.0
4D_freerun_capacity,leak_rate=0.3|n_units=200|rho=0.7|state_noise=0.001,3,ipc,n_targets_kept,601.0
4D_freerun_capacity,leak_rate=0.3|n_units=200|rho=0.7|state_noise=0.001,3,ipc,saturation_ratio,3.000576998242573
4D_freerun_capacity,leak_rate=0.3|n_units=200|rho=0.7|state_noise=0.001,3,ipc,ipc_threshold_degree1,0.03227245944481595
4D_freerun_capacity,leak_rate=0.3|n_units=200|rho=0.7|state_noise=0.001,3,ipc,ipc_threshold_degree2,0.516655104110259
4D_freerun_capacity,leak_rate=0.3|n_units=200|rho=0.7|state_noise=0.001,3,ipc,ipc_threshold_degree3,0.034988693406342294
4D_freerun_capacity,leak_rate=0.3|n_units=200|rho=0.7|state_noise=0.001,3,ipc,ipc_threshold_degree4,0.29073353299715454
4D_freerun_capacity,leak_rate=0.3|n_units=200|rho=0.7|state_noise=0.001,4,memory_capacity,mc_total,134.67406292621962
4D_freerun_capacity,leak_rate=0.3|n_units=200|rho=0.7|state_noise=0.001,4,memory_capacity,mc_total_raw,134.67406292621962
4D_freerun_capacity,leak_rate=0.3|n_units=200|rho=0.7|state_noise=0.001,4,memory_capacity,mc_threshold,0.03296631061067374
4D_freerun_capacity,leak_rate=0.3|n_units=200|rho=0.7|state_noise=0.001,4,memory_capacity,mc_effective_delay,129.92451708889124
4D_freerun_capacity,leak_rate=0.3|n_units=200|rho=0.7|state_noise=0.001,4,memory_capacity,mc_ratio,0.6733703146310981
4D_freerun_capacity,leak_rate=0.3|n_units=200|rho=0.7|state_noise=0.001,4,memory_capacity,n_delays,400.0
4D_freerun_capacity,leak_rate=0.3|n_units=200|rho=0.7|state_noise=0.001,4,ipc,ipc_total,600.5054302218329
4D_freerun_capacity,leak_rate=0.3|n_units=200|rho=0.7|state_noise=0.001,4,ipc,ipc_total_raw,600.5054302218329
4D_freerun_capacity,leak_rate=0.3|n_units=200|rho=0.7|state_noise=0.001,4,ipc,ipc_linear,59.52124187164941
4D_freerun_capacity,leak_rate=0.3|n_units=200|rho=0.7|state_noise=0.001,4,ipc,ipc_nonlinear,540.9841883501834
4D_freerun_capacity,leak_rate=0.3|n_units=200|rho=0.7|state_noise=0.001,4,ipc,n_targets,601.0
4D_freerun_capacity,leak_rate=0.3|n_units=200|rho=0.7|state_noise=0.001,4,ipc,n_targets_kept,601.0
4D_freerun_capacity,leak_rate=0.3|n_units=200|rho=0.7|state_noise=0.001,4,ipc,saturation_ratio,3.0025271511091645
4D_freerun_capacity,leak_rate=0.3|n_units=200|rho=0.7|state_noise=0.001,4,ipc,ipc_threshold_degree1,0.031298135050768894
4D_freerun_capacity,leak_rate=0.3|n_units=200|rho=0.7|state_noise=0.001,4,ipc,ipc_threshold_degree2,0.47172790159413286
4D_freerun_capacity,leak_rate=0.3|n_units=200|rho=0.7|state_noise=0.001,4,ipc,ipc_threshold_degree3,0.03848937695124723
4D_freerun_capacity,leak_rate=0.3|n_units=200|rho=0.7|state_noise=0.001,4,ipc,ipc_threshold_degree4,0.3120486570671168
4D_freerun_capacity,leak_rate=0.3|n_units=200|rho=0.7|state_noise=0.01,0,memory_capacity,mc_total,110.11764202655027
4D_freerun_capacity,leak_rate=0.3|n_units=200|rho=0.7|state_noise=0.01,0,memory_capacity,mc_total_raw,110.11764202655027
4D_freerun_capacity,leak_rate=0.3|n_units=200|rho=0.7|state_noise=0.01,0,memory_capacity,mc_threshold,0.03561122403513809
4D_freerun_capacity,leak_rate=0.3|n_units=200|rho=0.7|state_noise=0.01,0,memory_capacity,mc_effective_delay,124.11882825087172
4D_freerun_capacity,leak_rate=0.3|n_units=200|rho=0.7|state_noise=0.01,0,memory_capacity,mc_ratio,0.5505882101327514
4D_freerun_capacity,leak_rate=0.3|n_units=200|rho=0.7|state_noise=0.01,0,memory_capacity,n_delays,400.0
4D_freerun_capacity,leak_rate=0.3|n_units=200|rho=0.7|state_noise=0.01,0,ipc,ipc_total,595.9572351845317
4D_freerun_capacity,leak_rate=0.3|n_units=200|rho=0.7|state_noise=0.01,0,ipc,ipc_total_raw,595.9572351845317
4D_freerun_capacity,leak_rate=0.3|n_units=200|rho=0.7|state_noise=0.01,0,ipc,ipc_linear,55.427245082866726
4D_freerun_capacity,leak_rate=0.3|n_units=200|rho=0.7|state_noise=0.01,0,ipc,ipc_nonlinear,540.5299901016649
4D_freerun_capacity,leak_rate=0.3|n_units=200|rho=0.7|state_noise=0.01,0,ipc,n_targets,601.0
4D_freerun_capacity,leak_rate=0.3|n_units=200|rho=0.7|state_noise=0.01,0,ipc,n_targets_kept,601.0
4D_freerun_capacity,leak_rate=0.3|n_units=200|rho=0.7|state_noise=0.01,0,ipc,saturation_ratio,2.9797861759226585
4D_freerun_capacity,leak_rate=0.3|n_units=200|rho=0.7|state_noise=0.01,0,ipc,ipc_threshold_degree1,0.03277055436700433
4D_freerun_capacity,leak_rate=0.3|n_units=200|rho=0.7|state_noise=0.01,0,ipc,ipc_threshold_degree2,0.46626072124932555
4D_freerun_capacity,leak_rate=0.3|n_units=200|rho=0.7|state_noise=0.01,0,ipc,ipc_threshold_degree3,0.05206622519759411
4D_freerun_capacity,leak_rate=0.3|n_units=200|rho=0.7|state_noise=0.01,0,ipc,ipc_threshold_degree4,0.28249974947813666
4D_freerun_capacity,leak_rate=0.3|n_units=200|rho=0.7|state_noise=0.01,1,memory_capacity,mc_total,121.49092329864155
4D_freerun_capacity,leak_rate=0.3|n_units=200|rho=0.7|state_noise=0.01,1,memory_capacity,mc_total_raw,121.49092329864155
4D_freerun_capacity,leak_rate=0.3|n_units=200|rho=0.7|state_noise=0.01,1,memory_capacity,mc_threshold,0.033522366843143706
4D_freerun_capacity,leak_rate=0.3|n_units=200|rho=0.7|state_noise=0.01,1,memory_capacity,mc_effective_delay,128.62385738477286
4D_freerun_capacity,leak_rate=0.3|n_units=200|rho=0.7|state_noise=0.01,1,memory_capacity,mc_ratio,0.6074546164932078
4D_freerun_capacity,leak_rate=0.3|n_units=200|rho=0.7|state_noise=0.01,1,memory_capacity,n_delays,400.0
4D_freerun_capacity,leak_rate=0.3|n_units=200|rho=0.7|state_noise=0.01,1,ipc,ipc_total,597.3617617038353
4D_freerun_capacity,leak_rate=0.3|n_units=200|rho=0.7|state_noise=0.01,1,ipc,ipc_total_raw,597.3617617038353
4D_freerun_capacity,leak_rate=0.3|n_units=200|rho=0.7|state_noise=0.01,1,ipc,ipc_linear,57.08947285210575
4D_freerun_capacity,leak_rate=0.3|n_units=200|rho=0.7|state_noise=0.01,1,ipc,ipc_nonlinear,540.2722888517296
4D_freerun_capacity,leak_rate=0.3|n_units=200|rho=0.7|state_noise=0.01,1,ipc,n_targets,601.0
4D_freerun_capacity,leak_rate=0.3|n_units=200|rho=0.7|state_noise=0.01,1,ipc,n_targets_kept,601.0
4D_freerun_capacity,leak_rate=0.3|n_units=200|rho=0.7|state_noise=0.01,1,ipc,saturation_ratio,2.986808808519177
4D_freerun_capacity,leak_rate=0.3|n_units=200|rho=0.7|state_noise=0.01,1,ipc,ipc_threshold_degree1,0.03312393998908513
4D_freerun_capacity,leak_rate=0.3|n_units=200|rho=0.7|state_noise=0.01,1,ipc,ipc_threshold_degree2,0.5031271944065099
4D_freerun_capacity,leak_rate=0.3|n_units=200|rho=0.7|state_noise=0.01,1,ipc,ipc_threshold_degree3,0.03283205583239536
4D_freerun_capacity,leak_rate=0.3|n_units=200|rho=0.7|state_noise=0.01,1,ipc,ipc_threshold_degree4,0.3115457521308804
4D_freerun_capacity,leak_rate=0.3|n_units=200|rho=0.7|state_noise=0.01,2,memory_capacity,mc_total,116.86702571149003
4D_freerun_capacity,leak_rate=0.3|n_units=200|rho=0.7|state_noise=0.01,2,memory_capacity,mc_total_raw,116.86702571149003
4D_freerun_capacity,leak_rate=0.3|n_units=200|rho=0.7|state_noise=0.01,2,memory_capacity,mc_threshold,0.032262029906373134
4D_freerun_capacity,leak_rate=0.3|n_units=200|rho=0.7|state_noise=0.01,2,memory_capacity,mc_effective_delay,121.4539159344467
4D_freerun_capacity,leak_rate=0.3|n_units=200|rho=0.7|state_noise=0.01,2,memory_capacity,mc_ratio,0.5843351285574502
4D_freerun_capacity,leak_rate=0.3|n_units=200|rho=0.7|state_noise=0.01,2,memory_capacity,n_delays,400.0
4D_freerun_capacity,leak_rate=0.3|n_units=200|rho=0.7|state_noise=0.01,2,ipc,ipc_total,597.1086926833594
4D_freerun_capacity,leak_rate=0.3|n_units=200|rho=0.7|state_noise=0.01,2,ipc,ipc_total_raw,597.1086926833594
4D_freerun_capacity,leak_rate=0.3|n_units=200|rho=0.7|state_noise=0.01,2,ipc,ipc_linear,56.71656040153631
4D_freerun_capacity,leak_rate=0.3|n_units=200|rho=0.7|state_noise=0.01,2,ipc,ipc_nonlinear,540.3921322818231
4D_freerun_capacity,leak_rate=0.3|n_units=200|rho=0.7|state_noise=0.01,2,ipc,n_targets,601.0
4D_freerun_capacity,leak_rate=0.3|n_units=200|rho=0.7|state_noise=0.01,2,ipc,n_targets_kept,601.0
4D_freerun_capacity,leak_rate=0.3|n_units=200|rho=0.7|state_noise=0.01,2,ipc,saturation_ratio,2.985543463416797
4D_freerun_capacity,leak_rate=0.3|n_units=200|rho=0.7|state_noise=0.01,2,ipc,ipc_threshold_degree1,0.03225727297401892
4D_freerun_capacity,leak_rate=0.3|n_units=200|rho=0.7|state_noise=0.01,2,ipc,ipc_threshold_degree2,0.49759242251335806
4D_freerun_capacity,leak_rate=0.3|n_units=200|rho=0.7|state_noise=0.01,2,ipc,ipc_threshold_degree3,0.04232388160064046
4D_freerun_capacity,leak_rate=0.3|n_units=200|rho=0.7|state_noise=0.01,2,ipc,ipc_threshold_degree4,0.2870468140341788
4D_freerun_capacity,leak_rate=0.3|n_units=200|rho=0.7|state_noise=0.01,3,memory_capacity,mc_total,114.44851218877008
4D_freerun_capacity,leak_rate=0.3|n_units=200|rho=0.7|state_noise=0.01,3,memory_capacity,mc_total_raw,114.44851218877008
4D_freerun_capacity,leak_rate=0.3|n_units=200|rho=0.7|state_noise=0.01,3,memory_capacity,mc_threshold,0.0325663614525449
4D_freerun_capacity,leak_rate=0.3|n_units=200|rho=0.7|state_noise=0.01,3,memory_capacity,mc_effective_delay,124.17017120651089
4D_freerun_capacity,leak_rate=0.3|n_units=200|rho=0.7|state_noise=0.01,3,memory_capacity,mc_ratio,0.5722425609438504
4D_freerun_capacity,leak_rate=0.3|n_units=200|rho=0.7|state_noise=0.01,3,memory_capacity,n_delays,400.0
4D_freerun_capacity,leak_rate=0.3|n_units=200|rho=0.7|state_noise=0.01,3,ipc,ipc_total,595.7243524953742
4D_freerun_capacity,leak_rate=0.3|n_units=200|rho=0.7|state_noise=0.01,3,ipc,ipc_total_raw,595.7243524953742
4D_freerun_capacity,leak_rate=0.3|n_units=200|rho=0.7|state_noise=0.01,3,ipc,ipc_linear,55.37126904532626
4D_freerun_capacity,leak_rate=0.3|n_units=200|rho=0.7|state_noise=0.01,3,ipc,ipc_nonlinear,540.353083450048
4D_freerun_capacity,leak_rate=0.3|n_units=200|rho=0.7|state_noise=0.01,3,ipc,n_targets,601.0
4D_freerun_capacity,leak_rate=0.3|n_units=200|rho=0.7|state_noise=0.01,3,ipc,n_targets_kept,601.0
4D_freerun_capacity,leak_rate=0.3|n_units=200|rho=0.7|state_noise=0.01,3,ipc,saturation_ratio,2.978621762476871
4D_freerun_capacity,leak_rate=0.3|n_units=200|rho=0.7|state_noise=0.01,3,ipc,ipc_threshold_degree1,0.031662901737081924
4D_freerun_capacity,leak_rate=0.3|n_units=200|rho=0.7|state_noise=0.01,3,ipc,ipc_threshold_degree2,0.5160597517971057
4D_freerun_capacity,leak_rate=0.3|n_units=200|rho=0.7|state_noise=0.01,3,ipc,ipc_threshold_degree3,0.03506385856502528
4D_freerun_capacity,leak_rate=0.3|n_units=200|rho=0.7|state_noise=0.01,3,ipc,ipc_threshold_degree4,0.29073806409252567
4D_freerun_capacity,leak_rate=0.3|n_units=200|rho=0.7|state_noise=0.01,4,memory_capacity,mc_total,119.5434244416625
4D_freerun_capacity,leak_rate=0.3|n_units=200|rho=0.7|state_noise=0.01,4,memory_capacity,mc_total_raw,119.5434244416625
4D_freerun_capacity,leak_rate=0.3|n_units=200|rho=0.7|state_noise=0.01,4,memory_capacity,mc_threshold,0.034995306863679194
4D_freerun_capacity,leak_rate=0.3|n_units=200|rho=0.7|state_noise=0.01,4,memory_capacity,mc_effective_delay,127.95642324254995
4D_freerun_capacity,leak_rate=0.3|n_units=200|rho=0.7|state_noise=0.01,4,memory_capacity,mc_ratio,0.5977171222083125
4D_freerun_capacity,leak_rate=0.3|n_units=200|rho=0.7|state_noise=0.01,4,memory_capacity,n_delays,400.0
4D_freerun_capacity,leak_rate=0.3|n_units=200|rho=0.7|state_noise=0.01,4,ipc,ipc_total,597.4682174480286
4D_freerun_capacity,leak_rate=0.3|n_units=200|rho=0.7|state_noise=0.01,4,ipc,ipc_total_raw,597.4682174480286
4D_freerun_capacity,leak_rate=0.3|n_units=200|rho=0.7|state_noise=0.01,4,ipc,ipc_linear,56.97314566816833
4D_freerun_capacity,leak_rate=0.3|n_units=200|rho=0.7|state_noise=0.01,4,ipc,ipc_nonlinear,540.4950717798603
4D_freerun_capacity,leak_rate=0.3|n_units=200|rho=0.7|state_noise=0.01,4,ipc,n_targets,601.0
4D_freerun_capacity,leak_rate=0.3|n_units=200|rho=0.7|state_noise=0.01,4,ipc,n_targets_kept,601.0
4D_freerun_capacity,leak_rate=0.3|n_units=200|rho=0.7|state_noise=0.01,4,ipc,saturation_ratio,2.987341087240143
4D_freerun_capacity,leak_rate=0.3|n_units=200|rho=0.7|state_noise=0.01,4,ipc,ipc_threshold_degree1,0.03115986816442593
4D_freerun_capacity,leak_rate=0.3|n_units=200|rho=0.7|state_noise=0.01,4,ipc,ipc_threshold_degree2,0.4719712277343735
4D_freerun_capacity,leak_rate=0.3|n_units=200|rho=0.7|state_noise=0.01,4,ipc,ipc_threshold_degree3,0.03862403430437731
4D_freerun_capacity,leak_rate=0.3|n_units=200|rho=0.7|state_noise=0.01,4,ipc,ipc_threshold_degree4,0.3125123083256423
4D_freerun_capacity,leak_rate=0.6|n_units=200|rho=0.7|state_noise=0,0,memory_capacity,mc_total,117.36566339063125
4D_freerun_capacity,leak_rate=0.6|n_units=200|rho=0.7|state_noise=0,0,memory_capacity,mc_total_raw,117.36566339063125
4D_freerun_capacity,leak_rate=0.6|n_units=200|rho=0.7|state_noise=0,0,memory_capacity,mc_threshold,0.032127512212499654
4D_freerun_capacity,leak_rate=0.6|n_units=200|rho=0.7|state_noise=0,0,memory_capacity,mc_effective_delay,103.56422495032346
4D_freerun_capacity,leak_rate=0.6|n_units=200|rho=0.7|state_noise=0,0,memory_capacity,mc_ratio,0.5868283169531563
4D_freerun_capacity,leak_rate=0.6|n_units=200|rho=0.7|state_noise=0,0,memory_capacity,n_delays,400.0
4D_freerun_capacity,leak_rate=0.6|n_units=200|rho=0.7|state_noise=0,0,ipc,ipc_total,600.7750191870045
4D_freerun_capacity,leak_rate=0.6|n_units=200|rho=0.7|state_noise=0,0,ipc,ipc_total_raw,600.7750191870045
4D_freerun_capacity,leak_rate=0.6|n_units=200|rho=0.7|state_noise=0,0,ipc,ipc_linear,59.77502651410579
4D_freerun_capacity,leak_rate=0.6|n_units=200|rho=0.7|state_noise=0,0,ipc,ipc_nonlinear,540.9999926728988
4D_freerun_capacity,leak_rate=0.6|n_units=200|rho=0.7|state_noise=0,0,ipc,n_targets,601.0
4D_freerun_capacity,leak_rate=0.6|n_units=200|rho=0.7|state_noise=0,0,ipc,n_targets_kept,601.0
4D_freerun_capacity,leak_rate=0.6|n_units=200|rho=0.7|state_noise=0,0,ipc,saturation_ratio,3.003875095935023
4D_freerun_capacity,leak_rate=0.6|n_units=200|rho=0.7|state_noise=0,0,ipc,ipc_threshold_degree1,0.031266408431419826
4D_freerun_capacity,leak_rate=0.6|n_units=200|rho=0.7|state_noise=0,0,ipc,ipc_threshold_degree2,0.46619946417801295
4D_freerun_capacity,leak_rate=0.6|n_units=200|rho=0.7|state_noise=0,0,ipc,ipc_threshold_degree3,0.05028551926431498
4D_freerun_capacity,leak_rate=0.6|n_units=200|rho=0.7|state_noise=0,0,ipc,ipc_threshold_degree4,0.2836194260035566
4D_freerun_capacity,leak_rate=0.6|n_units=200|rho=0.7|state_noise=0,1,memory_capacity,mc_total,131.8929674683403
4D_freerun_capacity,leak_rate=0.6|n_units=200|rho=0.7|state_noise=0,1,memory_capacity,mc_total_raw,131.8929674683403
4D_freerun_capacity,leak_rate=0.6|n_units=200|rho=0.7|state_noise=0,1,memory_capacity,mc_threshold,0.0335396721654884
4D_freerun_capacity,leak_rate=0.6|n_units=200|rho=0.7|state_noise=0,1,memory_capacity,mc_effective_delay,125.50270146062508
4D_freerun_capacity,leak_rate=0.6|n_units=200|rho=0.7|state_noise=0,1,memory_capacity,mc_ratio,0.6594648373417015
4D_freerun_capacity,leak_rate=0.6|n_units=200|rho=0.7|state_noise=0,1,memory_capacity,n_delays,400.0
4D_freerun_capacity,leak_rate=0.6|n_units=200|rho=0.7|state_noise=0,1,ipc,ipc_total,600.4506761871945
4D_freerun_capacity,leak_rate=0.6|n_units=200|rho=0.7|state_noise=0,1,ipc,ipc_total_raw,600.4506761871945
4D_freerun_capacity,leak_rate=0.6|n_units=200|rho=0.7|state_noise=0,1,ipc,ipc_linear,59.450695474747086
4D_freerun_capacity,leak_rate=0.6|n_units=200|rho=0.7|state_noise=0,1,ipc,ipc_nonlinear,540.9999807124474
4D_freerun_capacity,leak_rate=0.6|n_units=200|rho=0.7|state_noise=0,1,ipc,n_targets,601.0
4D_freerun_capacity,leak_rate=0.6|n_units=200|rho=0.7|state_noise=0,1,ipc,n_targets_kept,601.0
4D_freerun_capacity,leak_rate=0.6|n_units=200|rho=0.7|state_noise=0,1,ipc,saturation_ratio,3.0022533809359726
4D_freerun_capacity,leak_rate=0.6|n_units=200|rho=0.7|state_noise=0,1,ipc,ipc_threshold_degree1,0.03190328849243969
4D_freerun_capacity,leak_rate=0.6|n_units=200|rho=0.7|state_noise=0,1,ipc,ipc_threshold_degree2,0.5026575430967096
4D_freerun_capacity,leak_rate=0.6|n_units=200|rho=0.7|state_noise=0,1,ipc,ipc_threshold_degree3,0.033027538175470626
4D_freerun_capacity,leak_rate=0.6|n_units=200|rho=0.7|state_noise=0,1,ipc,ipc_threshold_degree4,0.3116115892420403
4D_freerun_capacity,leak_rate=0.6|n_units=200|rho=0.7|state_noise=0,2,memory_capacity,mc_total,120.00583690604557
4D_freerun_capacity,leak_rate=0.6|n_units=200|rho=0.7|state_noise=0,2,memory_capacity,mc_total_raw,120.00583690604557
4D_freerun_capacity,leak_rate=0.6|n_units=200|rho=0.7|state_noise=0,2,memory_capacity,mc_threshold,0.033701697269250964
4D_freerun_capacity,leak_rate=0.6|n_units=200|rho=0.7|state_noise=0,2,memory_capacity,mc_effective_delay,110.03680791889145
4D_freerun_capacity,leak_rate=0.6|n_units=200|rho=0.7|state_noise=0,2,memory_capacity,mc_ratio,0.6000291845302279
4D_freerun_capacity,leak_rate=0.6|n_units=200|rho=0.7|state_noise=0,2,memory_capacity,n_delays,400.0
4D_freerun_capacity,leak_rate=0.6|n_units=200|rho=0.7|state_noise=0,2,ipc,ipc_total,600.5634590065977
4D_freerun_capacity,leak_rate=0.6|n_units=200|rho=0.7|state_noise=0,2,ipc,ipc_total_raw,600.5634590065977
4D_freerun_capacity,leak_rate=0.6|n_units=200|rho=0.7|state_noise=0,2,ipc,ipc_linear,59.563478374856714
4D_freerun_capacity,leak_rate=0.6|n_units=200|rho=0.7|state_noise=0,2,ipc,ipc_nonlinear,540.999980631741
4D_freerun_capacity,leak_rate=0.6|n_units=200|rho=0.7|state_noise=0,2,ipc,n_targets,601.0
4D_freerun_capacity,leak_rate=0.6|n_units=200|rho=0.7|state_noise=0,2,ipc,n_targets_kept,601.0
4D_freerun_capacity,leak_rate=0.6|n_units=200|rho=0.7|state_noise=0,2,ipc,saturation_ratio,3.0028172950329886
4D_freerun_capacity,leak_rate=0.6|n_units=200|rho=0.7|state_noise=0,2,ipc,ipc_threshold_degree1,0.03173439853309732
4D_freerun_capacity,leak_rate=0.6|n_units=200|rho=0.7|state_noise=0,2,ipc,ipc_threshold_degree2,0.4977137626435278
4D_freerun_capacity,leak_rate=0.6|n_units=200|rho=0.7|state_noise=0,2,ipc,ipc_threshold_degree3,0.04356981724994536
4D_freerun_capacity,leak_rate=0.6|n_units=200|rho=0.7|state_noise=0,2,ipc,ipc_threshold_degree4,0.2873859847408727
4D_freerun_capacity,leak_rate=0.6|n_units=200|rho=0.7|state_noise=0,3,memory_capacity,mc_total,117.47577598957636
4D_freerun_capacity,leak_rate=0.6|n_units=200|rho=0.7|state_noise=0,3,memory_capacity,mc_total_raw,117.47577598957636
4D_freerun_capacity,leak_rate=0.6|n_units=200|rho=0.7|state_noise=0,3,memory_capacity,mc_threshold,0.03379584661907093
4D_freerun_capacity,leak_rate=0.6|n_units=200|rho=0.7|state_noise=0,3,memory_capacity,mc_effective_delay,113.07772119484167
4D_freerun_capacity,leak_rate=0.6|n_units=200|rho=0.7|state_noise=0,3,memory_capacity,mc_ratio,0.5873788799478818
4D_freerun_capacity,leak_rate=0.6|n_units=200|rho=0.7|state_noise=0,3,memory_capacity,n_delays,400.0
4D_freerun_capacity,leak_rate=0.6|n_units=200|rho=0.7|state_noise=0,3,ipc,ipc_total,600.103674307426
4D_freerun_capacity,leak_rate=0.6|n_units=200|rho=0.7|state_noise=0,3,ipc,ipc_total_raw,600.103674307426
4D_freerun_capacity,leak_rate=0.6|n_units=200|rho=0.7|state_noise=0,3,ipc,ipc_linear,59.10372512747709
4D_freerun_capacity,leak_rate=0.6|n_units=200|rho=0.7|state_noise=0,3,ipc,ipc_nonlinear,540.9999491799489
4D_freerun_capacity,leak_rate=0.6|n_units=200|rho=0.7|state_noise=0,3,ipc,n_targets,601.0
4D_freerun_capacity,leak_rate=0.6|n_units=200|rho=0.7|state_noise=0,3,ipc,n_targets_kept,601.0
4D_freerun_capacity,leak_rate=0.6|n_units=200|rho=0.7|state_noise=0,3,ipc,saturation_ratio,3.00051837153713
4D_freerun_capacity,leak_rate=0.6|n_units=200|rho=0.7|state_noise=0,3,ipc,ipc_threshold_degree1,0.03173113174345439
4D_freerun_capacity,leak_rate=0.6|n_units=200|rho=0.7|state_noise=0,3,ipc,ipc_threshold_degree2,0.5160468995629465
4D_freerun_capacity,leak_rate=0.6|n_units=200|rho=0.7|state_noise=0,3,ipc,ipc_threshold_degree3,0.035078667078497265
4D_freerun_capacity,leak_rate=0.6|n_units=200|rho=0.7|state_noise=0,3,ipc,ipc_threshold_degree4,0.2921906895118817
4D_freerun_capacity,leak_rate=0.6|n_units=200|rho=0.7|state_noise=0,4,memory_capacity,mc_total,133.28818846214546
4D_freerun_capacity,leak_rate=0.6|n_units=200|rho=0.7|state_noise=0,4,memory_capacity,mc_total_raw,133.28818846214546
4D_freerun_capacity,leak_rate=0.6|n_units=200|rho=0.7|state_noise=0,4,memory_capacity,mc_threshold,0.03258444818605708
4D_freerun_capacity,leak_rate=0.6|n_units=200|rho=0.7|state_noise=0,4,memory_capacity,mc_effective_delay,123.8886764743036
4D_freerun_capacity,leak_rate=0.6|n_units=200|rho=0.7|state_noise=0,4,memory_capacity,mc_ratio,0.6664409423107273
4D_freerun_capacity,leak_rate=0.6|n_units=200|rho=0.7|state_noise=0,4,memory_capacity,n_delays,400.0
4D_freerun_capacity,leak_rate=0.6|n_units=200|rho=0.7|state_noise=0,4,ipc,ipc_total,600.7129823617404
4D_freerun_capacity,leak_rate=0.6|n_units=200|rho=0.7|state_noise=0,4,ipc,ipc_total_raw,600.7129823617404
4D_freerun_capacity,leak_rate=0.6|n_units=200|rho=0.7|state_noise=0,4,ipc,ipc_linear,59.712988406634516
4D_freerun_capacity,leak_rate=0.6|n_units=200|rho=0.7|state_noise=0,4,ipc,ipc_nonlinear,540.9999939551059
4D_freerun_capacity,leak_rate=0.6|n_units=200|rho=0.7|state_noise=0,4,ipc,n_targets,601.0
4D_freerun_capacity,leak_rate=0.6|n_units=200|rho=0.7|state_noise=0,4,ipc,n_targets_kept,601.0
4D_freerun_capacity,leak_rate=0.6|n_units=200|rho=0.7|state_noise=0,4,ipc,saturation_ratio,3.0035649118087018
4D_freerun_capacity,leak_rate=0.6|n_units=200|rho=0.7|state_noise=0,4,ipc,ipc_threshold_degree1,0.030857058272747453
4D_freerun_capacity,leak_rate=0.6|n_units=200|rho=0.7|state_noise=0,4,ipc,ipc_threshold_degree2,0.4723317820916728
4D_freerun_capacity,leak_rate=0.6|n_units=200|rho=0.7|state_noise=0,4,ipc,ipc_threshold_degree3,0.040268009564024716
4D_freerun_capacity,leak_rate=0.6|n_units=200|rho=0.7|state_noise=0,4,ipc,ipc_threshold_degree4,0.31204681826202446
4D_freerun_capacity,leak_rate=0.6|n_units=200|rho=0.7|state_noise=0.0001,0,memory_capacity,mc_total,95.81970790682968
4D_freerun_capacity,leak_rate=0.6|n_units=200|rho=0.7|state_noise=0.0001,0,memory_capacity,mc_total_raw,95.81970790682968
4D_freerun_capacity,leak_rate=0.6|n_units=200|rho=0.7|state_noise=0.0001,0,memory_capacity,mc_threshold,0.03275482629890608
4D_freerun_capacity,leak_rate=0.6|n_units=200|rho=0.7|state_noise=0.0001,0,memory_capacity,mc_effective_delay,103.30786458576799
4D_freerun_capacity,leak_rate=0.6|n_units=200|rho=0.7|state_noise=0.0001,0,memory_capacity,mc_ratio,0.4790985395341484
4D_freerun_capacity,leak_rate=0.6|n_units=200|rho=0.7|state_noise=0.0001,0,memory_capacity,n_delays,400.0
4D_freerun_capacity,leak_rate=0.6|n_units=200|rho=0.7|state_noise=0.0001,0,ipc,ipc_total,597.1667319012452
4D_freerun_capacity,leak_rate=0.6|n_units=200|rho=0.7|state_noise=0.0001,0,ipc,ipc_total_raw,597.1667319012452
4D_freerun_capacity,leak_rate=0.6|n_units=200|rho=0.7|state_noise=0.0001,0,ipc,ipc_linear,56.16856459851416
4D_freerun_capacity,leak_rate=0.6|n_units=200|rho=0.7|state_noise=0.0001,0,ipc,ipc_nonlinear,540.998167302731
4D_freerun_capacity,leak_rate=0.6|n_units=200|rho=0.7|state_noise=0.0001,0,ipc,n_targets,601.0
4D_freerun_capacity,leak_rate=0.6|n_units=200|rho=0.7|state_noise=0.0001,0,ipc,n_targets_kept,601.0
4D_freerun_capacity,leak_rate=0.6|n_units=200|rho=0.7|state_noise=0.0001,0,ipc,saturation_ratio,2.9858336595062256
4D_freerun_capacity,leak_rate=0.6|n_units=200|rho=0.7|state_noise=0.0001,0,ipc,ipc_threshold_degree1,0.03270233019052743
4D_freerun_capacity,leak_rate=0.6|n_units=200|rho=0.7|state_noise=0.0001,0,ipc,ipc_threshold_degree2,0.4662309538744826
4D_freerun_capacity,leak_rate=0.6|n_units=200|rho=0.7|state_noise=0.0001,0,ipc,ipc_threshold_degree3,0.05197994102842514
4D_freerun_capacity,leak_rate=0.6|n_units=200|rho=0.7|state_noise=0.0001,0,ipc,ipc_threshold_degree4,0.28244021776106765
4D_freerun_capacity,leak_rate=0.6|n_units=200|rho=0.7|state_noise=0.0001,1,memory_capacity,mc_total,112.76617924864175
4D_freerun_capacity,leak_rate=0.6|n_units=200|rho=0.7|state_noise=0.0001,1,memory_capacity,mc_total_raw,112.76617924864175
4D_freerun_capacity,leak_rate=0.6|n_units=200|rho=0.7|state_noise=0.0001,1,memory_capacity,mc_threshold,0.033784595338052226
4D_freerun_capacity,leak_rate=0.6|n_units=200|rho=0.7|state_noise=0.0001,1,memory_capacity,mc_effective_delay,122.53546765685614
4D_freerun_capacity,leak_rate=0.6|n_units=200|rho=0.7|state_noise=0.0001,1,memory_capacity,mc_ratio,0.5638308962432087
4D_freerun_capacity,leak_rate=0.6|n_units=200|rho=0.7|state_noise=0.0001,1,memory_capacity,n_delays,400.0
4D_freerun_capacity,leak_rate=0.6|n_units=200|rho=0.7|state_noise=0.0001,1,ipc,ipc_total,597.5873999702508
4D_freerun_capacity,leak_rate=0.6|n_units=200|rho=0.7|state_noise=0.0001,1,ipc,ipc_total_raw,597.5873999702508
4D_freerun_capacity,leak_rate=0.6|n_units=200|rho=0.7|state_noise=0.0001,1,ipc,ipc_linear,56.5901844633745
4D_freerun_capacity,leak_rate=0.6|n_units=200|rho=0.7|state_noise=0.0001,1,ipc,ipc_nonlinear,540.9972155068763
4D_freerun_capacity,leak_rate=0.6|n_units=200|rho=0.7|state_noise=0.0001,1,ipc,n_targets,601.0
4D_freerun_capacity,leak_rate=0.6|n_units=200|rho=0.7|state_noise=0.0001,1,ipc,n_targets_kept,601.0
4D_freerun_capacity,leak_rate=0.6|n_units=200|rho=0.7|state_noise=0.0001,1,ipc,saturation_ratio,2.9879369998512537
4D_freerun_capacity,leak_rate=0.6|n_units=200|rho=0.7|state_noise=0.0001,1,ipc,ipc_threshold_degree1,0.03369736935220861
4D_freerun_capacity,leak_rate=0.6|n_units=200|rho=0.7|state_noise=0.0001,1,ipc,ipc_threshold_degree2,0.5025249561495122
4D_freerun_capacity,leak_rate=0.6|n_units=200|rho=0.7|state_noise=0.0001,1,ipc,ipc_threshold_degree3,0.033806095381950965
4D_freerun_capacity,leak_rate=0.6|n_units=200|rho=0.7|state_noise=0.0001,1,ipc,ipc_threshold_degree4,0.3107924887333089
4D_freerun_capacity,leak_rate=0.6|n_units=200|rho=0.7|state_noise=0.0001,2,memory_capacity,mc_total,98.7556568741449
4D_freerun_capacity,leak_rate=0.6|n_units=200|rho=0.7|state_noise=0.0001,2,memory_capacity,mc_total_raw,98.7556568741449
4D_freerun_capacity,leak_rate=0.6|n_units=200|rho=0.7|state_noise=0.0001,2,memory_capacity,mc_threshold,0.034625096169120545
4D_freerun_capacity,leak_rate=0.6|n_units=200|rho=0.7|state_noise=0.0001,2,memory_capacity,mc_effective_delay,107.38400940586531
4D_freerun_capacity,leak_rate=0.6|n_units=200|rho=0.7|state_noise=0.0001,2,memory_capacity,mc_ratio,0.4937782843707245
4D_freerun_capacity,leak_rate=0.6|n_units=200|rho=0.7|state_noise=0.0001,2,memory_capacity,n_delays,400.0
4D_freerun_capacity,leak_rate=0.6|n_units=200|rho=0.7|state_noise=0.0001,2,ipc,ipc_total,596.748416296383
4D_freerun_capacity,leak_rate=0.6|n_units=200|rho=0.7|state_noise=0.0001,2,ipc,ipc_total_raw,596.748416296383
4D_freerun_capacity,leak_rate=0.6|n_units=200|rho=0.7|state_noise=0.0001,2,ipc,ipc_linear,55.751220117802255
4D_freerun_capacity,leak_rate=0.6|n_units=200|rho=0.7|state_noise=0.0001,2,ipc,ipc_nonlinear,540.9971961785807
4D_freerun_capacity,leak_rate=0.6|n_units=200|rho=0.7|state_noise=0.0001,2,ipc,n_targets,601.0
4D_freerun_capacity,leak_rate=0.6|n_units=200|rho=0.7|state_noise=0.0001,2,ipc,n_targets_kept,601.0
4D_freerun_capacity,leak_rate=0.6|n_units=200|rho=0.7|state_noise=0.0001,2,ipc,saturation_ratio,2.983742081481915
4D_freerun_capacity,leak_rate=0.6|n_units=200|rho=0.7|state_noise=0.0001,2,ipc,ipc_threshold_degree1,0.03208147207449856
4D_freerun_capacity,leak_rate=0.6|n_units=200|rho=0.7|state_noise=0.0001,2,ipc,ipc_threshold_degree2,0.49853722126501576
4D_freerun_capacity,leak_rate=0.6|n_units=200|rho=0.7|state_noise=0.0001,2,ipc,ipc_threshold_degree3,0.041727769950073025
4D_freerun_capacity,leak_rate=0.6|n_units=200|rho=0.7|state_noise=0.0001,2,ipc,ipc_threshold_degree4,0.2880718741075341
4D_freerun_capacity,leak_rate=0.6|n_units=200|rho=0.7|state_noise=0.0001,3,memory_capacity,mc_total,102.81761319698049
4D_freerun_capacity,leak_rate=0.6|n_units=200|rho=0.7|state_noise=0.0001,3,memory_capacity,mc_total_raw,102.81761319698049
4D_freerun_capacity,leak_rate=0.6|n_units=200|rho=0.7|state_noise=0.0001,3,memory_capacity,mc_threshold,0.03281002600911708
4D_freerun_capacity,leak_rate=0.6|n_units=200|rho=0.7|state_noise=0.0001,3,memory_capacity,mc_effective_delay,113.7234364660366
4D_freerun_capacity,leak_rate=0.6|n_units=200|rho=0.7|state_noise=0.0001,3,memory_capacity,mc_ratio,0.5140880659849024
4D_freerun_capacity,leak_rate=0.6|n_units=200|rho=0.7|state_noise=0.0001,3,memory_capacity,n_delays,400.0
4D_freerun_capacity,leak_rate=0.6|n_units=200|rho=0.7|state_noise=0.0001,3,ipc,ipc_total,596.7637552911206
4D_freerun_capacity,leak_rate=0.6|n_units=200|rho=0.7|state_noise=0.0001,3,ipc,ipc_total_raw,596.7637552911206
4D_freerun_capacity,leak_rate=0.6|n_units=200|rho=0.7|state_noise=0.0001,3,ipc,ipc_linear,55.76696227771262
4D_freerun_capacity,leak_rate=0.6|n_units=200|rho=0.7|state_noise=0.0001,3,ipc,ipc_nonlinear,540.9967930134079
4D_freerun_capacity,leak_rate=0.6|n_units=200|rho=0.7|state_noise=0.0001,3,ipc,n_targets,601.0
4D_freerun_capacity,leak_rate=0.6|n_units=200|rho=0.7|state_noise=0.0001,3,ipc,n_targets_kept,601.0
4D_freerun_capacity,leak_rate=0.6|n_units=200|rho=0.7|state_noise=0.0001,3,ipc,saturation_ratio,2.983818776455603
4D_freerun_capacity,leak_rate=0.6|n_units=200|rho=0.7|state_noise=0.0001,3,ipc,ipc_threshold_degree1,0.03223858935714727
4D_freerun_capacity,leak_rate=0.6|n_units=200|rho=0.7|state_noise=0.0001,3,ipc,ipc_threshold_degree2,0.5158217255065778
4D_freerun_capacity,leak_rate=0.6|n_units=200|rho=0.7|state_noise=0.0001,3,ipc,ipc_threshold_degree3,0.03486259428546524
4D_freerun_capacity,leak_rate=0.6|n_units=200|rho=0.7|state_noise=0.0001,3,ipc,ipc_threshold_degree4,0.2909878575026846
4D_freerun_capacity,leak_rate=0.6|n_units=200|rho=0.7|state_noise=0.0001,4,memory_capacity,mc_total,108.43292409489388
4D_freerun_capacity,leak_rate=0.6|n_units=200|rho=0.7|state_noise=0.0001,4,memory_capacity,mc_total_raw,108.43292409489388
4D_freerun_capacity,leak_rate=0.6|n_units=200|rho=0.7|state_noise=0.0001,4,memory_capacity,mc_threshold,0.0332078213097393
4D_freerun_capacity,leak_rate=0.6|n_units=200|rho=0.7|state_noise=0.0001,4,memory_capacity,mc_effective_delay,122.27899238825826
4D_freerun_capacity,leak_rate=0.6|n_units=200|rho=0.7|state_noise=0.0001,4,memory_capacity,mc_ratio,0.5421646204744693
4D_freerun_capacity,leak_rate=0.6|n_units=200|rho=0.7|state_noise=0.0001,4,memory_capacity,n_delays,400.0
4D_freerun_capacity,leak_rate=0.6|n_units=200|rho=0.7|state_noise=0.0001,4,ipc,ipc_total,596.9713902223838
4D_freerun_capacity,leak_rate=0.6|n_units=200|rho=0.7|state_noise=0.0001,4,ipc,ipc_total_raw,596.9713902223838
4D_freerun_capacity,leak_rate=0.6|n_units=200|rho=0.7|state_noise=0.0001,4,ipc,ipc_linear,55.97308522159133
4D_freerun_capacity,leak_rate=0.6|n_units=200|rho=0.7|state_noise=0.0001,4,ipc,ipc_nonlinear,540.9983050007925
4D_freerun_capacity,leak_rate=0.6|n_units=200|rho=0.7|state_noise=0.0001,4,ipc,n_targets,601.0
4D_freerun_capacity,leak_rate=0.6|n_units=200|rho=0.7|state_noise=0.0001,4,ipc,n_targets_kept,601.0
4D_freerun_capacity,leak_rate=0.6|n_units=200|rho=0.7|state_noise=0.0001,4,ipc,saturation_ratio,2.9848569511119187
4D_freerun_capacity,leak_rate=0.6|n_units=200|rho=0.7|state_noise=0.0001,4,ipc,ipc_threshold_degree1,0.03098596795156556
4D_freerun_capacity,leak_rate=0.6|n_units=200|rho=0.7|state_noise=0.0001,4,ipc,ipc_threshold_degree2,0.4723518772717693
4D_freerun_capacity,leak_rate=0.6|n_units=200|rho=0.7|state_noise=0.0001,4,ipc,ipc_threshold_degree3,0.038619401538046556
4D_freerun_capacity,leak_rate=0.6|n_units=200|rho=0.7|state_noise=0.0001,4,ipc,ipc_threshold_degree4,0.3126250377139211
4D_freerun_capacity,leak_rate=0.6|n_units=200|rho=0.7|state_noise=0.001,0,memory_capacity,mc_total,85.89665972394909
4D_freerun_capacity,leak_rate=0.6|n_units=200|rho=0.7|state_noise=0.001,0,memory_capacity,mc_total_raw,85.89665972394909
4D_freerun_capacity,leak_rate=0.6|n_units=200|rho=0.7|state_noise=0.001,0,memory_capacity,mc_threshold,0.03439293478521509
4D_freerun_capacity,leak_rate=0.6|n_units=200|rho=0.7|state_noise=0.001,0,memory_capacity,mc_effective_delay,105.9858064852755
4D_freerun_capacity,leak_rate=0.6|n_units=200|rho=0.7|state_noise=0.001,0,memory_capacity,mc_ratio,0.42948329861974543
4D_freerun_capacity,leak_rate=0.6|n_units=200|rho=0.7|state_noise=0.001,0,memory_capacity,n_delays,400.0
4D_freerun_capacity,leak_rate=0.6|n_units=200|rho=0.7|state_noise=0.001,0,ipc,ipc_total,591.8538297839839
4D_freerun_capacity,leak_rate=0.6|n_units=200|rho=0.7|state_noise=0.001,0,ipc,ipc_total_raw,591.8538297839839
4D_freerun_capacity,leak_rate=0.6|n_units=200|rho=0.7|state_noise=0.001,0,ipc,ipc_linear,50.89415004730928
4D_freerun_capacity,leak_rate=0.6|n_units=200|rho=0.7|state_noise=0.001,0,ipc,ipc_nonlinear,540.9596797366746
4D_freerun_capacity,leak_rate=0.6|n_units=200|rho=0.7|state_noise=0.001,0,ipc,n_targets,601.0
4D_freerun_capacity,leak_rate=0.6|n_units=200|rho=0.7|state_noise=0.001,0,ipc,n_targets_kept,601.0
4D_freerun_capacity,leak_rate=0.6|n_units=200|rho=0.7|state_noise=0.001,0,ipc,saturation_ratio,2.9592691489199194
4D_freerun_capacity,leak_rate=0.6|n_units=200|rho=0.7|state_noise=0.001,0,ipc,ipc_threshold_degree1,0.03217058123455977
4D_freerun_capacity,leak_rate=0.6|n_units=200|rho=0.7|state_noise=0.001,0,ipc,ipc_threshold_degree2,0.4665978056238158
4D_freerun_capacity,leak_rate=0.6|n_units=200|rho=0.7|state_noise=0.001,0,ipc,ipc_threshold_degree3,0.0521334381481595
4D_freerun_capacity,leak_rate=0.6|n_units=200|rho=0.7|state_noise=0.001,0,ipc,ipc_threshold_degree4,0.28248512184024205
4D_freerun_capacity,leak_rate=0.6|n_units=200|rho=0.7|state_noise=0.001,1,memory_capacity,mc_total,96.77761572768074
4D_freerun_capacity,leak_rate=0.6|n_units=200|rho=0.7|state_noise=0.001,1,memory_capacity,mc_total_raw,96.77761572768074
4D_freerun_capacity,leak_rate=0.6|n_units=200|rho=0.7|state_noise=0.001,1,memory_capacity,mc_threshold,0.03312655565511484
4D_freerun_capacity,leak_rate=0.6|n_units=200|rho=0.7|state_noise=0.001,1,memory_capacity,mc_effective_delay,117.55089971438495
4D_freerun_capacity,leak_rate=0.6|n_units=200|rho=0.7|state_noise=0.001,1,memory_capacity,mc_ratio,0.4838880786384037
4D_freerun_capacity,leak_rate=0.6|n_units=200|rho=0.7|state_noise=0.001,1,memory_capacity,n_delays,400.0
4D_freerun_capacity,leak_rate=0.6|n_units=200|rho=0.7|state_noise=0.001,1,ipc,ipc_total,593.025332345259
4D_freerun_capacity,leak_rate=0.6|n_units=200|rho=0.7|state_noise=0.001,1,ipc,ipc_total_raw,593.025332345259
4D_freerun_capacity,leak_rate=0.6|n_units=200|rho=0.7|state_noise=0.001,1,ipc,ipc_linear,52.093899123491035
4D_freerun_capacity,leak_rate=0.6|n_units=200|rho=0.7|state_noise=0.001,1,ipc,ipc_nonlinear,540.931433221768
4D_freerun_capacity,leak_rate=0.6|n_units=200|rho=0.7|state_noise=0.001,1,ipc,n_targets,601.0
4D_freerun_capacity,leak_rate=0.6|n_units=200|rho=0.7|state_noise=0.001,1,ipc,n_targets_kept,601.0
4D_freerun_capacity,leak_rate=0.6|n_units=200|rho=0.7|state_noise=0.001,1,ipc,saturation_ratio,2.9651266617262952
4D_freerun_capacity,leak_rate=0.6|n_units=200|rho=0.7|state_noise=0.001,1,ipc,ipc_threshold_degree1,0.03333377541701745
4D_freerun_capacity,leak_rate=0.6|n_units=200|rho=0.7|state_noise=0.001,1,ipc,ipc_threshold_degree2,0.5027667573810655
4D_freerun_capacity,leak_rate=0.6|n_units=200|rho=0.7|state_noise=0.001,1,ipc,ipc_threshold_degree3,0.03345919117387161
4D_freerun_capacity,leak_rate=0.6|n_units=200|rho=0.7|state_noise=0.001,1,ipc,ipc_threshold_degree4,0.31103748451366303
4D_freerun_capacity,leak_rate=0.6|n_units=200|rho=0.7|state_noise=0.001,2,memory_capacity,mc_total,87.80122991960772
4D_freerun_capacity,leak_rate=0.6|n_units=200|rho=0.7|state_noise=0.001,2,memory_capacity,mc_total_raw,87.80122991960772
4D_freerun_capacity,leak_rate=0.6|n_units=200|rho=0.7|state_noise=0.001,2,memory_capacity,mc_threshold,0.0347863536889364
4D_freerun_capacity,leak_rate=0.6|n_units=200|rho=0.7|state_noise=0.001,2,memory_capacity,mc_effective_delay,103.71348299932818
4D_freerun_capacity,leak_rate=0.6|n_units=200|rho=0.7|state_noise=0.001,2,memory_capacity,mc_ratio,0.43900614959803863
4D_freerun_capacity,leak_rate=0.6|n_units=200|rho=0.7|state_noise=0.001,2,memory_capacity,n_delays,400.0
4D_freerun_capacity,leak_rate=0.6|n_units=200|rho=0.7|state_noise=0.001,2,ipc,ipc_total,591.6557721560462
4D_freerun_capacity,leak_rate=0.6|n_units=200|rho=0.7|state_noise=0.001,2,ipc,ipc_total_raw,591.6557721560462
4D_freerun_capacity,leak_rate=0.6|n_units=200|rho=0.7|state_noise=0.001,2,ipc,ipc_linear,50.72333471395497
4D_freerun_capacity,leak_rate=0.6|n_units=200|rho=0.7|state_noise=0.001,2,ipc,ipc_nonlinear,540.9324374420912
4D_freerun_capacity,leak_rate=0.6|n_units=200|rho=0.7|state_noise=0.001,2,ipc,n_targets,601.0
4D_freerun_capacity,leak_rate=0.6|n_units=200|rho=0.7|state_noise=0.001,2,ipc,n_targets_kept,601.0
4D_freerun_capacity,leak_rate=0.6|n_units=200|rho=0.7|state_noise=0.001,2,ipc,saturation_ratio,2.958278860780231
4D_freerun_capacity,leak_rate=0.6|n_units=200|rho=0.7|state_noise=0.001,2,ipc,ipc_threshold_degree1,0.03240328050535609
4D_freerun_capacity,leak_rate=0.6|n_units=200|rho=0.7|state_noise=0.001,2,ipc,ipc_threshold_degree2,0.49856598246523254
4D_freerun_capacity,leak_rate=0.6|n_units=200|rho=0.7|state_noise=0.001,2,ipc,ipc_threshold_degree3,0.04177126578714781
4D_freerun_capacity,leak_rate=0.6|n_units=200|rho=0.7|state_noise=0.001,2,ipc,ipc_threshold_degree4,0.2875865844127192
4D_freerun_capacity,leak_rate=0.6|n_units=200|rho=0.7|state_noise=0.001,3,memory_capacity,mc_total,92.11161202380009
4D_freerun_capacity,leak_rate=0.6|n_units=200|rho=0.7|state_noise=0.001,3,memory_capacity,mc_total_raw,92.11161202380009
4D_freerun_capacity,leak_rate=0.6|n_units=200|rho=0.7|state_noise=0.001,3,memory_capacity,mc_threshold,0.03264288148381972
4D_freerun_capacity,leak_rate=0.6|n_units=200|rho=0.7|state_noise=0.001,3,memory_capacity,mc_effective_delay,112.09974565974086
4D_freerun_capacity,leak_rate=0.6|n_units=200|rho=0.7|state_noise=0.001,3,memory_capacity,mc_ratio,0.46055806011900047
4D_freerun_capacity,leak_rate=0.6|n_units=200|rho=0.7|state_noise=0.001,3,memory_capacity,n_delays,400.0
4D_freerun_capacity,leak_rate=0.6|n_units=200|rho=0.7|state_noise=0.001,3,ipc,ipc_total,592.0537724393289
4D_freerun_capacity,leak_rate=0.6|n_units=200|rho=0.7|state_noise=0.001,3,ipc,ipc_total_raw,592.0537724393289
4D_freerun_capacity,leak_rate=0.6|n_units=200|rho=0.7|state_noise=0.001,3,ipc,ipc_linear,51.11529693625499
4D_freerun_capacity,leak_rate=0.6|n_units=200|rho=0.7|state_noise=0.001,3,ipc,ipc_nonlinear,540.938475503074
4D_freerun_capacity,leak_rate=0.6|n_units=200|rho=0.7|state_noise=0.001,3,ipc,n_targets,601.0
4D_freerun_capacity,leak_rate=0.6|n_units=200|rho=0.7|state_noise=0.001,3,ipc,n_targets_kept,601.0
4D_freerun_capacity,leak_rate=0.6|n_units=200|rho=0.7|state_noise=0.001,3,ipc,saturation_ratio,2.9602688621966444
4D_freerun_capacity,leak_rate=0.6|n_units=200|rho=0.7|state_noise=0.001,3,ipc,ipc_threshold_degree1,0.03205702110838151
4D_freerun_capacity,leak_rate=0.6|n_units=200|rho=0.7|state_noise=0.001,3,ipc,ipc_threshold_degree2,0.5156624701083905
4D_freerun_capacity,leak_rate=0.6|n_units=200|rho=0.7|state_noise=0.001,3,ipc,ipc_threshold_degree3,0.035111684664115635
4D_freerun_capacity,leak_rate=0.6|n_units=200|rho=0.7|state_noise=0.001,3,ipc,ipc_threshold_degree4,0.29144125889492706
4D_freerun_capacity,leak_rate=0.6|n_units=200|rho=0.7|state_noise=0.001,4,memory_capacity,mc_total,94.1113390972149
4D_freerun_capacity,leak_rate=0.6|n_units=200|rho=0.7|state_noise=0.001,4,memory_capacity,mc_total_raw,94.1113390972149
4D_freerun_capacity,leak_rate=0.6|n_units=200|rho=0.7|state_noise=0.001,4,memory_capacity,mc_threshold,0.03390462660501067
4D_freerun_capacity,leak_rate=0.6|n_units=200|rho=0.7|state_noise=0.001,4,memory_capacity,mc_effective_delay,118.04438903617583
4D_freerun_capacity,leak_rate=0.6|n_units=200|rho=0.7|state_noise=0.001,4,memory_capacity,mc_ratio,0.4705566954860745
4D_freerun_capacity,leak_rate=0.6|n_units=200|rho=0.7|state_noise=0.001,4,memory_capacity,n_delays,400.0
4D_freerun_capacity,leak_rate=0.6|n_units=200|rho=0.7|state_noise=0.001,4,ipc,ipc_total,592.2663002285976
4D_freerun_capacity,leak_rate=0.6|n_units=200|rho=0.7|state_noise=0.001,4,ipc,ipc_total_raw,592.2663002285976
4D_freerun_capacity,leak_rate=0.6|n_units=200|rho=0.7|state_noise=0.001,4,ipc,ipc_linear,51.306529384982674
4D_freerun_capacity,leak_rate=0.6|n_units=200|rho=0.7|state_noise=0.001,4,ipc,ipc_nonlinear,540.9597708436149
4D_freerun_capacity,leak_rate=0.6|n_units=200|rho=0.7|state_noise=0.001,4,ipc,n_targets,601.0
4D_freerun_capacity,leak_rate=0.6|n_units=200|rho=0.7|state_noise=0.001,4,ipc,n_targets_kept,601.0
4D_freerun_capacity,leak_rate=0.6|n_units=200|rho=0.7|state_noise=0.001,4,ipc,saturation_ratio,2.961331501142988
4D_freerun_capacity,leak_rate=0.6|n_units=200|rho=0.7|state_noise=0.001,4,ipc,ipc_threshold_degree1,0.031517343737303485
4D_freerun_capacity,leak_rate=0.6|n_units=200|rho=0.7|state_noise=0.001,4,ipc,ipc_threshold_degree2,0.47183221197541153
4D_freerun_capacity,leak_rate=0.6|n_units=200|rho=0.7|state_noise=0.001,4,ipc,ipc_threshold_degree3,0.03783661728117123
4D_freerun_capacity,leak_rate=0.6|n_units=200|rho=0.7|state_noise=0.001,4,ipc,ipc_threshold_degree4,0.3122640856289196
4D_freerun_capacity,leak_rate=0.6|n_units=200|rho=0.7|state_noise=0.01,0,memory_capacity,mc_total,75.92568834159951
4D_freerun_capacity,leak_rate=0.6|n_units=200|rho=0.7|state_noise=0.01,0,memory_capacity,mc_total_raw,75.92568834159951
4D_freerun_capacity,leak_rate=0.6|n_units=200|rho=0.7|state_noise=0.01,0,memory_capacity,mc_threshold,0.034104424330829955
4D_freerun_capacity,leak_rate=0.6|n_units=200|rho=0.7|state_noise=0.01,0,memory_capacity,mc_effective_delay,106.58353829220502
4D_freerun_capacity,leak_rate=0.6|n_units=200|rho=0.7|state_noise=0.01,0,memory_capacity,mc_ratio,0.37962844170799753
4D_freerun_capacity,leak_rate=0.6|n_units=200|rho=0.7|state_noise=0.01,0,memory_capacity,n_delays,400.0
4D_freerun_capacity,leak_rate=0.6|n_units=200|rho=0.7|state_noise=0.01,0,ipc,ipc_total,584.6683654250008
4D_freerun_capacity,leak_rate=0.6|n_units=200|rho=0.7|state_noise=0.01,0,ipc,ipc_total_raw,584.6683654250008
4D_freerun_capacity,leak_rate=0.6|n_units=200|rho=0.7|state_noise=0.01,0,ipc,ipc_linear,44.671092651641295
4D_freerun_capacity,leak_rate=0.6|n_units=200|rho=0.7|state_noise=0.01,0,ipc,ipc_nonlinear,539.9972727733596
4D_freerun_capacity,leak_rate=0.6|n_units=200|rho=0.7|state_noise=0.01,0,ipc,n_targets,601.0
4D_freerun_capacity,leak_rate=0.6|n_units=200|rho=0.7|state_noise=0.01,0,ipc,n_targets_kept,601.0
4D_freerun_capacity,leak_rate=0.6|n_units=200|rho=0.7|state_noise=0.01,0,ipc,saturation_ratio,2.9233418271250042
4D_freerun_capacity,leak_rate=0.6|n_units=200|rho=0.7|state_noise=0.01,0,ipc,ipc_threshold_degree1,0.03212222698308825
4D_freerun_capacity,leak_rate=0.6|n_units=200|rho=0.7|state_noise=0.01,0,ipc,ipc_threshold_degree2,0.4663062965654857
4D_freerun_capacity,leak_rate=0.6|n_units=200|rho=0.7|state_noise=0.01,0,ipc,ipc_threshold_degree3,0.052558828405299754
4D_freerun_capacity,leak_rate=0.6|n_units=200|rho=0.7|state_noise=0.01,0,ipc,ipc_threshold_degree4,0.2821162283361667
4D_freerun_capacity,leak_rate=0.6|n_units=200|rho=0.7|state_noise=0.01,1,memory_capacity,mc_total,83.28605053521851
4D_freerun_capacity,leak_rate=0.6|n_units=200|rho=0.7|state_noise=0.01,1,memory_capacity,mc_total_raw,83.28605053521851
4D_freerun_capacity,leak_rate=0.6|n_units=200|rho=0.7|state_noise=0.01,1,memory_capacity,mc_threshold,0.034437386855309844
4D_freerun_capacity,leak_rate=0.6|n_units=200|rho=0.7|state_noise=0.01,1,memory_capacity,mc_effective_delay,110.79825994149428
4D_freerun_capacity,leak_rate=0.6|n_units=200|rho=0.7|state_noise=0.01,1,memory_capacity,mc_ratio,0.4164302526760925
4D_freerun_capacity,leak_rate=0.6|n_units=200|rho=0.7|state_noise=0.01,1,memory_capacity,n_delays,400.0
4D_freerun_capacity,leak_rate=0.6|n_units=200|rho=0.7|state_noise=0.01,1,ipc,ipc_total,586.1084923770345
4D_freerun_capacity,leak_rate=0.6|n_units=200|rho=0.7|state_noise=0.01,1,ipc,ipc_total_raw,586.1084923770345
4D_freerun_capacity,leak_rate=0.6|n_units=200|rho=0.7|state_noise=0.01,1,ipc,ipc_linear,46.56885425785802
4D_freerun_capacity,leak_rate=0.6|n_units=200|rho=0.7|state_noise=0.01,1,ipc,ipc_nonlinear,539.5396381191765
4D_freerun_capacity,leak_rate=0.6|n_units=200|rho=0.7|state_noise=0.01,1,ipc,n_targets,601.0
4D_freerun_capacity,leak_rate=0.6|n_units=200|rho=0.7|state_noise=0.01,1,ipc,n_targets_kept,601.0
4D_freerun_capacity,leak_rate=0.6|n_units=200|rho=0.7|state_noise=0.01,1,ipc,saturation_ratio,2.9305424618851728
4D_freerun_capacity,leak_rate=0.6|n_units=200|rho=0.7|state_noise=0.01,1,ipc,ipc_threshold_degree1,0.03342147770216393
4D_freerun_capacity,leak_rate=0.6|n_units=200|rho=0.7|state_noise=0.01,1,ipc,ipc_threshold_degree2,0.5028365623669372
4D_freerun_capacity,leak_rate=0.6|n_units=200|rho=0.7|state_noise=0.01,1,ipc,ipc_threshold_degree3,0.03331875422784241
4D_freerun_capacity,leak_rate=0.6|n_units=200|rho=0.7|state_noise=0.01,1,ipc,ipc_threshold_degree4,0.31072051148038143
4D_freerun_capacity,leak_rate=0.6|n_units=200|rho=0.7|state_noise=0.01,2,memory_capacity,mc_total,76.65499085667003
4D_freerun_capacity,leak_rate=0.6|n_units=200|rho=0.7|state_noise=0.01,2,memory_capacity,mc_total_raw,76.65499085667003
4D_freerun_capacity,leak_rate=0.6|n_units=200|rho=0.7|state_noise=0.01,2,memory_capacity,mc_threshold,0.034654820415945906
4D_freerun_capacity,leak_rate=0.6|n_units=200|rho=0.7|state_noise=0.01,2,memory_capacity,mc_effective_delay,98.89796182619045
4D_freerun_capacity,leak_rate=0.6|n_units=200|rho=0.7|state_noise=0.01,2,memory_capacity,mc_ratio,0.3832749542833501
4D_freerun_capacity,leak_rate=0.6|n_units=200|rho=0.7|state_noise=0.01,2,memory_capacity,n_delays,400.0
4D_freerun_capacity,leak_rate=0.6|n_units=200|rho=0.7|state_noise=0.01,2,ipc,ipc_total,584.9099995816496
4D_freerun_capacity,leak_rate=0.6|n_units=200|rho=0.7|state_noise=0.01,2,ipc,ipc_total_raw,584.9099995816496
4D_freerun_capacity,leak_rate=0.6|n_units=200|rho=0.7|state_noise=0.01,2,ipc,ipc_linear,45.283574916561825
4D_freerun_capacity,leak_rate=0.6|n_units=200|rho=0.7|state_noise=0.01,2,ipc,ipc_nonlinear,539.6264246650877
4D_freerun_capacity,leak_rate=0.6|n_units=200|rho=0.7|state_noise=0.01,2,ipc,n_targets,601.0
4D_freerun_capacity,leak_rate=0.6|n_units=200|rho=0.7|state_noise=0.01,2,ipc,n_targets_kept,601.0
4D_freerun_capacity,leak_rate=0.6|n_units=200|rho=0.7|state_noise=0.01,2,ipc,saturation_ratio,2.924549997908248
4D_freerun_capacity,leak_rate=0.6|n_units=200|rho=0.7|state_noise=0.01,2,ipc,ipc_threshold_degree1,0.032380227698723965
4D_freerun_capacity,leak_rate=0.6|n_units=200|rho=0.7|state_noise=0.01,2,ipc,ipc_threshold_degree2,0.4979282762907637
4D_freerun_capacity,leak_rate=0.6|n_units=200|rho=0.7|state_noise=0.01,2,ipc,ipc_threshold_degree3,0.04185878133151082
4D_freerun_capacity,leak_rate=0.6|n_units=200|rho=0.7|state_noise=0.01,2,ipc,ipc_threshold_degree4,0.28695285665554554
4D_freerun_capacity,leak_rate=0.6|n_units=200|rho=0.7|state_noise=0.01,3,memory_capacity,mc_total,78.92520194138778
4D_freerun_capacity,leak_rate=0.6|n_units=200|rho=0.7|state_noise=0.01,3,memory_capacity,mc_total_raw,78.92520194138778
4D_freerun_capacity,leak_rate=0.6|n_units=200|rho=0.7|state_noise=0.01,3,memory_capacity,mc_threshold,0.03291381388157355
4D_freerun_capacity,leak_rate=0.6|n_units=200|rho=0.7|state_noise=0.01,3,memory_capacity,mc_effective_delay,105.27291683951302
4D_freerun_capacity,leak_rate=0.6|n_units=200|rho=0.7|state_noise=0.01,3,memory_capacity,mc_ratio,0.3946260097069389
4D_freerun_capacity,leak_rate=0.6|n_units=200|rho=0.7|state_noise=0.01,3,memory_capacity,n_delays,400.0
4D_freerun_capacity,leak_rate=0.6|n_units=200|rho=0.7|state_noise=0.01,3,ipc,ipc_total,584.7967552531284
4D_freerun_capacity,leak_rate=0.6|n_units=200|rho=0.7|state_noise=0.01,3,ipc,ipc_total_raw,584.7967552531284
4D_freerun_capacity,leak_rate=0.6|n_units=200|rho=0.7|state_noise=0.01,3,ipc,ipc_linear,45.22943750895388
4D_freerun_capacity,leak_rate=0.6|n_units=200|rho=0.7|state_noise=0.01,3,ipc,ipc_nonlinear,539.5673177441745
4D_freerun_capacity,leak_rate=0.6|n_units=200|rho=0.7|state_noise=0.01,3,ipc,n_targets,601.0
4D_freerun_capacity,leak_rate=0.6|n_units=200|rho=0.7|state_noise=0.01,3,ipc,n_targets_kept,601.0
4D_freerun_capacity,leak_rate=0.6|n_units=200|rho=0.7|state_noise=0.01,3,ipc,saturation_ratio,2.9239837762656418
4D_freerun_capacity,leak_rate=0.6|n_units=200|rho=0.7|state_noise=0.01,3,ipc,ipc_threshold_degree1,0.03212129846846978
4D_freerun_capacity,leak_rate=0.6|n_units=200|rho=0.7|state_noise=0.01,3,ipc,ipc_threshold_degree2,0.5157769323758229
4D_freerun_capacity,leak_rate=0.6|n_units=200|rho=0.7|state_noise=0.01,3,ipc,ipc_threshold_degree3,0.03604057631974458
4D_freerun_capacity,leak_rate=0.6|n_units=200|rho=0.7|state_noise=0.01,3,ipc,ipc_threshold_degree4,0.2911765318936084
4D_freerun_capacity,leak_rate=0.6|n_units=200|rho=0.7|state_noise=0.01,4,memory_capacity,mc_total,78.52536353821782
4D_freerun_capacity,leak_rate=0.6|n_units=200|rho=0.7|state_noise=0.01,4,memory_capacity,mc_total_raw,78.52536353821782
4D_freerun_capacity,leak_rate=0.6|n_units=200|rho=0.7|state_noise=0.01,4,memory_capacity,mc_threshold,0.03407169082915867
4D_freerun_capacity,leak_rate=0.6|n_units=200|rho=0.7|state_noise=0.01,4,memory_capacity,mc_effective_delay,110.08229939177286
4D_freerun_capacity,leak_rate=0.6|n_units=200|rho=0.7|state_noise=0.01,4,memory_capacity,mc_ratio,0.3926268176910891
4D_freerun_capacity,leak_rate=0.6|n_units=200|rho=0.7|state_noise=0.01,4,memory_capacity,n_delays,400.0
4D_freerun_capacity,leak_rate=0.6|n_units=200|rho=0.7|state_noise=0.01,4,ipc,ipc_total,585.7139457370857
4D_freerun_capacity,leak_rate=0.6|n_units=200|rho=0.7|state_noise=0.01,4,ipc,ipc_total_raw,585.7139457370857
4D_freerun_capacity,leak_rate=0.6|n_units=200|rho=0.7|state_noise=0.01,4,ipc,ipc_linear,45.762330400569674
4D_freerun_capacity,leak_rate=0.6|n_units=200|rho=0.7|state_noise=0.01,4,ipc,ipc_nonlinear,539.951615336516
4D_freerun_capacity,leak_rate=0.6|n_units=200|rho=0.7|state_noise=0.01,4,ipc,n_targets,601.0
4D_freerun_capacity,leak_rate=0.6|n_units=200|rho=0.7|state_noise=0.01,4,ipc,n_targets_kept,601.0
4D_freerun_capacity,leak_rate=0.6|n_units=200|rho=0.7|state_noise=0.01,4,ipc,saturation_ratio,2.928569728685429
4D_freerun_capacity,leak_rate=0.6|n_units=200|rho=0.7|state_noise=0.01,4,ipc,ipc_threshold_degree1,0.032446298212356076
4D_freerun_capacity,leak_rate=0.6|n_units=200|rho=0.7|state_noise=0.01,4,ipc,ipc_threshold_degree2,0.47204352170101377
4D_freerun_capacity,leak_rate=0.6|n_units=200|rho=0.7|state_noise=0.01,4,ipc,ipc_threshold_degree3,0.0378807763024678
4D_freerun_capacity,leak_rate=0.6|n_units=200|rho=0.7|state_noise=0.01,4,ipc,ipc_threshold_degree4,0.31267501187196883
4D_freerun_capacity,leak_rate=1|n_units=200|rho=0.7|state_noise=0,0,memory_capacity,mc_total,110.75134838748204
4D_freerun_capacity,leak_rate=1|n_units=200|rho=0.7|state_noise=0,0,memory_capacity,mc_total_raw,110.75134838748204
4D_freerun_capacity,leak_rate=1|n_units=200|rho=0.7|state_noise=0,0,memory_capacity,mc_threshold,0.03186033018505254
4D_freerun_capacity,leak_rate=1|n_units=200|rho=0.7|state_noise=0,0,memory_capacity,mc_effective_delay,102.26644433526678
4D_freerun_capacity,leak_rate=1|n_units=200|rho=0.7|state_noise=0,0,memory_capacity,mc_ratio,0.5537567419374102
4D_freerun_capacity,leak_rate=1|n_units=200|rho=0.7|state_noise=0,0,memory_capacity,n_delays,400.0
4D_freerun_capacity,leak_rate=1|n_units=200|rho=0.7|state_noise=0,0,ipc,ipc_total,600.0817412617246
4D_freerun_capacity,leak_rate=1|n_units=200|rho=0.7|state_noise=0,0,ipc,ipc_total_raw,600.0817412617246
4D_freerun_capacity,leak_rate=1|n_units=200|rho=0.7|state_noise=0,0,ipc,ipc_linear,59.08176634059875
4D_freerun_capacity,leak_rate=1|n_units=200|rho=0.7|state_noise=0,0,ipc,ipc_nonlinear,540.9999749211258
4D_freerun_capacity,leak_rate=1|n_units=200|rho=0.7|state_noise=0,0,ipc,n_targets,601.0
4D_freerun_capacity,leak_rate=1|n_units=200|rho=0.7|state_noise=0,0,ipc,n_targets_kept,601.0
4D_freerun_capacity,leak_rate=1|n_units=200|rho=0.7|state_noise=0,0,ipc,saturation_ratio,3.000408706308623
4D_freerun_capacity,leak_rate=1|n_units=200|rho=0.7|state_noise=0,0,ipc,ipc_threshold_degree1,0.031394507317234664
4D_freerun_capacity,leak_rate=1|n_units=200|rho=0.7|state_noise=0,0,ipc,ipc_threshold_degree2,0.4663912260982526
4D_freerun_capacity,leak_rate=1|n_units=200|rho=0.7|state_noise=0,0,ipc,ipc_threshold_degree3,0.05129738843904889
4D_freerun_capacity,leak_rate=1|n_units=200|rho=0.7|state_noise=0,0,ipc,ipc_threshold_degree4,0.2837795643238297
4D_freerun_capacity,leak_rate=1|n_units=200|rho=0.7|state_noise=0,1,memory_capacity,mc_total,126.32194866275645
4D_freerun_capacity,leak_rate=1|n_units=200|rho=0.7|state_noise=0,1,memory_capacity,mc_total_raw,126.32194866275645
4D_freerun_capacity,leak_rate=1|n_units=200|rho=0.7|state_noise=0,1,memory_capacity,mc_threshold,0.03418077856318896
4D_freerun_capacity,leak_rate=1|n_units=200|rho=0.7|state_noise=0,1,memory_capacity,mc_effective_delay,123.64423188682707
4D_freerun_capacity,leak_rate=1|n_units=200|rho=0.7|state_noise=0,1,memory_capacity,mc_ratio,0.6316097433137823
4D_freerun_capacity,leak_rate=1|n_units=200|rho=0.7|state_noise=0,1,memory_capacity,n_delays,400.0
4D_freerun_capacity,leak_rate=1|n_units=200|rho=0.7|state_noise=0,1,ipc,ipc_total,599.7124070836139
4D_freerun_capacity,leak_rate=1|n_units=200|rho=0.7|state_noise=0,1,ipc,ipc_total_raw,599.7124070836139
4D_freerun_capacity,leak_rate=1|n_units=200|rho=0.7|state_noise=0,1,ipc,ipc_linear,58.71247423973898
4D_freerun_capacity,leak_rate=1|n_units=200|rho=0.7|state_noise=0,1,ipc,ipc_nonlinear,540.999932843875
4D_freerun_capacity,leak_rate=1|n_units=200|rho=0.7|state_noise=0,1,ipc,n_targets,601.0
4D_freerun_capacity,leak_rate=1|n_units=200|rho=0.7|state_noise=0,1,ipc,n_targets_kept,601.0
4D_freerun_capacity,leak_rate=1|n_units=200|rho=0.7|state_noise=0,1,ipc,saturation_ratio,2.9985620354180695
4D_freerun_capacity,leak_rate=1|n_units=200|rho=0.7|state_noise=0,1,ipc,ipc_threshold_degree1,0.03171644533945374
4D_freerun_capacity,leak_rate=1|n_units=200|rho=0.7|state_noise=0,1,ipc,ipc_threshold_degree2,0.5028983686535978
4D_freerun_capacity,leak_rate=1|n_units=200|rho=0.7|state_noise=0,1,ipc,ipc_threshold_degree3,0.03310991714533979
4D_freerun_capacity,leak_rate=1|n_units=200|rho=0.7|state_noise=0,1,ipc,ipc_threshold_degree4,0.3112347885881029
4D_freerun_capacity,leak_rate=1|n_units=200|rho=0.7|state_noise=0,2,memory_capacity,mc_total,112.68214374665338
4D_freerun_capacity,leak_rate=1|n_units=200|rho=0.7|state_noise=0,2,memory_capacity,mc_total_raw,112.68214374665338
4D_freerun_capacity,leak_rate=1|n_units=200|rho=0.7|state_noise=0,2,memory_capacity,mc_threshold,0.03225897643488451
4D_freerun_capacity,leak_rate=1|n_units=200|rho=0.7|state_noise=0,2,memory_capacity,mc_effective_delay,108.39407453148762
4D_freerun_capacity,leak_rate=1|n_units=200|rho=0.7|state_noise=0,2,memory_capacity,mc_ratio,0.5634107187332669
4D_freerun_capacity,leak_rate=1|n_units=200|rho=0.7|state_noise=0,2,memory_capacity,n_delays,400.0
4D_freerun_capacity,leak_rate=1|n_units=200|rho=0.7|state_noise=0,2,ipc,ipc_total,599.6825446361023
4D_freerun_capacity,leak_rate=1|n_units=200|rho=0.7|state_noise=0,2,ipc,ipc_total_raw,599.6825446361023
4D_freerun_capacity,leak_rate=1|n_units=200|rho=0.7|state_noise=0,2,ipc,ipc_linear,58.68261973429434
4D_freerun_capacity,leak_rate=1|n_units=200|rho=0.7|state_noise=0,2,ipc,ipc_nonlinear,540.999924901808
4D_freerun_capacity,leak_rate=1|n_units=200|rho=0.7|state_noise=0,2,ipc,n_targets,601.0
4D_freerun_capacity,leak_rate=1|n_units=200|rho=0.7|state_noise=0,2,ipc,n_targets_kept,601.0
4D_freerun_capacity,leak_rate=1|n_units=200|rho=0.7|state_noise=0,2,ipc,saturation_ratio,2.9984127231805116
4D_freerun_capacity,leak_rate=1|n_units=200|rho=0.7|state_noise=0,2,ipc,ipc_threshold_degree1,0.0317117751492788
4D_freerun_capacity,leak_rate=1|n_units=200|rho=0.7|state_noise=0,2,ipc,ipc_threshold_degree2,0.4977998687722567
4D_freerun_capacity,leak_rate=1|n_units=200|rho=0.7|state_noise=0,2,ipc,ipc_threshold_degree3,0.04408747542141868
4D_freerun_capacity,leak_rate=1|n_units=200|rho=0.7|state_noise=0,2,ipc,ipc_threshold_degree4,0.2881436404552429
4D_freerun_capacity,leak_rate=1|n_units=200|rho=0.7|state_noise=0,3,memory_capacity,mc_total,112.13596206084834
4D_freerun_capacity,leak_rate=1|n_units=200|rho=0.7|state_noise=0,3,memory_capacity,mc_total_raw,112.13596206084834
4D_freerun_capacity,leak_rate=1|n_units=200|rho=0.7|state_noise=0,3,memory_capacity,mc_threshold,0.033809680261003526
4D_freerun_capacity,leak_rate=1|n_units=200|rho=0.7|state_noise=0,3,memory_capacity,mc_effective_delay,112.87862602420005
4D_freerun_capacity,leak_rate=1|n_units=200|rho=0.7|state_noise=0,3,memory_capacity,mc_ratio,0.5606798103042417
4D_freerun_capacity,leak_rate=1|n_units=200|rho=0.7|state_noise=0,3,memory_capacity,n_delays,400.0
4D_freerun_capacity,leak_rate=1|n_units=200|rho=0.7|state_noise=0,3,ipc,ipc_total,598.8173194418391
4D_freerun_capacity,leak_rate=1|n_units=200|rho=0.7|state_noise=0,3,ipc,ipc_total_raw,598.8173194418391
4D_freerun_capacity,leak_rate=1|n_units=200|rho=0.7|state_noise=0,3,ipc,ipc_linear,57.817510980353916
4D_freerun_capacity,leak_rate=1|n_units=200|rho=0.7|state_noise=0,3,ipc,ipc_nonlinear,540.9998084614851
4D_freerun_capacity,leak_rate=1|n_units=200|rho=0.7|state_noise=0,3,ipc,n_targets,601.0
4D_freerun_capacity,leak_rate=1|n_units=200|rho=0.7|state_noise=0,3,ipc,n_targets_kept,601.0
4D_freerun_capacity,leak_rate=1|n_units=200|rho=0.7|state_noise=0,3,ipc,saturation_ratio,2.9940865972091957
4D_freerun_capacity,leak_rate=1|n_units=200|rho=0.7|state_noise=0,3,ipc,ipc_threshold_degree1,0.032213853194449256
4D_freerun_capacity,leak_rate=1|n_units=200|rho=0.7|state_noise=0,3,ipc,ipc_threshold_degree2,0.516514916525912
4D_freerun_capacity,leak_rate=1|n_units=200|rho=0.7|state_noise=0,3,ipc,ipc_threshold_degree3,0.03535953744308578
4D_freerun_capacity,leak_rate=1|n_units=200|rho=0.7|state_noise=0,3,ipc,ipc_threshold_degree4,0.2922500707766736
4D_freerun_capacity,leak_rate=1|n_units=200|rho=0.7|state_noise=0,4,memory_capacity,mc_total,126.15944027303472
4D_freerun_capacity,leak_rate=1|n_units=200|rho=0.7|state_noise=0,4,memory_capacity,mc_total_raw,126.15944027303472
4D_freerun_capacity,leak_rate=1|n_units=200|rho=0.7|state_noise=0,4,memory_capacity,mc_threshold,0.03256704106911153
4D_freerun_capacity,leak_rate=1|n_units=200|rho=0.7|state_noise=0,4,memory_capacity,mc_effective_delay,122.6656973236581
4D_freerun_capacity,leak_rate=1|n_units=200|rho=0.7|state_noise=0,4,memory_capacity,mc_ratio,0.6307972013651736
4D_freerun_capacity,leak_rate=1|n_units=200|rho=0.7|state_noise=0,4,memory_capacity,n_delays,400.0
4D_freerun_capacity,leak_rate=1|n_units=200|rho=0.7|state_noise=0,4,ipc,ipc_total,600.1929211168987
4D_freerun_capacity,leak_rate=1|n_units=200|rho=0.7|state_noise=0,4,ipc,ipc_total_raw,600.1929211168987
4D_freerun_capacity,leak_rate=1|n_units=200|rho=0.7|state_noise=0,4,ipc,ipc_linear,59.19294406592634
4D_freerun_capacity,leak_rate=1|n_units=200|rho=0.7|state_noise=0,4,ipc,ipc_nonlinear,540.9999770509723
4D_freerun_capacity,leak_rate=1|n_units=200|rho=0.7|state_noise=0,4,ipc,n_targets,601.0
4D_freerun_capacity,leak_rate=1|n_units=200|rho=0.7|state_noise=0,4,ipc,n_targets_kept,601.0
4D_freerun_capacity,leak_rate=1|n_units=200|rho=0.7|state_noise=0,4,ipc,saturation_ratio,3.0009646055844934
4D_freerun_capacity,leak_rate=1|n_units=200|rho=0.7|state_noise=0,4,ipc,ipc_threshold_degree1,0.03150647905661771
4D_freerun_capacity,leak_rate=1|n_units=200|rho=0.7|state_noise=0,4,ipc,ipc_threshold_degree2,0.4720741393918592
4D_freerun_capacity,leak_rate=1|n_units=200|rho=0.7|state_noise=0,4,ipc,ipc_threshold_degree3,0.04102948237151572
4D_freerun_capacity,leak_rate=1|n_units=200|rho=0.7|state_noise=0,4,ipc,ipc_threshold_degree4,0.3118249329052544
4D_freerun_capacity,leak_rate=1|n_units=200|rho=0.7|state_noise=0.0001,0,memory_capacity,mc_total,84.26329611170557
4D_freerun_capacity,leak_rate=1|n_units=200|rho=0.7|state_noise=0.0001,0,memory_capacity,mc_total_raw,84.26329611170557
4D_freerun_capacity,leak_rate=1|n_units=200|rho=0.7|state_noise=0.0001,0,memory_capacity,mc_threshold,0.03209401979728466
4D_freerun_capacity,leak_rate=1|n_units=200|rho=0.7|state_noise=0.0001,0,memory_capacity,mc_effective_delay,96.01101118009481
4D_freerun_capacity,leak_rate=1|n_units=200|rho=0.7|state_noise=0.0001,0,memory_capacity,mc_ratio,0.4213164805585279
4D_freerun_capacity,leak_rate=1|n_units=200|rho=0.7|state_noise=0.0001,0,memory_capacity,n_delays,400.0
4D_freerun_capacity,leak_rate=1|n_units=200|rho=0.7|state_noise=0.0001,0,ipc,ipc_total,594.1596391850237
4D_freerun_capacity,leak_rate=1|n_units=200|rho=0.7|state_noise=0.0001,0,ipc,ipc_total_raw,594.1596391850237
4D_freerun_capacity,leak_rate=1|n_units=200|rho=0.7|state_noise=0.0001,0,ipc,ipc_linear,53.16587353069193
4D_freerun_capacity,leak_rate=1|n_units=200|rho=0.7|state_noise=0.0001,0,ipc,ipc_nonlinear,540.9937656543318
4D_freerun_capacity,leak_rate=1|n_units=200|rho=0.7|state_noise=0.0001,0,ipc,n_targets,601.0
4D_freerun_capacity,leak_rate=1|n_units=200|rho=0.7|state_noise=0.0001,0,ipc,n_targets_kept,601.0
4D_freerun_capacity,leak_rate=1|n_units=200|rho=0.7|state_noise=0.0001,0,ipc,saturation_ratio,2.9707981959251186
4D_freerun_capacity,leak_rate=1|n_units=200|rho=0.7|state_noise=0.0001,0,ipc,ipc_threshold_degree1,0.03240105374710537
4D_freerun_capacity,leak_rate=1|n_units=200|rho=0.7|state_noise=0.0001,0,ipc,ipc_threshold_degree2,0.4668238126217801
4D_freerun_capacity,leak_rate=1|n_units=200|rho=0.7|state_noise=0.0001,0,ipc,ipc_threshold_degree3,0.051328797670673096
4D_freerun_capacity,leak_rate=1|n_units=200|rho=0.7|state_noise=0.0001,0,ipc,ipc_threshold_degree4,0.2827557133834871
4D_freerun_capacity,leak_rate=1|n_units=200|rho=0.7|state_noise=0.0001,1,memory_capacity,mc_total,98.03541430092908
4D_freerun_capacity,leak_rate=1|n_units=200|rho=0.7|state_noise=0.0001,1,memory_capacity,mc_total_raw,98.03541430092908
4D_freerun_capacity,leak_rate=1|n_units=200|rho=0.7|state_noise=0.0001,1,memory_capacity,mc_threshold,0.03333943767840133
4D_freerun_capacity,leak_rate=1|n_units=200|rho=0.7|state_noise=0.0001,1,memory_capacity,mc_effective_delay,116.33583145123602
4D_freerun_capacity,leak_rate=1|n_units=200|rho=0.7|state_noise=0.0001,1,memory_capacity,mc_ratio,0.4901770715046454
4D_freerun_capacity,leak_rate=1|n_units=200|rho=0.7|state_noise=0.0001,1,memory_capacity,n_delays,400.0
4D_freerun_capacity,leak_rate=1|n_units=200|rho=0.7|state_noise=0.0001,1,ipc,ipc_total,593.9725544958704
4D_freerun_capacity,leak_rate=1|n_units=200|rho=0.7|state_noise=0.0001,1,ipc,ipc_total_raw,593.9725544958704
4D_freerun_capacity,leak_rate=1|n_units=200|rho=0.7|state_noise=0.0001,1,ipc,ipc_linear,52.98302643805999
4D_freerun_capacity,leak_rate=1|n_units=200|rho=0.7|state_noise=0.0001,1,ipc,ipc_nonlinear,540.9895280578105
4D_freerun_capacity,leak_rate=1|n_units=200|rho=0.7|state_noise=0.0001,1,ipc,n_targets,601.0
4D_freerun_capacity,leak_rate=1|n_units=200|rho=0.7|state_noise=0.0001,1,ipc,n_targets_kept,601.0
4D_freerun_capacity,leak_rate=1|n_units=200|rho=0.7|state_noise=0.0001,1,ipc,saturation_ratio,2.969862772479352
4D_freerun_capacity,leak_rate=1|n_units=200|rho=0.7|state_noise=0.0001,1,ipc,ipc_threshold_degree1,0.03237669263784855
4D_freerun_capacity,leak_rate=1|n_units=200|rho=0.7|state_noise=0.0001,1,ipc,ipc_threshold_degree2,0.5027622019906123
4D_freerun_capacity,leak_rate=1|n_units=200|rho=0.7|state_noise=0.0001,1,ipc,ipc_threshold_degree3,0.03299827165071175
4D_freerun_capacity,leak_rate=1|n_units=200|rho=0.7|state_noise=0.0001,1,ipc,ipc_threshold_degree4,0.31134454428179836
4D_freerun_capacity,leak_rate=1|n_units=200|rho=0.7|state_noise=0.0001,2,memory_capacity,mc_total,85.8306637021021
4D_freerun_capacity,leak_rate=1|n_units=200|rho=0.7|state_noise=0.0001,2,memory_capacity,mc_total_raw,85.8306637021021
4D_freerun_capacity,leak_rate=1|n_units=200|rho=0.7|state_noise=0.0001,2,memory_capacity,mc_threshold,0.03429091201697513
4D_freerun_capacity,leak_rate=1|n_units=200|rho=0.7|state_noise=0.0001,2,memory_capacity,mc_effective_delay,97.11235356946707
4D_freerun_capacity,leak_rate=1|n_units=200|rho=0.7|state_noise=0.0001,2,memory_capacity,mc_ratio,0.42915331851051053
4D_freerun_capacity,leak_rate=1|n_units=200|rho=0.7|state_noise=0.0001,2,memory_capacity,n_delays,400.0
4D_freerun_capacity,leak_rate=1|n_units=200|rho=0.7|state_noise=0.0001,2,ipc,ipc_total,593.366517799878
4D_freerun_capacity,leak_rate=1|n_units=200|rho=0.7|state_noise=0.0001,2,ipc,ipc_total_raw,593.366517799878
4D_freerun_capacity,leak_rate=1|n_units=200|rho=0.7|state_noise=0.0001,2,ipc,ipc_linear,52.37801718306544
4D_freerun_capacity,leak_rate=1|n_units=200|rho=0.7|state_noise=0.0001,2,ipc,ipc_nonlinear,540.9885006168125
4D_freerun_capacity,leak_rate=1|n_units=200|rho=0.7|state_noise=0.0001,2,ipc,n_targets,601.0
4D_freerun_capacity,leak_rate=1|n_units=200|rho=0.7|state_noise=0.0001,2,ipc,n_targets_kept,601.0
4D_freerun_capacity,leak_rate=1|n_units=200|rho=0.7|state_noise=0.0001,2,ipc,saturation_ratio,2.96683258899939
4D_freerun_capacity,leak_rate=1|n_units=200|rho=0.7|state_noise=0.0001,2,ipc,ipc_threshold_degree1,0.03135592867526261
4D_freerun_capacity,leak_rate=1|n_units=200|rho=0.7|state_noise=0.0001,2,ipc,ipc_threshold_degree2,0.49793908265316317
4D_freerun_capacity,leak_rate=1|n_units=200|rho=0.7|state_noise=0.0001,2,ipc,ipc_threshold_degree3,0.041682407947757225
4D_freerun_capacity,leak_rate=1|n_units=200|rho=0.7|state_noise=0.0001,2,ipc,ipc_threshold_degree4,0.2874983229792003
4D_freerun_capacity,leak_rate=1|n_units=200|rho=0.7|state_noise=0.0001,3,memory_capacity,mc_total,90.19396155339675
4D_freerun_capacity,leak_rate=1|n_units=200|rho=0.7|state_noise=0.0001,3,memory_capacity,mc_total_raw,90.19396155339675
4D_freerun_capacity,leak_rate=1|n_units=200|rho=0.7|state_noise=0.0001,3,memory_capacity,mc_threshold,0.03528028904395294
4D_freerun_capacity,leak_rate=1|n_units=200|rho=0.7|state_noise=0.0001,3,memory_capacity,mc_effective_delay,107.0086911879838
4D_freerun_capacity,leak_rate=1|n_units=200|rho=0.7|state_noise=0.0001,3,memory_capacity,mc_ratio,0.45096980776698375
4D_freerun_capacity,leak_rate=1|n_units=200|rho=0.7|state_noise=0.0001,3,memory_capacity,n_delays,400.0
4D_freerun_capacity,leak_rate=1|n_units=200|rho=0.7|state_noise=0.0001,3,ipc,ipc_total,593.1623556203265
4D_freerun_capacity,leak_rate=1|n_units=200|rho=0.7|state_noise=0.0001,3,ipc,ipc_total_raw,593.1623556203265
4D_freerun_capacity,leak_rate=1|n_units=200|rho=0.7|state_noise=0.0001,3,ipc,ipc_linear,52.174051997839605
4D_freerun_capacity,leak_rate=1|n_units=200|rho=0.7|state_noise=0.0001,3,ipc,ipc_nonlinear,540.9883036224869
4D_freerun_capacity,leak_rate=1|n_units=200|rho=0.7|state_noise=0.0001,3,ipc,n_targets,601.0
4D_freerun_capacity,leak_rate=1|n_units=200|rho=0.7|state_noise=0.0001,3,ipc,n_targets_kept,601.0
4D_freerun_capacity,leak_rate=1|n_units=200|rho=0.7|state_noise=0.0001,3,ipc,saturation_ratio,2.9658117781016324
4D_freerun_capacity,leak_rate=1|n_units=200|rho=0.7|state_noise=0.0001,3,ipc,ipc_threshold_degree1,0.032258160762871205
4D_freerun_capacity,leak_rate=1|n_units=200|rho=0.7|state_noise=0.0001,3,ipc,ipc_threshold_degree2,0.5164228184993798
4D_freerun_capacity,leak_rate=1|n_units=200|rho=0.7|state_noise=0.0001,3,ipc,ipc_threshold_degree3,0.035232312138818236
4D_freerun_capacity,leak_rate=1|n_units=200|rho=0.7|state_noise=0.0001,3,ipc,ipc_threshold_degree4,0.2920478459359648
4D_freerun_capacity,leak_rate=1|n_units=200|rho=0.7|state_noise=0.0001,4,memory_capacity,mc_total,94.90190940889539
4D_freerun_capacity,leak_rate=1|n_units=200|rho=0.7|state_noise=0.0001,4,memory_capacity,mc_total_raw,94.90190940889539
4D_freerun_capacity,leak_rate=1|n_units=200|rho=0.7|state_noise=0.0001,4,memory_capacity,mc_threshold,0.03361142746375542
4D_freerun_capacity,leak_rate=1|n_units=200|rho=0.7|state_noise=0.0001,4,memory_capacity,mc_effective_delay,116.40209977611387
4D_freerun_capacity,leak_rate=1|n_units=200|rho=0.7|state_noise=0.0001,4,memory_capacity,mc_ratio,0.47450954704447695
4D_freerun_capacity,leak_rate=1|n_units=200|rho=0.7|state_noise=0.0001,4,memory_capacity,n_delays,400.0
4D_freerun_capacity,leak_rate=1|n_units=200|rho=0.7|state_noise=0.0001,4,ipc,ipc_total,593.4031811748848
4D_freerun_capacity,leak_rate=1|n_units=200|rho=0.7|state_noise=0.0001,4,ipc,ipc_total_raw,593.4031811748848
4D_freerun_capacity,leak_rate=1|n_units=200|rho=0.7|state_noise=0.0001,4,ipc,ipc_linear,52.409751983330096
4D_freerun_capacity,leak_rate=1|n_units=200|rho=0.7|state_noise=0.0001,4,ipc,ipc_nonlinear,540.9934291915547
4D_freerun_capacity,leak_rate=1|n_units=200|rho=0.7|state_noise=0.0001,4,ipc,n_targets,601.0
4D_freerun_capacity,leak_rate=1|n_units=200|rho=0.7|state_noise=0.0001,4,ipc,n_targets_kept,601.0
4D_freerun_capacity,leak_rate=1|n_units=200|rho=0.7|state_noise=0.0001,4,ipc,saturation_ratio,2.9670159058744243
4D_freerun_capacity,leak_rate=1|n_units=200|rho=0.7|state_noise=0.0001,4,ipc,ipc_threshold_degree1,0.0316689520592357
4D_freerun_capacity,leak_rate=1|n_units=200|rho=0.7|state_noise=0.0001,4,ipc,ipc_threshold_degree2,0.47215912018142475
4D_freerun_capacity,leak_rate=1|n_units=200|rho=0.7|state_noise=0.0001,4,ipc,ipc_threshold_degree3,0.03893355382895799
4D_freerun_capacity,leak_rate=1|n_units=200|rho=0.7|state_noise=0.0001,4,ipc,ipc_threshold_degree4,0.31213180459731726
4D_freerun_capacity,leak_rate=1|n_units=200|rho=0.7|state_noise=0.001,0,memory_capacity,mc_total,73.13661879437919
4D_freerun_capacity,leak_rate=1|n_units=200|rho=0.7|state_noise=0.001,0,memory_capacity,mc_total_raw,73.13661879437919
4D_freerun_capacity,leak_rate=1|n_units=200|rho=0.7|state_noise=0.001,0,memory_capacity,mc_threshold,0.032694283528306896
4D_freerun_capacity,leak_rate=1|n_units=200|rho=0.7|state_noise=0.001,0,memory_capacity,mc_effective_delay,96.33398621967666
4D_freerun_capacity,leak_rate=1|n_units=200|rho=0.7|state_noise=0.001,0,memory_capacity,mc_ratio,0.36568309397189597
4D_freerun_capacity,leak_rate=1|n_units=200|rho=0.7|state_noise=0.001,0,memory_capacity,n_delays,400.0
4D_freerun_capacity,leak_rate=1|n_units=200|rho=0.7|state_noise=0.001,0,ipc,ipc_total,587.5104237495841
4D_freerun_capacity,leak_rate=1|n_units=200|rho=0.7|state_noise=0.001,0,ipc,ipc_total_raw,587.5104237495841
4D_freerun_capacity,leak_rate=1|n_units=200|rho=0.7|state_noise=0.001,0,ipc,ipc_linear,46.63168733481359
4D_freerun_capacity,leak_rate=1|n_units=200|rho=0.7|state_noise=0.001,0,ipc,ipc_nonlinear,540.8787364147705
4D_freerun_capacity,leak_rate=1|n_units=200|rho=0.7|state_noise=0.001,0,ipc,n_targets,601.0
4D_freerun_capacity,leak_rate=1|n_units=200|rho=0.7|state_noise=0.001,0,ipc,n_targets_kept,601.0
4D_freerun_capacity,leak_rate=1|n_units=200|rho=0.7|state_noise=0.001,0,ipc,saturation_ratio,2.9375521187479205
4D_freerun_capacity,leak_rate=1|n_units=200|rho=0.7|state_noise=0.001,0,ipc,ipc_threshold_degree1,0.03258227043814943
4D_freerun_capacity,leak_rate=1|n_units=200|rho=0.7|state_noise=0.001,0,ipc,ipc_threshold_degree2,0.4667068689078469
4D_freerun_capacity,leak_rate=1|n_units=200|rho=0.7|state_noise=0.001,0,ipc,ipc_threshold_degree3,0.0513416601343902
4D_freerun_capacity,leak_rate=1|n_units=200|rho=0.7|state_noise=0.001,0,ipc,ipc_threshold_degree4,0.28272991162731287
4D_freerun_capacity,leak_rate=1|n_units=200|rho=0.7|state_noise=0.001,1,memory_capacity,mc_total,80.75662404286324
4D_freerun_capacity,leak_rate=1|n_units=200|rho=0.7|state_noise=0.001,1,memory_capacity,mc_total_raw,80.75662404286324
4D_freerun_capacity,leak_rate=1|n_units=200|rho=0.7|state_noise=0.001,1,memory_capacity,mc_threshold,0.03238159837464401
4D_freerun_capacity,leak_rate=1|n_units=200|rho=0.7|state_noise=0.001,1,memory_capacity,mc_effective_delay,105.79320849919978
4D_freerun_capacity,leak_rate=1|n_units=200|rho=0.7|state_noise=0.001,1,memory_capacity,mc_ratio,0.40378312021431617
4D_freerun_capacity,leak_rate=1|n_units=200|rho=0.7|state_noise=0.001,1,memory_capacity,n_delays,400.0
4D_freerun_capacity,leak_rate=1|n_units=200|rho=0.7|state_noise=0.001,1,ipc,ipc_total,588.4606103508538
4D_freerun_capacity,leak_rate=1|n_units=200|rho=0.7|state_noise=0.001,1,ipc,ipc_total_raw,588.4606103508538
4D_freerun_capacity,leak_rate=1|n_units=200|rho=0.7|state_noise=0.001,1,ipc,ipc_linear,47.65366676162471
4D_freerun_capacity,leak_rate=1|n_units=200|rho=0.7|state_noise=0.001,1,ipc,ipc_nonlinear,540.8069435892291
4D_freerun_capacity,leak_rate=1|n_units=200|rho=0.7|state_noise=0.001,1,ipc,n_targets,601.0
4D_freerun_capacity,leak_rate=1|n_units=200|rho=0.7|state_noise=0.001,1,ipc,n_targets_kept,601.0
4D_freerun_capacity,leak_rate=1|n_units=200|rho=0.7|state_noise=0.001,1,ipc,saturation_ratio,2.942303051754269
4D_freerun_capacity,leak_rate=1|n_units=200|rho=0.7|state_noise=0.001,1,ipc,ipc_threshold_degree1,0.032606342993620134
4D_freerun_capacity,leak_rate=1|n_units=200|rho=0.7|state_noise=0.001,1,ipc,ipc_threshold_degree2,0.5027802069852061
4D_freerun_capacity,leak_rate=1|n_units=200|rho=0.7|state_noise=0.001,1,ipc,ipc_threshold_degree3,0.03304279236371953
4D_freerun_capacity,leak_rate=1|n_units=200|rho=0.7|state_noise=0.001,1,ipc,ipc_threshold_degree4,0.31149658105901046
4D_freerun_capacity,leak_rate=1|n_units=200|rho=0.7|state_noise=0.001,2,memory_capacity,mc_total,72.43408469471457
4D_freerun_capacity,leak_rate=1|n_units=200|rho=0.7|state_noise=0.001,2,memory_capacity,mc_total_raw,72.43408469471457
4D_freerun_capacity,leak_rate=1|n_units=200|rho=0.7|state_noise=0.001,2,memory_capacity,mc_threshold,0.03410248882152682
4D_freerun_capacity,leak_rate=1|n_units=200|rho=0.7|state_noise=0.001,2,memory_capacity,mc_effective_delay,88.17926465893628
4D_freerun_capacity,leak_rate=1|n_units=200|rho=0.7|state_noise=0.001,2,memory_capacity,mc_ratio,0.36217042347357287
4D_freerun_capacity,leak_rate=1|n_units=200|rho=0.7|state_noise=0.001,2,memory_capacity,n_delays,400.0
4D_freerun_capacity,leak_rate=1|n_units=200|rho=0.7|state_noise=0.001,2,ipc,ipc_total,587.1009294624221
4D_freerun_capacity,leak_rate=1|n_units=200|rho=0.7|state_noise=0.001,2,ipc,ipc_total_raw,587.1009294624221
4D_freerun_capacity,leak_rate=1|n_units=200|rho=0.7|state_noise=0.001,2,ipc,ipc_linear,46.287851351114604
4D_freerun_capacity,leak_rate=1|n_units=200|rho=0.7|state_noise=0.001,2,ipc,ipc_nonlinear,540.8130781113075
4D_freerun_capacity,leak_rate=1|n_units=200|rho=0.7|state_noise=0.001,2,ipc,n_targets,601.0
4D_freerun_capacity,leak_rate=1|n_units=200|rho=0.7|state_noise=0.001,2,ipc,n_targets_kept,601.0
4D_freerun_capacity,leak_rate=1|n_units=200|rho=0.7|state_noise=0.001,2,ipc,saturation_ratio,2.9355046473121105
4D_freerun_capacity,leak_rate=1|n_units=200|rho=0.7|state_noise=0.001,2,ipc,ipc_threshold_degree1,0.03168028121378276
4D_freerun_capacity,leak_rate=1|n_units=200|rho=0.7|state_noise=0.001,2,ipc,ipc_threshold_degree2,0.49767100938257913
4D_freerun_capacity,leak_rate=1|n_units=200|rho=0.7|state_noise=0.001,2,ipc,ipc_threshold_degree3,0.04159431619145318
4D_freerun_capacity,leak_rate=1|n_units=200|rho=0.7|state_noise=0.001,2,ipc,ipc_threshold_degree4,0.28677133276098504
4D_freerun_capacity,leak_rate=1|n_units=200|rho=0.7|state_noise=0.001,3,memory_capacity,mc_total,77.55817851715695
4D_freerun_capacity,leak_rate=1|n_units=200|rho=0.7|state_noise=0.001,3,memory_capacity,mc_total_raw,77.55817851715695
4D_freerun_capacity,leak_rate=1|n_units=200|rho=0.7|state_noise=0.001,3,memory_capacity,mc_threshold,0.033053484221871945
4D_freerun_capacity,leak_rate=1|n_units=200|rho=0.7|state_noise=0.001,3,memory_capacity,mc_effective_delay,99.59778591277752
4D_freerun_capacity,leak_rate=1|n_units=200|rho=0.7|state_noise=0.001,3,memory_capacity,mc_ratio,0.38779089258578475
4D_freerun_capacity,leak_rate=1|n_units=200|rho=0.7|state_noise=0.001,3,memory_capacity,n_delays,400.0
4D_freerun_capacity,leak_rate=1|n_units=200|rho=0.7|state_noise=0.001,3,ipc,ipc_total,588.0237445802666
4D_freerun_capacity,leak_rate=1|n_units=200|rho=0.7|state_noise=0.001,3,ipc,ipc_total_raw,588.0237445802666
4D_freerun_capacity,leak_rate=1|n_units=200|rho=0.7|state_noise=0.001,3,ipc,ipc_linear,47.196247250635864
4D_freerun_capacity,leak_rate=1|n_units=200|rho=0.7|state_noise=0.001,3,ipc,ipc_nonlinear,540.8274973296307
4D_freerun_capacity,leak_rate=1|n_units=200|rho=0.7|state_noise=0.001,3,ipc,n_targets,601.0
4D_freerun_capacity,leak_rate=1|n_units=200|rho=0.7|state_noise=0.001,3,ipc,n_targets_kept,601.0
4D_freerun_capacity,leak_rate=1|n_units=200|rho=0.7|state_noise=0.001,3,ipc,saturation_ratio,2.940118722901333
4D_freerun_capacity,leak_rate=1|n_units=200|rho=0.7|state_noise=0.001,3,ipc,ipc_threshold_degree1,0.03206522891358963
4D_freerun_capacity,leak_rate=1|n_units=200|rho=0.7|state_noise=0.001,3,ipc,ipc_threshold_degree2,0.516113203639178
4D_freerun_capacity,leak_rate=1|n_units=200|rho=0.7|state_noise=0.001,3,ipc,ipc_threshold_degree3,0.036211092225756025
4D_freerun_capacity,leak_rate=1|n_units=200|rho=0.7|state_noise=0.001,3,ipc,ipc_threshold_degree4,0.29114811004721786
4D_freerun_capacity,leak_rate=1|n_units=200|rho=0.7|state_noise=0.001,4,memory_capacity,mc_total,77.2214921121269
4D_freerun_capacity,leak_rate=1|n_units=200|rho=0.7|state_noise=0.001,4,memory_capacity,mc_total_raw,77.2214921121269
4D_freerun_capacity,leak_rate=1|n_units=200|rho=0.7|state_noise=0.001,4,memory_capacity,mc_threshold,0.03433935755329847
4D_freerun_capacity,leak_rate=1|n_units=200|rho=0.7|state_noise=0.001,4,memory_capacity,mc_effective_delay,106.67099257817475
4D_freerun_capacity,leak_rate=1|n_units=200|rho=0.7|state_noise=0.001,4,memory_capacity,mc_ratio,0.3861074605606345
4D_freerun_capacity,leak_rate=1|n_units=200|rho=0.7|state_noise=0.001,4,memory_capacity,n_delays,400.0
4D_freerun_capacity,leak_rate=1|n_units=200|rho=0.7|state_noise=0.001,4,ipc,ipc_total,587.0258173498174
4D_freerun_capacity,leak_rate=1|n_units=200|rho=0.7|state_noise=0.001,4,ipc,ipc_total_raw,587.0258173498174
4D_freerun_capacity,leak_rate=1|n_units=200|rho=0.7|state_noise=0.001,4,ipc,ipc_linear,46.13993078977896
4D_freerun_capacity,leak_rate=1|n_units=200|rho=0.7|state_noise=0.001,4,ipc,ipc_nonlinear,540.8858865600384
4D_freerun_capacity,leak_rate=1|n_units=200|rho=0.7|state_noise=0.001,4,ipc,n_targets,601.0
4D_freerun_capacity,leak_rate=1|n_units=200|rho=0.7|state_noise=0.001,4,ipc,n_targets_kept,601.0
4D_freerun_capacity,leak_rate=1|n_units=200|rho=0.7|state_noise=0.001,4,ipc,saturation_ratio,2.9351290867490873
4D_freerun_capacity,leak_rate=1|n_units=200|rho=0.7|state_noise=0.001,4,ipc,ipc_threshold_degree1,0.03146539855445744
4D_freerun_capacity,leak_rate=1|n_units=200|rho=0.7|state_noise=0.001,4,ipc,ipc_threshold_degree2,0.47230546947599955
4D_freerun_capacity,leak_rate=1|n_units=200|rho=0.7|state_noise=0.001,4,ipc,ipc_threshold_degree3,0.037893268454380846
4D_freerun_capacity,leak_rate=1|n_units=200|rho=0.7|state_noise=0.001,4,ipc,ipc_threshold_degree4,0.3121004510384481
4D_freerun_capacity,leak_rate=1|n_units=200|rho=0.7|state_noise=0.01,0,memory_capacity,mc_total,59.743503425847194
4D_freerun_capacity,leak_rate=1|n_units=200|rho=0.7|state_noise=0.01,0,memory_capacity,mc_total_raw,59.743503425847194
4D_freerun_capacity,leak_rate=1|n_units=200|rho=0.7|state_noise=0.01,0,memory_capacity,mc_threshold,0.03336880343756796
4D_freerun_capacity,leak_rate=1|n_units=200|rho=0.7|state_noise=0.01,0,memory_capacity,mc_effective_delay,90.25070085795751
4D_freerun_capacity,leak_rate=1|n_units=200|rho=0.7|state_noise=0.01,0,memory_capacity,mc_ratio,0.298717517129236
4D_freerun_capacity,leak_rate=1|n_units=200|rho=0.7|state_noise=0.01,0,memory_capacity,n_delays,400.0
4D_freerun_capacity,leak_rate=1|n_units=200|rho=0.7|state_noise=0.01,0,ipc,ipc_total,577.65733735131
4D_freerun_capacity,leak_rate=1|n_units=200|rho=0.7|state_noise=0.01,0,ipc,ipc_total_raw,577.65733735131
4D_freerun_capacity,leak_rate=1|n_units=200|rho=0.7|state_noise=0.01,0,ipc,ipc_linear,38.953100953968544
4D_freerun_capacity,leak_rate=1|n_units=200|rho=0.7|state_noise=0.01,0,ipc,ipc_nonlinear,538.7042363973414
4D_freerun_capacity,leak_rate=1|n_units=200|rho=0.7|state_noise=0.01,0,ipc,n_targets,601.0
4D_freerun_capacity,leak_rate=1|n_units=200|rho=0.7|state_noise=0.01,0,ipc,n_targets_kept,601.0
4D_freerun_capacity,leak_rate=1|n_units=200|rho=0.7|state_noise=0.01,0,ipc,saturation_ratio,2.88828668675655
4D_freerun_capacity,leak_rate=1|n_units=200|rho=0.7|state_noise=0.01,0,ipc,ipc_threshold_degree1,0.03188139438159112
4D_freerun_capacity,leak_rate=1|n_units=200|rho=0.7|state_noise=0.01,0,ipc,ipc_threshold_degree2,0.4665251163348996
4D_freerun_capacity,leak_rate=1|n_units=200|rho=0.7|state_noise=0.01,0,ipc,ipc_threshold_degree3,0.051704971524271844
4D_freerun_capacity,leak_rate=1|n_units=200|rho=0.7|state_noise=0.01,0,ipc,ipc_threshold_degree4,0.28234222447898755
4D_freerun_capacity,leak_rate=1|n_units=200|rho=0.7|state_noise=0.01,1,memory_capacity,mc_total,66.4367767951953
4D_freerun_capacity,leak_rate=1|n_units=200|rho=0.7|state_noise=0.01,1,memory_capacity,mc_total_raw,66.4367767951953
4D_freerun_capacity,leak_rate=1|n_units=200|rho=0.7|state_noise=0.01,1,memory_capacity,mc_threshold,0.03316146728314797
4D_freerun_capacity,leak_rate=1|n_units=200|rho=0.7|state_noise=0.01,1,memory_capacity,mc_effective_delay,97.26825523292214
4D_freerun_capacity,leak_rate=1|n_units=200|rho=0.7|state_noise=0.01,1,memory_capacity,mc_ratio,0.3321838839759765
4D_freerun_capacity,leak_rate=1|n_units=200|rho=0.7|state_noise=0.01,1,memory_capacity,n_delays,400.0
4D_freerun_capacity,leak_rate=1|n_units=200|rho=0.7|state_noise=0.01,1,ipc,ipc_total,578.7081499443261
4D_freerun_capacity,leak_rate=1|n_units=200|rho=0.7|state_noise=0.01,1,ipc,ipc_total_raw,578.7081499443261
4D_freerun_capacity,leak_rate=1|n_units=200|rho=0.7|state_noise=0.01,1,ipc,ipc_linear,40.80092618596958
4D_freerun_capacity,leak_rate=1|n_units=200|rho=0.7|state_noise=0.01,1,ipc,ipc_nonlinear,537.9072237583565
4D_freerun_capacity,leak_rate=1|n_units=200|rho=0.7|state_noise=0.01,1,ipc,n_targets,601.0
4D_freerun_capacity,leak_rate=1|n_units=200|rho=0.7|state_noise=0.01,1,ipc,n_targets_kept,601.0
4D_freerun_capacity,leak_rate=1|n_units=200|rho=0.7|state_noise=0.01,1,ipc,saturation_ratio,2.893540749721631
4D_freerun_capacity,leak_rate=1|n_units=200|rho=0.7|state_noise=0.01,1,ipc,ipc_threshold_degree1,0.03218857670565461
4D_freerun_capacity,leak_rate=1|n_units=200|rho=0.7|state_noise=0.01,1,ipc,ipc_threshold_degree2,0.5027184672919452
4D_freerun_capacity,leak_rate=1|n_units=200|rho=0.7|state_noise=0.01,1,ipc,ipc_threshold_degree3,0.03305516059865503
4D_freerun_capacity,leak_rate=1|n_units=200|rho=0.7|state_noise=0.01,1,ipc,ipc_threshold_degree4,0.3117731884057881
4D_freerun_capacity,leak_rate=1|n_units=200|rho=0.7|state_noise=0.01,2,memory_capacity,mc_total,58.45044963665555
4D_freerun_capacity,leak_rate=1|n_units=200|rho=0.7|state_noise=0.01,2,memory_capacity,mc_total_raw,59.21969580612415
4D_freerun_capacity,leak_rate=1|n_units=200|rho=0.7|state_noise=0.01,2,memory_capacity,mc_threshold,0.03485831794866895
4D_freerun_capacity,leak_rate=1|n_units=200|rho=0.7|state_noise=0.01,2,memory_capacity,mc_effective_delay,75.90916697801234
4D_freerun_capacity,leak_rate=1|n_units=200|rho=0.7|state_noise=0.01,2,memory_capacity,mc_ratio,0.2922522481832777
4D_freerun_capacity,leak_rate=1|n_units=200|rho=0.7|state_noise=0.01,2,memory_capacity,n_delays,400.0
4D_freerun_capacity,leak_rate=1|n_units=200|rho=0.7|state_noise=0.01,2,ipc,ipc_total,577.7795358456972
4D_freerun_capacity,leak_rate=1|n_units=200|rho=0.7|state_noise=0.01,2,ipc,ipc_total_raw,577.7795358456972
4D_freerun_capacity,leak_rate=1|n_units=200|rho=0.7|state_noise=0.01,2,ipc,ipc_linear,39.559948482453954
4D_freerun_capacity,leak_rate=1|n_units=200|rho=0.7|state_noise=0.01,2,ipc,ipc_nonlinear,538.2195873632432
4D_freerun_capacity,leak_rate=1|n_units=200|rho=0.7|state_noise=0.01,2,ipc,n_targets,601.0
4D_freerun_capacity,leak_rate=1|n_units=200|rho=0.7|state_noise=0.01,2,ipc,n_targets_kept,601.0
4D_freerun_capacity,leak_rate=1|n_units=200|rho=0.7|state_noise=0.01,2,ipc,saturation_ratio,2.888897679228486
4D_freerun_capacity,leak_rate=1|n_units=200|rho=0.7|state_noise=0.01,2,ipc,ipc_threshold_degree1,0.031628458057008216
4D_freerun_capacity,leak_rate=1|n_units=200|rho=0.7|state_noise=0.01,2,ipc,ipc_threshold_degree2,0.4978668881733893
4D_freerun_capacity,leak_rate=1|n_units=200|rho=0.7|state_noise=0.01,2,ipc,ipc_threshold_degree3,0.04119124341147308
4D_freerun_capacity,leak_rate=1|n_units=200|rho=0.7|state_noise=0.01,2,ipc,ipc_threshold_degree4,0.2871737216925736
4D_freerun_capacity,leak_rate=1|n_units=200|rho=0.7|state_noise=0.01,3,memory_capacity,mc_total,62.57075629894822
4D_freerun_capacity,leak_rate=1|n_units=200|rho=0.7|state_noise=0.01,3,memory_capacity,mc_total_raw,62.57075629894822
4D_freerun_capacity,leak_rate=1|n_units=200|rho=0.7|state_noise=0.01,3,memory_capacity,mc_threshold,0.03380027992471144
4D_freerun_capacity,leak_rate=1|n_units=200|rho=0.7|state_noise=0.01,3,memory_capacity,mc_effective_delay,88.41194391753204
4D_freerun_capacity,leak_rate=1|n_units=200|rho=0.7|state_noise=0.01,3,memory_capacity,mc_ratio,0.3128537814947411
4D_freerun_capacity,leak_rate=1|n_units=200|rho=0.7|state_noise=0.01,3,memory_capacity,n_delays,400.0
4D_freerun_capacity,leak_rate=1|n_units=200|rho=0.7|state_noise=0.01,3,ipc,ipc_total,578.1083841913727
4D_freerun_capacity,leak_rate=1|n_units=200|rho=0.7|state_noise=0.01,3,ipc,ipc_total_raw,578.1083841913727
4D_freerun_capacity,leak_rate=1|n_units=200|rho=0.7|state_noise=0.01,3,ipc,ipc_linear,40.13905254493325
4D_freerun_capacity,leak_rate=1|n_units=200|rho=0.7|state_noise=0.01,3,ipc,ipc_nonlinear,537.9693316464394
4D_freerun_capacity,leak_rate=1|n_units=200|rho=0.7|state_noise=0.01,3,ipc,n_targets,601.0
4D_freerun_capacity,leak_rate=1|n_units=200|rho=0.7|state_noise=0.01,3,ipc,n_targets_kept,601.0
4D_freerun_capacity,leak_rate=1|n_units=200|rho=0.7|state_noise=0.01,3,ipc,saturation_ratio,2.8905419209568635
4D_freerun_capacity,leak_rate=1|n_units=200|rho=0.7|state_noise=0.01,3,ipc,ipc_threshold_degree1,0.0323887889227694
4D_freerun_capacity,leak_rate=1|n_units=200|rho=0.7|state_noise=0.01,3,ipc,ipc_threshold_degree2,0.5161019640953312
4D_freerun_capacity,leak_rate=1|n_units=200|rho=0.7|state_noise=0.01,3,ipc,ipc_threshold_degree3,0.03574395607313551
4D_freerun_capacity,leak_rate=1|n_units=200|rho=0.7|state_noise=0.01,3,ipc,ipc_threshold_degree4,0.29094358459347724
4D_freerun_capacity,leak_rate=1|n_units=200|rho=0.7|state_noise=0.01,4,memory_capacity,mc_total,60.04313473185556
4D_freerun_capacity,leak_rate=1|n_units=200|rho=0.7|state_noise=0.01,4,memory_capacity,mc_total_raw,60.04313473185556
4D_freerun_capacity,leak_rate=1|n_units=200|rho=0.7|state_noise=0.01,4,memory_capacity,mc_threshold,0.03468697825747874
4D_freerun_capacity,leak_rate=1|n_units=200|rho=0.7|state_noise=0.01,4,memory_capacity,mc_effective_delay,94.25463132255233
4D_freerun_capacity,leak_rate=1|n_units=200|rho=0.7|state_noise=0.01,4,memory_capacity,mc_ratio,0.3002156736592778
4D_freerun_capacity,leak_rate=1|n_units=200|rho=0.7|state_noise=0.01,4,memory_capacity,n_delays,400.0
4D_freerun_capacity,leak_rate=1|n_units=200|rho=0.7|state_noise=0.01,4,ipc,ipc_total,578.1300379757407
4D_freerun_capacity,leak_rate=1|n_units=200|rho=0.7|state_noise=0.01,4,ipc,ipc_total_raw,578.1300379757407
4D_freerun_capacity,leak_rate=1|n_units=200|rho=0.7|state_noise=0.01,4,ipc,ipc_linear,39.3483274327405
4D_freerun_capacity,leak_rate=1|n_units=200|rho=0.7|state_noise=0.01,4,ipc,ipc_nonlinear,538.7817105430003
4D_freerun_capacity,leak_rate=1|n_units=200|rho=0.7|state_noise=0.01,4,ipc,n_targets,601.0
4D_freerun_capacity,leak_rate=1|n_units=200|rho=0.7|state_noise=0.01,4,ipc,n_targets_kept,601.0
4D_freerun_capacity,leak_rate=1|n_units=200|rho=0.7|state_noise=0.01,4,ipc,saturation_ratio,2.890650189878704
4D_freerun_capacity,leak_rate=1|n_units=200|rho=0.7|state_noise=0.01,4,ipc,ipc_threshold_degree1,0.032289345469460815
4D_freerun_capacity,leak_rate=1|n_units=200|rho=0.7|state_noise=0.01,4,ipc,ipc_threshold_degree2,0.4721777154309123
4D_freerun_capacity,leak_rate=1|n_units=200|rho=0.7|state_noise=0.01,4,ipc,ipc_threshold_degree3,0.03846061060398044
4D_freerun_capacity,leak_rate=1|n_units=200|rho=0.7|state_noise=0.01,4,ipc,ipc_threshold_degree4,0.31237978002102856
4D_freerun_capacity,leak_rate=0.1|n_units=200|rho=0.9|state_noise=0,0,memory_capacity,mc_total,276.8971452634123
4D_freerun_capacity,leak_rate=0.1|n_units=200|rho=0.9|state_noise=0,0,memory_capacity,mc_total_raw,276.8971452634123
4D_freerun_capacity,leak_rate=0.1|n_units=200|rho=0.9|state_noise=0,0,memory_capacity,mc_threshold,0.03393305566701521
4D_freerun_capacity,leak_rate=0.1|n_units=200|rho=0.9|state_noise=0,0,memory_capacity,mc_effective_delay,150.5942594865556
4D_freerun_capacity,leak_rate=0.1|n_units=200|rho=0.9|state_noise=0,0,memory_capacity,mc_ratio,1.3844857263170616
4D_freerun_capacity,leak_rate=0.1|n_units=200|rho=0.9|state_noise=0,0,memory_capacity,n_delays,400.0
4D_freerun_capacity,leak_rate=0.1|n_units=200|rho=0.9|state_noise=0,0,ipc,ipc_total,600.9942860089815
4D_freerun_capacity,leak_rate=0.1|n_units=200|rho=0.9|state_noise=0,0,ipc,ipc_total_raw,600.9942860089815
4D_freerun_capacity,leak_rate=0.1|n_units=200|rho=0.9|state_noise=0,0,ipc,ipc_linear,59.99635205546283
4D_freerun_capacity,leak_rate=0.1|n_units=200|rho=0.9|state_noise=0,0,ipc,ipc_nonlinear,540.9979339535187
4D_freerun_capacity,leak_rate=0.1|n_units=200|rho=0.9|state_noise=0,0,ipc,n_targets,601.0
4D_freerun_capacity,leak_rate=0.1|n_units=200|rho=0.9|state_noise=0,0,ipc,n_targets_kept,601.0
4D_freerun_capacity,leak_rate=0.1|n_units=200|rho=0.9|state_noise=0,0,ipc,saturation_ratio,3.0049714300449075
4D_freerun_capacity,leak_rate=0.1|n_units=200|rho=0.9|state_noise=0,0,ipc,ipc_threshold_degree1,0.03279833473930209
4D_freerun_capacity,leak_rate=0.1|n_units=200|rho=0.9|state_noise=0,0,ipc,ipc_threshold_degree2,0.46665058794245684
4D_freerun_capacity,leak_rate=0.1|n_units=200|rho=0.9|state_noise=0,0,ipc,ipc_threshold_degree3,0.05114071343575082
4D_freerun_capacity,leak_rate=0.1|n_units=200|rho=0.9|state_noise=0,0,ipc,ipc_threshold_degree4,0.28245709081285025
4D_freerun_capacity,leak_rate=0.1|n_units=200|rho=0.9|state_noise=0,1,memory_capacity,mc_total,305.6200446471971
4D_freerun_capacity,leak_rate=0.1|n_units=200|rho=0.9|state_noise=0,1,memory_capacity,mc_total_raw,305.6200446471971
4D_freerun_capacity,leak_rate=0.1|n_units=200|rho=0.9|state_noise=0,1,memory_capacity,mc_threshold,0.03279904166256608
4D_freerun_capacity,leak_rate=0.1|n_units=200|rho=0.9|state_noise=0,1,memory_capacity,mc_effective_delay,165.83002124314768
4D_freerun_capacity,leak_rate=0.1|n_units=200|rho=0.9|state_noise=0,1,memory_capacity,mc_ratio,1.5281002232359855
4D_freerun_capacity,leak_rate=0.1|n_units=200|rho=0.9|state_noise=0,1,memory_capacity,n_delays,400.0
4D_freerun_capacity,leak_rate=0.1|n_units=200|rho=0.9|state_noise=0,1,ipc,ipc_total,600.988842595835
4D_freerun_capacity,leak_rate=0.1|n_units=200|rho=0.9|state_noise=0,1,ipc,ipc_total_raw,600.988842595835
4D_freerun_capacity,leak_rate=0.1|n_units=200|rho=0.9|state_noise=0,1,ipc,ipc_linear,59.99523705664883
4D_freerun_capacity,leak_rate=0.1|n_units=200|rho=0.9|state_noise=0,1,ipc,ipc_nonlinear,540.9936055391861
4D_freerun_capacity,leak_rate=0.1|n_units=200|rho=0.9|state_noise=0,1,ipc,n_targets,601.0
4D_freerun_capacity,leak_rate=0.1|n_units=200|rho=0.9|state_noise=0,1,ipc,n_targets_kept,601.0
4D_freerun_capacity,leak_rate=0.1|n_units=200|rho=0.9|state_noise=0,1,ipc,saturation_ratio,3.004944212979175
4D_freerun_capacity,leak_rate=0.1|n_units=200|rho=0.9|state_noise=0,1,ipc,ipc_threshold_degree1,0.03216810207373592
4D_freerun_capacity,leak_rate=0.1|n_units=200|rho=0.9|state_noise=0,1,ipc,ipc_threshold_degree2,0.5024876733895577
4D_freerun_capacity,leak_rate=0.1|n_units=200|rho=0.9|state_noise=0,1,ipc,ipc_threshold_degree3,0.03441311895642462
4D_freerun_capacity,leak_rate=0.1|n_units=200|rho=0.9|state_noise=0,1,ipc,ipc_threshold_degree4,0.3110917101423406
4D_freerun_capacity,leak_rate=0.1|n_units=200|rho=0.9|state_noise=0,2,memory_capacity,mc_total,300.2984434072784
4D_freerun_capacity,leak_rate=0.1|n_units=200|rho=0.9|state_noise=0,2,memory_capacity,mc_total_raw,300.2984434072784
4D_freerun_capacity,leak_rate=0.1|n_units=200|rho=0.9|state_noise=0,2,memory_capacity,mc_threshold,0.033617918700217464
4D_freerun_capacity,leak_rate=0.1|n_units=200|rho=0.9|state_noise=0,2,memory_capacity,mc_effective_delay,163.03642530364564
4D_freerun_capacity,leak_rate=0.1|n_units=200|rho=0.9|state_noise=0,2,memory_capacity,mc_ratio,1.501492217036392
4D_freerun_capacity,leak_rate=0.1|n_units=200|rho=0.9|state_noise=0,2,memory_capacity,n_delays,400.0
4D_freerun_capacity,leak_rate=0.1|n_units=200|rho=0.9|state_noise=0,2,ipc,ipc_total,600.9893751012153
4D_freerun_capacity,leak_rate=0.1|n_units=200|rho=0.9|state_noise=0,2,ipc,ipc_total_raw,600.9893751012153
4D_freerun_capacity,leak_rate=0.1|n_units=200|rho=0.9|state_noise=0,2,ipc,ipc_linear,59.99489395379254
4D_freerun_capacity,leak_rate=0.1|n_units=200|rho=0.9|state_noise=0,2,ipc,ipc_nonlinear,540.9944811474227
4D_freerun_capacity,leak_rate=0.1|n_units=200|rho=0.9|state_noise=0,2,ipc,n_targets,601.0
4D_freerun_capacity,leak_rate=0.1|n_units=200|rho=0.9|state_noise=0,2,ipc,n_targets_kept,601.0
4D_freerun_capacity,leak_rate=0.1|n_units=200|rho=0.9|state_noise=0,2,ipc,saturation_ratio,3.0049468755060764
4D_freerun_capacity,leak_rate=0.1|n_units=200|rho=0.9|state_noise=0,2,ipc,ipc_threshold_degree1,0.03281344922591788
4D_freerun_capacity,leak_rate=0.1|n_units=200|rho=0.9|state_noise=0,2,ipc,ipc_threshold_degree2,0.49790818169861834
4D_freerun_capacity,leak_rate=0.1|n_units=200|rho=0.9|state_noise=0,2,ipc,ipc_threshold_degree3,0.04231422453008479
4D_freerun_capacity,leak_rate=0.1|n_units=200|rho=0.9|state_noise=0,2,ipc,ipc_threshold_degree4,0.287087205834969
4D_freerun_capacity,leak_rate=0.1|n_units=200|rho=0.9|state_noise=0,3,memory_capacity,mc_total,279.8588692672856
4D_freerun_capacity,leak_rate=0.1|n_units=200|rho=0.9|state_noise=0,3,memory_capacity,mc_total_raw,279.8588692672856
4D_freerun_capacity,leak_rate=0.1|n_units=200|rho=0.9|state_noise=0,3,memory_capacity,mc_threshold,0.034655952225512175
4D_freerun_capacity,leak_rate=0.1|n_units=200|rho=0.9|state_noise=0,3,memory_capacity,mc_effective_delay,154.09053371161036
4D_freerun_capacity,leak_rate=0.1|n_units=200|rho=0.9|state_noise=0,3,memory_capacity,mc_ratio,1.3992943463364282
4D_freerun_capacity,leak_rate=0.1|n_units=200|rho=0.9|state_noise=0,3,memory_capacity,n_delays,400.0
4D_freerun_capacity,leak_rate=0.1|n_units=200|rho=0.9|state_noise=0,3,ipc,ipc_total,600.9867385017345
4D_freerun_capacity,leak_rate=0.1|n_units=200|rho=0.9|state_noise=0,3,ipc,ipc_total_raw,600.9867385017345
4D_freerun_capacity,leak_rate=0.1|n_units=200|rho=0.9|state_noise=0,3,ipc,ipc_linear,59.99386693315186
4D_freerun_capacity,leak_rate=0.1|n_units=200|rho=0.9|state_noise=0,3,ipc,ipc_nonlinear,540.9928715685827
4D_freerun_capacity,leak_rate=0.1|n_units=200|rho=0.9|state_noise=0,3,ipc,n_targets,601.0
4D_freerun_capacity,leak_rate=0.1|n_units=200|rho=0.9|state_noise=0,3,ipc,n_targets_kept,601.0
4D_freerun_capacity,leak_rate=0.1|n_units=200|rho=0.9|state_noise=0,3,ipc,saturation_ratio,3.0049336925086725
4D_freerun_capacity,leak_rate=0.1|n_units=200|rho=0.9|state_noise=0,3,ipc,ipc_threshold_degree1,0.03283602421070565
4D_freerun_capacity,leak_rate=0.1|n_units=200|rho=0.9|state_noise=0,3,ipc,ipc_threshold_degree2,0.5161603109903354
4D_freerun_capacity,leak_rate=0.1|n_units=200|rho=0.9|state_noise=0,3,ipc,ipc_threshold_degree3,0.035775371716769866
4D_freerun_capacity,leak_rate=0.1|n_units=200|rho=0.9|state_noise=0,3,ipc,ipc_threshold_degree4,0.2920207521506485
4D_freerun_capacity,leak_rate=0.1|n_units=200|rho=0.9|state_noise=0,4,memory_capacity,mc_total,298.6004405185678
4D_freerun_capacity,leak_rate=0.1|n_units=200|rho=0.9|state_noise=0,4,memory_capacity,mc_total_raw,298.6004405185678
4D_freerun_capacity,leak_rate=0.1|n_units=200|rho=0.9|state_noise=0,4,memory_capacity,mc_threshold,0.03294375579224083
4D_freerun_capacity,leak_rate=0.1|n_units=200|rho=0.9|state_noise=0,4,memory_capacity,mc_effective_delay,161.41742774632183
4D_freerun_capacity,leak_rate=0.1|n_units=200|rho=0.9|state_noise=0,4,memory_capacity,mc_ratio,1.493002202592839
4D_freerun_capacity,leak_rate=0.1|n_units=200|rho=0.9|state_noise=0,4,memory_capacity,n_delays,400.0
4D_freerun_capacity,leak_rate=0.1|n_units=200|rho=0.9|state_noise=0,4,ipc,ipc_total,600.9925330769879
4D_freerun_capacity,leak_rate=0.1|n_units=200|rho=0.9|state_noise=0,4,ipc,ipc_total_raw,600.9925330769879
4D_freerun_capacity,leak_rate=0.1|n_units=200|rho=0.9|state_noise=0,4,ipc,ipc_linear,59.99556965681994
4D_freerun_capacity,leak_rate=0.1|n_units=200|rho=0.9|state_noise=0,4,ipc,ipc_nonlinear,540.996963420168
4D_freerun_capacity,leak_rate=0.1|n_units=200|rho=0.9|state_noise=0,4,ipc,n_targets,601.0
4D_freerun_capacity,leak_rate=0.1|n_units=200|rho=0.9|state_noise=0,4,ipc,n_targets_kept,601.0
4D_freerun_capacity,leak_rate=0.1|n_units=200|rho=0.9|state_noise=0,4,ipc,saturation_ratio,3.0049626653849395
4D_freerun_capacity,leak_rate=0.1|n_units=200|rho=0.9|state_noise=0,4,ipc,ipc_threshold_degree1,0.03260356378430778
4D_freerun_capacity,leak_rate=0.1|n_units=200|rho=0.9|state_noise=0,4,ipc,ipc_threshold_degree2,0.47262948155665124
4D_freerun_capacity,leak_rate=0.1|n_units=200|rho=0.9|state_noise=0,4,ipc,ipc_threshold_degree3,0.0384144517764425
4D_freerun_capacity,leak_rate=0.1|n_units=200|rho=0.9|state_noise=0,4,ipc,ipc_threshold_degree4,0.31280561474551777
4D_freerun_capacity,leak_rate=0.1|n_units=200|rho=0.9|state_noise=0.0001,0,memory_capacity,mc_total,273.94275269830075
4D_freerun_capacity,leak_rate=0.1|n_units=200|rho=0.9|state_noise=0.0001,0,memory_capacity,mc_total_raw,273.94275269830075
4D_freerun_capacity,leak_rate=0.1|n_units=200|rho=0.9|state_noise=0.0001,0,memory_capacity,mc_threshold,0.03355227557613869
4D_freerun_capacity,leak_rate=0.1|n_units=200|rho=0.9|state_noise=0.0001,0,memory_capacity,mc_effective_delay,149.89614052270338
4D_freerun_capacity,leak_rate=0.1|n_units=200|rho=0.9|state_noise=0.0001,0,memory_capacity,mc_ratio,1.3697137634915038
4D_freerun_capacity,leak_rate=0.1|n_units=200|rho=0.9|state_noise=0.0001,0,memory_capacity,n_delays,400.0
4D_freerun_capacity,leak_rate=0.1|n_units=200|rho=0.9|state_noise=0.0001,0,ipc,ipc_total,600.9924869996148
4D_freerun_capacity,leak_rate=0.1|n_units=200|rho=0.9|state_noise=0.0001,0,ipc,ipc_total_raw,600.9924869996148
4D_freerun_capacity,leak_rate=0.1|n_units=200|rho=0.9|state_noise=0.0001,0,ipc,ipc_linear,59.995465444460585
4D_freerun_capacity,leak_rate=0.1|n_units=200|rho=0.9|state_noise=0.0001,0,ipc,ipc_nonlinear,540.9970215551542
4D_freerun_capacity,leak_rate=0.1|n_units=200|rho=0.9|state_noise=0.0001,0,ipc,n_targets,601.0
4D_freerun_capacity,leak_rate=0.1|n_units=200|rho=0.9|state_noise=0.0001,0,ipc,n_targets_kept,601.0
4D_freerun_capacity,leak_rate=0.1|n_units=200|rho=0.9|state_noise=0.0001,0,ipc,saturation_ratio,3.004962434998074
4D_freerun_capacity,leak_rate=0.1|n_units=200|rho=0.9|state_noise=0.0001,0,ipc,ipc_threshold_degree1,0.03379298093418701
4D_freerun_capacity,leak_rate=0.1|n_units=200|rho=0.9|state_noise=0.0001,0,ipc,ipc_threshold_degree2,0.46612210741579296
4D_freerun_capacity,leak_rate=0.1|n_units=200|rho=0.9|state_noise=0.0001,0,ipc,ipc_threshold_degree3,0.05118216937554685
4D_freerun_capacity,leak_rate=0.1|n_units=200|rho=0.9|state_noise=0.0001,0,ipc,ipc_threshold_degree4,0.28210089405687716
4D_freerun_capacity,leak_rate=0.1|n_units=200|rho=0.9|state_noise=0.0001,1,memory_capacity,mc_total,305.32722445401697
4D_freerun_capacity,leak_rate=0.1|n_units=200|rho=0.9|state_noise=0.0001,1,memory_capacity,mc_total_raw,305.32722445401697
4D_freerun_capacity,leak_rate=0.1|n_units=200|rho=0.9|state_noise=0.0001,1,memory_capacity,mc_threshold,0.03317392234367239
4D_freerun_capacity,leak_rate=0.1|n_units=200|rho=0.9|state_noise=0.0001,1,memory_capacity,mc_effective_delay,165.8215179159877
4D_freerun_capacity,leak_rate=0.1|n_units=200|rho=0.9|state_noise=0.0001,1,memory_capacity,mc_ratio,1.5266361222700848
4D_freerun_capacity,leak_rate=0.1|n_units=200|rho=0.9|state_noise=0.0001,1,memory_capacity,n_delays,400.0
4D_freerun_capacity,leak_rate=0.1|n_units=200|rho=0.9|state_noise=0.0001,1,ipc,ipc_total,600.9876955846189
4D_freerun_capacity,leak_rate=0.1|n_units=200|rho=0.9|state_noise=0.0001,1,ipc,ipc_total_raw,600.9876955846189
4D_freerun_capacity,leak_rate=0.1|n_units=200|rho=0.9|state_noise=0.0001,1,ipc,ipc_linear,59.99489015068448
4D_freerun_capacity,leak_rate=0.1|n_units=200|rho=0.9|state_noise=0.0001,1,ipc,ipc_nonlinear,540.9928054339344
4D_freerun_capacity,leak_rate=0.1|n_units=200|rho=0.9|state_noise=0.0001,1,ipc,n_targets,601.0
4D_freerun_capacity,leak_rate=0.1|n_units=200|rho=0.9|state_noise=0.0001,1,ipc,n_targets_kept,601.0
4D_freerun_capacity,leak_rate=0.1|n_units=200|rho=0.9|state_noise=0.0001,1,ipc,saturation_ratio,3.0049384779230945
4D_freerun_capacity,leak_rate=0.1|n_units=200|rho=0.9|state_noise=0.0001,1,ipc,ipc_threshold_degree1,0.03182387974124432
4D_freerun_capacity,leak_rate=0.1|n_units=200|rho=0.9|state_noise=0.0001,1,ipc,ipc_threshold_degree2,0.5024477501456348
4D_freerun_capacity,leak_rate=0.1|n_units=200|rho=0.9|state_noise=0.0001,1,ipc,ipc_threshold_degree3,0.034007956494317294
4D_freerun_capacity,leak_rate=0.1|n_units=200|rho=0.9|state_noise=0.0001,1,ipc,ipc_threshold_degree4,0.31095949768365805
4D_freerun_capacity,leak_rate=0.1|n_units=200|rho=0.9|state_noise=0.0001,2,memory_capacity,mc_total,299.42806765256586
4D_freerun_capacity,leak_rate=0.1|n_units=200|rho=0.9|state_noise=0.0001,2,memory_capacity,mc_total_raw,299.42806765256586
4D_freerun_capacity,leak_rate=0.1|n_units=200|rho=0.9|state_noise=0.0001,2,memory_capacity,mc_threshold,0.033412877566001274
4D_freerun_capacity,leak_rate=0.1|n_units=200|rho=0.9|state_noise=0.0001,2,memory_capacity,mc_effective_delay,162.77380981329503
4D_freerun_capacity,leak_rate=0.1|n_units=200|rho=0.9|state_noise=0.0001,2,memory_capacity,mc_ratio,1.4971403382628292
4D_freerun_capacity,leak_rate=0.1|n_units=200|rho=0.9|state_noise=0.0001,2,memory_capacity,n_delays,400.0
4D_freerun_capacity,leak_rate=0.1|n_units=200|rho=0.9|state_noise=0.0001,2,ipc,ipc_total,600.988333128767
4D_freerun_capacity,leak_rate=0.1|n_units=200|rho=0.9|state_noise=0.0001,2,ipc,ipc_total_raw,600.988333128767
4D_freerun_capacity,leak_rate=0.1|n_units=200|rho=0.9|state_noise=0.0001,2,ipc,ipc_linear,59.994455345891176
4D_freerun_capacity,leak_rate=0.1|n_units=200|rho=0.9|state_noise=0.0001,2,ipc,ipc_nonlinear,540.9938777828758
4D_freerun_capacity,leak_rate=0.1|n_units=200|rho=0.9|state_noise=0.0001,2,ipc,n_targets,601.0
4D_freerun_capacity,leak_rate=0.1|n_units=200|rho=0.9|state_noise=0.0001,2,ipc,n_targets_kept,601.0
4D_freerun_capacity,leak_rate=0.1|n_units=200|rho=0.9|state_noise=0.0001,2,ipc,saturation_ratio,3.004941665643835
4D_freerun_capacity,leak_rate=0.1|n_units=200|rho=0.9|state_noise=0.0001,2,ipc,ipc_threshold_degree1,0.032487160997163485
4D_freerun_capacity,leak_rate=0.1|n_units=200|rho=0.9|state_noise=0.0001,2,ipc,ipc_threshold_degree2,0.49782139114720864
4D_freerun_capacity,leak_rate=0.1|n_units=200|rho=0.9|state_noise=0.0001,2,ipc,ipc_threshold_degree3,0.042838543057076225
4D_freerun_capacity,leak_rate=0.1|n_units=200|rho=0.9|state_noise=0.0001,2,ipc,ipc_threshold_degree4,0.28734276342482035
4D_freerun_capacity,leak_rate=0.1|n_units=200|rho=0.9|state_noise=0.0001,3,memory_capacity,mc_total,279.37134726789316
4D_freerun_capacity,leak_rate=0.1|n_units=200|rho=0.9|state_noise=0.0001,3,memory_capacity,mc_total_raw,279.37134726789316
4D_freerun_capacity,leak_rate=0.1|n_units=200|rho=0.9|state_noise=0.0001,3,memory_capacity,mc_threshold,0.035389620390768976
4D_freerun_capacity,leak_rate=0.1|n_units=200|rho=0.9|state_noise=0.0001,3,memory_capacity,mc_effective_delay,153.9035399741291
4D_freerun_capacity,leak_rate=0.1|n_units=200|rho=0.9|state_noise=0.0001,3,memory_capacity,mc_ratio,1.3968567363394657
4D_freerun_capacity,leak_rate=0.1|n_units=200|rho=0.9|state_noise=0.0001,3,memory_capacity,n_delays,400.0
4D_freerun_capacity,leak_rate=0.1|n_units=200|rho=0.9|state_noise=0.0001,3,ipc,ipc_total,600.98564956966
4D_freerun_capacity,leak_rate=0.1|n_units=200|rho=0.9|state_noise=0.0001,3,ipc,ipc_total_raw,600.98564956966
4D_freerun_capacity,leak_rate=0.1|n_units=200|rho=0.9|state_noise=0.0001,3,ipc,ipc_linear,59.99348254395481
4D_freerun_capacity,leak_rate=0.1|n_units=200|rho=0.9|state_noise=0.0001,3,ipc,ipc_nonlinear,540.9921670257053
4D_freerun_capacity,leak_rate=0.1|n_units=200|rho=0.9|state_noise=0.0001,3,ipc,n_targets,601.0
4D_freerun_capacity,leak_rate=0.1|n_units=200|rho=0.9|state_noise=0.0001,3,ipc,n_targets_kept,601.0
4D_freerun_capacity,leak_rate=0.1|n_units=200|rho=0.9|state_noise=0.0001,3,ipc,saturation_ratio,3.0049282478483
4D_freerun_capacity,leak_rate=0.1|n_units=200|rho=0.9|state_noise=0.0001,3,ipc,ipc_threshold_degree1,0.03255616708295325
4D_freerun_capacity,leak_rate=0.1|n_units=200|rho=0.9|state_noise=0.0001,3,ipc,ipc_threshold_degree2,0.5165974223129727
4D_freerun_capacity,leak_rate=0.1|n_units=200|rho=0.9|state_noise=0.0001,3,ipc,ipc_threshold_degree3,0.03548887966914632
4D_freerun_capacity,leak_rate=0.1|n_units=200|rho=0.9|state_noise=0.0001,3,ipc,ipc_threshold_degree4,0.291993297548839
4D_freerun_capacity,leak_rate=0.1|n_units=200|rho=0.9|state_noise=0.0001,4,memory_capacity,mc_total,296.80108241450966
4D_freerun_capacity,leak_rate=0.1|n_units=200|rho=0.9|state_noise=0.0001,4,memory_capacity,mc_total_raw,296.80108241450966
4D_freerun_capacity,leak_rate=0.1|n_units=200|rho=0.9|state_noise=0.0001,4,memory_capacity,mc_threshold,0.032513306634553304
4D_freerun_capacity,leak_rate=0.1|n_units=200|rho=0.9|state_noise=0.0001,4,memory_capacity,mc_effective_delay,160.88693306618123
4D_freerun_capacity,leak_rate=0.1|n_units=200|rho=0.9|state_noise=0.0001,4,memory_capacity,mc_ratio,1.4840054120725483
4D_freerun_capacity,leak_rate=0.1|n_units=200|rho=0.9|state_noise=0.0001,4,memory_capacity,n_delays,400.0
4D_freerun_capacity,leak_rate=0.1|n_units=200|rho=0.9|state_noise=0.0001,4,ipc,ipc_total,600.9911652713279
4D_freerun_capacity,leak_rate=0.1|n_units=200|rho=0.9|state_noise=0.0001,4,ipc,ipc_total_raw,600.9911652713279
4D_freerun_capacity,leak_rate=0.1|n_units=200|rho=0.9|state_noise=0.0001,4,ipc,ipc_linear,59.9950171320431
4D_freerun_capacity,leak_rate=0.1|n_units=200|rho=0.9|state_noise=0.0001,4,ipc,ipc_nonlinear,540.9961481392847
4D_freerun_capacity,leak_rate=0.1|n_units=200|rho=0.9|state_noise=0.0001,4,ipc,n_targets,601.0
4D_freerun_capacity,leak_rate=0.1|n_units=200|rho=0.9|state_noise=0.0001,4,ipc,n_targets_kept,601.0
4D_freerun_capacity,leak_rate=0.1|n_units=200|rho=0.9|state_noise=0.0001,4,ipc,saturation_ratio,3.0049558263566394
4D_freerun_capacity,leak_rate=0.1|n_units=200|rho=0.9|state_noise=0.0001,4,ipc,ipc_threshold_degree1,0.03299329344586209
4D_freerun_capacity,leak_rate=0.1|n_units=200|rho=0.9|state_noise=0.0001,4,ipc,ipc_threshold_degree2,0.4723739781027803
4D_freerun_capacity,leak_rate=0.1|n_units=200|rho=0.9|state_noise=0.0001,4,ipc,ipc_threshold_degree3,0.03882491661618712
4D_freerun_capacity,leak_rate=0.1|n_units=200|rho=0.9|state_noise=0.0001,4,ipc,ipc_threshold_degree4,0.31272672426873127
4D_freerun_capacity,leak_rate=0.1|n_units=200|rho=0.9|state_noise=0.001,0,memory_capacity,mc_total,263.6362970645407
4D_freerun_capacity,leak_rate=0.1|n_units=200|rho=0.9|state_noise=0.001,0,memory_capacity,mc_total_raw,263.6362970645407
4D_freerun_capacity,leak_rate=0.1|n_units=200|rho=0.9|state_noise=0.001,0,memory_capacity,mc_threshold,0.03323190257052867
4D_freerun_capacity,leak_rate=0.1|n_units=200|rho=0.9|state_noise=0.001,0,memory_capacity,mc_effective_delay,149.52322043604963
4D_freerun_capacity,leak_rate=0.1|n_units=200|rho=0.9|state_noise=0.001,0,memory_capacity,mc_ratio,1.3181814853227036
4D_freerun_capacity,leak_rate=0.1|n_units=200|rho=0.9|state_noise=0.001,0,memory_capacity,n_delays,400.0
4D_freerun_capacity,leak_rate=0.1|n_units=200|rho=0.9|state_noise=0.001,0,ipc,ipc_total,600.958674441657
4D_freerun_capacity,leak_rate=0.1|n_units=200|rho=0.9|state_noise=0.001,0,ipc,ipc_total_raw,600.958674441657
4D_freerun_capacity,leak_rate=0.1|n_units=200|rho=0.9|state_noise=0.001,0,ipc,ipc_linear,59.98411146084212
4D_freerun_capacity,leak_rate=0.1|n_units=200|rho=0.9|state_noise=0.001,0,ipc,ipc_nonlinear,540.9745629808149
4D_freerun_capacity,leak_rate=0.1|n_units=200|rho=0.9|state_noise=0.001,0,ipc,n_targets,601.0
4D_freerun_capacity,leak_rate=0.1|n_units=200|rho=0.9|state_noise=0.001,0,ipc,n_targets_kept,601.0
4D_freerun_capacity,leak_rate=0.1|n_units=200|rho=0.9|state_noise=0.001,0,ipc,saturation_ratio,3.004793372208285
4D_freerun_capacity,leak_rate=0.1|n_units=200|rho=0.9|state_noise=0.001,0,ipc,ipc_threshold_degree1,0.03331516131518889
4D_freerun_capacity,leak_rate=0.1|n_units=200|rho=0.9|state_noise=0.001,0,ipc,ipc_threshold_degree2,0.46646413046867946
4D_freerun_capacity,leak_rate=0.1|n_units=200|rho=0.9|state_noise=0.001,0,ipc,ipc_threshold_degree3,0.0508371669960821
4D_freerun_capacity,leak_rate=0.1|n_units=200|rho=0.9|state_noise=0.001,0,ipc,ipc_threshold_degree4,0.28177417506438746
4D_freerun_capacity,leak_rate=0.1|n_units=200|rho=0.9|state_noise=0.001,1,memory_capacity,mc_total,296.30731126000035
4D_freerun_capacity,leak_rate=0.1|n_units=200|rho=0.9|state_noise=0.001,1,memory_capacity,mc_total_raw,296.30731126000035
4D_freerun_capacity,leak_rate=0.1|n_units=200|rho=0.9|state_noise=0.001,1,memory_capacity,mc_threshold,0.03340755652247632
4D_freerun_capacity,leak_rate=0.1|n_units=200|rho=0.9|state_noise=0.001,1,memory_capacity,mc_effective_delay,164.6768341982029
4D_freerun_capacity,leak_rate=0.1|n_units=200|rho=0.9|state_noise=0.001,1,memory_capacity,mc_ratio,1.4815365563000018
4D_freerun_capacity,leak_rate=0.1|n_units=200|rho=0.9|state_noise=0.001,1,memory_capacity,n_delays,400.0
4D_freerun_capacity,leak_rate=0.1|n_units=200|rho=0.9|state_noise=0.001,1,ipc,ipc_total,600.9516000401318
4D_freerun_capacity,leak_rate=0.1|n_units=200|rho=0.9|state_noise=0.001,1,ipc,ipc_total_raw,600.9516000401318
4D_freerun_capacity,leak_rate=0.1|n_units=200|rho=0.9|state_noise=0.001,1,ipc,ipc_linear,59.98668301160486
4D_freerun_capacity,leak_rate=0.1|n_units=200|rho=0.9|state_noise=0.001,1,ipc,ipc_nonlinear,540.9649170285269
4D_freerun_capacity,leak_rate=0.1|n_units=200|rho=0.9|state_noise=0.001,1,ipc,n_targets,601.0
4D_freerun_capacity,leak_rate=0.1|n_units=200|rho=0.9|state_noise=0.001,1,ipc,n_targets_kept,601.0
4D_freerun_capacity,leak_rate=0.1|n_units=200|rho=0.9|state_noise=0.001,1,ipc,saturation_ratio,3.004758000200659
4D_freerun_capacity,leak_rate=0.1|n_units=200|rho=0.9|state_noise=0.001,1,ipc,ipc_threshold_degree1,0.032006001033953374
4D_freerun_capacity,leak_rate=0.1|n_units=200|rho=0.9|state_noise=0.001,1,ipc,ipc_threshold_degree2,0.5029130427466177
4D_freerun_capacity,leak_rate=0.1|n_units=200|rho=0.9|state_noise=0.001,1,ipc,ipc_threshold_degree3,0.033899170514944954
4D_freerun_capacity,leak_rate=0.1|n_units=200|rho=0.9|state_noise=0.001,1,ipc,ipc_threshold_degree4,0.31082536701339375
4D_freerun_capacity,leak_rate=0.1|n_units=200|rho=0.9|state_noise=0.001,2,memory_capacity,mc_total,287.56194942201495
4D_freerun_capacity,leak_rate=0.1|n_units=200|rho=0.9|state_noise=0.001,2,memory_capacity,mc_total_raw,287.56194942201495
4D_freerun_capacity,leak_rate=0.1|n_units=200|rho=0.9|state_noise=0.001,2,memory_capacity,mc_threshold,0.03265868723371603
4D_freerun_capacity,leak_rate=0.1|n_units=200|rho=0.9|state_noise=0.001,2,memory_capacity,mc_effective_delay,160.1874052102758
4D_freerun_capacity,leak_rate=0.1|n_units=200|rho=0.9|state_noise=0.001,2,memory_capacity,mc_ratio,1.4378097471100748
4D_freerun_capacity,leak_rate=0.1|n_units=200|rho=0.9|state_noise=0.001,2,memory_capacity,n_delays,400.0
4D_freerun_capacity,leak_rate=0.1|n_units=200|rho=0.9|state_noise=0.001,2,ipc,ipc_total,600.9570133848571
4D_freerun_capacity,leak_rate=0.1|n_units=200|rho=0.9|state_noise=0.001,2,ipc,ipc_total_raw,600.9570133848571
4D_freerun_capacity,leak_rate=0.1|n_units=200|rho=0.9|state_noise=0.001,2,ipc,ipc_linear,59.985441800696464
4D_freerun_capacity,leak_rate=0.1|n_units=200|rho=0.9|state_noise=0.001,2,ipc,ipc_nonlinear,540.9715715841606
4D_freerun_capacity,leak_rate=0.1|n_units=200|rho=0.9|state_noise=0.001,2,ipc,n_targets,601.0
4D_freerun_capacity,leak_rate=0.1|n_units=200|rho=0.9|state_noise=0.001,2,ipc,n_targets_kept,601.0
4D_freerun_capacity,leak_rate=0.1|n_units=200|rho=0.9|state_noise=0.001,2,ipc,saturation_ratio,3.0047850669242853
4D_freerun_capacity,leak_rate=0.1|n_units=200|rho=0.9|state_noise=0.001,2,ipc,ipc_threshold_degree1,0.03215832638952097
4D_freerun_capacity,leak_rate=0.1|n_units=200|rho=0.9|state_noise=0.001,2,ipc,ipc_threshold_degree2,0.4975847664410718
4D_freerun_capacity,leak_rate=0.1|n_units=200|rho=0.9|state_noise=0.001,2,ipc,ipc_threshold_degree3,0.041216405797648126
4D_freerun_capacity,leak_rate=0.1|n_units=200|rho=0.9|state_noise=0.001,2,ipc,ipc_threshold_degree4,0.2872815838425446
4D_freerun_capacity,leak_rate=0.1|n_units=200|rho=0.9|state_noise=0.001,3,memory_capacity,mc_total,273.20064959951867
4D_freerun_capacity,leak_rate=0.1|n_units=200|rho=0.9|state_noise=0.001,3,memory_capacity,mc_total_raw,273.20064959951867
4D_freerun_capacity,leak_rate=0.1|n_units=200|rho=0.9|state_noise=0.001,3,memory_capacity,mc_threshold,0.036615289086726156
4D_freerun_capacity,leak_rate=0.1|n_units=200|rho=0.9|state_noise=0.001,3,memory_capacity,mc_effective_delay,153.65439193489132
4D_freerun_capacity,leak_rate=0.1|n_units=200|rho=0.9|state_noise=0.001,3,memory_capacity,mc_ratio,1.3660032479975934
4D_freerun_capacity,leak_rate=0.1|n_units=200|rho=0.9|state_noise=0.001,3,memory_capacity,n_delays,400.0
4D_freerun_capacity,leak_rate=0.1|n_units=200|rho=0.9|state_noise=0.001,3,ipc,ipc_total,600.9541827037979
4D_freerun_capacity,leak_rate=0.1|n_units=200|rho=0.9|state_noise=0.001,3,ipc,ipc_total_raw,600.9541827037979
4D_freerun_capacity,leak_rate=0.1|n_units=200|rho=0.9|state_noise=0.001,3,ipc,ipc_linear,59.985034592958485
4D_freerun_capacity,leak_rate=0.1|n_units=200|rho=0.9|state_noise=0.001,3,ipc,ipc_nonlinear,540.9691481108393
4D_freerun_capacity,leak_rate=0.1|n_units=200|rho=0.9|state_noise=0.001,3,ipc,n_targets,601.0
4D_freerun_capacity,leak_rate=0.1|n_units=200|rho=0.9|state_noise=0.001,3,ipc,n_targets_kept,601.0
4D_freerun_capacity,leak_rate=0.1|n_units=200|rho=0.9|state_noise=0.001,3,ipc,saturation_ratio,3.0047709135189895
4D_freerun_capacity,leak_rate=0.1|n_units=200|rho=0.9|state_noise=0.001,3,ipc,ipc_threshold_degree1,0.032490910980098736
4D_freerun_capacity,leak_rate=0.1|n_units=200|rho=0.9|state_noise=0.001,3,ipc,ipc_threshold_degree2,0.5163764061151485
4D_freerun_capacity,leak_rate=0.1|n_units=200|rho=0.9|state_noise=0.001,3,ipc,ipc_threshold_degree3,0.034859090983492796
4D_freerun_capacity,leak_rate=0.1|n_units=200|rho=0.9|state_noise=0.001,3,ipc,ipc_threshold_degree4,0.29114252531118373
4D_freerun_capacity,leak_rate=0.1|n_units=200|rho=0.9|state_noise=0.001,4,memory_capacity,mc_total,282.4107359620148
4D_freerun_capacity,leak_rate=0.1|n_units=200|rho=0.9|state_noise=0.001,4,memory_capacity,mc_total_raw,282.4107359620148
4D_freerun_capacity,leak_rate=0.1|n_units=200|rho=0.9|state_noise=0.001,4,memory_capacity,mc_threshold,0.03253677809845543
4D_freerun_capacity,leak_rate=0.1|n_units=200|rho=0.9|state_noise=0.001,4,memory_capacity,mc_effective_delay,158.0046292291363
4D_freerun_capacity,leak_rate=0.1|n_units=200|rho=0.9|state_noise=0.001,4,memory_capacity,mc_ratio,1.4120536798100742
4D_freerun_capacity,leak_rate=0.1|n_units=200|rho=0.9|state_noise=0.001,4,memory_capacity,n_delays,400.0
4D_freerun_capacity,leak_rate=0.1|n_units=200|rho=0.9|state_noise=0.001,4,ipc,ipc_total,600.9590664923143
4D_freerun_capacity,leak_rate=0.1|n_units=200|rho=0.9|state_noise=0.001,4,ipc,ipc_total_raw,600.9590664923143
4D_freerun_capacity,leak_rate=0.1|n_units=200|rho=0.9|state_noise=0.001,4,ipc,ipc_linear,59.98453829611252
4D_freerun_capacity,leak_rate=0.1|n_units=200|rho=0.9|state_noise=0.001,4,ipc,ipc_nonlinear,540.9745281962017
4D_freerun_capacity,leak_rate=0.1|n_units=200|rho=0.9|state_noise=0.001,4,ipc,n_targets,601.0
4D_freerun_capacity,leak_rate=0.1|n_units=200|rho=0.9|state_noise=0.001,4,ipc,n_targets_kept,601.0
4D_freerun_capacity,leak_rate=0.1|n_units=200|rho=0.9|state_noise=0.001,4,ipc,saturation_ratio,3.0047953324615713
4D_freerun_capacity,leak_rate=0.1|n_units=200|rho=0.9|state_noise=0.001,4,ipc,ipc_threshold_degree1,0.032146471296558954
4D_freerun_capacity,leak_rate=0.1|n_units=200|rho=0.9|state_noise=0.001,4,ipc,ipc_threshold_degree2,0.47176048606642534
4D_freerun_capacity,leak_rate=0.1|n_units=200|rho=0.9|state_noise=0.001,4,ipc,ipc_threshold_degree3,0.03885321885326077
4D_freerun_capacity,leak_rate=0.1|n_units=200|rho=0.9|state_noise=0.001,4,ipc,ipc_threshold_degree4,0.31222447056631886
4D_freerun_capacity,leak_rate=0.1|n_units=200|rho=0.9|state_noise=0.01,0,memory_capacity,mc_total,242.20313446952258
4D_freerun_capacity,leak_rate=0.1|n_units=200|rho=0.9|state_noise=0.01,0,memory_capacity,mc_total_raw,242.20313446952258
4D_freerun_capacity,leak_rate=0.1|n_units=200|rho=0.9|state_noise=0.01,0,memory_capacity,mc_threshold,0.035379181056223986
4D_freerun_capacity,leak_rate=0.1|n_units=200|rho=0.9|state_noise=0.01,0,memory_capacity,mc_effective_delay,150.8240310082955
4D_freerun_capacity,leak_rate=0.1|n_units=200|rho=0.9|state_noise=0.01,0,memory_capacity,mc_ratio,1.2110156723476129
4D_freerun_capacity,leak_rate=0.1|n_units=200|rho=0.9|state_noise=0.01,0,memory_capacity,n_delays,400.0
4D_freerun_capacity,leak_rate=0.1|n_units=200|rho=0.9|state_noise=0.01,0,ipc,ipc_total,600.4770368145814
4D_freerun_capacity,leak_rate=0.1|n_units=200|rho=0.9|state_noise=0.01,0,ipc,ipc_total_raw,600.4770368145814
4D_freerun_capacity,leak_rate=0.1|n_units=200|rho=0.9|state_noise=0.01,0,ipc,ipc_linear,59.90456244505502
4D_freerun_capacity,leak_rate=0.1|n_units=200|rho=0.9|state_noise=0.01,0,ipc,ipc_nonlinear,540.5724743695264
4D_freerun_capacity,leak_rate=0.1|n_units=200|rho=0.9|state_noise=0.01,0,ipc,n_targets,601.0
4D_freerun_capacity,leak_rate=0.1|n_units=200|rho=0.9|state_noise=0.01,0,ipc,n_targets_kept,601.0
4D_freerun_capacity,leak_rate=0.1|n_units=200|rho=0.9|state_noise=0.01,0,ipc,saturation_ratio,3.002385184072907
4D_freerun_capacity,leak_rate=0.1|n_units=200|rho=0.9|state_noise=0.01,0,ipc,ipc_threshold_degree1,0.03381976578751256
4D_freerun_capacity,leak_rate=0.1|n_units=200|rho=0.9|state_noise=0.01,0,ipc,ipc_threshold_degree2,0.46677491564295603
4D_freerun_capacity,leak_rate=0.1|n_units=200|rho=0.9|state_noise=0.01,0,ipc,ipc_threshold_degree3,0.051477417216447274
4D_freerun_capacity,leak_rate=0.1|n_units=200|rho=0.9|state_noise=0.01,0,ipc,ipc_threshold_degree4,0.28191196814075337
4D_freerun_capacity,leak_rate=0.1|n_units=200|rho=0.9|state_noise=0.01,1,memory_capacity,mc_total,270.2007872389593
4D_freerun_capacity,leak_rate=0.1|n_units=200|rho=0.9|state_noise=0.01,1,memory_capacity,mc_total_raw,270.2007872389593
4D_freerun_capacity,leak_rate=0.1|n_units=200|rho=0.9|state_noise=0.01,1,memory_capacity,mc_threshold,0.03469121734906564
4D_freerun_capacity,leak_rate=0.1|n_units=200|rho=0.9|state_noise=0.01,1,memory_capacity,mc_effective_delay,160.96178443077483
4D_freerun_capacity,leak_rate=0.1|n_units=200|rho=0.9|state_noise=0.01,1,memory_capacity,mc_ratio,1.3510039361947965
4D_freerun_capacity,leak_rate=0.1|n_units=200|rho=0.9|state_noise=0.01,1,memory_capacity,n_delays,400.0
4D_freerun_capacity,leak_rate=0.1|n_units=200|rho=0.9|state_noise=0.01,1,ipc,ipc_total,600.3200660516869
4D_freerun_capacity,leak_rate=0.1|n_units=200|rho=0.9|state_noise=0.01,1,ipc,ipc_total_raw,600.3200660516869
4D_freerun_capacity,leak_rate=0.1|n_units=200|rho=0.9|state_noise=0.01,1,ipc,ipc_linear,59.917379641140165
4D_freerun_capacity,leak_rate=0.1|n_units=200|rho=0.9|state_noise=0.01,1,ipc,ipc_nonlinear,540.4026864105467
4D_freerun_capacity,leak_rate=0.1|n_units=200|rho=0.9|state_noise=0.01,1,ipc,n_targets,601.0
4D_freerun_capacity,leak_rate=0.1|n_units=200|rho=0.9|state_noise=0.01,1,ipc,n_targets_kept,601.0
4D_freerun_capacity,leak_rate=0.1|n_units=200|rho=0.9|state_noise=0.01,1,ipc,saturation_ratio,3.0016003302584346
4D_freerun_capacity,leak_rate=0.1|n_units=200|rho=0.9|state_noise=0.01,1,ipc,ipc_threshold_degree1,0.03186926643674539
4D_freerun_capacity,leak_rate=0.1|n_units=200|rho=0.9|state_noise=0.01,1,ipc,ipc_threshold_degree2,0.5027870571615058
4D_freerun_capacity,leak_rate=0.1|n_units=200|rho=0.9|state_noise=0.01,1,ipc,ipc_threshold_degree3,0.03317124370020184
4D_freerun_capacity,leak_rate=0.1|n_units=200|rho=0.9|state_noise=0.01,1,ipc,ipc_threshold_degree4,0.3106785736294897
4D_freerun_capacity,leak_rate=0.1|n_units=200|rho=0.9|state_noise=0.01,2,memory_capacity,mc_total,261.45532818674434
4D_freerun_capacity,leak_rate=0.1|n_units=200|rho=0.9|state_noise=0.01,2,memory_capacity,mc_total_raw,261.45532818674434
4D_freerun_capacity,leak_rate=0.1|n_units=200|rho=0.9|state_noise=0.01,2,memory_capacity,mc_threshold,0.03213822181559963
4D_freerun_capacity,leak_rate=0.1|n_units=200|rho=0.9|state_noise=0.01,2,memory_capacity,mc_effective_delay,156.19926155701924
4D_freerun_capacity,leak_rate=0.1|n_units=200|rho=0.9|state_noise=0.01,2,memory_capacity,mc_ratio,1.3072766409337218
4D_freerun_capacity,leak_rate=0.1|n_units=200|rho=0.9|state_noise=0.01,2,memory_capacity,n_delays,400.0
4D_freerun_capacity,leak_rate=0.1|n_units=200|rho=0.9|state_noise=0.01,2,ipc,ipc_total,600.4176901335817
4D_freerun_capacity,leak_rate=0.1|n_units=200|rho=0.9|state_noise=0.01,2,ipc,ipc_total_raw,600.4176901335817
4D_freerun_capacity,leak_rate=0.1|n_units=200|rho=0.9|state_noise=0.01,2,ipc,ipc_linear,59.91993367099483
4D_freerun_capacity,leak_rate=0.1|n_units=200|rho=0.9|state_noise=0.01,2,ipc,ipc_nonlinear,540.4977564625868
4D_freerun_capacity,leak_rate=0.1|n_units=200|rho=0.9|state_noise=0.01,2,ipc,n_targets,601.0
4D_freerun_capacity,leak_rate=0.1|n_units=200|rho=0.9|state_noise=0.01,2,ipc,n_targets_kept,601.0
4D_freerun_capacity,leak_rate=0.1|n_units=200|rho=0.9|state_noise=0.01,2,ipc,saturation_ratio,3.0020884506679084
4D_freerun_capacity,leak_rate=0.1|n_units=200|rho=0.9|state_noise=0.01,2,ipc,ipc_threshold_degree1,0.03240277890902396
4D_freerun_capacity,leak_rate=0.1|n_units=200|rho=0.9|state_noise=0.01,2,ipc,ipc_threshold_degree2,0.49748283627547024
4D_freerun_capacity,leak_rate=0.1|n_units=200|rho=0.9|state_noise=0.01,2,ipc,ipc_threshold_degree3,0.04114580661718594
4D_freerun_capacity,leak_rate=0.1|n_units=200|rho=0.9|state_noise=0.01,2,ipc,ipc_threshold_degree4,0.28669705416511754
4D_freerun_capacity,leak_rate=0.1|n_units=200|rho=0.9|state_noise=0.01,3,memory_capacity,mc_total,252.91944004377606
4D_freerun_capacity,leak_rate=0.1|n_units=200|rho=0.9|state_noise=0.01,3,memory_capacity,mc_total_raw,252.91944004377606
4D_freerun_capacity,leak_rate=0.1|n_units=200|rho=0.9|state_noise=0.01,3,memory_capacity,mc_threshold,0.0347483223553478
4D_freerun_capacity,leak_rate=0.1|n_units=200|rho=0.9|state_noise=0.01,3,memory_capacity,mc_effective_delay,152.20650807675992
4D_freerun_capacity,leak_rate=0.1|n_units=200|rho=0.9|state_noise=0.01,3,memory_capacity,mc_ratio,1.2645972002188803
4D_freerun_capacity,leak_rate=0.1|n_units=200|rho=0.9|state_noise=0.01,3,memory_capacity,n_delays,400.0
4D_freerun_capacity,leak_rate=0.1|n_units=200|rho=0.9|state_noise=0.01,3,ipc,ipc_total,600.3338493686618
4D_freerun_capacity,leak_rate=0.1|n_units=200|rho=0.9|state_noise=0.01,3,ipc,ipc_total_raw,600.3338493686618
4D_freerun_capacity,leak_rate=0.1|n_units=200|rho=0.9|state_noise=0.01,3,ipc,ipc_linear,59.90863724507989
4D_freerun_capacity,leak_rate=0.1|n_units=200|rho=0.9|state_noise=0.01,3,ipc,ipc_nonlinear,540.425212123582
4D_freerun_capacity,leak_rate=0.1|n_units=200|rho=0.9|state_noise=0.01,3,ipc,n_targets,601.0
4D_freerun_capacity,leak_rate=0.1|n_units=200|rho=0.9|state_noise=0.01,3,ipc,n_targets_kept,601.0
4D_freerun_capacity,leak_rate=0.1|n_units=200|rho=0.9|state_noise=0.01,3,ipc,saturation_ratio,3.001669246843309
4D_freerun_capacity,leak_rate=0.1|n_units=200|rho=0.9|state_noise=0.01,3,ipc,ipc_threshold_degree1,0.03278937498503049
4D_freerun_capacity,leak_rate=0.1|n_units=200|rho=0.9|state_noise=0.01,3,ipc,ipc_threshold_degree2,0.5159507658219434
4D_freerun_capacity,leak_rate=0.1|n_units=200|rho=0.9|state_noise=0.01,3,ipc,ipc_threshold_degree3,0.034540622853158474
4D_freerun_capacity,leak_rate=0.1|n_units=200|rho=0.9|state_noise=0.01,3,ipc,ipc_threshold_degree4,0.2909124274350455
4D_freerun_capacity,leak_rate=0.1|n_units=200|rho=0.9|state_noise=0.01,4,memory_capacity,mc_total,253.24946436930105
4D_freerun_capacity,leak_rate=0.1|n_units=200|rho=0.9|state_noise=0.01,4,memory_capacity,mc_total_raw,253.24946436930105
4D_freerun_capacity,leak_rate=0.1|n_units=200|rho=0.9|state_noise=0.01,4,memory_capacity,mc_threshold,0.03498044663680009
4D_freerun_capacity,leak_rate=0.1|n_units=200|rho=0.9|state_noise=0.01,4,memory_capacity,mc_effective_delay,154.94455945247185
4D_freerun_capacity,leak_rate=0.1|n_units=200|rho=0.9|state_noise=0.01,4,memory_capacity,mc_ratio,1.2662473218465053
4D_freerun_capacity,leak_rate=0.1|n_units=200|rho=0.9|state_noise=0.01,4,memory_capacity,n_delays,400.0
4D_freerun_capacity,leak_rate=0.1|n_units=200|rho=0.9|state_noise=0.01,4,ipc,ipc_total,600.4862661424278
4D_freerun_capacity,leak_rate=0.1|n_units=200|rho=0.9|state_noise=0.01,4,ipc,ipc_total_raw,600.4862661424278
4D_freerun_capacity,leak_rate=0.1|n_units=200|rho=0.9|state_noise=0.01,4,ipc,ipc_linear,59.90976117851429
4D_freerun_capacity,leak_rate=0.1|n_units=200|rho=0.9|state_noise=0.01,4,ipc,ipc_nonlinear,540.5765049639135
4D_freerun_capacity,leak_rate=0.1|n_units=200|rho=0.9|state_noise=0.01,4,ipc,n_targets,601.0
4D_freerun_capacity,leak_rate=0.1|n_units=200|rho=0.9|state_noise=0.01,4,ipc,n_targets_kept,601.0
4D_freerun_capacity,leak_rate=0.1|n_units=200|rho=0.9|state_noise=0.01,4,ipc,saturation_ratio,3.002431330712139
4D_freerun_capacity,leak_rate=0.1|n_units=200|rho=0.9|state_noise=0.01,4,ipc,ipc_threshold_degree1,0.03196886488469726
4D_freerun_capacity,leak_rate=0.1|n_units=200|rho=0.9|state_noise=0.01,4,ipc,ipc_threshold_degree2,0.4721529950207481
4D_freerun_capacity,leak_rate=0.1|n_units=200|rho=0.9|state_noise=0.01,4,ipc,ipc_threshold_degree3,0.038680923797475196
4D_freerun_capacity,leak_rate=0.1|n_units=200|rho=0.9|state_noise=0.01,4,ipc,ipc_threshold_degree4,0.3124542266599447
4D_freerun_capacity,leak_rate=0.3|n_units=200|rho=0.9|state_noise=0,0,memory_capacity,mc_total,158.8939353433454
4D_freerun_capacity,leak_rate=0.3|n_units=200|rho=0.9|state_noise=0,0,memory_capacity,mc_total_raw,158.8939353433454
4D_freerun_capacity,leak_rate=0.3|n_units=200|rho=0.9|state_noise=0,0,memory_capacity,mc_threshold,0.03276156807058877
4D_freerun_capacity,leak_rate=0.3|n_units=200|rho=0.9|state_noise=0,0,memory_capacity,mc_effective_delay,113.15016057398041
4D_freerun_capacity,leak_rate=0.3|n_units=200|rho=0.9|state_noise=0,0,memory_capacity,mc_ratio,0.794469676716727
4D_freerun_capacity,leak_rate=0.3|n_units=200|rho=0.9|state_noise=0,0,memory_capacity,n_delays,400.0
4D_freerun_capacity,leak_rate=0.3|n_units=200|rho=0.9|state_noise=0,0,ipc,ipc_total,600.999060235817
4D_freerun_capacity,leak_rate=0.3|n_units=200|rho=0.9|state_noise=0,0,ipc,ipc_total_raw,600.999060235817
4D_freerun_capacity,leak_rate=0.3|n_units=200|rho=0.9|state_noise=0,0,ipc,ipc_linear,59.99911152259712
4D_freerun_capacity,leak_rate=0.3|n_units=200|rho=0.9|state_noise=0,0,ipc,ipc_nonlinear,540.9999487132199
4D_freerun_capacity,leak_rate=0.3|n_units=200|rho=0.9|state_noise=0,0,ipc,n_targets,601.0
4D_freerun_capacity,leak_rate=0.3|n_units=200|rho=0.9|state_noise=0,0,ipc,n_targets_kept,601.0
4D_freerun_capacity,leak_rate=0.3|n_units=200|rho=0.9|state_noise=0,0,ipc,saturation_ratio,3.004995301179085
4D_freerun_capacity,leak_rate=0.3|n_units=200|rho=0.9|state_noise=0,0,ipc,ipc_threshold_degree1,0.03235154579684383
4D_freerun_capacity,leak_rate=0.3|n_units=200|rho=0.9|state_noise=0,0,ipc,ipc_threshold_degree2,0.46649050800323427
4D_freerun_capacity,leak_rate=0.3|n_units=200|rho=0.9|state_noise=0,0,ipc,ipc_threshold_degree3,0.05143183077537058
4D_freerun_capacity,leak_rate=0.3|n_units=200|rho=0.9|state_noise=0,0,ipc,ipc_threshold_degree4,0.28273382295837063
4D_freerun_capacity,leak_rate=0.3|n_units=200|rho=0.9|state_noise=0,1,memory_capacity,mc_total,183.89498945278885
4D_freerun_capacity,leak_rate=0.3|n_units=200|rho=0.9|state_noise=0,1,memory_capacity,mc_total_raw,183.89498945278885
4D_freerun_capacity,leak_rate=0.3|n_units=200|rho=0.9|state_noise=0,1,memory_capacity,mc_threshold,0.033247518916239095
4D_freerun_capacity,leak_rate=0.3|n_units=200|rho=0.9|state_noise=0,1,memory_capacity,mc_effective_delay,132.91724520061578
4D_freerun_capacity,leak_rate=0.3|n_units=200|rho=0.9|state_noise=0,1,memory_capacity,mc_ratio,0.9194749472639443
4D_freerun_capacity,leak_rate=0.3|n_units=200|rho=0.9|state_noise=0,1,memory_capacity,n_delays,400.0
4D_freerun_capacity,leak_rate=0.3|n_units=200|rho=0.9|state_noise=0,1,ipc,ipc_total,600.9988713197532
4D_freerun_capacity,leak_rate=0.3|n_units=200|rho=0.9|state_noise=0,1,ipc,ipc_total_raw,600.9988713197532
4D_freerun_capacity,leak_rate=0.3|n_units=200|rho=0.9|state_noise=0,1,ipc,ipc_linear,59.99921993961687
4D_freerun_capacity,leak_rate=0.3|n_units=200|rho=0.9|state_noise=0,1,ipc,ipc_nonlinear,540.9996513801364
4D_freerun_capacity,leak_rate=0.3|n_units=200|rho=0.9|state_noise=0,1,ipc,n_targets,601.0
4D_freerun_capacity,leak_rate=0.3|n_units=200|rho=0.9|state_noise=0,1,ipc,n_targets_kept,601.0
4D_freerun_capacity,leak_rate=0.3|n_units=200|rho=0.9|state_noise=0,1,ipc,saturation_ratio,3.004994356598766
4D_freerun_capacity,leak_rate=0.3|n_units=200|rho=0.9|state_noise=0,1,ipc,ipc_threshold_degree1,0.031832688498272935
4D_freerun_capacity,leak_rate=0.3|n_units=200|rho=0.9|state_noise=0,1,ipc,ipc_threshold_degree2,0.502986830750018
4D_freerun_capacity,leak_rate=0.3|n_units=200|rho=0.9|state_noise=0,1,ipc,ipc_threshold_degree3,0.03307876556025168
4D_freerun_capacity,leak_rate=0.3|n_units=200|rho=0.9|state_noise=0,1,ipc,ipc_threshold_degree4,0.3114112694737155
4D_freerun_capacity,leak_rate=0.3|n_units=200|rho=0.9|state_noise=0,2,memory_capacity,mc_total,162.4992172440963
4D_freerun_capacity,leak_rate=0.3|n_units=200|rho=0.9|state_noise=0,2,memory_capacity,mc_total_raw,162.4992172440963
4D_freerun_capacity,leak_rate=0.3|n_units=200|rho=0.9|state_noise=0,2,memory_capacity,mc_threshold,0.03360494193783765
4D_freerun_capacity,leak_rate=0.3|n_units=200|rho=0.9|state_noise=0,2,memory_capacity,mc_effective_delay,118.43029702098008
4D_freerun_capacity,leak_rate=0.3|n_units=200|rho=0.9|state_noise=0,2,memory_capacity,mc_ratio,0.8124960862204814
4D_freerun_capacity,leak_rate=0.3|n_units=200|rho=0.9|state_noise=0,2,memory_capacity,n_delays,400.0
4D_freerun_capacity,leak_rate=0.3|n_units=200|rho=0.9|state_noise=0,2,ipc,ipc_total,600.9994362125931
4D_freerun_capacity,leak_rate=0.3|n_units=200|rho=0.9|state_noise=0,2,ipc,ipc_total_raw,600.9994362125931
4D_freerun_capacity,leak_rate=0.3|n_units=200|rho=0.9|state_noise=0,2,ipc,ipc_linear,59.99960888338288
4D_freerun_capacity,leak_rate=0.3|n_units=200|rho=0.9|state_noise=0,2,ipc,ipc_nonlinear,540.9998273292102
4D_freerun_capacity,leak_rate=0.3|n_units=200|rho=0.9|state_noise=0,2,ipc,n_targets,601.0
4D_freerun_capacity,leak_rate=0.3|n_units=200|rho=0.9|state_noise=0,2,ipc,n_targets_kept,601.0
4D_freerun_capacity,leak_rate=0.3|n_units=200|rho=0.9|state_noise=0,2,ipc,saturation_ratio,3.0049971810629654
4D_freerun_capacity,leak_rate=0.3|n_units=200|rho=0.9|state_noise=0,2,ipc,ipc_threshold_degree1,0.031842598468355195
4D_freerun_capacity,leak_rate=0.3|n_units=200|rho=0.9|state_noise=0,2,ipc,ipc_threshold_degree2,0.4979364529496176
4D_freerun_capacity,leak_rate=0.3|n_units=200|rho=0.9|state_noise=0,2,ipc,ipc_threshold_degree3,0.04227035372332931
4D_freerun_capacity,leak_rate=0.3|n_units=200|rho=0.9|state_noise=0,2,ipc,ipc_threshold_degree4,0.2870219821444853
4D_freerun_capacity,leak_rate=0.3|n_units=200|rho=0.9|state_noise=0,3,memory_capacity,mc_total,153.2422528447582
4D_freerun_capacity,leak_rate=0.3|n_units=200|rho=0.9|state_noise=0,3,memory_capacity,mc_total_raw,153.2422528447582
4D_freerun_capacity,leak_rate=0.3|n_units=200|rho=0.9|state_noise=0,3,memory_capacity,mc_threshold,0.03376294354218196
4D_freerun_capacity,leak_rate=0.3|n_units=200|rho=0.9|state_noise=0,3,memory_capacity,mc_effective_delay,119.09205392816966
4D_freerun_capacity,leak_rate=0.3|n_units=200|rho=0.9|state_noise=0,3,memory_capacity,mc_ratio,0.766211264223791
4D_freerun_capacity,leak_rate=0.3|n_units=200|rho=0.9|state_noise=0,3,memory_capacity,n_delays,400.0
4D_freerun_capacity,leak_rate=0.3|n_units=200|rho=0.9|state_noise=0,3,ipc,ipc_total,600.9947716308395
4D_freerun_capacity,leak_rate=0.3|n_units=200|rho=0.9|state_noise=0,3,ipc,ipc_total_raw,600.9947716308395
4D_freerun_capacity,leak_rate=0.3|n_units=200|rho=0.9|state_noise=0,3,ipc,ipc_linear,59.99499860627291
4D_freerun_capacity,leak_rate=0.3|n_units=200|rho=0.9|state_noise=0,3,ipc,ipc_nonlinear,540.9997730245666
4D_freerun_capacity,leak_rate=0.3|n_units=200|rho=0.9|state_noise=0,3,ipc,n_targets,601.0
4D_freerun_capacity,leak_rate=0.3|n_units=200|rho=0.9|state_noise=0,3,ipc,n_targets_kept,601.0
4D_freerun_capacity,leak_rate=0.3|n_units=200|rho=0.9|state_noise=0,3,ipc,saturation_ratio,3.0049738581541976
4D_freerun_capacity,leak_rate=0.3|n_units=200|rho=0.9|state_noise=0,3,ipc,ipc_threshold_degree1,0.03227136730752345
4D_freerun_capacity,leak_rate=0.3|n_units=200|rho=0.9|state_noise=0,3,ipc,ipc_threshold_degree2,0.5159626488347738
4D_freerun_capacity,leak_rate=0.3|n_units=200|rho=0.9|state_noise=0,3,ipc,ipc_threshold_degree3,0.034791718314600484
4D_freerun_capacity,leak_rate=0.3|n_units=200|rho=0.9|state_noise=0,3,ipc,ipc_threshold_degree4,0.29159940144236923
4D_freerun_capacity,leak_rate=0.3|n_units=200|rho=0.9|state_noise=0,4,memory_capacity,mc_total,181.02985591015533
4D_freerun_capacity,leak_rate=0.3|n_units=200|rho=0.9|state_noise=0,4,memory_capacity,mc_total_raw,181.02985591015533
4D_freerun_capacity,leak_rate=0.3|n_units=200|rho=0.9|state_noise=0,4,memory_capacity,mc_threshold,0.030954652996295476
4D_freerun_capacity,leak_rate=0.3|n_units=200|rho=0.9|state_noise=0,4,memory_capacity,mc_effective_delay,131.62717067686245
4D_freerun_capacity,leak_rate=0.3|n_units=200|rho=0.9|state_noise=0,4,memory_capacity,mc_ratio,0.9051492795507766
4D_freerun_capacity,leak_rate=0.3|n_units=200|rho=0.9|state_noise=0,4,memory_capacity,n_delays,400.0
4D_freerun_capacity,leak_rate=0.3|n_units=200|rho=0.9|state_noise=0,4,ipc,ipc_total,600.9993431322657
4D_freerun_capacity,leak_rate=0.3|n_units=200|rho=0.9|state_noise=0,4,ipc,ipc_total_raw,600.9993431322657
4D_freerun_capacity,leak_rate=0.3|n_units=200|rho=0.9|state_noise=0,4,ipc,ipc_linear,59.99940165548587
4D_freerun_capacity,leak_rate=0.3|n_units=200|rho=0.9|state_noise=0,4,ipc,ipc_nonlinear,540.9999414767799
4D_freerun_capacity,leak_rate=0.3|n_units=200|rho=0.9|state_noise=0,4,ipc,n_targets,601.0
4D_freerun_capacity,leak_rate=0.3|n_units=200|rho=0.9|state_noise=0,4,ipc,n_targets_kept,601.0
4D_freerun_capacity,leak_rate=0.3|n_units=200|rho=0.9|state_noise=0,4,ipc,saturation_ratio,3.0049967156613286
4D_freerun_capacity,leak_rate=0.3|n_units=200|rho=0.9|state_noise=0,4,ipc,ipc_threshold_degree1,0.03188210995047422
4D_freerun_capacity,leak_rate=0.3|n_units=200|rho=0.9|state_noise=0,4,ipc,ipc_threshold_degree2,0.47231370500376085
4D_freerun_capacity,leak_rate=0.3|n_units=200|rho=0.9|state_noise=0,4,ipc,ipc_threshold_degree3,0.039366451511967784
4D_freerun_capacity,leak_rate=0.3|n_units=200|rho=0.9|state_noise=0,4,ipc,ipc_threshold_degree4,0.3130413181198575
4D_freerun_capacity,leak_rate=0.3|n_units=200|rho=0.9|state_noise=0.0001,0,memory_capacity,mc_total,151.56726414848325
4D_freerun_capacity,leak_rate=0.3|n_units=200|rho=0.9|state_noise=0.0001,0,memory_capacity,mc_total_raw,151.56726414848325
4D_freerun_capacity,leak_rate=0.3|n_units=200|rho=0.9|state_noise=0.0001,0,memory_capacity,mc_threshold,0.033508641553713484
4D_freerun_capacity,leak_rate=0.3|n_units=200|rho=0.9|state_noise=0.0001,0,memory_capacity,mc_effective_delay,113.31606963224611
4D_freerun_capacity,leak_rate=0.3|n_units=200|rho=0.9|state_noise=0.0001,0,memory_capacity,mc_ratio,0.7578363207424162
4D_freerun_capacity,leak_rate=0.3|n_units=200|rho=0.9|state_noise=0.0001,0,memory_capacity,n_delays,400.0
4D_freerun_capacity,leak_rate=0.3|n_units=200|rho=0.9|state_noise=0.0001,0,ipc,ipc_total,600.9959355165829
4D_freerun_capacity,leak_rate=0.3|n_units=200|rho=0.9|state_noise=0.0001,0,ipc,ipc_total_raw,600.9959355165829
4D_freerun_capacity,leak_rate=0.3|n_units=200|rho=0.9|state_noise=0.0001,0,ipc,ipc_linear,59.99628874409533
4D_freerun_capacity,leak_rate=0.3|n_units=200|rho=0.9|state_noise=0.0001,0,ipc,ipc_nonlinear,540.9996467724876
4D_freerun_capacity,leak_rate=0.3|n_units=200|rho=0.9|state_noise=0.0001,0,ipc,n_targets,601.0
4D_freerun_capacity,leak_rate=0.3|n_units=200|rho=0.9|state_noise=0.0001,0,ipc,n_targets_kept,601.0
4D_freerun_capacity,leak_rate=0.3|n_units=200|rho=0.9|state_noise=0.0001,0,ipc,saturation_ratio,3.0049796775829147
4D_freerun_capacity,leak_rate=0.3|n_units=200|rho=0.9|state_noise=0.0001,0,ipc,ipc_threshold_degree1,0.03263775366430308
4D_freerun_capacity,leak_rate=0.3|n_units=200|rho=0.9|state_noise=0.0001,0,ipc,ipc_threshold_degree2,0.46597605488673144
4D_freerun_capacity,leak_rate=0.3|n_units=200|rho=0.9|state_noise=0.0001,0,ipc,ipc_threshold_degree3,0.05089685146415875
4D_freerun_capacity,leak_rate=0.3|n_units=200|rho=0.9|state_noise=0.0001,0,ipc,ipc_threshold_degree4,0.2829551342756563
4D_freerun_capacity,leak_rate=0.3|n_units=200|rho=0.9|state_noise=0.0001,1,memory_capacity,mc_total,179.42413264916942
4D_freerun_capacity,leak_rate=0.3|n_units=200|rho=0.9|state_noise=0.0001,1,memory_capacity,mc_total_raw,179.42413264916942
4D_freerun_capacity,leak_rate=0.3|n_units=200|rho=0.9|state_noise=0.0001,1,memory_capacity,mc_threshold,0.03357951102722744
4D_freerun_capacity,leak_rate=0.3|n_units=200|rho=0.9|state_noise=0.0001,1,memory_capacity,mc_effective_delay,132.83019855300654
4D_freerun_capacity,leak_rate=0.3|n_units=200|rho=0.9|state_noise=0.0001,1,memory_capacity,mc_ratio,0.8971206632458472
4D_freerun_capacity,leak_rate=0.3|n_units=200|rho=0.9|state_noise=0.0001,1,memory_capacity,n_delays,400.0
4D_freerun_capacity,leak_rate=0.3|n_units=200|rho=0.9|state_noise=0.0001,1,ipc,ipc_total,600.997104101285
4D_freerun_capacity,leak_rate=0.3|n_units=200|rho=0.9|state_noise=0.0001,1,ipc,ipc_total_raw,600.997104101285
4D_freerun_capacity,leak_rate=0.3|n_units=200|rho=0.9|state_noise=0.0001,1,ipc,ipc_linear,59.998136956621714
4D_freerun_capacity,leak_rate=0.3|n_units=200|rho=0.9|state_noise=0.0001,1,ipc,ipc_nonlinear,540.9989671446633
4D_freerun_capacity,leak_rate=0.3|n_units=200|rho=0.9|state_noise=0.0001,1,ipc,n_targets,601.0
4D_freerun_capacity,leak_rate=0.3|n_units=200|rho=0.9|state_noise=0.0001,1,ipc,n_targets_kept,601.0
4D_freerun_capacity,leak_rate=0.3|n_units=200|rho=0.9|state_noise=0.0001,1,ipc,saturation_ratio,3.004985520506425
4D_freerun_capacity,leak_rate=0.3|n_units=200|rho=0.9|state_noise=0.0001,1,ipc,ipc_threshold_degree1,0.032413966933988556
4D_freerun_capacity,leak_rate=0.3|n_units=200|rho=0.9|state_noise=0.0001,1,ipc,ipc_threshold_degree2,0.5025516669931189
4D_freerun_capacity,leak_rate=0.3|n_units=200|rho=0.9|state_noise=0.0001,1,ipc,ipc_threshold_degree3,0.03321096508809714
4D_freerun_capacity,leak_rate=0.3|n_units=200|rho=0.9|state_noise=0.0001,1,ipc,ipc_threshold_degree4,0.31145535163865723
4D_freerun_capacity,leak_rate=0.3|n_units=200|rho=0.9|state_noise=0.0001,2,memory_capacity,mc_total,158.7073176261406
4D_freerun_capacity,leak_rate=0.3|n_units=200|rho=0.9|state_noise=0.0001,2,memory_capacity,mc_total_raw,158.7073176261406
4D_freerun_capacity,leak_rate=0.3|n_units=200|rho=0.9|state_noise=0.0001,2,memory_capacity,mc_threshold,0.03457655475044112
4D_freerun_capacity,leak_rate=0.3|n_units=200|rho=0.9|state_noise=0.0001,2,memory_capacity,mc_effective_delay,119.34652510140995
4D_freerun_capacity,leak_rate=0.3|n_units=200|rho=0.9|state_noise=0.0001,2,memory_capacity,mc_ratio,0.7935365881307029
4D_freerun_capacity,leak_rate=0.3|n_units=200|rho=0.9|state_noise=0.0001,2,memory_capacity,n_delays,400.0
4D_freerun_capacity,leak_rate=0.3|n_units=200|rho=0.9|state_noise=0.0001,2,ipc,ipc_total,600.9982830552071
4D_freerun_capacity,leak_rate=0.3|n_units=200|rho=0.9|state_noise=0.0001,2,ipc,ipc_total_raw,600.9982830552071
4D_freerun_capacity,leak_rate=0.3|n_units=200|rho=0.9|state_noise=0.0001,2,ipc,ipc_linear,59.99895906007105
4D_freerun_capacity,leak_rate=0.3|n_units=200|rho=0.9|state_noise=0.0001,2,ipc,ipc_nonlinear,540.9993239951361
4D_freerun_capacity,leak_rate=0.3|n_units=200|rho=0.9|state_noise=0.0001,2,ipc,n_targets,601.0
4D_freerun_capacity,leak_rate=0.3|n_units=200|rho=0.9|state_noise=0.0001,2,ipc,n_targets_kept,601.0
4D_freerun_capacity,leak_rate=0.3|n_units=200|rho=0.9|state_noise=0.0001,2,ipc,saturation_ratio,3.0049914152760357
4D_freerun_capacity,leak_rate=0.3|n_units=200|rho=0.9|state_noise=0.0001,2,ipc,ipc_threshold_degree1,0.03206766994949741
4D_freerun_capacity,leak_rate=0.3|n_units=200|rho=0.9|state_noise=0.0001,2,ipc,ipc_threshold_degree2,0.49822534036626154
4D_freerun_capacity,leak_rate=0.3|n_units=200|rho=0.9|state_noise=0.0001,2,ipc,ipc_threshold_degree3,0.04243175713430776
4D_freerun_capacity,leak_rate=0.3|n_units=200|rho=0.9|state_noise=0.0001,2,ipc,ipc_threshold_degree4,0.28695170501090417
4D_freerun_capacity,leak_rate=0.3|n_units=200|rho=0.9|state_noise=0.0001,3,memory_capacity,mc_total,148.4566287766578
4D_freerun_capacity,leak_rate=0.3|n_units=200|rho=0.9|state_noise=0.0001,3,memory_capacity,mc_total_raw,148.4566287766578
4D_freerun_capacity,leak_rate=0.3|n_units=200|rho=0.9|state_noise=0.0001,3,memory_capacity,mc_threshold,0.03296694983773823
4D_freerun_capacity,leak_rate=0.3|n_units=200|rho=0.9|state_noise=0.0001,3,memory_capacity,mc_effective_delay,119.67825566993595
4D_freerun_capacity,leak_rate=0.3|n_units=200|rho=0.9|state_noise=0.0001,3,memory_capacity,mc_ratio,0.742283143883289
4D_freerun_capacity,leak_rate=0.3|n_units=200|rho=0.9|state_noise=0.0001,3,memory_capacity,n_delays,400.0
4D_freerun_capacity,leak_rate=0.3|n_units=200|rho=0.9|state_noise=0.0001,3,ipc,ipc_total,600.9841638290975
4D_freerun_capacity,leak_rate=0.3|n_units=200|rho=0.9|state_noise=0.0001,3,ipc,ipc_total_raw,600.9841638290975
4D_freerun_capacity,leak_rate=0.3|n_units=200|rho=0.9|state_noise=0.0001,3,ipc,ipc_linear,59.98480861426931
4D_freerun_capacity,leak_rate=0.3|n_units=200|rho=0.9|state_noise=0.0001,3,ipc,ipc_nonlinear,540.9993552148281
4D_freerun_capacity,leak_rate=0.3|n_units=200|rho=0.9|state_noise=0.0001,3,ipc,n_targets,601.0
4D_freerun_capacity,leak_rate=0.3|n_units=200|rho=0.9|state_noise=0.0001,3,ipc,n_targets_kept,601.0
4D_freerun_capacity,leak_rate=0.3|n_units=200|rho=0.9|state_noise=0.0001,3,ipc,saturation_ratio,3.0049208191454877
4D_freerun_capacity,leak_rate=0.3|n_units=200|rho=0.9|state_noise=0.0001,3,ipc,ipc_threshold_degree1,0.03173795093077624
4D_freerun_capacity,leak_rate=0.3|n_units=200|rho=0.9|state_noise=0.0001,3,ipc,ipc_threshold_degree2,0.5159451539450336
4D_freerun_capacity,leak_rate=0.3|n_units=200|rho=0.9|state_noise=0.0001,3,ipc,ipc_threshold_degree3,0.034197491290474884
4D_freerun_capacity,leak_rate=0.3|n_units=200|rho=0.9|state_noise=0.0001,3,ipc,ipc_threshold_degree4,0.2913645386309667
4D_freerun_capacity,leak_rate=0.3|n_units=200|rho=0.9|state_noise=0.0001,4,memory_capacity,mc_total,171.8733716202318
4D_freerun_capacity,leak_rate=0.3|n_units=200|rho=0.9|state_noise=0.0001,4,memory_capacity,mc_total_raw,171.8733716202318
4D_freerun_capacity,leak_rate=0.3|n_units=200|rho=0.9|state_noise=0.0001,4,memory_capacity,mc_threshold,0.03240874957301613
4D_freerun_capacity,leak_rate=0.3|n_units=200|rho=0.9|state_noise=0.0001,4,memory_capacity,mc_effective_delay,129.59731955165077
4D_freerun_capacity,leak_rate=0.3|n_units=200|rho=0.9|state_noise=0.0001,4,memory_capacity,mc_ratio,0.8593668581011591
4D_freerun_capacity,leak_rate=0.3|n_units=200|rho=0.9|state_noise=0.0001,4,memory_capacity,n_delays,400.0
4D_freerun_capacity,leak_rate=0.3|n_units=200|rho=0.9|state_noise=0.0001,4,ipc,ipc_total,600.9967559612015
4D_freerun_capacity,leak_rate=0.3|n_units=200|rho=0.9|state_noise=0.0001,4,ipc,ipc_total_raw,600.9967559612015
4D_freerun_capacity,leak_rate=0.3|n_units=200|rho=0.9|state_noise=0.0001,4,ipc,ipc_linear,59.99716327333587
4D_freerun_capacity,leak_rate=0.3|n_units=200|rho=0.9|state_noise=0.0001,4,ipc,ipc_nonlinear,540.9995926878656
4D_freerun_capacity,leak_rate=0.3|n_units=200|rho=0.9|state_noise=0.0001,4,ipc,n_targets,601.0
4D_freerun_capacity,leak_rate=0.3|n_units=200|rho=0.9|state_noise=0.0001,4,ipc,n_targets_kept,601.0
4D_freerun_capacity,leak_rate=0.3|n_units=200|rho=0.9|state_noise=0.0001,4,ipc,saturation_ratio,3.0049837798060075
4D_freerun_capacity,leak_rate=0.3|n_units=200|rho=0.9|state_noise=0.0001,4,ipc,ipc_threshold_degree1,0.031300902760893125
4D_freerun_capacity,leak_rate=0.3|n_units=200|rho=0.9|state_noise=0.0001,4,ipc,ipc_threshold_degree2,0.4716412931423371
4D_freerun_capacity,leak_rate=0.3|n_units=200|rho=0.9|state_noise=0.0001,4,ipc,ipc_threshold_degree3,0.03903655435933025
4D_freerun_capacity,leak_rate=0.3|n_units=200|rho=0.9|state_noise=0.0001,4,ipc,ipc_threshold_degree4,0.3125719623342215
4D_freerun_capacity,leak_rate=0.3|n_units=200|rho=0.9|state_noise=0.001,0,memory_capacity,mc_total,138.36777795824997
4D_freerun_capacity,leak_rate=0.3|n_units=200|rho=0.9|state_noise=0.001,0,memory_capacity,mc_total_raw,138.36777795824997
4D_freerun_capacity,leak_rate=0.3|n_units=200|rho=0.9|state_noise=0.001,0,memory_capacity,mc_threshold,0.034985412072551764
4D_freerun_capacity,leak_rate=0.3|n_units=200|rho=0.9|state_noise=0.001,0,memory_capacity,mc_effective_delay,114.80853422794821
4D_freerun_capacity,leak_rate=0.3|n_units=200|rho=0.9|state_noise=0.001,0,memory_capacity,mc_ratio,0.6918388897912499
4D_freerun_capacity,leak_rate=0.3|n_units=200|rho=0.9|state_noise=0.001,0,memory_capacity,n_delays,400.0
4D_freerun_capacity,leak_rate=0.3|n_units=200|rho=0.9|state_noise=0.001,0,ipc,ipc_total,600.9389207799252
4D_freerun_capacity,leak_rate=0.3|n_units=200|rho=0.9|state_noise=0.001,0,ipc,ipc_total_raw,600.9389207799252
4D_freerun_capacity,leak_rate=0.3|n_units=200|rho=0.9|state_noise=0.001,0,ipc,ipc_linear,59.94865212766652
4D_freerun_capacity,leak_rate=0.3|n_units=200|rho=0.9|state_noise=0.001,0,ipc,ipc_nonlinear,540.9902686522587
4D_freerun_capacity,leak_rate=0.3|n_units=200|rho=0.9|state_noise=0.001,0,ipc,n_targets,601.0
4D_freerun_capacity,leak_rate=0.3|n_units=200|rho=0.9|state_noise=0.001,0,ipc,n_targets_kept,601.0
4D_freerun_capacity,leak_rate=0.3|n_units=200|rho=0.9|state_noise=0.001,0,ipc,saturation_ratio,3.004694603899626
4D_freerun_capacity,leak_rate=0.3|n_units=200|rho=0.9|state_noise=0.001,0,ipc,ipc_threshold_degree1,0.03304930408508732
4D_freerun_capacity,leak_rate=0.3|n_units=200|rho=0.9|state_noise=0.001,0,ipc,ipc_threshold_degree2,0.46618943233403626
4D_freerun_capacity,leak_rate=0.3|n_units=200|rho=0.9|state_noise=0.001,0,ipc,ipc_threshold_degree3,0.0518366683953071
4D_freerun_capacity,leak_rate=0.3|n_units=200|rho=0.9|state_noise=0.001,0,ipc,ipc_threshold_degree4,0.28262211853957403
4D_freerun_capacity,leak_rate=0.3|n_units=200|rho=0.9|state_noise=0.001,1,memory_capacity,mc_total,161.62096110124452
4D_freerun_capacity,leak_rate=0.3|n_units=200|rho=0.9|state_noise=0.001,1,memory_capacity,mc_total_raw,161.62096110124452
4D_freerun_capacity,leak_rate=0.3|n_units=200|rho=0.9|state_noise=0.001,1,memory_capacity,mc_threshold,0.032469675806546826
4D_freerun_capacity,leak_rate=0.3|n_units=200|rho=0.9|state_noise=0.001,1,memory_capacity,mc_effective_delay,131.43678142114445
4D_freerun_capacity,leak_rate=0.3|n_units=200|rho=0.9|state_noise=0.001,1,memory_capacity,mc_ratio,0.8081048055062225
4D_freerun_capacity,leak_rate=0.3|n_units=200|rho=0.9|state_noise=0.001,1,memory_capacity,n_delays,400.0
4D_freerun_capacity,leak_rate=0.3|n_units=200|rho=0.9|state_noise=0.001,1,ipc,ipc_total,600.9636774817004
4D_freerun_capacity,leak_rate=0.3|n_units=200|rho=0.9|state_noise=0.001,1,ipc,ipc_total_raw,600.9636774817004
4D_freerun_capacity,leak_rate=0.3|n_units=200|rho=0.9|state_noise=0.001,1,ipc,ipc_linear,59.97910207912325
4D_freerun_capacity,leak_rate=0.3|n_units=200|rho=0.9|state_noise=0.001,1,ipc,ipc_nonlinear,540.9845754025772
4D_freerun_capacity,leak_rate=0.3|n_units=200|rho=0.9|state_noise=0.001,1,ipc,n_targets,601.0
4D_freerun_capacity,leak_rate=0.3|n_units=200|rho=0.9|state_noise=0.001,1,ipc,n_targets_kept,601.0
4D_freerun_capacity,leak_rate=0.3|n_units=200|rho=0.9|state_noise=0.001,1,ipc,saturation_ratio,3.004818387408502
4D_freerun_capacity,leak_rate=0.3|n_units=200|rho=0.9|state_noise=0.001,1,ipc,ipc_threshold_degree1,0.03438345896073669
4D_freerun_capacity,leak_rate=0.3|n_units=200|rho=0.9|state_noise=0.001,1,ipc,ipc_threshold_degree2,0.5030860073147916
4D_freerun_capacity,leak_rate=0.3|n_units=200|rho=0.9|state_noise=0.001,1,ipc,ipc_threshold_degree3,0.033173927761181075
4D_freerun_capacity,leak_rate=0.3|n_units=200|rho=0.9|state_noise=0.001,1,ipc,ipc_threshold_degree4,0.3113388594083631
4D_freerun_capacity,leak_rate=0.3|n_units=200|rho=0.9|state_noise=0.001,2,memory_capacity,mc_total,145.6455041932244
4D_freerun_capacity,leak_rate=0.3|n_units=200|rho=0.9|state_noise=0.001,2,memory_capacity,mc_total_raw,145.6455041932244
4D_freerun_capacity,leak_rate=0.3|n_units=200|rho=0.9|state_noise=0.001,2,memory_capacity,mc_threshold,0.03342408160221557
4D_freerun_capacity,leak_rate=0.3|n_units=200|rho=0.9|state_noise=0.001,2,memory_capacity,mc_effective_delay,120.35558562287177
4D_freerun_capacity,leak_rate=0.3|n_units=200|rho=0.9|state_noise=0.001,2,memory_capacity,mc_ratio,0.7282275209661221
4D_freerun_capacity,leak_rate=0.3|n_units=200|rho=0.9|state_noise=0.001,2,memory_capacity,n_delays,400.0
4D_freerun_capacity,leak_rate=0.3|n_units=200|rho=0.9|state_noise=0.001,2,ipc,ipc_total,600.9714623953513
4D_freerun_capacity,leak_rate=0.3|n_units=200|rho=0.9|state_noise=0.001,2,ipc,ipc_total_raw,600.9714623953513
4D_freerun_capacity,leak_rate=0.3|n_units=200|rho=0.9|state_noise=0.001,2,ipc,ipc_linear,59.984455377914706
4D_freerun_capacity,leak_rate=0.3|n_units=200|rho=0.9|state_noise=0.001,2,ipc,ipc_nonlinear,540.9870070174366
4D_freerun_capacity,leak_rate=0.3|n_units=200|rho=0.9|state_noise=0.001,2,ipc,n_targets,601.0
4D_freerun_capacity,leak_rate=0.3|n_units=200|rho=0.9|state_noise=0.001,2,ipc,n_targets_kept,601.0
4D_freerun_capacity,leak_rate=0.3|n_units=200|rho=0.9|state_noise=0.001,2,ipc,saturation_ratio,3.0048573119767563
4D_freerun_capacity,leak_rate=0.3|n_units=200|rho=0.9|state_noise=0.001,2,ipc,ipc_threshold_degree1,0.032704371634652264
4D_freerun_capacity,leak_rate=0.3|n_units=200|rho=0.9|state_noise=0.001,2,ipc,ipc_threshold_degree2,0.4980349626549211
4D_freerun_capacity,leak_rate=0.3|n_units=200|rho=0.9|state_noise=0.001,2,ipc,ipc_threshold_degree3,0.041075018497331764
4D_freerun_capacity,leak_rate=0.3|n_units=200|rho=0.9|state_noise=0.001,2,ipc,ipc_threshold_degree4,0.28734576915767474
4D_freerun_capacity,leak_rate=0.3|n_units=200|rho=0.9|state_noise=0.001,3,memory_capacity,mc_total,137.85932112039484
4D_freerun_capacity,leak_rate=0.3|n_units=200|rho=0.9|state_noise=0.001,3,memory_capacity,mc_total_raw,137.85932112039484
4D_freerun_capacity,leak_rate=0.3|n_units=200|rho=0.9|state_noise=0.001,3,memory_capacity,mc_threshold,0.03260117529629412
4D_freerun_capacity,leak_rate=0.3|n_units=200|rho=0.9|state_noise=0.001,3,memory_capacity,mc_effective_delay,121.55217980481778
4D_freerun_capacity,leak_rate=0.3|n_units=200|rho=0.9|state_noise=0.001,3,memory_capacity,mc_ratio,0.6892966056019741
4D_freerun_capacity,leak_rate=0.3|n_units=200|rho=0.9|state_noise=0.001,3,memory_capacity,n_delays,400.0
4D_freerun_capacity,leak_rate=0.3|n_units=200|rho=0.9|state_noise=0.001,3,ipc,ipc_total,600.8251653263352
4D_freerun_capacity,leak_rate=0.3|n_units=200|rho=0.9|state_noise=0.001,3,ipc,ipc_total_raw,600.8251653263352
4D_freerun_capacity,leak_rate=0.3|n_units=200|rho=0.9|state_noise=0.001,3,ipc,ipc_linear,59.83868385272721
4D_freerun_capacity,leak_rate=0.3|n_units=200|rho=0.9|state_noise=0.001,3,ipc,ipc_nonlinear,540.986481473608
4D_freerun_capacity,leak_rate=0.3|n_units=200|rho=0.9|state_noise=0.001,3,ipc,n_targets,601.0
4D_freerun_capacity,leak_rate=0.3|n_units=200|rho=0.9|state_noise=0.001,3,ipc,n_targets_kept,601.0
4D_freerun_capacity,leak_rate=0.3|n_units=200|rho=0.9|state_noise=0.001,3,ipc,saturation_ratio,3.004125826631676
4D_freerun_capacity,leak_rate=0.3|n_units=200|rho=0.9|state_noise=0.001,3,ipc,ipc_threshold_degree1,0.03167491221870879
4D_freerun_capacity,leak_rate=0.3|n_units=200|rho=0.9|state_noise=0.001,3,ipc,ipc_threshold_degree2,0.5157931078272522
4D_freerun_capacity,leak_rate=0.3|n_units=200|rho=0.9|state_noise=0.001,3,ipc,ipc_threshold_degree3,0.0347469793466568
4D_freerun_capacity,leak_rate=0.3|n_units=200|rho=0.9|state_noise=0.001,3,ipc,ipc_threshold_degree4,0.2911967899380577
4D_freerun_capacity,leak_rate=0.3|n_units=200|rho=0.9|state_noise=0.001,4,memory_capacity,mc_total,155.8343890198551
4D_freerun_capacity,leak_rate=0.3|n_units=200|rho=0.9|state_noise=0.001,4,memory_capacity,mc_total_raw,155.8343890198551
4D_freerun_capacity,leak_rate=0.3|n_units=200|rho=0.9|state_noise=0.001,4,memory_capacity,mc_threshold,0.03231739573185934
4D_freerun_capacity,leak_rate=0.3|n_units=200|rho=0.9|state_noise=0.001,4,memory_capacity,mc_effective_delay,128.19608877924708
4D_freerun_capacity,leak_rate=0.3|n_units=200|rho=0.9|state_noise=0.001,4,memory_capacity,mc_ratio,0.7791719450992756
4D_freerun_capacity,leak_rate=0.3|n_units=200|rho=0.9|state_noise=0.001,4,memory_capacity,n_delays,400.0
4D_freerun_capacity,leak_rate=0.3|n_units=200|rho=0.9|state_noise=0.001,4,ipc,ipc_total,600.9563753169828
4D_freerun_capacity,leak_rate=0.3|n_units=200|rho=0.9|state_noise=0.001,4,ipc,ipc_total_raw,600.9563753169828
4D_freerun_capacity,leak_rate=0.3|n_units=200|rho=0.9|state_noise=0.001,4,ipc,ipc_linear,59.96635522078195
4D_freerun_capacity,leak_rate=0.3|n_units=200|rho=0.9|state_noise=0.001,4,ipc,ipc_nonlinear,540.9900200962009
4D_freerun_capacity,leak_rate=0.3|n_units=200|rho=0.9|state_noise=0.001,4,ipc,n_targets,601.0
4D_freerun_capacity,leak_rate=0.3|n_units=200|rho=0.9|state_noise=0.001,4,ipc,n_targets_kept,601.0
4D_freerun_capacity,leak_rate=0.3|n_units=200|rho=0.9|state_noise=0.001,4,ipc,saturation_ratio,3.004781876584914
4D_freerun_capacity,leak_rate=0.3|n_units=200|rho=0.9|state_noise=0.001,4,ipc,ipc_threshold_degree1,0.0315417920898101
4D_freerun_capacity,leak_rate=0.3|n_units=200|rho=0.9|state_noise=0.001,4,ipc,ipc_threshold_degree2,0.47171821420013427
4D_freerun_capacity,leak_rate=0.3|n_units=200|rho=0.9|state_noise=0.001,4,ipc,ipc_threshold_degree3,0.03850161900491758
4D_freerun_capacity,leak_rate=0.3|n_units=200|rho=0.9|state_noise=0.001,4,ipc,ipc_threshold_degree4,0.31286514978673347
4D_freerun_capacity,leak_rate=0.3|n_units=200|rho=0.9|state_noise=0.01,0,memory_capacity,mc_total,122.17930318270594
4D_freerun_capacity,leak_rate=0.3|n_units=200|rho=0.9|state_noise=0.01,0,memory_capacity,mc_total_raw,122.17930318270594
4D_freerun_capacity,leak_rate=0.3|n_units=200|rho=0.9|state_noise=0.01,0,memory_capacity,mc_threshold,0.03456219868377373
4D_freerun_capacity,leak_rate=0.3|n_units=200|rho=0.9|state_noise=0.01,0,memory_capacity,mc_effective_delay,118.44619002173883
4D_freerun_capacity,leak_rate=0.3|n_units=200|rho=0.9|state_noise=0.01,0,memory_capacity,mc_ratio,0.6108965159135297
4D_freerun_capacity,leak_rate=0.3|n_units=200|rho=0.9|state_noise=0.01,0,memory_capacity,n_delays,400.0
4D_freerun_capacity,leak_rate=0.3|n_units=200|rho=0.9|state_noise=0.01,0,ipc,ipc_total,599.8536529842595
4D_freerun_capacity,leak_rate=0.3|n_units=200|rho=0.9|state_noise=0.01,0,ipc,ipc_total_raw,599.8536529842595
4D_freerun_capacity,leak_rate=0.3|n_units=200|rho=0.9|state_noise=0.01,0,ipc,ipc_linear,59.143571008354755
4D_freerun_capacity,leak_rate=0.3|n_units=200|rho=0.9|state_noise=0.01,0,ipc,ipc_nonlinear,540.7100819759047
4D_freerun_capacity,leak_rate=0.3|n_units=200|rho=0.9|state_noise=0.01,0,ipc,n_targets,601.0
4D_freerun_capacity,leak_rate=0.3|n_units=200|rho=0.9|state_noise=0.01,0,ipc,n_targets_kept,601.0
4D_freerun_capacity,leak_rate=0.3|n_units=200|rho=0.9|state_noise=0.01,0,ipc,saturation_ratio,2.9992682649212976
4D_freerun_capacity,leak_rate=0.3|n_units=200|rho=0.9|state_noise=0.01,0,ipc,ipc_threshold_degree1,0.033223911033392506
4D_freerun_capacity,leak_rate=0.3|n_units=200|rho=0.9|state_noise=0.01,0,ipc,ipc_threshold_degree2,0.46611510554596414
4D_freerun_capacity,leak_rate=0.3|n_units=200|rho=0.9|state_noise=0.01,0,ipc,ipc_threshold_degree3,0.05234123548325127
4D_freerun_capacity,leak_rate=0.3|n_units=200|rho=0.9|state_noise=0.01,0,ipc,ipc_threshold_degree4,0.2823856429550938
4D_freerun_capacity,leak_rate=0.3|n_units=200|rho=0.9|state_noise=0.01,1,memory_capacity,mc_total,139.36602123887215
4D_freerun_capacity,leak_rate=0.3|n_units=200|rho=0.9|state_noise=0.01,1,memory_capacity,mc_total_raw,139.36602123887215
4D_freerun_capacity,leak_rate=0.3|n_units=200|rho=0.9|state_noise=0.01,1,memory_capacity,mc_threshold,0.034209778464864636
4D_freerun_capacity,leak_rate=0.3|n_units=200|rho=0.9|state_noise=0.01,1,memory_capacity,mc_effective_delay,128.32763796044878
4D_freerun_capacity,leak_rate=0.3|n_units=200|rho=0.9|state_noise=0.01,1,memory_capacity,mc_ratio,0.6968301061943607
4D_freerun_capacity,leak_rate=0.3|n_units=200|rho=0.9|state_noise=0.01,1,memory_capacity,n_delays,400.0
4D_freerun_capacity,leak_rate=0.3|n_units=200|rho=0.9|state_noise=0.01,1,ipc,ipc_total,600.2339207526753
4D_freerun_capacity,leak_rate=0.3|n_units=200|rho=0.9|state_noise=0.01,1,ipc,ipc_total_raw,600.2339207526753
4D_freerun_capacity,leak_rate=0.3|n_units=200|rho=0.9|state_noise=0.01,1,ipc,ipc_linear,59.680681412751845
4D_freerun_capacity,leak_rate=0.3|n_units=200|rho=0.9|state_noise=0.01,1,ipc,ipc_nonlinear,540.5532393399235
4D_freerun_capacity,leak_rate=0.3|n_units=200|rho=0.9|state_noise=0.01,1,ipc,n_targets,601.0
4D_freerun_capacity,leak_rate=0.3|n_units=200|rho=0.9|state_noise=0.01,1,ipc,n_targets_kept,601.0
4D_freerun_capacity,leak_rate=0.3|n_units=200|rho=0.9|state_noise=0.01,1,ipc,saturation_ratio,3.0011696037633766
4D_freerun_capacity,leak_rate=0.3|n_units=200|rho=0.9|state_noise=0.01,1,ipc,ipc_threshold_degree1,0.034113313162818557
4D_freerun_capacity,leak_rate=0.3|n_units=200|rho=0.9|state_noise=0.01,1,ipc,ipc_threshold_degree2,0.5026038634112602
4D_freerun_capacity,leak_rate=0.3|n_units=200|rho=0.9|state_noise=0.01,1,ipc,ipc_threshold_degree3,0.03329857762078578
4D_freerun_capacity,leak_rate=0.3|n_units=200|rho=0.9|state_noise=0.01,1,ipc,ipc_threshold_degree4,0.31165785683894376
4D_freerun_capacity,leak_rate=0.3|n_units=200|rho=0.9|state_noise=0.01,2,memory_capacity,mc_total,130.756636671651
4D_freerun_capacity,leak_rate=0.3|n_units=200|rho=0.9|state_noise=0.01,2,memory_capacity,mc_total_raw,130.756636671651
4D_freerun_capacity,leak_rate=0.3|n_units=200|rho=0.9|state_noise=0.01,2,memory_capacity,mc_threshold,0.03299849990934771
4D_freerun_capacity,leak_rate=0.3|n_units=200|rho=0.9|state_noise=0.01,2,memory_capacity,mc_effective_delay,119.46591724589919
4D_freerun_capacity,leak_rate=0.3|n_units=200|rho=0.9|state_noise=0.01,2,memory_capacity,mc_ratio,0.653783183358255
4D_freerun_capacity,leak_rate=0.3|n_units=200|rho=0.9|state_noise=0.01,2,memory_capacity,n_delays,400.0
4D_freerun_capacity,leak_rate=0.3|n_units=200|rho=0.9|state_noise=0.01,2,ipc,ipc_total,600.254211604796
4D_freerun_capacity,leak_rate=0.3|n_units=200|rho=0.9|state_noise=0.01,2,ipc,ipc_total_raw,600.254211604796
4D_freerun_capacity,leak_rate=0.3|n_units=200|rho=0.9|state_noise=0.01,2,ipc,ipc_linear,59.621582071714634
4D_freerun_capacity,leak_rate=0.3|n_units=200|rho=0.9|state_noise=0.01,2,ipc,ipc_nonlinear,540.6326295330813
4D_freerun_capacity,leak_rate=0.3|n_units=200|rho=0.9|state_noise=0.01,2,ipc,n_targets,601.0
4D_freerun_capacity,leak_rate=0.3|n_units=200|rho=0.9|state_noise=0.01,2,ipc,n_targets_kept,601.0
4D_freerun_capacity,leak_rate=0.3|n_units=200|rho=0.9|state_noise=0.01,2,ipc,saturation_ratio,3.00127105802398
4D_freerun_capacity,leak_rate=0.3|n_units=200|rho=0.9|state_noise=0.01,2,ipc,ipc_threshold_degree1,0.03368575628068394
4D_freerun_capacity,leak_rate=0.3|n_units=200|rho=0.9|state_noise=0.01,2,ipc,ipc_threshold_degree2,0.49785877628778996
4D_freerun_capacity,leak_rate=0.3|n_units=200|rho=0.9|state_noise=0.01,2,ipc,ipc_threshold_degree3,0.04179368844556683
4D_freerun_capacity,leak_rate=0.3|n_units=200|rho=0.9|state_noise=0.01,2,ipc,ipc_threshold_degree4,0.2871508558213509
4D_freerun_capacity,leak_rate=0.3|n_units=200|rho=0.9|state_noise=0.01,3,memory_capacity,mc_total,124.81275652796148
4D_freerun_capacity,leak_rate=0.3|n_units=200|rho=0.9|state_noise=0.01,3,memory_capacity,mc_total_raw,124.81275652796148
4D_freerun_capacity,leak_rate=0.3|n_units=200|rho=0.9|state_noise=0.01,3,memory_capacity,mc_threshold,0.03393388577993087
4D_freerun_capacity,leak_rate=0.3|n_units=200|rho=0.9|state_noise=0.01,3,memory_capacity,mc_effective_delay,121.87087274210619
4D_freerun_capacity,leak_rate=0.3|n_units=200|rho=0.9|state_noise=0.01,3,memory_capacity,mc_ratio,0.6240637826398074
4D_freerun_capacity,leak_rate=0.3|n_units=200|rho=0.9|state_noise=0.01,3,memory_capacity,n_delays,400.0
4D_freerun_capacity,leak_rate=0.3|n_units=200|rho=0.9|state_noise=0.01,3,ipc,ipc_total,599.4392744683564
4D_freerun_capacity,leak_rate=0.3|n_units=200|rho=0.9|state_noise=0.01,3,ipc,ipc_total_raw,599.4392744683564
4D_freerun_capacity,leak_rate=0.3|n_units=200|rho=0.9|state_noise=0.01,3,ipc,ipc_linear,58.85388706589061
4D_freerun_capacity,leak_rate=0.3|n_units=200|rho=0.9|state_noise=0.01,3,ipc,ipc_nonlinear,540.5853874024658
4D_freerun_capacity,leak_rate=0.3|n_units=200|rho=0.9|state_noise=0.01,3,ipc,n_targets,601.0
4D_freerun_capacity,leak_rate=0.3|n_units=200|rho=0.9|state_noise=0.01,3,ipc,n_targets_kept,601.0
4D_freerun_capacity,leak_rate=0.3|n_units=200|rho=0.9|state_noise=0.01,3,ipc,saturation_ratio,2.997196372341782
4D_freerun_capacity,leak_rate=0.3|n_units=200|rho=0.9|state_noise=0.01,3,ipc,ipc_threshold_degree1,0.031543951639935314
4D_freerun_capacity,leak_rate=0.3|n_units=200|rho=0.9|state_noise=0.01,3,ipc,ipc_threshold_degree2,0.516139083541069
4D_freerun_capacity,leak_rate=0.3|n_units=200|rho=0.9|state_noise=0.01,3,ipc,ipc_threshold_degree3,0.034556046033243366
4D_freerun_capacity,leak_rate=0.3|n_units=200|rho=0.9|state_noise=0.01,3,ipc,ipc_threshold_degree4,0.2908301912965058
4D_freerun_capacity,leak_rate=0.3|n_units=200|rho=0.9|state_noise=0.01,4,memory_capacity,mc_total,135.16181491602663
4D_freerun_capacity,leak_rate=0.3|n_units=200|rho=0.9|state_noise=0.01,4,memory_capacity,mc_total_raw,135.16181491602663
4D_freerun_capacity,leak_rate=0.3|n_units=200|rho=0.9|state_noise=0.01,4,memory_capacity,mc_threshold,0.03421416647501975
4D_freerun_capacity,leak_rate=0.3|n_units=200|rho=0.9|state_noise=0.01,4,memory_capacity,mc_effective_delay,125.94977046508636
4D_freerun_capacity,leak_rate=0.3|n_units=200|rho=0.9|state_noise=0.01,4,memory_capacity,mc_ratio,0.6758090745801332
4D_freerun_capacity,leak_rate=0.3|n_units=200|rho=0.9|state_noise=0.01,4,memory_capacity,n_delays,400.0
4D_freerun_capacity,leak_rate=0.3|n_units=200|rho=0.9|state_noise=0.01,4,ipc,ipc_total,600.247188110565
4D_freerun_capacity,leak_rate=0.3|n_units=200|rho=0.9|state_noise=0.01,4,ipc,ipc_total_raw,600.247188110565
4D_freerun_capacity,leak_rate=0.3|n_units=200|rho=0.9|state_noise=0.01,4,ipc,ipc_linear,59.583781040121046
4D_freerun_capacity,leak_rate=0.3|n_units=200|rho=0.9|state_noise=0.01,4,ipc,ipc_nonlinear,540.663407070444
4D_freerun_capacity,leak_rate=0.3|n_units=200|rho=0.9|state_noise=0.01,4,ipc,n_targets,601.0
4D_freerun_capacity,leak_rate=0.3|n_units=200|rho=0.9|state_noise=0.01,4,ipc,n_targets_kept,601.0
4D_freerun_capacity,leak_rate=0.3|n_units=200|rho=0.9|state_noise=0.01,4,ipc,saturation_ratio,3.0012359405528253
4D_freerun_capacity,leak_rate=0.3|n_units=200|rho=0.9|state_noise=0.01,4,ipc,ipc_threshold_degree1,0.031116679796717048
4D_freerun_capacity,leak_rate=0.3|n_units=200|rho=0.9|state_noise=0.01,4,ipc,ipc_threshold_degree2,0.47153486798310723
4D_freerun_capacity,leak_rate=0.3|n_units=200|rho=0.9|state_noise=0.01,4,ipc,ipc_threshold_degree3,0.03831911927005578
4D_freerun_capacity,leak_rate=0.3|n_units=200|rho=0.9|state_noise=0.01,4,ipc,ipc_threshold_degree4,0.3118954408893003
4D_freerun_capacity,leak_rate=0.6|n_units=200|rho=0.9|state_noise=0,0,memory_capacity,mc_total,112.90033498145937
4D_freerun_capacity,leak_rate=0.6|n_units=200|rho=0.9|state_noise=0,0,memory_capacity,mc_total_raw,112.90033498145937
4D_freerun_capacity,leak_rate=0.6|n_units=200|rho=0.9|state_noise=0,0,memory_capacity,mc_threshold,0.0334017503026229
4D_freerun_capacity,leak_rate=0.6|n_units=200|rho=0.9|state_noise=0,0,memory_capacity,mc_effective_delay,104.31649377713492
4D_freerun_capacity,leak_rate=0.6|n_units=200|rho=0.9|state_noise=0,0,memory_capacity,mc_ratio,0.5645016749072969
4D_freerun_capacity,leak_rate=0.6|n_units=200|rho=0.9|state_noise=0,0,memory_capacity,n_delays,400.0
4D_freerun_capacity,leak_rate=0.6|n_units=200|rho=0.9|state_noise=0,0,ipc,ipc_total,600.6506241713163
4D_freerun_capacity,leak_rate=0.6|n_units=200|rho=0.9|state_noise=0,0,ipc,ipc_total_raw,600.6506241713163
4D_freerun_capacity,leak_rate=0.6|n_units=200|rho=0.9|state_noise=0,0,ipc,ipc_linear,59.6507044384082
4D_freerun_capacity,leak_rate=0.6|n_units=200|rho=0.9|state_noise=0,0,ipc,ipc_nonlinear,540.9999197329081
4D_freerun_capacity,leak_rate=0.6|n_units=200|rho=0.9|state_noise=0,0,ipc,n_targets,601.0
4D_freerun_capacity,leak_rate=0.6|n_units=200|rho=0.9|state_noise=0,0,ipc,n_targets_kept,601.0
4D_freerun_capacity,leak_rate=0.6|n_units=200|rho=0.9|state_noise=0,0,ipc,saturation_ratio,3.0032531208565816
4D_freerun_capacity,leak_rate=0.6|n_units=200|rho=0.9|state_noise=0,0,ipc,ipc_threshold_degree1,0.03176789784788636
4D_freerun_capacity,leak_rate=0.6|n_units=200|rho=0.9|state_noise=0,0,ipc,ipc_threshold_degree2,0.466256157474152
4D_freerun_capacity,leak_rate=0.6|n_units=200|rho=0.9|state_noise=0,0,ipc,ipc_threshold_degree3,0.05096966906030989
4D_freerun_capacity,leak_rate=0.6|n_units=200|rho=0.9|state_noise=0,0,ipc,ipc_threshold_degree4,0.28358214402864834
4D_freerun_capacity,leak_rate=0.6|n_units=200|rho=0.9|state_noise=0,1,memory_capacity,mc_total,132.9464549271356
4D_freerun_capacity,leak_rate=0.6|n_units=200|rho=0.9|state_noise=0,1,memory_capacity,mc_total_raw,132.9464549271356
4D_freerun_capacity,leak_rate=0.6|n_units=200|rho=0.9|state_noise=0,1,memory_capacity,mc_threshold,0.032285062502118766
4D_freerun_capacity,leak_rate=0.6|n_units=200|rho=0.9|state_noise=0,1,memory_capacity,mc_effective_delay,126.78080240540598
4D_freerun_capacity,leak_rate=0.6|n_units=200|rho=0.9|state_noise=0,1,memory_capacity,mc_ratio,0.664732274635678
4D_freerun_capacity,leak_rate=0.6|n_units=200|rho=0.9|state_noise=0,1,memory_capacity,n_delays,400.0
4D_freerun_capacity,leak_rate=0.6|n_units=200|rho=0.9|state_noise=0,1,ipc,ipc_total,600.6709783196567
4D_freerun_capacity,leak_rate=0.6|n_units=200|rho=0.9|state_noise=0,1,ipc,ipc_total_raw,600.6709783196567
4D_freerun_capacity,leak_rate=0.6|n_units=200|rho=0.9|state_noise=0,1,ipc,ipc_linear,59.67129334541267
4D_freerun_capacity,leak_rate=0.6|n_units=200|rho=0.9|state_noise=0,1,ipc,ipc_nonlinear,540.999684974244
4D_freerun_capacity,leak_rate=0.6|n_units=200|rho=0.9|state_noise=0,1,ipc,n_targets,601.0
4D_freerun_capacity,leak_rate=0.6|n_units=200|rho=0.9|state_noise=0,1,ipc,n_targets_kept,601.0
4D_freerun_capacity,leak_rate=0.6|n_units=200|rho=0.9|state_noise=0,1,ipc,saturation_ratio,3.0033548915982835
4D_freerun_capacity,leak_rate=0.6|n_units=200|rho=0.9|state_noise=0,1,ipc,ipc_threshold_degree1,0.03176820291611308
4D_freerun_capacity,leak_rate=0.6|n_units=200|rho=0.9|state_noise=0,1,ipc,ipc_threshold_degree2,0.5028076419930606
4D_freerun_capacity,leak_rate=0.6|n_units=200|rho=0.9|state_noise=0,1,ipc,ipc_threshold_degree3,0.03299361204977189
4D_freerun_capacity,leak_rate=0.6|n_units=200|rho=0.9|state_noise=0,1,ipc,ipc_threshold_degree4,0.31082829237087883
4D_freerun_capacity,leak_rate=0.6|n_units=200|rho=0.9|state_noise=0,2,memory_capacity,mc_total,114.01042107489513
4D_freerun_capacity,leak_rate=0.6|n_units=200|rho=0.9|state_noise=0,2,memory_capacity,mc_total_raw,114.01042107489513
4D_freerun_capacity,leak_rate=0.6|n_units=200|rho=0.9|state_noise=0,2,memory_capacity,mc_threshold,0.033261282455215535
4D_freerun_capacity,leak_rate=0.6|n_units=200|rho=0.9|state_noise=0,2,memory_capacity,mc_effective_delay,110.80602484191216
4D_freerun_capacity,leak_rate=0.6|n_units=200|rho=0.9|state_noise=0,2,memory_capacity,mc_ratio,0.5700521053744757
4D_freerun_capacity,leak_rate=0.6|n_units=200|rho=0.9|state_noise=0,2,memory_capacity,n_delays,400.0
4D_freerun_capacity,leak_rate=0.6|n_units=200|rho=0.9|state_noise=0,2,ipc,ipc_total,600.1949606034224
4D_freerun_capacity,leak_rate=0.6|n_units=200|rho=0.9|state_noise=0,2,ipc,ipc_total_raw,600.1949606034224
4D_freerun_capacity,leak_rate=0.6|n_units=200|rho=0.9|state_noise=0,2,ipc,ipc_linear,59.195335881456394
4D_freerun_capacity,leak_rate=0.6|n_units=200|rho=0.9|state_noise=0,2,ipc,ipc_nonlinear,540.999624721966
4D_freerun_capacity,leak_rate=0.6|n_units=200|rho=0.9|state_noise=0,2,ipc,n_targets,601.0
4D_freerun_capacity,leak_rate=0.6|n_units=200|rho=0.9|state_noise=0,2,ipc,n_targets_kept,601.0
4D_freerun_capacity,leak_rate=0.6|n_units=200|rho=0.9|state_noise=0,2,ipc,saturation_ratio,3.0009748030171117
4D_freerun_capacity,leak_rate=0.6|n_units=200|rho=0.9|state_noise=0,2,ipc,ipc_threshold_degree1,0.03168596332189835
4D_freerun_capacity,leak_rate=0.6|n_units=200|rho=0.9|state_noise=0,2,ipc,ipc_threshold_degree2,0.49803625942821483
4D_freerun_capacity,leak_rate=0.6|n_units=200|rho=0.9|state_noise=0,2,ipc,ipc_threshold_degree3,0.04282587269368052
4D_freerun_capacity,leak_rate=0.6|n_units=200|rho=0.9|state_noise=0,2,ipc,ipc_threshold_degree4,0.28661392601394803
4D_freerun_capacity,leak_rate=0.6|n_units=200|rho=0.9|state_noise=0,3,memory_capacity,mc_total,112.6374846214734
4D_freerun_capacity,leak_rate=0.6|n_units=200|rho=0.9|state_noise=0,3,memory_capacity,mc_total_raw,112.6374846214734
4D_freerun_capacity,leak_rate=0.6|n_units=200|rho=0.9|state_noise=0,3,memory_capacity,mc_threshold,0.03485253983491205
4D_freerun_capacity,leak_rate=0.6|n_units=200|rho=0.9|state_noise=0,3,memory_capacity,mc_effective_delay,114.47944897227897
4D_freerun_capacity,leak_rate=0.6|n_units=200|rho=0.9|state_noise=0,3,memory_capacity,mc_ratio,0.563187423107367
4D_freerun_capacity,leak_rate=0.6|n_units=200|rho=0.9|state_noise=0,3,memory_capacity,n_delays,400.0
4D_freerun_capacity,leak_rate=0.6|n_units=200|rho=0.9|state_noise=0,3,ipc,ipc_total,599.5078871161902
4D_freerun_capacity,leak_rate=0.6|n_units=200|rho=0.9|state_noise=0,3,ipc,ipc_total_raw,599.5078871161902
4D_freerun_capacity,leak_rate=0.6|n_units=200|rho=0.9|state_noise=0,3,ipc,ipc_linear,58.50841518084039
4D_freerun_capacity,leak_rate=0.6|n_units=200|rho=0.9|state_noise=0,3,ipc,ipc_nonlinear,540.9994719353498
4D_freerun_capacity,leak_rate=0.6|n_units=200|rho=0.9|state_noise=0,3,ipc,n_targets,601.0
4D_freerun_capacity,leak_rate=0.6|n_units=200|rho=0.9|state_noise=0,3,ipc,n_targets_kept,601.0
4D_freerun_capacity,leak_rate=0.6|n_units=200|rho=0.9|state_noise=0,3,ipc,saturation_ratio,2.997539435580951
4D_freerun_capacity,leak_rate=0.6|n_units=200|rho=0.9|state_noise=0,3,ipc,ipc_threshold_degree1,0.03235694036894568
4D_freerun_capacity,leak_rate=0.6|n_units=200|rho=0.9|state_noise=0,3,ipc,ipc_threshold_degree2,0.5164025767766635
4D_freerun_capacity,leak_rate=0.6|n_units=200|rho=0.9|state_noise=0,3,ipc,ipc_threshold_degree3,0.03518223251435793
4D_freerun_capacity,leak_rate=0.6|n_units=200|rho=0.9|state_noise=0,3,ipc,ipc_threshold_degree4,0.2920220295199349
4D_freerun_capacity,leak_rate=0.6|n_units=200|rho=0.9|state_noise=0,4,memory_capacity,mc_total,129.42656553696736
4D_freerun_capacity,leak_rate=0.6|n_units=200|rho=0.9|state_noise=0,4,memory_capacity,mc_total_raw,129.42656553696736
4D_freerun_capacity,leak_rate=0.6|n_units=200|rho=0.9|state_noise=0,4,memory_capacity,mc_threshold,0.03281818930317788
4D_freerun_capacity,leak_rate=0.6|n_units=200|rho=0.9|state_noise=0,4,memory_capacity,mc_effective_delay,125.6620644887229
4D_freerun_capacity,leak_rate=0.6|n_units=200|rho=0.9|state_noise=0,4,memory_capacity,mc_ratio,0.6471328276848368
4D_freerun_capacity,leak_rate=0.6|n_units=200|rho=0.9|state_noise=0,4,memory_capacity,n_delays,400.0
4D_freerun_capacity,leak_rate=0.6|n_units=200|rho=0.9|state_noise=0,4,ipc,ipc_total,600.7045274532022
4D_freerun_capacity,leak_rate=0.6|n_units=200|rho=0.9|state_noise=0,4,ipc,ipc_total_raw,600.7045274532022
4D_freerun_capacity,leak_rate=0.6|n_units=200|rho=0.9|state_noise=0,4,ipc,ipc_linear,59.704589952989494
4D_freerun_capacity,leak_rate=0.6|n_units=200|rho=0.9|state_noise=0,4,ipc,ipc_nonlinear,540.9999375002127
4D_freerun_capacity,leak_rate=0.6|n_units=200|rho=0.9|state_noise=0,4,ipc,n_targets,601.0
4D_freerun_capacity,leak_rate=0.6|n_units=200|rho=0.9|state_noise=0,4,ipc,n_targets_kept,601.0
4D_freerun_capacity,leak_rate=0.6|n_units=200|rho=0.9|state_noise=0,4,ipc,saturation_ratio,3.003522637266011
4D_freerun_capacity,leak_rate=0.6|n_units=200|rho=0.9|state_noise=0,4,ipc,ipc_threshold_degree1,0.03132838056081786
4D_freerun_capacity,leak_rate=0.6|n_units=200|rho=0.9|state_noise=0,4,ipc,ipc_threshold_degree2,0.4723364716453467
4D_freerun_capacity,leak_rate=0.6|n_units=200|rho=0.9|state_noise=0,4,ipc,ipc_threshold_degree3,0.0397147449783496
4D_freerun_capacity,leak_rate=0.6|n_units=200|rho=0.9|state_noise=0,4,ipc,ipc_threshold_degree4,0.3121151123058137
4D_freerun_capacity,leak_rate=0.6|n_units=200|rho=0.9|state_noise=0.0001,0,memory_capacity,mc_total,102.80900181498944
4D_freerun_capacity,leak_rate=0.6|n_units=200|rho=0.9|state_noise=0.0001,0,memory_capacity,mc_total_raw,102.80900181498944
4D_freerun_capacity,leak_rate=0.6|n_units=200|rho=0.9|state_noise=0.0001,0,memory_capacity,mc_threshold,0.033211892247122746
4D_freerun_capacity,leak_rate=0.6|n_units=200|rho=0.9|state_noise=0.0001,0,memory_capacity,mc_effective_delay,101.86849080342961
4D_freerun_capacity,leak_rate=0.6|n_units=200|rho=0.9|state_noise=0.0001,0,memory_capacity,mc_ratio,0.5140450090749472
4D_freerun_capacity,leak_rate=0.6|n_units=200|rho=0.9|state_noise=0.0001,0,memory_capacity,n_delays,400.0
4D_freerun_capacity,leak_rate=0.6|n_units=200|rho=0.9|state_noise=0.0001,0,ipc,ipc_total,599.6859739282219
4D_freerun_capacity,leak_rate=0.6|n_units=200|rho=0.9|state_noise=0.0001,0,ipc,ipc_total_raw,599.6859739282219
4D_freerun_capacity,leak_rate=0.6|n_units=200|rho=0.9|state_noise=0.0001,0,ipc,ipc_linear,58.686936278495374
4D_freerun_capacity,leak_rate=0.6|n_units=200|rho=0.9|state_noise=0.0001,0,ipc,ipc_nonlinear,540.9990376497265
4D_freerun_capacity,leak_rate=0.6|n_units=200|rho=0.9|state_noise=0.0001,0,ipc,n_targets,601.0
4D_freerun_capacity,leak_rate=0.6|n_units=200|rho=0.9|state_noise=0.0001,0,ipc,n_targets_kept,601.0
4D_freerun_capacity,leak_rate=0.6|n_units=200|rho=0.9|state_noise=0.0001,0,ipc,saturation_ratio,2.998429869641109
4D_freerun_capacity,leak_rate=0.6|n_units=200|rho=0.9|state_noise=0.0001,0,ipc,ipc_threshold_degree1,0.03299643449213432
4D_freerun_capacity,leak_rate=0.6|n_units=200|rho=0.9|state_noise=0.0001,0,ipc,ipc_threshold_degree2,0.4657905016363708
4D_freerun_capacity,leak_rate=0.6|n_units=200|rho=0.9|state_noise=0.0001,0,ipc,ipc_threshold_degree3,0.05120324471382627
4D_freerun_capacity,leak_rate=0.6|n_units=200|rho=0.9|state_noise=0.0001,0,ipc,ipc_threshold_degree4,0.2831259836019074
4D_freerun_capacity,leak_rate=0.6|n_units=200|rho=0.9|state_noise=0.0001,1,memory_capacity,mc_total,125.03613099468272
4D_freerun_capacity,leak_rate=0.6|n_units=200|rho=0.9|state_noise=0.0001,1,memory_capacity,mc_total_raw,125.03613099468272
4D_freerun_capacity,leak_rate=0.6|n_units=200|rho=0.9|state_noise=0.0001,1,memory_capacity,mc_threshold,0.03265219106104956
4D_freerun_capacity,leak_rate=0.6|n_units=200|rho=0.9|state_noise=0.0001,1,memory_capacity,mc_effective_delay,124.21256268004244
4D_freerun_capacity,leak_rate=0.6|n_units=200|rho=0.9|state_noise=0.0001,1,memory_capacity,mc_ratio,0.6251806549734136
4D_freerun_capacity,leak_rate=0.6|n_units=200|rho=0.9|state_noise=0.0001,1,memory_capacity,n_delays,400.0
4D_freerun_capacity,leak_rate=0.6|n_units=200|rho=0.9|state_noise=0.0001,1,ipc,ipc_total,600.1739330194073
4D_freerun_capacity,leak_rate=0.6|n_units=200|rho=0.9|state_noise=0.0001,1,ipc,ipc_total_raw,600.1739330194073
4D_freerun_capacity,leak_rate=0.6|n_units=200|rho=0.9|state_noise=0.0001,1,ipc,ipc_linear,59.17556985990446
4D_freerun_capacity,leak_rate=0.6|n_units=200|rho=0.9|state_noise=0.0001,1,ipc,ipc_nonlinear,540.9983631595028
4D_freerun_capacity,leak_rate=0.6|n_units=200|rho=0.9|state_noise=0.0001,1,ipc,n_targets,601.0
4D_freerun_capacity,leak_rate=0.6|n_units=200|rho=0.9|state_noise=0.0001,1,ipc,n_targets_kept,601.0
4D_freerun_capacity,leak_rate=0.6|n_units=200|rho=0.9|state_noise=0.0001,1,ipc,saturation_ratio,3.0008696650970363
4D_freerun_capacity,leak_rate=0.6|n_units=200|rho=0.9|state_noise=0.0001,1,ipc,ipc_threshold_degree1,0.03211484270670072
4D_freerun_capacity,leak_rate=0.6|n_units=200|rho=0.9|state_noise=0.0001,1,ipc,ipc_threshold_degree2,0.5024851721867675
4D_freerun_capacity,leak_rate=0.6|n_units=200|rho=0.9|state_noise=0.0001,1,ipc,ipc_threshold_degree3,0.03289141230199612
4D_freerun_capacity,leak_rate=0.6|n_units=200|rho=0.9|state_noise=0.0001,1,ipc,ipc_threshold_degree4,0.3114030244353021
4D_freerun_capacity,leak_rate=0.6|n_units=200|rho=0.9|state_noise=0.0001,2,memory_capacity,mc_total,106.35859460121038
4D_freerun_capacity,leak_rate=0.6|n_units=200|rho=0.9|state_noise=0.0001,2,memory_capacity,mc_total_raw,106.35859460121038
4D_freerun_capacity,leak_rate=0.6|n_units=200|rho=0.9|state_noise=0.0001,2,memory_capacity,mc_threshold,0.03382029873926623
4D_freerun_capacity,leak_rate=0.6|n_units=200|rho=0.9|state_noise=0.0001,2,memory_capacity,mc_effective_delay,108.48947406486072
4D_freerun_capacity,leak_rate=0.6|n_units=200|rho=0.9|state_noise=0.0001,2,memory_capacity,mc_ratio,0.5317929730060519
4D_freerun_capacity,leak_rate=0.6|n_units=200|rho=0.9|state_noise=0.0001,2,memory_capacity,n_delays,400.0
4D_freerun_capacity,leak_rate=0.6|n_units=200|rho=0.9|state_noise=0.0001,2,ipc,ipc_total,599.2790679437283
4D_freerun_capacity,leak_rate=0.6|n_units=200|rho=0.9|state_noise=0.0001,2,ipc,ipc_total_raw,599.2790679437283
4D_freerun_capacity,leak_rate=0.6|n_units=200|rho=0.9|state_noise=0.0001,2,ipc,ipc_linear,58.28097980173774
4D_freerun_capacity,leak_rate=0.6|n_units=200|rho=0.9|state_noise=0.0001,2,ipc,ipc_nonlinear,540.9980881419905
4D_freerun_capacity,leak_rate=0.6|n_units=200|rho=0.9|state_noise=0.0001,2,ipc,n_targets,601.0
4D_freerun_capacity,leak_rate=0.6|n_units=200|rho=0.9|state_noise=0.0001,2,ipc,n_targets_kept,601.0
4D_freerun_capacity,leak_rate=0.6|n_units=200|rho=0.9|state_noise=0.0001,2,ipc,saturation_ratio,2.9963953397186414
4D_freerun_capacity,leak_rate=0.6|n_units=200|rho=0.9|state_noise=0.0001,2,ipc,ipc_threshold_degree1,0.03149939019092866
4D_freerun_capacity,leak_rate=0.6|n_units=200|rho=0.9|state_noise=0.0001,2,ipc,ipc_threshold_degree2,0.49766144964054587
4D_freerun_capacity,leak_rate=0.6|n_units=200|rho=0.9|state_noise=0.0001,2,ipc,ipc_threshold_degree3,0.0422341631848993
4D_freerun_capacity,leak_rate=0.6|n_units=200|rho=0.9|state_noise=0.0001,2,ipc,ipc_threshold_degree4,0.2872434160663117
4D_freerun_capacity,leak_rate=0.6|n_units=200|rho=0.9|state_noise=0.0001,3,memory_capacity,mc_total,108.55460902520662
4D_freerun_capacity,leak_rate=0.6|n_units=200|rho=0.9|state_noise=0.0001,3,memory_capacity,mc_total_raw,108.55460902520662
4D_freerun_capacity,leak_rate=0.6|n_units=200|rho=0.9|state_noise=0.0001,3,memory_capacity,mc_threshold,0.03398612867526541
4D_freerun_capacity,leak_rate=0.6|n_units=200|rho=0.9|state_noise=0.0001,3,memory_capacity,mc_effective_delay,112.9453659144201
4D_freerun_capacity,leak_rate=0.6|n_units=200|rho=0.9|state_noise=0.0001,3,memory_capacity,mc_ratio,0.5427730451260331
4D_freerun_capacity,leak_rate=0.6|n_units=200|rho=0.9|state_noise=0.0001,3,memory_capacity,n_delays,400.0
4D_freerun_capacity,leak_rate=0.6|n_units=200|rho=0.9|state_noise=0.0001,3,ipc,ipc_total,598.8259488367619
4D_freerun_capacity,leak_rate=0.6|n_units=200|rho=0.9|state_noise=0.0001,3,ipc,ipc_total_raw,598.8259488367619
4D_freerun_capacity,leak_rate=0.6|n_units=200|rho=0.9|state_noise=0.0001,3,ipc,ipc_linear,57.82818872363278
4D_freerun_capacity,leak_rate=0.6|n_units=200|rho=0.9|state_noise=0.0001,3,ipc,ipc_nonlinear,540.9977601131291
4D_freerun_capacity,leak_rate=0.6|n_units=200|rho=0.9|state_noise=0.0001,3,ipc,n_targets,601.0
4D_freerun_capacity,leak_rate=0.6|n_units=200|rho=0.9|state_noise=0.0001,3,ipc,n_targets_kept,601.0
4D_freerun_capacity,leak_rate=0.6|n_units=200|rho=0.9|state_noise=0.0001,3,ipc,saturation_ratio,2.9941297441838093
4D_freerun_capacity,leak_rate=0.6|n_units=200|rho=0.9|state_noise=0.0001,3,ipc,ipc_threshold_degree1,0.03244829373077001
4D_freerun_capacity,leak_rate=0.6|n_units=200|rho=0.9|state_noise=0.0001,3,ipc,ipc_threshold_degree2,0.5163340761233884
4D_freerun_capacity,leak_rate=0.6|n_units=200|rho=0.9|state_noise=0.0001,3,ipc,ipc_threshold_degree3,0.035049385531560714
4D_freerun_capacity,leak_rate=0.6|n_units=200|rho=0.9|state_noise=0.0001,3,ipc,ipc_threshold_degree4,0.29172961971830835
4D_freerun_capacity,leak_rate=0.6|n_units=200|rho=0.9|state_noise=0.0001,4,memory_capacity,mc_total,120.42186275897225
4D_freerun_capacity,leak_rate=0.6|n_units=200|rho=0.9|state_noise=0.0001,4,memory_capacity,mc_total_raw,120.42186275897225
4D_freerun_capacity,leak_rate=0.6|n_units=200|rho=0.9|state_noise=0.0001,4,memory_capacity,mc_threshold,0.03177303830621585
4D_freerun_capacity,leak_rate=0.6|n_units=200|rho=0.9|state_noise=0.0001,4,memory_capacity,mc_effective_delay,122.7607020058916
4D_freerun_capacity,leak_rate=0.6|n_units=200|rho=0.9|state_noise=0.0001,4,memory_capacity,mc_ratio,0.6021093137948612
4D_freerun_capacity,leak_rate=0.6|n_units=200|rho=0.9|state_noise=0.0001,4,memory_capacity,n_delays,400.0
4D_freerun_capacity,leak_rate=0.6|n_units=200|rho=0.9|state_noise=0.0001,4,ipc,ipc_total,600.0403354717505
4D_freerun_capacity,leak_rate=0.6|n_units=200|rho=0.9|state_noise=0.0001,4,ipc,ipc_total_raw,600.0403354717505
4D_freerun_capacity,leak_rate=0.6|n_units=200|rho=0.9|state_noise=0.0001,4,ipc,ipc_linear,59.04112582231508
4D_freerun_capacity,leak_rate=0.6|n_units=200|rho=0.9|state_noise=0.0001,4,ipc,ipc_nonlinear,540.9992096494354
4D_freerun_capacity,leak_rate=0.6|n_units=200|rho=0.9|state_noise=0.0001,4,ipc,n_targets,601.0
4D_freerun_capacity,leak_rate=0.6|n_units=200|rho=0.9|state_noise=0.0001,4,ipc,n_targets_kept,601.0
4D_freerun_capacity,leak_rate=0.6|n_units=200|rho=0.9|state_noise=0.0001,4,ipc,saturation_ratio,3.0002016773587523
4D_freerun_capacity,leak_rate=0.6|n_units=200|rho=0.9|state_noise=0.0001,4,ipc,ipc_threshold_degree1,0.03194337710965537
4D_freerun_capacity,leak_rate=0.6|n_units=200|rho=0.9|state_noise=0.0001,4,ipc,ipc_threshold_degree2,0.47208732889490157
4D_freerun_capacity,leak_rate=0.6|n_units=200|rho=0.9|state_noise=0.0001,4,ipc,ipc_threshold_degree3,0.038649951999882116
4D_freerun_capacity,leak_rate=0.6|n_units=200|rho=0.9|state_noise=0.0001,4,ipc,ipc_threshold_degree4,0.3124420163537257
4D_freerun_capacity,leak_rate=0.6|n_units=200|rho=0.9|state_noise=0.001,0,memory_capacity,mc_total,94.792481304705
4D_freerun_capacity,leak_rate=0.6|n_units=200|rho=0.9|state_noise=0.001,0,memory_capacity,mc_total_raw,94.792481304705
4D_freerun_capacity,leak_rate=0.6|n_units=200|rho=0.9|state_noise=0.001,0,memory_capacity,mc_threshold,0.03270811205366367
4D_freerun_capacity,leak_rate=0.6|n_units=200|rho=0.9|state_noise=0.001,0,memory_capacity,mc_effective_delay,102.88419109914196
4D_freerun_capacity,leak_rate=0.6|n_units=200|rho=0.9|state_noise=0.001,0,memory_capacity,mc_ratio,0.47396240652352506
4D_freerun_capacity,leak_rate=0.6|n_units=200|rho=0.9|state_noise=0.001,0,memory_capacity,n_delays,400.0
4D_freerun_capacity,leak_rate=0.6|n_units=200|rho=0.9|state_noise=0.001,0,ipc,ipc_total,597.2175418379446
4D_freerun_capacity,leak_rate=0.6|n_units=200|rho=0.9|state_noise=0.001,0,ipc,ipc_total_raw,597.2175418379446
4D_freerun_capacity,leak_rate=0.6|n_units=200|rho=0.9|state_noise=0.001,0,ipc,ipc_linear,56.23917300546868
4D_freerun_capacity,leak_rate=0.6|n_units=200|rho=0.9|state_noise=0.001,0,ipc,ipc_nonlinear,540.9783688324759
4D_freerun_capacity,leak_rate=0.6|n_units=200|rho=0.9|state_noise=0.001,0,ipc,n_targets,601.0
4D_freerun_capacity,leak_rate=0.6|n_units=200|rho=0.9|state_noise=0.001,0,ipc,n_targets_kept,601.0
4D_freerun_capacity,leak_rate=0.6|n_units=200|rho=0.9|state_noise=0.001,0,ipc,saturation_ratio,2.9860877091897233
4D_freerun_capacity,leak_rate=0.6|n_units=200|rho=0.9|state_noise=0.001,0,ipc,ipc_threshold_degree1,0.03282664674409328
4D_freerun_capacity,leak_rate=0.6|n_units=200|rho=0.9|state_noise=0.001,0,ipc,ipc_threshold_degree2,0.4664099542164179
4D_freerun_capacity,leak_rate=0.6|n_units=200|rho=0.9|state_noise=0.001,0,ipc,ipc_threshold_degree3,0.05224079928939525
4D_freerun_capacity,leak_rate=0.6|n_units=200|rho=0.9|state_noise=0.001,0,ipc,ipc_threshold_degree4,0.28267534729280386
4D_freerun_capacity,leak_rate=0.6|n_units=200|rho=0.9|state_noise=0.001,1,memory_capacity,mc_total,112.60567701102977
4D_freerun_capacity,leak_rate=0.6|n_units=200|rho=0.9|state_noise=0.001,1,memory_capacity,mc_total_raw,112.60567701102977
4D_freerun_capacity,leak_rate=0.6|n_units=200|rho=0.9|state_noise=0.001,1,memory_capacity,mc_threshold,0.03309713007702343
4D_freerun_capacity,leak_rate=0.6|n_units=200|rho=0.9|state_noise=0.001,1,memory_capacity,mc_effective_delay,120.34528031139574
4D_freerun_capacity,leak_rate=0.6|n_units=200|rho=0.9|state_noise=0.001,1,memory_capacity,mc_ratio,0.5630283850551489
4D_freerun_capacity,leak_rate=0.6|n_units=200|rho=0.9|state_noise=0.001,1,memory_capacity,n_delays,400.0
4D_freerun_capacity,leak_rate=0.6|n_units=200|rho=0.9|state_noise=0.001,1,ipc,ipc_total,598.4513338709387
4D_freerun_capacity,leak_rate=0.6|n_units=200|rho=0.9|state_noise=0.001,1,ipc,ipc_total_raw,598.4513338709387
4D_freerun_capacity,leak_rate=0.6|n_units=200|rho=0.9|state_noise=0.001,1,ipc,ipc_linear,57.48590319994665
4D_freerun_capacity,leak_rate=0.6|n_units=200|rho=0.9|state_noise=0.001,1,ipc,ipc_nonlinear,540.9654306709921
4D_freerun_capacity,leak_rate=0.6|n_units=200|rho=0.9|state_noise=0.001,1,ipc,n_targets,601.0
4D_freerun_capacity,leak_rate=0.6|n_units=200|rho=0.9|state_noise=0.001,1,ipc,n_targets_kept,601.0
4D_freerun_capacity,leak_rate=0.6|n_units=200|rho=0.9|state_noise=0.001,1,ipc,saturation_ratio,2.9922566693546937
4D_freerun_capacity,leak_rate=0.6|n_units=200|rho=0.9|state_noise=0.001,1,ipc,ipc_threshold_degree1,0.03287004707993675
4D_freerun_capacity,leak_rate=0.6|n_units=200|rho=0.9|state_noise=0.001,1,ipc,ipc_threshold_degree2,0.5028687665631909
4D_freerun_capacity,leak_rate=0.6|n_units=200|rho=0.9|state_noise=0.001,1,ipc,ipc_threshold_degree3,0.03330858990970627
4D_freerun_capacity,leak_rate=0.6|n_units=200|rho=0.9|state_noise=0.001,1,ipc,ipc_threshold_degree4,0.31151150457283194
4D_freerun_capacity,leak_rate=0.6|n_units=200|rho=0.9|state_noise=0.001,2,memory_capacity,mc_total,96.40719212472933
4D_freerun_capacity,leak_rate=0.6|n_units=200|rho=0.9|state_noise=0.001,2,memory_capacity,mc_total_raw,96.40719212472933
4D_freerun_capacity,leak_rate=0.6|n_units=200|rho=0.9|state_noise=0.001,2,memory_capacity,mc_threshold,0.034125890206939305
4D_freerun_capacity,leak_rate=0.6|n_units=200|rho=0.9|state_noise=0.001,2,memory_capacity,mc_effective_delay,103.80381715254657
4D_freerun_capacity,leak_rate=0.6|n_units=200|rho=0.9|state_noise=0.001,2,memory_capacity,mc_ratio,0.4820359606236467
4D_freerun_capacity,leak_rate=0.6|n_units=200|rho=0.9|state_noise=0.001,2,memory_capacity,n_delays,400.0
4D_freerun_capacity,leak_rate=0.6|n_units=200|rho=0.9|state_noise=0.001,2,ipc,ipc_total,596.8837014760056
4D_freerun_capacity,leak_rate=0.6|n_units=200|rho=0.9|state_noise=0.001,2,ipc,ipc_total_raw,596.8837014760056
4D_freerun_capacity,leak_rate=0.6|n_units=200|rho=0.9|state_noise=0.001,2,ipc,ipc_linear,55.918270534488364
4D_freerun_capacity,leak_rate=0.6|n_units=200|rho=0.9|state_noise=0.001,2,ipc,ipc_nonlinear,540.9654309415173
4D_freerun_capacity,leak_rate=0.6|n_units=200|rho=0.9|state_noise=0.001,2,ipc,n_targets,601.0
4D_freerun_capacity,leak_rate=0.6|n_units=200|rho=0.9|state_noise=0.001,2,ipc,n_targets_kept,601.0
4D_freerun_capacity,leak_rate=0.6|n_units=200|rho=0.9|state_noise=0.001,2,ipc,saturation_ratio,2.984418507380028
4D_freerun_capacity,leak_rate=0.6|n_units=200|rho=0.9|state_noise=0.001,2,ipc,ipc_threshold_degree1,0.032742294301627964
4D_freerun_capacity,leak_rate=0.6|n_units=200|rho=0.9|state_noise=0.001,2,ipc,ipc_threshold_degree2,0.4979567758267897
4D_freerun_capacity,leak_rate=0.6|n_units=200|rho=0.9|state_noise=0.001,2,ipc,ipc_threshold_degree3,0.04129268991489593
4D_freerun_capacity,leak_rate=0.6|n_units=200|rho=0.9|state_noise=0.001,2,ipc,ipc_threshold_degree4,0.2865303396712652
4D_freerun_capacity,leak_rate=0.6|n_units=200|rho=0.9|state_noise=0.001,3,memory_capacity,mc_total,98.78306082646516
4D_freerun_capacity,leak_rate=0.6|n_units=200|rho=0.9|state_noise=0.001,3,memory_capacity,mc_total_raw,98.78306082646516
4D_freerun_capacity,leak_rate=0.6|n_units=200|rho=0.9|state_noise=0.001,3,memory_capacity,mc_threshold,0.032561716835724126
4D_freerun_capacity,leak_rate=0.6|n_units=200|rho=0.9|state_noise=0.001,3,memory_capacity,mc_effective_delay,111.26260149566232
4D_freerun_capacity,leak_rate=0.6|n_units=200|rho=0.9|state_noise=0.001,3,memory_capacity,mc_ratio,0.4939153041323258
4D_freerun_capacity,leak_rate=0.6|n_units=200|rho=0.9|state_noise=0.001,3,memory_capacity,n_delays,400.0
4D_freerun_capacity,leak_rate=0.6|n_units=200|rho=0.9|state_noise=0.001,3,ipc,ipc_total,595.7353872186059
4D_freerun_capacity,leak_rate=0.6|n_units=200|rho=0.9|state_noise=0.001,3,ipc,ipc_total_raw,595.7353872186059
4D_freerun_capacity,leak_rate=0.6|n_units=200|rho=0.9|state_noise=0.001,3,ipc,ipc_linear,54.77201175509605
4D_freerun_capacity,leak_rate=0.6|n_units=200|rho=0.9|state_noise=0.001,3,ipc,ipc_nonlinear,540.9633754635098
4D_freerun_capacity,leak_rate=0.6|n_units=200|rho=0.9|state_noise=0.001,3,ipc,n_targets,601.0
4D_freerun_capacity,leak_rate=0.6|n_units=200|rho=0.9|state_noise=0.001,3,ipc,n_targets_kept,601.0
4D_freerun_capacity,leak_rate=0.6|n_units=200|rho=0.9|state_noise=0.001,3,ipc,saturation_ratio,2.9786769360930294
4D_freerun_capacity,leak_rate=0.6|n_units=200|rho=0.9|state_noise=0.001,3,ipc,ipc_threshold_degree1,0.03303728169834266
4D_freerun_capacity,leak_rate=0.6|n_units=200|rho=0.9|state_noise=0.001,3,ipc,ipc_threshold_degree2,0.5153999734214529
4D_freerun_capacity,leak_rate=0.6|n_units=200|rho=0.9|state_noise=0.001,3,ipc,ipc_threshold_degree3,0.03532422617424109
4D_freerun_capacity,leak_rate=0.6|n_units=200|rho=0.9|state_noise=0.001,3,ipc,ipc_threshold_degree4,0.29124236134555676
4D_freerun_capacity,leak_rate=0.6|n_units=200|rho=0.9|state_noise=0.001,4,memory_capacity,mc_total,107.72439877010515
4D_freerun_capacity,leak_rate=0.6|n_units=200|rho=0.9|state_noise=0.001,4,memory_capacity,mc_total_raw,107.72439877010515
4D_freerun_capacity,leak_rate=0.6|n_units=200|rho=0.9|state_noise=0.001,4,memory_capacity,mc_threshold,0.033128068591166036
4D_freerun_capacity,leak_rate=0.6|n_units=200|rho=0.9|state_noise=0.001,4,memory_capacity,mc_effective_delay,118.12878397303295
4D_freerun_capacity,leak_rate=0.6|n_units=200|rho=0.9|state_noise=0.001,4,memory_capacity,mc_ratio,0.5386219938505258
4D_freerun_capacity,leak_rate=0.6|n_units=200|rho=0.9|state_noise=0.001,4,memory_capacity,n_delays,400.0
4D_freerun_capacity,leak_rate=0.6|n_units=200|rho=0.9|state_noise=0.001,4,ipc,ipc_total,598.1491115256282
4D_freerun_capacity,leak_rate=0.6|n_units=200|rho=0.9|state_noise=0.001,4,ipc,ipc_total_raw,598.1491115256282
4D_freerun_capacity,leak_rate=0.6|n_units=200|rho=0.9|state_noise=0.001,4,ipc,ipc_linear,57.16997685302021
4D_freerun_capacity,leak_rate=0.6|n_units=200|rho=0.9|state_noise=0.001,4,ipc,ipc_nonlinear,540.979134672608
4D_freerun_capacity,leak_rate=0.6|n_units=200|rho=0.9|state_noise=0.001,4,ipc,n_targets,601.0
4D_freerun_capacity,leak_rate=0.6|n_units=200|rho=0.9|state_noise=0.001,4,ipc,n_targets_kept,601.0
4D_freerun_capacity,leak_rate=0.6|n_units=200|rho=0.9|state_noise=0.001,4,ipc,saturation_ratio,2.990745557628141
4D_freerun_capacity,leak_rate=0.6|n_units=200|rho=0.9|state_noise=0.001,4,ipc,ipc_threshold_degree1,0.0315286420470408
4D_freerun_capacity,leak_rate=0.6|n_units=200|rho=0.9|state_noise=0.001,4,ipc,ipc_threshold_degree2,0.47208681411928394
4D_freerun_capacity,leak_rate=0.6|n_units=200|rho=0.9|state_noise=0.001,4,ipc,ipc_threshold_degree3,0.038644603808381875
4D_freerun_capacity,leak_rate=0.6|n_units=200|rho=0.9|state_noise=0.001,4,ipc,ipc_threshold_degree4,0.3126326685695731
4D_freerun_capacity,leak_rate=0.6|n_units=200|rho=0.9|state_noise=0.01,0,memory_capacity,mc_total,84.4399580268146
4D_freerun_capacity,leak_rate=0.6|n_units=200|rho=0.9|state_noise=0.01,0,memory_capacity,mc_total_raw,84.4399580268146
4D_freerun_capacity,leak_rate=0.6|n_units=200|rho=0.9|state_noise=0.01,0,memory_capacity,mc_threshold,0.035049536126154315
4D_freerun_capacity,leak_rate=0.6|n_units=200|rho=0.9|state_noise=0.01,0,memory_capacity,mc_effective_delay,102.53340900926797
4D_freerun_capacity,leak_rate=0.6|n_units=200|rho=0.9|state_noise=0.01,0,memory_capacity,mc_ratio,0.422199790134073
4D_freerun_capacity,leak_rate=0.6|n_units=200|rho=0.9|state_noise=0.01,0,memory_capacity,n_delays,400.0
4D_freerun_capacity,leak_rate=0.6|n_units=200|rho=0.9|state_noise=0.01,0,ipc,ipc_total,591.8284105965167
4D_freerun_capacity,leak_rate=0.6|n_units=200|rho=0.9|state_noise=0.01,0,ipc,ipc_total_raw,591.8284105965167
4D_freerun_capacity,leak_rate=0.6|n_units=200|rho=0.9|state_noise=0.01,0,ipc,ipc_linear,51.456462340400165
4D_freerun_capacity,leak_rate=0.6|n_units=200|rho=0.9|state_noise=0.01,0,ipc,ipc_nonlinear,540.3719482561165
4D_freerun_capacity,leak_rate=0.6|n_units=200|rho=0.9|state_noise=0.01,0,ipc,n_targets,601.0
4D_freerun_capacity,leak_rate=0.6|n_units=200|rho=0.9|state_noise=0.01,0,ipc,n_targets_kept,601.0
4D_freerun_capacity,leak_rate=0.6|n_units=200|rho=0.9|state_noise=0.01,0,ipc,saturation_ratio,2.9591420529825836
4D_freerun_capacity,leak_rate=0.6|n_units=200|rho=0.9|state_noise=0.01,0,ipc,ipc_threshold_degree1,0.03191433900006147
4D_freerun_capacity,leak_rate=0.6|n_units=200|rho=0.9|state_noise=0.01,0,ipc,ipc_threshold_degree2,0.4663069578350316
4D_freerun_capacity,leak_rate=0.6|n_units=200|rho=0.9|state_noise=0.01,0,ipc,ipc_threshold_degree3,0.05236677025138408
4D_freerun_capacity,leak_rate=0.6|n_units=200|rho=0.9|state_noise=0.01,0,ipc,ipc_threshold_degree4,0.28214465471708783
4D_freerun_capacity,leak_rate=0.6|n_units=200|rho=0.9|state_noise=0.01,1,memory_capacity,mc_total,95.89377335187517
4D_freerun_capacity,leak_rate=0.6|n_units=200|rho=0.9|state_noise=0.01,1,memory_capacity,mc_total_raw,95.89377335187517
4D_freerun_capacity,leak_rate=0.6|n_units=200|rho=0.9|state_noise=0.01,1,memory_capacity,mc_threshold,0.03362064180515273
4D_freerun_capacity,leak_rate=0.6|n_units=200|rho=0.9|state_noise=0.01,1,memory_capacity,mc_effective_delay,111.26516603511624
4D_freerun_capacity,leak_rate=0.6|n_units=200|rho=0.9|state_noise=0.01,1,memory_capacity,mc_ratio,0.47946886675937583
4D_freerun_capacity,leak_rate=0.6|n_units=200|rho=0.9|state_noise=0.01,1,memory_capacity,n_delays,400.0
4D_freerun_capacity,leak_rate=0.6|n_units=200|rho=0.9|state_noise=0.01,1,ipc,ipc_total,593.8296418889204
4D_freerun_capacity,leak_rate=0.6|n_units=200|rho=0.9|state_noise=0.01,1,ipc,ipc_total_raw,593.8296418889204
4D_freerun_capacity,leak_rate=0.6|n_units=200|rho=0.9|state_noise=0.01,1,ipc,ipc_linear,53.75498464286517
4D_freerun_capacity,leak_rate=0.6|n_units=200|rho=0.9|state_noise=0.01,1,ipc,ipc_nonlinear,540.0746572460553
4D_freerun_capacity,leak_rate=0.6|n_units=200|rho=0.9|state_noise=0.01,1,ipc,n_targets,601.0
4D_freerun_capacity,leak_rate=0.6|n_units=200|rho=0.9|state_noise=0.01,1,ipc,n_targets_kept,601.0
4D_freerun_capacity,leak_rate=0.6|n_units=200|rho=0.9|state_noise=0.01,1,ipc,saturation_ratio,2.969148209444602
4D_freerun_capacity,leak_rate=0.6|n_units=200|rho=0.9|state_noise=0.01,1,ipc,ipc_threshold_degree1,0.0329588586379523
4D_freerun_capacity,leak_rate=0.6|n_units=200|rho=0.9|state_noise=0.01,1,ipc,ipc_threshold_degree2,0.5030367321011961
4D_freerun_capacity,leak_rate=0.6|n_units=200|rho=0.9|state_noise=0.01,1,ipc,ipc_threshold_degree3,0.034131061609682656
4D_freerun_capacity,leak_rate=0.6|n_units=200|rho=0.9|state_noise=0.01,1,ipc,ipc_threshold_degree4,0.31110241360145974
4D_freerun_capacity,leak_rate=0.6|n_units=200|rho=0.9|state_noise=0.01,2,memory_capacity,mc_total,85.40464201054004
4D_freerun_capacity,leak_rate=0.6|n_units=200|rho=0.9|state_noise=0.01,2,memory_capacity,mc_total_raw,85.40464201054004
4D_freerun_capacity,leak_rate=0.6|n_units=200|rho=0.9|state_noise=0.01,2,memory_capacity,mc_threshold,0.033855696365223044
4D_freerun_capacity,leak_rate=0.6|n_units=200|rho=0.9|state_noise=0.01,2,memory_capacity,mc_effective_delay,96.68505583138618
4D_freerun_capacity,leak_rate=0.6|n_units=200|rho=0.9|state_noise=0.01,2,memory_capacity,mc_ratio,0.4270232100527002
4D_freerun_capacity,leak_rate=0.6|n_units=200|rho=0.9|state_noise=0.01,2,memory_capacity,n_delays,400.0
4D_freerun_capacity,leak_rate=0.6|n_units=200|rho=0.9|state_noise=0.01,2,ipc,ipc_total,591.8245723167878
4D_freerun_capacity,leak_rate=0.6|n_units=200|rho=0.9|state_noise=0.01,2,ipc,ipc_total_raw,591.8245723167878
4D_freerun_capacity,leak_rate=0.6|n_units=200|rho=0.9|state_noise=0.01,2,ipc,ipc_linear,51.6253325572531
4D_freerun_capacity,leak_rate=0.6|n_units=200|rho=0.9|state_noise=0.01,2,ipc,ipc_nonlinear,540.1992397595347
4D_freerun_capacity,leak_rate=0.6|n_units=200|rho=0.9|state_noise=0.01,2,ipc,n_targets,601.0
4D_freerun_capacity,leak_rate=0.6|n_units=200|rho=0.9|state_noise=0.01,2,ipc,n_targets_kept,601.0
4D_freerun_capacity,leak_rate=0.6|n_units=200|rho=0.9|state_noise=0.01,2,ipc,saturation_ratio,2.959122861583939
4D_freerun_capacity,leak_rate=0.6|n_units=200|rho=0.9|state_noise=0.01,2,ipc,ipc_threshold_degree1,0.032695157437889734
4D_freerun_capacity,leak_rate=0.6|n_units=200|rho=0.9|state_noise=0.01,2,ipc,ipc_threshold_degree2,0.4980808555217192
4D_freerun_capacity,leak_rate=0.6|n_units=200|rho=0.9|state_noise=0.01,2,ipc,ipc_threshold_degree3,0.04148195933750643
4D_freerun_capacity,leak_rate=0.6|n_units=200|rho=0.9|state_noise=0.01,2,ipc,ipc_threshold_degree4,0.2874561190223126
4D_freerun_capacity,leak_rate=0.6|n_units=200|rho=0.9|state_noise=0.01,3,memory_capacity,mc_total,85.41465396639896
4D_freerun_capacity,leak_rate=0.6|n_units=200|rho=0.9|state_noise=0.01,3,memory_capacity,mc_total_raw,85.41465396639896
4D_freerun_capacity,leak_rate=0.6|n_units=200|rho=0.9|state_noise=0.01,3,memory_capacity,mc_threshold,0.033652693432196464
4D_freerun_capacity,leak_rate=0.6|n_units=200|rho=0.9|state_noise=0.01,3,memory_capacity,mc_effective_delay,105.68955512523735
4D_freerun_capacity,leak_rate=0.6|n_units=200|rho=0.9|state_noise=0.01,3,memory_capacity,mc_ratio,0.4270732698319948
4D_freerun_capacity,leak_rate=0.6|n_units=200|rho=0.9|state_noise=0.01,3,memory_capacity,n_delays,400.0
4D_freerun_capacity,leak_rate=0.6|n_units=200|rho=0.9|state_noise=0.01,3,ipc,ipc_total,589.2879306642049
4D_freerun_capacity,leak_rate=0.6|n_units=200|rho=0.9|state_noise=0.01,3,ipc,ipc_total_raw,589.2879306642049
4D_freerun_capacity,leak_rate=0.6|n_units=200|rho=0.9|state_noise=0.01,3,ipc,ipc_linear,49.27880098642807
4D_freerun_capacity,leak_rate=0.6|n_units=200|rho=0.9|state_noise=0.01,3,ipc,ipc_nonlinear,540.0091296777767
4D_freerun_capacity,leak_rate=0.6|n_units=200|rho=0.9|state_noise=0.01,3,ipc,n_targets,601.0
4D_freerun_capacity,leak_rate=0.6|n_units=200|rho=0.9|state_noise=0.01,3,ipc,n_targets_kept,601.0
4D_freerun_capacity,leak_rate=0.6|n_units=200|rho=0.9|state_noise=0.01,3,ipc,saturation_ratio,2.946439653321024
4D_freerun_capacity,leak_rate=0.6|n_units=200|rho=0.9|state_noise=0.01,3,ipc,ipc_threshold_degree1,0.032576573586815524
4D_freerun_capacity,leak_rate=0.6|n_units=200|rho=0.9|state_noise=0.01,3,ipc,ipc_threshold_degree2,0.5155792250540301
4D_freerun_capacity,leak_rate=0.6|n_units=200|rho=0.9|state_noise=0.01,3,ipc,ipc_threshold_degree3,0.03491690966933667
4D_freerun_capacity,leak_rate=0.6|n_units=200|rho=0.9|state_noise=0.01,3,ipc,ipc_threshold_degree4,0.29111401021067335
4D_freerun_capacity,leak_rate=0.6|n_units=200|rho=0.9|state_noise=0.01,4,memory_capacity,mc_total,90.80270787978579
4D_freerun_capacity,leak_rate=0.6|n_units=200|rho=0.9|state_noise=0.01,4,memory_capacity,mc_total_raw,90.80270787978579
4D_freerun_capacity,leak_rate=0.6|n_units=200|rho=0.9|state_noise=0.01,4,memory_capacity,mc_threshold,0.03352683903703224
4D_freerun_capacity,leak_rate=0.6|n_units=200|rho=0.9|state_noise=0.01,4,memory_capacity,mc_effective_delay,109.27355155926973
4D_freerun_capacity,leak_rate=0.6|n_units=200|rho=0.9|state_noise=0.01,4,memory_capacity,mc_ratio,0.4540135393989289
4D_freerun_capacity,leak_rate=0.6|n_units=200|rho=0.9|state_noise=0.01,4,memory_capacity,n_delays,400.0
4D_freerun_capacity,leak_rate=0.6|n_units=200|rho=0.9|state_noise=0.01,4,ipc,ipc_total,593.3777388626213
4D_freerun_capacity,leak_rate=0.6|n_units=200|rho=0.9|state_noise=0.01,4,ipc,ipc_total_raw,593.3777388626213
4D_freerun_capacity,leak_rate=0.6|n_units=200|rho=0.9|state_noise=0.01,4,ipc,ipc_linear,53.0143539956545
4D_freerun_capacity,leak_rate=0.6|n_units=200|rho=0.9|state_noise=0.01,4,ipc,ipc_nonlinear,540.3633848669668
4D_freerun_capacity,leak_rate=0.6|n_units=200|rho=0.9|state_noise=0.01,4,ipc,n_targets,601.0
4D_freerun_capacity,leak_rate=0.6|n_units=200|rho=0.9|state_noise=0.01,4,ipc,n_targets_kept,601.0
4D_freerun_capacity,leak_rate=0.6|n_units=200|rho=0.9|state_noise=0.01,4,ipc,saturation_ratio,2.9668886943131065
4D_freerun_capacity,leak_rate=0.6|n_units=200|rho=0.9|state_noise=0.01,4,ipc,ipc_threshold_degree1,0.03162235602763974
4D_freerun_capacity,leak_rate=0.6|n_units=200|rho=0.9|state_noise=0.01,4,ipc,ipc_threshold_degree2,0.4720301764304092
4D_freerun_capacity,leak_rate=0.6|n_units=200|rho=0.9|state_noise=0.01,4,ipc,ipc_threshold_degree3,0.03874719126902122
4D_freerun_capacity,leak_rate=0.6|n_units=200|rho=0.9|state_noise=0.01,4,ipc,ipc_threshold_degree4,0.31233416545024534
4D_freerun_capacity,leak_rate=1|n_units=200|rho=0.9|state_noise=0,0,memory_capacity,mc_total,101.0712797429066
4D_freerun_capacity,leak_rate=1|n_units=200|rho=0.9|state_noise=0,0,memory_capacity,mc_total_raw,101.0712797429066
4D_freerun_capacity,leak_rate=1|n_units=200|rho=0.9|state_noise=0,0,memory_capacity,mc_threshold,0.032487992547067315
4D_freerun_capacity,leak_rate=1|n_units=200|rho=0.9|state_noise=0,0,memory_capacity,mc_effective_delay,99.20271842645056
4D_freerun_capacity,leak_rate=1|n_units=200|rho=0.9|state_noise=0,0,memory_capacity,mc_ratio,0.505356398714533
4D_freerun_capacity,leak_rate=1|n_units=200|rho=0.9|state_noise=0,0,memory_capacity,n_delays,400.0
4D_freerun_capacity,leak_rate=1|n_units=200|rho=0.9|state_noise=0,0,ipc,ipc_total,599.0717673981144
4D_freerun_capacity,leak_rate=1|n_units=200|rho=0.9|state_noise=0,0,ipc,ipc_total_raw,599.0717673981144
4D_freerun_capacity,leak_rate=1|n_units=200|rho=0.9|state_noise=0,0,ipc,ipc_linear,58.072151876727624
4D_freerun_capacity,leak_rate=1|n_units=200|rho=0.9|state_noise=0,0,ipc,ipc_nonlinear,540.9996155213868
4D_freerun_capacity,leak_rate=1|n_units=200|rho=0.9|state_noise=0,0,ipc,n_targets,601.0
4D_freerun_capacity,leak_rate=1|n_units=200|rho=0.9|state_noise=0,0,ipc,n_targets_kept,601.0
4D_freerun_capacity,leak_rate=1|n_units=200|rho=0.9|state_noise=0,0,ipc,saturation_ratio,2.995358836990572
4D_freerun_capacity,leak_rate=1|n_units=200|rho=0.9|state_noise=0,0,ipc,ipc_threshold_degree1,0.03173473213767493
4D_freerun_capacity,leak_rate=1|n_units=200|rho=0.9|state_noise=0,0,ipc,ipc_threshold_degree2,0.46669705982248544
4D_freerun_capacity,leak_rate=1|n_units=200|rho=0.9|state_noise=0,0,ipc,ipc_threshold_degree3,0.05106393222598354
4D_freerun_capacity,leak_rate=1|n_units=200|rho=0.9|state_noise=0,0,ipc,ipc_threshold_degree4,0.2837375002277343
4D_freerun_capacity,leak_rate=1|n_units=200|rho=0.9|state_noise=0,1,memory_capacity,mc_total,118.5669683162608
4D_freerun_capacity,leak_rate=1|n_units=200|rho=0.9|state_noise=0,1,memory_capacity,mc_total_raw,118.5669683162608
4D_freerun_capacity,leak_rate=1|n_units=200|rho=0.9|state_noise=0,1,memory_capacity,mc_threshold,0.03284629495307882
4D_freerun_capacity,leak_rate=1|n_units=200|rho=0.9|state_noise=0,1,memory_capacity,mc_effective_delay,124.14178016866406
4D_freerun_capacity,leak_rate=1|n_units=200|rho=0.9|state_noise=0,1,memory_capacity,mc_ratio,0.592834841581304
4D_freerun_capacity,leak_rate=1|n_units=200|rho=0.9|state_noise=0,1,memory_capacity,n_delays,400.0
4D_freerun_capacity,leak_rate=1|n_units=200|rho=0.9|state_noise=0,1,ipc,ipc_total,598.4569936685451
4D_freerun_capacity,leak_rate=1|n_units=200|rho=0.9|state_noise=0,1,ipc,ipc_total_raw,598.4569936685451
4D_freerun_capacity,leak_rate=1|n_units=200|rho=0.9|state_noise=0,1,ipc,ipc_linear,57.45796102896781
4D_freerun_capacity,leak_rate=1|n_units=200|rho=0.9|state_noise=0,1,ipc,ipc_nonlinear,540.9990326395773
4D_freerun_capacity,leak_rate=1|n_units=200|rho=0.9|state_noise=0,1,ipc,n_targets,601.0
4D_freerun_capacity,leak_rate=1|n_units=200|rho=0.9|state_noise=0,1,ipc,n_targets_kept,601.0
4D_freerun_capacity,leak_rate=1|n_units=200|rho=0.9|state_noise=0,1,ipc,saturation_ratio,2.9922849683427257
4D_freerun_capacity,leak_rate=1|n_units=200|rho=0.9|state_noise=0,1,ipc,ipc_threshold_degree1,0.03204381698700621
4D_freerun_capacity,leak_rate=1|n_units=200|rho=0.9|state_noise=0,1,ipc,ipc_threshold_degree2,0.502548681135166
4D_freerun_capacity,leak_rate=1|n_units=200|rho=0.9|state_noise=0,1,ipc,ipc_threshold_degree3,0.03275495130239285
4D_freerun_capacity,leak_rate=1|n_units=200|rho=0.9|state_noise=0,1,ipc,ipc_threshold_degree4,0.3115460727689754
4D_freerun_capacity,leak_rate=1|n_units=200|rho=0.9|state_noise=0,2,memory_capacity,mc_total,100.69760528225362
4D_freerun_capacity,leak_rate=1|n_units=200|rho=0.9|state_noise=0,2,memory_capacity,mc_total_raw,100.69760528225362
4D_freerun_capacity,leak_rate=1|n_units=200|rho=0.9|state_noise=0,2,memory_capacity,mc_threshold,0.03237466405543906
4D_freerun_capacity,leak_rate=1|n_units=200|rho=0.9|state_noise=0,2,memory_capacity,mc_effective_delay,106.71925420109051
4D_freerun_capacity,leak_rate=1|n_units=200|rho=0.9|state_noise=0,2,memory_capacity,mc_ratio,0.5034880264112681
4D_freerun_capacity,leak_rate=1|n_units=200|rho=0.9|state_noise=0,2,memory_capacity,n_delays,400.0
4D_freerun_capacity,leak_rate=1|n_units=200|rho=0.9|state_noise=0,2,ipc,ipc_total,597.552731156699
4D_freerun_capacity,leak_rate=1|n_units=200|rho=0.9|state_noise=0,2,ipc,ipc_total_raw,597.552731156699
4D_freerun_capacity,leak_rate=1|n_units=200|rho=0.9|state_noise=0,2,ipc,ipc_linear,56.55375763532789
4D_freerun_capacity,leak_rate=1|n_units=200|rho=0.9|state_noise=0,2,ipc,ipc_nonlinear,540.9989735213711
4D_freerun_capacity,leak_rate=1|n_units=200|rho=0.9|state_noise=0,2,ipc,n_targets,601.0
4D_freerun_capacity,leak_rate=1|n_units=200|rho=0.9|state_noise=0,2,ipc,n_targets_kept,601.0
4D_freerun_capacity,leak_rate=1|n_units=200|rho=0.9|state_noise=0,2,ipc,saturation_ratio,2.987763655783495
4D_freerun_capacity,leak_rate=1|n_units=200|rho=0.9|state_noise=0,2,ipc,ipc_threshold_degree1,0.03223835162348909
4D_freerun_capacity,leak_rate=1|n_units=200|rho=0.9|state_noise=0,2,ipc,ipc_threshold_degree2,0.4976028483711994
4D_freerun_capacity,leak_rate=1|n_units=200|rho=0.9|state_noise=0,2,ipc,ipc_threshold_degree3,0.04386650410221882
4D_freerun_capacity,leak_rate=1|n_units=200|rho=0.9|state_noise=0,2,ipc,ipc_threshold_degree4,0.287601998647775
4D_freerun_capacity,leak_rate=1|n_units=200|rho=0.9|state_noise=0,3,memory_capacity,mc_total,103.28827761275834
4D_freerun_capacity,leak_rate=1|n_units=200|rho=0.9|state_noise=0,3,memory_capacity,mc_total_raw,103.28827761275834
4D_freerun_capacity,leak_rate=1|n_units=200|rho=0.9|state_noise=0,3,memory_capacity,mc_threshold,0.035730557693902806
4D_freerun_capacity,leak_rate=1|n_units=200|rho=0.9|state_noise=0,3,memory_capacity,mc_effective_delay,112.99295935659406
4D_freerun_capacity,leak_rate=1|n_units=200|rho=0.9|state_noise=0,3,memory_capacity,mc_ratio,0.5164413880637917
4D_freerun_capacity,leak_rate=1|n_units=200|rho=0.9|state_noise=0,3,memory_capacity,n_delays,400.0
4D_freerun_capacity,leak_rate=1|n_units=200|rho=0.9|state_noise=0,3,ipc,ipc_total,597.0939285286317
4D_freerun_capacity,leak_rate=1|n_units=200|rho=0.9|state_noise=0,3,ipc,ipc_total_raw,597.0939285286317
4D_freerun_capacity,leak_rate=1|n_units=200|rho=0.9|state_noise=0,3,ipc,ipc_linear,56.09547062648206
4D_freerun_capacity,leak_rate=1|n_units=200|rho=0.9|state_noise=0,3,ipc,ipc_nonlinear,540.9984579021497
4D_freerun_capacity,leak_rate=1|n_units=200|rho=0.9|state_noise=0,3,ipc,n_targets,601.0
4D_freerun_capacity,leak_rate=1|n_units=200|rho=0.9|state_noise=0,3,ipc,n_targets_kept,601.0
4D_freerun_capacity,leak_rate=1|n_units=200|rho=0.9|state_noise=0,3,ipc,saturation_ratio,2.985469642643159
4D_freerun_capacity,leak_rate=1|n_units=200|rho=0.9|state_noise=0,3,ipc,ipc_threshold_degree1,0.03248996851959924
4D_freerun_capacity,leak_rate=1|n_units=200|rho=0.9|state_noise=0,3,ipc,ipc_threshold_degree2,0.5163403133463325
4D_freerun_capacity,leak_rate=1|n_units=200|rho=0.9|state_noise=0,3,ipc,ipc_threshold_degree3,0.03617736667016624
4D_freerun_capacity,leak_rate=1|n_units=200|rho=0.9|state_noise=0,3,ipc,ipc_threshold_degree4,0.29196676135972216
4D_freerun_capacity,leak_rate=1|n_units=200|rho=0.9|state_noise=0,4,memory_capacity,mc_total,118.7908530422829
4D_freerun_capacity,leak_rate=1|n_units=200|rho=0.9|state_noise=0,4,memory_capacity,mc_total_raw,118.7908530422829
4D_freerun_capacity,leak_rate=1|n_units=200|rho=0.9|state_noise=0,4,memory_capacity,mc_threshold,0.03238547174563663
4D_freerun_capacity,leak_rate=1|n_units=200|rho=0.9|state_noise=0,4,memory_capacity,mc_effective_delay,124.20371053644594
4D_freerun_capacity,leak_rate=1|n_units=200|rho=0.9|state_noise=0,4,memory_capacity,mc_ratio,0.5939542652114145
4D_freerun_capacity,leak_rate=1|n_units=200|rho=0.9|state_noise=0,4,memory_capacity,n_delays,400.0
4D_freerun_capacity,leak_rate=1|n_units=200|rho=0.9|state_noise=0,4,ipc,ipc_total,599.2739297715826
4D_freerun_capacity,leak_rate=1|n_units=200|rho=0.9|state_noise=0,4,ipc,ipc_total_raw,599.2739297715826
4D_freerun_capacity,leak_rate=1|n_units=200|rho=0.9|state_noise=0,4,ipc,ipc_linear,58.27414362083069
4D_freerun_capacity,leak_rate=1|n_units=200|rho=0.9|state_noise=0,4,ipc,ipc_nonlinear,540.9997861507519
4D_freerun_capacity,leak_rate=1|n_units=200|rho=0.9|state_noise=0,4,ipc,n_targets,601.0
4D_freerun_capacity,leak_rate=1|n_units=200|rho=0.9|state_noise=0,4,ipc,n_targets_kept,601.0
4D_freerun_capacity,leak_rate=1|n_units=200|rho=0.9|state_noise=0,4,ipc,saturation_ratio,2.9963696488579132
4D_freerun_capacity,leak_rate=1|n_units=200|rho=0.9|state_noise=0,4,ipc,ipc_threshold_degree1,0.031649761648874696
4D_freerun_capacity,leak_rate=1|n_units=200|rho=0.9|state_noise=0,4,ipc,ipc_threshold_degree2,0.47251919647168295
4D_freerun_capacity,leak_rate=1|n_units=200|rho=0.9|state_noise=0,4,ipc,ipc_threshold_degree3,0.040125422802513036
4D_freerun_capacity,leak_rate=1|n_units=200|rho=0.9|state_noise=0,4,ipc,ipc_threshold_degree4,0.31220131326289446
4D_freerun_capacity,leak_rate=1|n_units=200|rho=0.9|state_noise=0.0001,0,memory_capacity,mc_total,88.01422765120479
4D_freerun_capacity,leak_rate=1|n_units=200|rho=0.9|state_noise=0.0001,0,memory_capacity,mc_total_raw,88.01422765120479
4D_freerun_capacity,leak_rate=1|n_units=200|rho=0.9|state_noise=0.0001,0,memory_capacity,mc_threshold,0.03335222170431211
4D_freerun_capacity,leak_rate=1|n_units=200|rho=0.9|state_noise=0.0001,0,memory_capacity,mc_effective_delay,95.72218728892977
4D_freerun_capacity,leak_rate=1|n_units=200|rho=0.9|state_noise=0.0001,0,memory_capacity,mc_ratio,0.44007113825602395
4D_freerun_capacity,leak_rate=1|n_units=200|rho=0.9|state_noise=0.0001,0,memory_capacity,n_delays,400.0
4D_freerun_capacity,leak_rate=1|n_units=200|rho=0.9|state_noise=0.0001,0,ipc,ipc_total,595.7227145689907
4D_freerun_capacity,leak_rate=1|n_units=200|rho=0.9|state_noise=0.0001,0,ipc,ipc_total_raw,595.7227145689907
4D_freerun_capacity,leak_rate=1|n_units=200|rho=0.9|state_noise=0.0001,0,ipc,ipc_linear,54.72746879653565
4D_freerun_capacity,leak_rate=1|n_units=200|rho=0.9|state_noise=0.0001,0,ipc,ipc_nonlinear,540.9952457724551
4D_freerun_capacity,leak_rate=1|n_units=200|rho=0.9|state_noise=0.0001,0,ipc,n_targets,601.0
4D_freerun_capacity,leak_rate=1|n_units=200|rho=0.9|state_noise=0.0001,0,ipc,n_targets_kept,601.0
4D_freerun_capacity,leak_rate=1|n_units=200|rho=0.9|state_noise=0.0001,0,ipc,saturation_ratio,2.9786135728449534
4D_freerun_capacity,leak_rate=1|n_units=200|rho=0.9|state_noise=0.0001,0,ipc,ipc_threshold_degree1,0.0325129182606096
4D_freerun_capacity,leak_rate=1|n_units=200|rho=0.9|state_noise=0.0001,0,ipc,ipc_threshold_degree2,0.4661925489678551
4D_freerun_capacity,leak_rate=1|n_units=200|rho=0.9|state_noise=0.0001,0,ipc,ipc_threshold_degree3,0.05088408997750973
4D_freerun_capacity,leak_rate=1|n_units=200|rho=0.9|state_noise=0.0001,0,ipc,ipc_threshold_degree4,0.28213731214639404
4D_freerun_capacity,leak_rate=1|n_units=200|rho=0.9|state_noise=0.0001,1,memory_capacity,mc_total,105.76174905362831
4D_freerun_capacity,leak_rate=1|n_units=200|rho=0.9|state_noise=0.0001,1,memory_capacity,mc_total_raw,105.76174905362831
4D_freerun_capacity,leak_rate=1|n_units=200|rho=0.9|state_noise=0.0001,1,memory_capacity,mc_threshold,0.03406286741566296
4D_freerun_capacity,leak_rate=1|n_units=200|rho=0.9|state_noise=0.0001,1,memory_capacity,mc_effective_delay,119.31789136847172
4D_freerun_capacity,leak_rate=1|n_units=200|rho=0.9|state_noise=0.0001,1,memory_capacity,mc_ratio,0.5288087452681416
4D_freerun_capacity,leak_rate=1|n_units=200|rho=0.9|state_noise=0.0001,1,memory_capacity,n_delays,400.0
4D_freerun_capacity,leak_rate=1|n_units=200|rho=0.9|state_noise=0.0001,1,ipc,ipc_total,595.9412448700955
4D_freerun_capacity,leak_rate=1|n_units=200|rho=0.9|state_noise=0.0001,1,ipc,ipc_total_raw,595.9412448700955
4D_freerun_capacity,leak_rate=1|n_units=200|rho=0.9|state_noise=0.0001,1,ipc,ipc_linear,54.949416081016224
4D_freerun_capacity,leak_rate=1|n_units=200|rho=0.9|state_noise=0.0001,1,ipc,ipc_nonlinear,540.9918287890792
4D_freerun_capacity,leak_rate=1|n_units=200|rho=0.9|state_noise=0.0001,1,ipc,n_targets,601.0
4D_freerun_capacity,leak_rate=1|n_units=200|rho=0.9|state_noise=0.0001,1,ipc,n_targets_kept,601.0
4D_freerun_capacity,leak_rate=1|n_units=200|rho=0.9|state_noise=0.0001,1,ipc,saturation_ratio,2.9797062243504775
4D_freerun_capacity,leak_rate=1|n_units=200|rho=0.9|state_noise=0.0001,1,ipc,ipc_threshold_degree1,0.032054534209920285
4D_freerun_capacity,leak_rate=1|n_units=200|rho=0.9|state_noise=0.0001,1,ipc,ipc_threshold_degree2,0.5030230814255521
4D_freerun_capacity,leak_rate=1|n_units=200|rho=0.9|state_noise=0.0001,1,ipc,ipc_threshold_degree3,0.03365831657998822
4D_freerun_capacity,leak_rate=1|n_units=200|rho=0.9|state_noise=0.0001,1,ipc,ipc_threshold_degree4,0.31096727860367585
4D_freerun_capacity,leak_rate=1|n_units=200|rho=0.9|state_noise=0.0001,2,memory_capacity,mc_total,89.72480411012043
4D_freerun_capacity,leak_rate=1|n_units=200|rho=0.9|state_noise=0.0001,2,memory_capacity,mc_total_raw,89.72480411012043
4D_freerun_capacity,leak_rate=1|n_units=200|rho=0.9|state_noise=0.0001,2,memory_capacity,mc_threshold,0.032301520389071525
4D_freerun_capacity,leak_rate=1|n_units=200|rho=0.9|state_noise=0.0001,2,memory_capacity,mc_effective_delay,101.06051969513955
4D_freerun_capacity,leak_rate=1|n_units=200|rho=0.9|state_noise=0.0001,2,memory_capacity,mc_ratio,0.44862402055060213
4D_freerun_capacity,leak_rate=1|n_units=200|rho=0.9|state_noise=0.0001,2,memory_capacity,n_delays,400.0
4D_freerun_capacity,leak_rate=1|n_units=200|rho=0.9|state_noise=0.0001,2,ipc,ipc_total,594.6230872887905
4D_freerun_capacity,leak_rate=1|n_units=200|rho=0.9|state_noise=0.0001,2,ipc,ipc_total_raw,594.6230872887905
4D_freerun_capacity,leak_rate=1|n_units=200|rho=0.9|state_noise=0.0001,2,ipc,ipc_linear,53.63202078906018
4D_freerun_capacity,leak_rate=1|n_units=200|rho=0.9|state_noise=0.0001,2,ipc,ipc_nonlinear,540.9910664997303
4D_freerun_capacity,leak_rate=1|n_units=200|rho=0.9|state_noise=0.0001,2,ipc,n_targets,601.0
4D_freerun_capacity,leak_rate=1|n_units=200|rho=0.9|state_noise=0.0001,2,ipc,n_targets_kept,601.0
4D_freerun_capacity,leak_rate=1|n_units=200|rho=0.9|state_noise=0.0001,2,ipc,saturation_ratio,2.973115436443953
4D_freerun_capacity,leak_rate=1|n_units=200|rho=0.9|state_noise=0.0001,2,ipc,ipc_threshold_degree1,0.03170968824397127
4D_freerun_capacity,leak_rate=1|n_units=200|rho=0.9|state_noise=0.0001,2,ipc,ipc_threshold_degree2,0.4974358558727939
4D_freerun_capacity,leak_rate=1|n_units=200|rho=0.9|state_noise=0.0001,2,ipc,ipc_threshold_degree3,0.04118024543632026
4D_freerun_capacity,leak_rate=1|n_units=200|rho=0.9|state_noise=0.0001,2,ipc,ipc_threshold_degree4,0.28717273957126005
4D_freerun_capacity,leak_rate=1|n_units=200|rho=0.9|state_noise=0.0001,3,memory_capacity,mc_total,94.38746594859879
4D_freerun_capacity,leak_rate=1|n_units=200|rho=0.9|state_noise=0.0001,3,memory_capacity,mc_total_raw,94.38746594859879
4D_freerun_capacity,leak_rate=1|n_units=200|rho=0.9|state_noise=0.0001,3,memory_capacity,mc_threshold,0.03654444239456683
4D_freerun_capacity,leak_rate=1|n_units=200|rho=0.9|state_noise=0.0001,3,memory_capacity,mc_effective_delay,109.55461399369626
4D_freerun_capacity,leak_rate=1|n_units=200|rho=0.9|state_noise=0.0001,3,memory_capacity,mc_ratio,0.47193732974299396
4D_freerun_capacity,leak_rate=1|n_units=200|rho=0.9|state_noise=0.0001,3,memory_capacity,n_delays,400.0
4D_freerun_capacity,leak_rate=1|n_units=200|rho=0.9|state_noise=0.0001,3,ipc,ipc_total,594.4858397263474
4D_freerun_capacity,leak_rate=1|n_units=200|rho=0.9|state_noise=0.0001,3,ipc,ipc_total_raw,594.4858397263474
4D_freerun_capacity,leak_rate=1|n_units=200|rho=0.9|state_noise=0.0001,3,ipc,ipc_linear,53.49521521949083
4D_freerun_capacity,leak_rate=1|n_units=200|rho=0.9|state_noise=0.0001,3,ipc,ipc_nonlinear,540.9906245068566
4D_freerun_capacity,leak_rate=1|n_units=200|rho=0.9|state_noise=0.0001,3,ipc,n_targets,601.0
4D_freerun_capacity,leak_rate=1|n_units=200|rho=0.9|state_noise=0.0001,3,ipc,n_targets_kept,601.0
4D_freerun_capacity,leak_rate=1|n_units=200|rho=0.9|state_noise=0.0001,3,ipc,saturation_ratio,2.9724291986317373
4D_freerun_capacity,leak_rate=1|n_units=200|rho=0.9|state_noise=0.0001,3,ipc,ipc_threshold_degree1,0.03271452657756984
4D_freerun_capacity,leak_rate=1|n_units=200|rho=0.9|state_noise=0.0001,3,ipc,ipc_threshold_degree2,0.51652164736394
4D_freerun_capacity,leak_rate=1|n_units=200|rho=0.9|state_noise=0.0001,3,ipc,ipc_threshold_degree3,0.036087726139208895
4D_freerun_capacity,leak_rate=1|n_units=200|rho=0.9|state_noise=0.0001,3,ipc,ipc_threshold_degree4,0.291458921182414
4D_freerun_capacity,leak_rate=1|n_units=200|rho=0.9|state_noise=0.0001,4,memory_capacity,mc_total,102.46071680297419
4D_freerun_capacity,leak_rate=1|n_units=200|rho=0.9|state_noise=0.0001,4,memory_capacity,mc_total_raw,102.46071680297419
4D_freerun_capacity,leak_rate=1|n_units=200|rho=0.9|state_noise=0.0001,4,memory_capacity,mc_threshold,0.032954856894214304
4D_freerun_capacity,leak_rate=1|n_units=200|rho=0.9|state_noise=0.0001,4,memory_capacity,mc_effective_delay,119.03713195586302
4D_freerun_capacity,leak_rate=1|n_units=200|rho=0.9|state_noise=0.0001,4,memory_capacity,mc_ratio,0.512303584014871
4D_freerun_capacity,leak_rate=1|n_units=200|rho=0.9|state_noise=0.0001,4,memory_capacity,n_delays,400.0
4D_freerun_capacity,leak_rate=1|n_units=200|rho=0.9|state_noise=0.0001,4,ipc,ipc_total,595.8597506894856
4D_freerun_capacity,leak_rate=1|n_units=200|rho=0.9|state_noise=0.0001,4,ipc,ipc_total_raw,595.8597506894856
4D_freerun_capacity,leak_rate=1|n_units=200|rho=0.9|state_noise=0.0001,4,ipc,ipc_linear,54.86377972480041
4D_freerun_capacity,leak_rate=1|n_units=200|rho=0.9|state_noise=0.0001,4,ipc,ipc_nonlinear,540.9959709646852
4D_freerun_capacity,leak_rate=1|n_units=200|rho=0.9|state_noise=0.0001,4,ipc,n_targets,601.0
4D_freerun_capacity,leak_rate=1|n_units=200|rho=0.9|state_noise=0.0001,4,ipc,n_targets_kept,601.0
4D_freerun_capacity,leak_rate=1|n_units=200|rho=0.9|state_noise=0.0001,4,ipc,saturation_ratio,2.979298753447428
4D_freerun_capacity,leak_rate=1|n_units=200|rho=0.9|state_noise=0.0001,4,ipc,ipc_threshold_degree1,0.03260562412164156
4D_freerun_capacity,leak_rate=1|n_units=200|rho=0.9|state_noise=0.0001,4,ipc,ipc_threshold_degree2,0.47190466840193
4D_freerun_capacity,leak_rate=1|n_units=200|rho=0.9|state_noise=0.0001,4,ipc,ipc_threshold_degree3,0.038916818758041066
4D_freerun_capacity,leak_rate=1|n_units=200|rho=0.9|state_noise=0.0001,4,ipc,ipc_threshold_degree4,0.3126429962259858
4D_freerun_capacity,leak_rate=1|n_units=200|rho=0.9|state_noise=0.001,0,memory_capacity,mc_total,77.01407272088225
4D_freerun_capacity,leak_rate=1|n_units=200|rho=0.9|state_noise=0.001,0,memory_capacity,mc_total_raw,77.01407272088225
4D_freerun_capacity,leak_rate=1|n_units=200|rho=0.9|state_noise=0.001,0,memory_capacity,mc_threshold,0.03301179817872681
4D_freerun_capacity,leak_rate=1|n_units=200|rho=0.9|state_noise=0.001,0,memory_capacity,mc_effective_delay,95.24467894936768
4D_freerun_capacity,leak_rate=1|n_units=200|rho=0.9|state_noise=0.001,0,memory_capacity,mc_ratio,0.38507036360441127
4D_freerun_capacity,leak_rate=1|n_units=200|rho=0.9|state_noise=0.001,0,memory_capacity,n_delays,400.0
4D_freerun_capacity,leak_rate=1|n_units=200|rho=0.9|state_noise=0.001,0,ipc,ipc_total,590.3672387964453
4D_freerun_capacity,leak_rate=1|n_units=200|rho=0.9|state_noise=0.001,0,ipc,ipc_total_raw,590.3672387964453
4D_freerun_capacity,leak_rate=1|n_units=200|rho=0.9|state_noise=0.001,0,ipc,ipc_linear,49.43875191454574
4D_freerun_capacity,leak_rate=1|n_units=200|rho=0.9|state_noise=0.001,0,ipc,ipc_nonlinear,540.9284868818996
4D_freerun_capacity,leak_rate=1|n_units=200|rho=0.9|state_noise=0.001,0,ipc,n_targets,601.0
4D_freerun_capacity,leak_rate=1|n_units=200|rho=0.9|state_noise=0.001,0,ipc,n_targets_kept,601.0
4D_freerun_capacity,leak_rate=1|n_units=200|rho=0.9|state_noise=0.001,0,ipc,saturation_ratio,2.951836193982227
4D_freerun_capacity,leak_rate=1|n_units=200|rho=0.9|state_noise=0.001,0,ipc,ipc_threshold_degree1,0.03218569195668459
4D_freerun_capacity,leak_rate=1|n_units=200|rho=0.9|state_noise=0.001,0,ipc,ipc_threshold_degree2,0.46694320180076304
4D_freerun_capacity,leak_rate=1|n_units=200|rho=0.9|state_noise=0.001,0,ipc,ipc_threshold_degree3,0.05121375510829724
4D_freerun_capacity,leak_rate=1|n_units=200|rho=0.9|state_noise=0.001,0,ipc,ipc_threshold_degree4,0.2823369785795231
4D_freerun_capacity,leak_rate=1|n_units=200|rho=0.9|state_noise=0.001,1,memory_capacity,mc_total,90.27316362090737
4D_freerun_capacity,leak_rate=1|n_units=200|rho=0.9|state_noise=0.001,1,memory_capacity,mc_total_raw,90.27316362090737
4D_freerun_capacity,leak_rate=1|n_units=200|rho=0.9|state_noise=0.001,1,memory_capacity,mc_threshold,0.03361612196780447
4D_freerun_capacity,leak_rate=1|n_units=200|rho=0.9|state_noise=0.001,1,memory_capacity,mc_effective_delay,112.19516646731188
4D_freerun_capacity,leak_rate=1|n_units=200|rho=0.9|state_noise=0.001,1,memory_capacity,mc_ratio,0.45136581810453685
4D_freerun_capacity,leak_rate=1|n_units=200|rho=0.9|state_noise=0.001,1,memory_capacity,n_delays,400.0
4D_freerun_capacity,leak_rate=1|n_units=200|rho=0.9|state_noise=0.001,1,ipc,ipc_total,591.5164580849846
4D_freerun_capacity,leak_rate=1|n_units=200|rho=0.9|state_noise=0.001,1,ipc,ipc_total_raw,591.5164580849846
4D_freerun_capacity,leak_rate=1|n_units=200|rho=0.9|state_noise=0.001,1,ipc,ipc_linear,50.643864903329245
4D_freerun_capacity,leak_rate=1|n_units=200|rho=0.9|state_noise=0.001,1,ipc,ipc_nonlinear,540.8725931816554
4D_freerun_capacity,leak_rate=1|n_units=200|rho=0.9|state_noise=0.001,1,ipc,n_targets,601.0
4D_freerun_capacity,leak_rate=1|n_units=200|rho=0.9|state_noise=0.001,1,ipc,n_targets_kept,601.0
4D_freerun_capacity,leak_rate=1|n_units=200|rho=0.9|state_noise=0.001,1,ipc,saturation_ratio,2.957582290424923
4D_freerun_capacity,leak_rate=1|n_units=200|rho=0.9|state_noise=0.001,1,ipc,ipc_threshold_degree1,0.0319741683036953
4D_freerun_capacity,leak_rate=1|n_units=200|rho=0.9|state_noise=0.001,1,ipc,ipc_threshold_degree2,0.5027612653767445
4D_freerun_capacity,leak_rate=1|n_units=200|rho=0.9|state_noise=0.001,1,ipc,ipc_threshold_degree3,0.03314940812564509
4D_freerun_capacity,leak_rate=1|n_units=200|rho=0.9|state_noise=0.001,1,ipc,ipc_threshold_degree4,0.31124096473075114
4D_freerun_capacity,leak_rate=1|n_units=200|rho=0.9|state_noise=0.001,2,memory_capacity,mc_total,76.89138297943401
4D_freerun_capacity,leak_rate=1|n_units=200|rho=0.9|state_noise=0.001,2,memory_capacity,mc_total_raw,76.89138297943401
4D_freerun_capacity,leak_rate=1|n_units=200|rho=0.9|state_noise=0.001,2,memory_capacity,mc_threshold,0.033505581650617525
4D_freerun_capacity,leak_rate=1|n_units=200|rho=0.9|state_noise=0.001,2,memory_capacity,mc_effective_delay,91.14034797948639
4D_freerun_capacity,leak_rate=1|n_units=200|rho=0.9|state_noise=0.001,2,memory_capacity,mc_ratio,0.38445691489717004
4D_freerun_capacity,leak_rate=1|n_units=200|rho=0.9|state_noise=0.001,2,memory_capacity,n_delays,400.0
4D_freerun_capacity,leak_rate=1|n_units=200|rho=0.9|state_noise=0.001,2,ipc,ipc_total,589.5790225710298
4D_freerun_capacity,leak_rate=1|n_units=200|rho=0.9|state_noise=0.001,2,ipc,ipc_total_raw,589.5790225710298
4D_freerun_capacity,leak_rate=1|n_units=200|rho=0.9|state_noise=0.001,2,ipc,ipc_linear,48.722766205060445
4D_freerun_capacity,leak_rate=1|n_units=200|rho=0.9|state_noise=0.001,2,ipc,ipc_nonlinear,540.8562563659693
4D_freerun_capacity,leak_rate=1|n_units=200|rho=0.9|state_noise=0.001,2,ipc,n_targets,601.0
4D_freerun_capacity,leak_rate=1|n_units=200|rho=0.9|state_noise=0.001,2,ipc,n_targets_kept,601.0
4D_freerun_capacity,leak_rate=1|n_units=200|rho=0.9|state_noise=0.001,2,ipc,saturation_ratio,2.9478951128551487
4D_freerun_capacity,leak_rate=1|n_units=200|rho=0.9|state_noise=0.001,2,ipc,ipc_threshold_degree1,0.0319993600005884
4D_freerun_capacity,leak_rate=1|n_units=200|rho=0.9|state_noise=0.001,2,ipc,ipc_threshold_degree2,0.4976658094233812
4D_freerun_capacity,leak_rate=1|n_units=200|rho=0.9|state_noise=0.001,2,ipc,ipc_threshold_degree3,0.042339524352344664
4D_freerun_capacity,leak_rate=1|n_units=200|rho=0.9|state_noise=0.001,2,ipc,ipc_threshold_degree4,0.2869690118380466
4D_freerun_capacity,leak_rate=1|n_units=200|rho=0.9|state_noise=0.001,3,memory_capacity,mc_total,82.18335699360294
4D_freerun_capacity,leak_rate=1|n_units=200|rho=0.9|state_noise=0.001,3,memory_capacity,mc_total_raw,82.18335699360294
4D_freerun_capacity,leak_rate=1|n_units=200|rho=0.9|state_noise=0.001,3,memory_capacity,mc_threshold,0.03392230785572471
4D_freerun_capacity,leak_rate=1|n_units=200|rho=0.9|state_noise=0.001,3,memory_capacity,mc_effective_delay,102.59225107179876
4D_freerun_capacity,leak_rate=1|n_units=200|rho=0.9|state_noise=0.001,3,memory_capacity,mc_ratio,0.4109167849680147
4D_freerun_capacity,leak_rate=1|n_units=200|rho=0.9|state_noise=0.001,3,memory_capacity,n_delays,400.0
4D_freerun_capacity,leak_rate=1|n_units=200|rho=0.9|state_noise=0.001,3,ipc,ipc_total,589.9935309938916
4D_freerun_capacity,leak_rate=1|n_units=200|rho=0.9|state_noise=0.001,3,ipc,ipc_total_raw,589.9935309938916
4D_freerun_capacity,leak_rate=1|n_units=200|rho=0.9|state_noise=0.001,3,ipc,ipc_linear,49.10793336784133
4D_freerun_capacity,leak_rate=1|n_units=200|rho=0.9|state_noise=0.001,3,ipc,ipc_nonlinear,540.8855976260502
4D_freerun_capacity,leak_rate=1|n_units=200|rho=0.9|state_noise=0.001,3,ipc,n_targets,601.0
4D_freerun_capacity,leak_rate=1|n_units=200|rho=0.9|state_noise=0.001,3,ipc,n_targets_kept,601.0
4D_freerun_capacity,leak_rate=1|n_units=200|rho=0.9|state_noise=0.001,3,ipc,saturation_ratio,2.949967654969458
4D_freerun_capacity,leak_rate=1|n_units=200|rho=0.9|state_noise=0.001,3,ipc,ipc_threshold_degree1,0.032573906517365914
4D_freerun_capacity,leak_rate=1|n_units=200|rho=0.9|state_noise=0.001,3,ipc,ipc_threshold_degree2,0.5157035756086649
4D_freerun_capacity,leak_rate=1|n_units=200|rho=0.9|state_noise=0.001,3,ipc,ipc_threshold_degree3,0.03561455108712789
4D_freerun_capacity,leak_rate=1|n_units=200|rho=0.9|state_noise=0.001,3,ipc,ipc_threshold_degree4,0.2911561944992759
4D_freerun_capacity,leak_rate=1|n_units=200|rho=0.9|state_noise=0.001,4,memory_capacity,mc_total,86.63017611145959
4D_freerun_capacity,leak_rate=1|n_units=200|rho=0.9|state_noise=0.001,4,memory_capacity,mc_total_raw,86.63017611145959
4D_freerun_capacity,leak_rate=1|n_units=200|rho=0.9|state_noise=0.001,4,memory_capacity,mc_threshold,0.032575683075041564
4D_freerun_capacity,leak_rate=1|n_units=200|rho=0.9|state_noise=0.001,4,memory_capacity,mc_effective_delay,111.32162007808111
4D_freerun_capacity,leak_rate=1|n_units=200|rho=0.9|state_noise=0.001,4,memory_capacity,mc_ratio,0.43315088055729795
4D_freerun_capacity,leak_rate=1|n_units=200|rho=0.9|state_noise=0.001,4,memory_capacity,n_delays,400.0
4D_freerun_capacity,leak_rate=1|n_units=200|rho=0.9|state_noise=0.001,4,ipc,ipc_total,591.1997047963378
4D_freerun_capacity,leak_rate=1|n_units=200|rho=0.9|state_noise=0.001,4,ipc,ipc_total_raw,591.1997047963378
4D_freerun_capacity,leak_rate=1|n_units=200|rho=0.9|state_noise=0.001,4,ipc,ipc_linear,50.26332095105171
4D_freerun_capacity,leak_rate=1|n_units=200|rho=0.9|state_noise=0.001,4,ipc,ipc_nonlinear,540.9363838452861
4D_freerun_capacity,leak_rate=1|n_units=200|rho=0.9|state_noise=0.001,4,ipc,n_targets,601.0
4D_freerun_capacity,leak_rate=1|n_units=200|rho=0.9|state_noise=0.001,4,ipc,n_targets_kept,601.0
4D_freerun_capacity,leak_rate=1|n_units=200|rho=0.9|state_noise=0.001,4,ipc,saturation_ratio,2.955998523981689
4D_freerun_capacity,leak_rate=1|n_units=200|rho=0.9|state_noise=0.001,4,ipc,ipc_threshold_degree1,0.03172087747913943
4D_freerun_capacity,leak_rate=1|n_units=200|rho=0.9|state_noise=0.001,4,ipc,ipc_threshold_degree2,0.47187630433603606
4D_freerun_capacity,leak_rate=1|n_units=200|rho=0.9|state_noise=0.001,4,ipc,ipc_threshold_degree3,0.038000648357650366
4D_freerun_capacity,leak_rate=1|n_units=200|rho=0.9|state_noise=0.001,4,ipc,ipc_threshold_degree4,0.3128449243520646
4D_freerun_capacity,leak_rate=1|n_units=200|rho=0.9|state_noise=0.01,0,memory_capacity,mc_total,66.08639855356154
4D_freerun_capacity,leak_rate=1|n_units=200|rho=0.9|state_noise=0.01,0,memory_capacity,mc_total_raw,66.08639855356154
4D_freerun_capacity,leak_rate=1|n_units=200|rho=0.9|state_noise=0.01,0,memory_capacity,mc_threshold,0.03308481407942691
4D_freerun_capacity,leak_rate=1|n_units=200|rho=0.9|state_noise=0.01,0,memory_capacity,mc_effective_delay,89.70161614456075
4D_freerun_capacity,leak_rate=1|n_units=200|rho=0.9|state_noise=0.01,0,memory_capacity,mc_ratio,0.33043199276780766
4D_freerun_capacity,leak_rate=1|n_units=200|rho=0.9|state_noise=0.01,0,memory_capacity,n_delays,400.0
4D_freerun_capacity,leak_rate=1|n_units=200|rho=0.9|state_noise=0.01,0,ipc,ipc_total,583.3260762609358
4D_freerun_capacity,leak_rate=1|n_units=200|rho=0.9|state_noise=0.01,0,ipc,ipc_total_raw,583.3260762609358
4D_freerun_capacity,leak_rate=1|n_units=200|rho=0.9|state_noise=0.01,0,ipc,ipc_linear,43.95293457573771
4D_freerun_capacity,leak_rate=1|n_units=200|rho=0.9|state_noise=0.01,0,ipc,ipc_nonlinear,539.3731416851981
4D_freerun_capacity,leak_rate=1|n_units=200|rho=0.9|state_noise=0.01,0,ipc,n_targets,601.0
4D_freerun_capacity,leak_rate=1|n_units=200|rho=0.9|state_noise=0.01,0,ipc,n_targets_kept,601.0
4D_freerun_capacity,leak_rate=1|n_units=200|rho=0.9|state_noise=0.01,0,ipc,saturation_ratio,2.916630381304679
4D_freerun_capacity,leak_rate=1|n_units=200|rho=0.9|state_noise=0.01,0,ipc,ipc_threshold_degree1,0.03196948578107847
4D_freerun_capacity,leak_rate=1|n_units=200|rho=0.9|state_noise=0.01,0,ipc,ipc_threshold_degree2,0.46678955813975115
4D_freerun_capacity,leak_rate=1|n_units=200|rho=0.9|state_noise=0.01,0,ipc,ipc_threshold_degree3,0.05128130601864774
4D_freerun_capacity,leak_rate=1|n_units=200|rho=0.9|state_noise=0.01,0,ipc,ipc_threshold_degree4,0.2822670399590354
4D_freerun_capacity,leak_rate=1|n_units=200|rho=0.9|state_noise=0.01,1,memory_capacity,mc_total,74.7319140307995
4D_freerun_capacity,leak_rate=1|n_units=200|rho=0.9|state_noise=0.01,1,memory_capacity,mc_total_raw,74.7319140307995
4D_freerun_capacity,leak_rate=1|n_units=200|rho=0.9|state_noise=0.01,1,memory_capacity,mc_threshold,0.032741930803828
4D_freerun_capacity,leak_rate=1|n_units=200|rho=0.9|state_noise=0.01,1,memory_capacity,mc_effective_delay,98.81253891189417
4D_freerun_capacity,leak_rate=1|n_units=200|rho=0.9|state_noise=0.01,1,memory_capacity,mc_ratio,0.37365957015399753
4D_freerun_capacity,leak_rate=1|n_units=200|rho=0.9|state_noise=0.01,1,memory_capacity,n_delays,400.0
4D_freerun_capacity,leak_rate=1|n_units=200|rho=0.9|state_noise=0.01,1,ipc,ipc_total,584.7895281472789
4D_freerun_capacity,leak_rate=1|n_units=200|rho=0.9|state_noise=0.01,1,ipc,ipc_total_raw,584.7895281472789
4D_freerun_capacity,leak_rate=1|n_units=200|rho=0.9|state_noise=0.01,1,ipc,ipc_linear,46.00866772156111
4D_freerun_capacity,leak_rate=1|n_units=200|rho=0.9|state_noise=0.01,1,ipc,ipc_nonlinear,538.7808604257178
4D_freerun_capacity,leak_rate=1|n_units=200|rho=0.9|state_noise=0.01,1,ipc,n_targets,601.0
4D_freerun_capacity,leak_rate=1|n_units=200|rho=0.9|state_noise=0.01,1,ipc,n_targets_kept,601.0
4D_freerun_capacity,leak_rate=1|n_units=200|rho=0.9|state_noise=0.01,1,ipc,saturation_ratio,2.9239476407363947
4D_freerun_capacity,leak_rate=1|n_units=200|rho=0.9|state_noise=0.01,1,ipc,ipc_threshold_degree1,0.03161980544030857
4D_freerun_capacity,leak_rate=1|n_units=200|rho=0.9|state_noise=0.01,1,ipc,ipc_threshold_degree2,0.5026531795143052
4D_freerun_capacity,leak_rate=1|n_units=200|rho=0.9|state_noise=0.01,1,ipc,ipc_threshold_degree3,0.033108594037715586
4D_freerun_capacity,leak_rate=1|n_units=200|rho=0.9|state_noise=0.01,1,ipc,ipc_threshold_degree4,0.3113130120309905
4D_freerun_capacity,leak_rate=1|n_units=200|rho=0.9|state_noise=0.01,2,memory_capacity,mc_total,64.0728181412545
4D_freerun_capacity,leak_rate=1|n_units=200|rho=0.9|state_noise=0.01,2,memory_capacity,mc_total_raw,64.0728181412545
4D_freerun_capacity,leak_rate=1|n_units=200|rho=0.9|state_noise=0.01,2,memory_capacity,mc_threshold,0.033395596872749546
4D_freerun_capacity,leak_rate=1|n_units=200|rho=0.9|state_noise=0.01,2,memory_capacity,mc_effective_delay,79.34269824174658
4D_freerun_capacity,leak_rate=1|n_units=200|rho=0.9|state_noise=0.01,2,memory_capacity,mc_ratio,0.32036409070627253
4D_freerun_capacity,leak_rate=1|n_units=200|rho=0.9|state_noise=0.01,2,memory_capacity,n_delays,400.0
4D_freerun_capacity,leak_rate=1|n_units=200|rho=0.9|state_noise=0.01,2,ipc,ipc_total,581.8958369343391
4D_freerun_capacity,leak_rate=1|n_units=200|rho=0.9|state_noise=0.01,2,ipc,ipc_total_raw,581.8958369343391
4D_freerun_capacity,leak_rate=1|n_units=200|rho=0.9|state_noise=0.01,2,ipc,ipc_linear,42.93275759345378
4D_freerun_capacity,leak_rate=1|n_units=200|rho=0.9|state_noise=0.01,2,ipc,ipc_nonlinear,538.9630793408853
4D_freerun_capacity,leak_rate=1|n_units=200|rho=0.9|state_noise=0.01,2,ipc,n_targets,601.0
4D_freerun_capacity,leak_rate=1|n_units=200|rho=0.9|state_noise=0.01,2,ipc,n_targets_kept,601.0
4D_freerun_capacity,leak_rate=1|n_units=200|rho=0.9|state_noise=0.01,2,ipc,saturation_ratio,2.9094791846716954
4D_freerun_capacity,leak_rate=1|n_units=200|rho=0.9|state_noise=0.01,2,ipc,ipc_threshold_degree1,0.031349702715636245
4D_freerun_capacity,leak_rate=1|n_units=200|rho=0.9|state_noise=0.01,2,ipc,ipc_threshold_degree2,0.49785316921273526
4D_freerun_capacity,leak_rate=1|n_units=200|rho=0.9|state_noise=0.01,2,ipc,ipc_threshold_degree3,0.04133394753615532
4D_freerun_capacity,leak_rate=1|n_units=200|rho=0.9|state_noise=0.01,2,ipc,ipc_threshold_degree4,0.28690846735975734
4D_freerun_capacity,leak_rate=1|n_units=200|rho=0.9|state_noise=0.01,3,memory_capacity,mc_total,67.11695337918108
4D_freerun_capacity,leak_rate=1|n_units=200|rho=0.9|state_noise=0.01,3,memory_capacity,mc_total_raw,67.11695337918108
4D_freerun_capacity,leak_rate=1|n_units=200|rho=0.9|state_noise=0.01,3,memory_capacity,mc_threshold,0.03346116571482038
4D_freerun_capacity,leak_rate=1|n_units=200|rho=0.9|state_noise=0.01,3,memory_capacity,mc_effective_delay,90.67489884271171
4D_freerun_capacity,leak_rate=1|n_units=200|rho=0.9|state_noise=0.01,3,memory_capacity,mc_ratio,0.33558476689590544
4D_freerun_capacity,leak_rate=1|n_units=200|rho=0.9|state_noise=0.01,3,memory_capacity,n_delays,400.0
4D_freerun_capacity,leak_rate=1|n_units=200|rho=0.9|state_noise=0.01,3,ipc,ipc_total,581.3537404923925
4D_freerun_capacity,leak_rate=1|n_units=200|rho=0.9|state_noise=0.01,3,ipc,ipc_total_raw,581.3537404923925
4D_freerun_capacity,leak_rate=1|n_units=200|rho=0.9|state_noise=0.01,3,ipc,ipc_linear,42.744740417366266
4D_freerun_capacity,leak_rate=1|n_units=200|rho=0.9|state_noise=0.01,3,ipc,ipc_nonlinear,538.6090000750262
4D_freerun_capacity,leak_rate=1|n_units=200|rho=0.9|state_noise=0.01,3,ipc,n_targets,601.0
4D_freerun_capacity,leak_rate=1|n_units=200|rho=0.9|state_noise=0.01,3,ipc,n_targets_kept,601.0
4D_freerun_capacity,leak_rate=1|n_units=200|rho=0.9|state_noise=0.01,3,ipc,saturation_ratio,2.9067687024619624
4D_freerun_capacity,leak_rate=1|n_units=200|rho=0.9|state_noise=0.01,3,ipc,ipc_threshold_degree1,0.032478507060310746
4D_freerun_capacity,leak_rate=1|n_units=200|rho=0.9|state_noise=0.01,3,ipc,ipc_threshold_degree2,0.5159128561783834
4D_freerun_capacity,leak_rate=1|n_units=200|rho=0.9|state_noise=0.01,3,ipc,ipc_threshold_degree3,0.03483359996758535
4D_freerun_capacity,leak_rate=1|n_units=200|rho=0.9|state_noise=0.01,3,ipc,ipc_threshold_degree4,0.2911710367898006
4D_freerun_capacity,leak_rate=1|n_units=200|rho=0.9|state_noise=0.01,4,memory_capacity,mc_total,68.36214841267103
4D_freerun_capacity,leak_rate=1|n_units=200|rho=0.9|state_noise=0.01,4,memory_capacity,mc_total_raw,68.36214841267103
4D_freerun_capacity,leak_rate=1|n_units=200|rho=0.9|state_noise=0.01,4,memory_capacity,mc_threshold,0.03427234753262905
4D_freerun_capacity,leak_rate=1|n_units=200|rho=0.9|state_noise=0.01,4,memory_capacity,mc_effective_delay,95.22841347099661
4D_freerun_capacity,leak_rate=1|n_units=200|rho=0.9|state_noise=0.01,4,memory_capacity,mc_ratio,0.34181074206335516
4D_freerun_capacity,leak_rate=1|n_units=200|rho=0.9|state_noise=0.01,4,memory_capacity,n_delays,400.0
4D_freerun_capacity,leak_rate=1|n_units=200|rho=0.9|state_noise=0.01,4,ipc,ipc_total,584.3077602196855
4D_freerun_capacity,leak_rate=1|n_units=200|rho=0.9|state_noise=0.01,4,ipc,ipc_total_raw,584.3077602196855
4D_freerun_capacity,leak_rate=1|n_units=200|rho=0.9|state_noise=0.01,4,ipc,ipc_linear,44.80727414513814
4D_freerun_capacity,leak_rate=1|n_units=200|rho=0.9|state_noise=0.01,4,ipc,ipc_nonlinear,539.5004860745473
4D_freerun_capacity,leak_rate=1|n_units=200|rho=0.9|state_noise=0.01,4,ipc,n_targets,601.0
4D_freerun_capacity,leak_rate=1|n_units=200|rho=0.9|state_noise=0.01,4,ipc,n_targets_kept,601.0
4D_freerun_capacity,leak_rate=1|n_units=200|rho=0.9|state_noise=0.01,4,ipc,saturation_ratio,2.9215388010984276
4D_freerun_capacity,leak_rate=1|n_units=200|rho=0.9|state_noise=0.01,4,ipc,ipc_threshold_degree1,0.03161915610490574
4D_freerun_capacity,leak_rate=1|n_units=200|rho=0.9|state_noise=0.01,4,ipc,ipc_threshold_degree2,0.47189059398305433
4D_freerun_capacity,leak_rate=1|n_units=200|rho=0.9|state_noise=0.01,4,ipc,ipc_threshold_degree3,0.03815131247389695
4D_freerun_capacity,leak_rate=1|n_units=200|rho=0.9|state_noise=0.01,4,ipc,ipc_threshold_degree4,0.3120582719782583
4D_freerun_capacity,leak_rate=0.1|n_units=200|rho=1.1|state_noise=0,0,memory_capacity,mc_total,302.15915117449595
4D_freerun_capacity,leak_rate=0.1|n_units=200|rho=1.1|state_noise=0,0,memory_capacity,mc_total_raw,302.15915117449595
4D_freerun_capacity,leak_rate=0.1|n_units=200|rho=1.1|state_noise=0,0,memory_capacity,mc_threshold,0.03362617523684954
4D_freerun_capacity,leak_rate=0.1|n_units=200|rho=1.1|state_noise=0,0,memory_capacity,mc_effective_delay,161.65486659717584
4D_freerun_capacity,leak_rate=0.1|n_units=200|rho=1.1|state_noise=0,0,memory_capacity,mc_ratio,1.5107957558724798
4D_freerun_capacity,leak_rate=0.1|n_units=200|rho=1.1|state_noise=0,0,memory_capacity,n_delays,400.0
4D_freerun_capacity,leak_rate=0.1|n_units=200|rho=1.1|state_noise=0,0,ipc,ipc_total,600.9685824861024
4D_freerun_capacity,leak_rate=0.1|n_units=200|rho=1.1|state_noise=0,0,ipc,ipc_total_raw,600.9685824861024
4D_freerun_capacity,leak_rate=0.1|n_units=200|rho=1.1|state_noise=0,0,ipc,ipc_linear,59.99453921983565
4D_freerun_capacity,leak_rate=0.1|n_units=200|rho=1.1|state_noise=0,0,ipc,ipc_nonlinear,540.9740432662667
4D_freerun_capacity,leak_rate=0.1|n_units=200|rho=1.1|state_noise=0,0,ipc,n_targets,601.0
4D_freerun_capacity,leak_rate=0.1|n_units=200|rho=1.1|state_noise=0,0,ipc,n_targets_kept,601.0
4D_freerun_capacity,leak_rate=0.1|n_units=200|rho=1.1|state_noise=0,0,ipc,saturation_ratio,3.004842912430512
4D_freerun_capacity,leak_rate=0.1|n_units=200|rho=1.1|state_noise=0,0,ipc,ipc_threshold_degree1,0.03258084275540165
4D_freerun_capacity,leak_rate=0.1|n_units=200|rho=1.1|state_noise=0,0,ipc,ipc_threshold_degree2,0.4664446006935963
4D_freerun_capacity,leak_rate=0.1|n_units=200|rho=1.1|state_noise=0,0,ipc,ipc_threshold_degree3,0.05180381564180575
4D_freerun_capacity,leak_rate=0.1|n_units=200|rho=1.1|state_noise=0,0,ipc,ipc_threshold_degree4,0.28206347924712905
4D_freerun_capacity,leak_rate=0.1|n_units=200|rho=1.1|state_noise=0,1,memory_capacity,mc_total,329.4683499478218
4D_freerun_capacity,leak_rate=0.1|n_units=200|rho=1.1|state_noise=0,1,memory_capacity,mc_total_raw,329.4683499478218
4D_freerun_capacity,leak_rate=0.1|n_units=200|rho=1.1|state_noise=0,1,memory_capacity,mc_threshold,0.032907509178305025
4D_freerun_capacity,leak_rate=0.1|n_units=200|rho=1.1|state_noise=0,1,memory_capacity,mc_effective_delay,174.6978694444281
4D_freerun_capacity,leak_rate=0.1|n_units=200|rho=1.1|state_noise=0,1,memory_capacity,mc_ratio,1.6473417497391092
4D_freerun_capacity,leak_rate=0.1|n_units=200|rho=1.1|state_noise=0,1,memory_capacity,n_delays,400.0
4D_freerun_capacity,leak_rate=0.1|n_units=200|rho=1.1|state_noise=0,1,ipc,ipc_total,600.9040851471007
4D_freerun_capacity,leak_rate=0.1|n_units=200|rho=1.1|state_noise=0,1,ipc,ipc_total_raw,600.9040851471007
4D_freerun_capacity,leak_rate=0.1|n_units=200|rho=1.1|state_noise=0,1,ipc,ipc_linear,59.9902359038557
4D_freerun_capacity,leak_rate=0.1|n_units=200|rho=1.1|state_noise=0,1,ipc,ipc_nonlinear,540.913849243245
4D_freerun_capacity,leak_rate=0.1|n_units=200|rho=1.1|state_noise=0,1,ipc,n_targets,601.0
4D_freerun_capacity,leak_rate=0.1|n_units=200|rho=1.1|state_noise=0,1,ipc,n_targets_kept,601.0
4D_freerun_capacity,leak_rate=0.1|n_units=200|rho=1.1|state_noise=0,1,ipc,saturation_ratio,3.004520425735503
4D_freerun_capacity,leak_rate=0.1|n_units=200|rho=1.1|state_noise=0,1,ipc,ipc_threshold_degree1,0.0321249209218259
4D_freerun_capacity,leak_rate=0.1|n_units=200|rho=1.1|state_noise=0,1,ipc,ipc_threshold_degree2,0.5030562128329834
4D_freerun_capacity,leak_rate=0.1|n_units=200|rho=1.1|state_noise=0,1,ipc,ipc_threshold_degree3,0.03313766799533143
4D_freerun_capacity,leak_rate=0.1|n_units=200|rho=1.1|state_noise=0,1,ipc,ipc_threshold_degree4,0.3105753639717206
4D_freerun_capacity,leak_rate=0.1|n_units=200|rho=1.1|state_noise=0,2,memory_capacity,mc_total,319.70411222717945
4D_freerun_capacity,leak_rate=0.1|n_units=200|rho=1.1|state_noise=0,2,memory_capacity,mc_total_raw,319.70411222717945
4D_freerun_capacity,leak_rate=0.1|n_units=200|rho=1.1|state_noise=0,2,memory_capacity,mc_threshold,0.03420055145822705
4D_freerun_capacity,leak_rate=0.1|n_units=200|rho=1.1|state_noise=0,2,memory_capacity,mc_effective_delay,170.5279824361998
4D_freerun_capacity,leak_rate=0.1|n_units=200|rho=1.1|state_noise=0,2,memory_capacity,mc_ratio,1.5985205611358972
4D_freerun_capacity,leak_rate=0.1|n_units=200|rho=1.1|state_noise=0,2,memory_capacity,n_delays,400.0
4D_freerun_capacity,leak_rate=0.1|n_units=200|rho=1.1|state_noise=0,2,ipc,ipc_total,600.9271481406786
4D_freerun_capacity,leak_rate=0.1|n_units=200|rho=1.1|state_noise=0,2,ipc,ipc_total_raw,600.9271481406786
4D_freerun_capacity,leak_rate=0.1|n_units=200|rho=1.1|state_noise=0,2,ipc,ipc_linear,59.990107028018095
4D_freerun_capacity,leak_rate=0.1|n_units=200|rho=1.1|state_noise=0,2,ipc,ipc_nonlinear,540.9370411126605
4D_freerun_capacity,leak_rate=0.1|n_units=200|rho=1.1|state_noise=0,2,ipc,n_targets,601.0
4D_freerun_capacity,leak_rate=0.1|n_units=200|rho=1.1|state_noise=0,2,ipc,n_targets_kept,601.0
4D_freerun_capacity,leak_rate=0.1|n_units=200|rho=1.1|state_noise=0,2,ipc,saturation_ratio,3.004635740703393
4D_freerun_capacity,leak_rate=0.1|n_units=200|rho=1.1|state_noise=0,2,ipc,ipc_threshold_degree1,0.03275793474960273
4D_freerun_capacity,leak_rate=0.1|n_units=200|rho=1.1|state_noise=0,2,ipc,ipc_threshold_degree2,0.49793255930022506
4D_freerun_capacity,leak_rate=0.1|n_units=200|rho=1.1|state_noise=0,2,ipc,ipc_threshold_degree3,0.04277628717914258
4D_freerun_capacity,leak_rate=0.1|n_units=200|rho=1.1|state_noise=0,2,ipc,ipc_threshold_degree4,0.28731361200245426
4D_freerun_capacity,leak_rate=0.1|n_units=200|rho=1.1|state_noise=0,3,memory_capacity,mc_total,295.41899497523343
4D_freerun_capacity,leak_rate=0.1|n_units=200|rho=1.1|state_noise=0,3,memory_capacity,mc_total_raw,295.41899497523343
4D_freerun_capacity,leak_rate=0.1|n_units=200|rho=1.1|state_noise=0,3,memory_capacity,mc_threshold,0.036187438041144285
4D_freerun_capacity,leak_rate=0.1|n_units=200|rho=1.1|state_noise=0,3,memory_capacity,mc_effective_delay,160.87884695076912
4D_freerun_capacity,leak_rate=0.1|n_units=200|rho=1.1|state_noise=0,3,memory_capacity,mc_ratio,1.4770949748761673
4D_freerun_capacity,leak_rate=0.1|n_units=200|rho=1.1|state_noise=0,3,memory_capacity,n_delays,400.0
4D_freerun_capacity,leak_rate=0.1|n_units=200|rho=1.1|state_noise=0,3,ipc,ipc_total,600.927250102482
4D_freerun_capacity,leak_rate=0.1|n_units=200|rho=1.1|state_noise=0,3,ipc,ipc_total_raw,600.927250102482
4D_freerun_capacity,leak_rate=0.1|n_units=200|rho=1.1|state_noise=0,3,ipc,ipc_linear,59.99058600525372
4D_freerun_capacity,leak_rate=0.1|n_units=200|rho=1.1|state_noise=0,3,ipc,ipc_nonlinear,540.9366640972283
4D_freerun_capacity,leak_rate=0.1|n_units=200|rho=1.1|state_noise=0,3,ipc,n_targets,601.0
4D_freerun_capacity,leak_rate=0.1|n_units=200|rho=1.1|state_noise=0,3,ipc,n_targets_kept,601.0
4D_freerun_capacity,leak_rate=0.1|n_units=200|rho=1.1|state_noise=0,3,ipc,saturation_ratio,3.0046362505124105
4D_freerun_capacity,leak_rate=0.1|n_units=200|rho=1.1|state_noise=0,3,ipc,ipc_threshold_degree1,0.03261414861126466
4D_freerun_capacity,leak_rate=0.1|n_units=200|rho=1.1|state_noise=0,3,ipc,ipc_threshold_degree2,0.5162881036723969
4D_freerun_capacity,leak_rate=0.1|n_units=200|rho=1.1|state_noise=0,3,ipc,ipc_threshold_degree3,0.03451941055497409
4D_freerun_capacity,leak_rate=0.1|n_units=200|rho=1.1|state_noise=0,3,ipc,ipc_threshold_degree4,0.29131716960060394
4D_freerun_capacity,leak_rate=0.1|n_units=200|rho=1.1|state_noise=0,4,memory_capacity,mc_total,318.8859258759352
4D_freerun_capacity,leak_rate=0.1|n_units=200|rho=1.1|state_noise=0,4,memory_capacity,mc_total_raw,318.8859258759352
4D_freerun_capacity,leak_rate=0.1|n_units=200|rho=1.1|state_noise=0,4,memory_capacity,mc_threshold,0.03367899052873261
4D_freerun_capacity,leak_rate=0.1|n_units=200|rho=1.1|state_noise=0,4,memory_capacity,mc_effective_delay,169.56678470777587
4D_freerun_capacity,leak_rate=0.1|n_units=200|rho=1.1|state_noise=0,4,memory_capacity,mc_ratio,1.594429629379676
4D_freerun_capacity,leak_rate=0.1|n_units=200|rho=1.1|state_noise=0,4,memory_capacity,n_delays,400.0
4D_freerun_capacity,leak_rate=0.1|n_units=200|rho=1.1|state_noise=0,4,ipc,ipc_total,600.9561776990456
4D_freerun_capacity,leak_rate=0.1|n_units=200|rho=1.1|state_noise=0,4,ipc,ipc_total_raw,600.9561776990456
4D_freerun_capacity,leak_rate=0.1|n_units=200|rho=1.1|state_noise=0,4,ipc,ipc_linear,59.99152878445469
4D_freerun_capacity,leak_rate=0.1|n_units=200|rho=1.1|state_noise=0,4,ipc,ipc_nonlinear,540.964648914591
4D_freerun_capacity,leak_rate=0.1|n_units=200|rho=1.1|state_noise=0,4,ipc,n_targets,601.0
4D_freerun_capacity,leak_rate=0.1|n_units=200|rho=1.1|state_noise=0,4,ipc,n_targets_kept,601.0
4D_freerun_capacity,leak_rate=0.1|n_units=200|rho=1.1|state_noise=0,4,ipc,saturation_ratio,3.004780888495228
4D_freerun_capacity,leak_rate=0.1|n_units=200|rho=1.1|state_noise=0,4,ipc,ipc_threshold_degree1,0.03211638936655204
4D_freerun_capacity,leak_rate=0.1|n_units=200|rho=1.1|state_noise=0,4,ipc,ipc_threshold_degree2,0.4726901115661818
4D_freerun_capacity,leak_rate=0.1|n_units=200|rho=1.1|state_noise=0,4,ipc,ipc_threshold_degree3,0.038931708859306226
4D_freerun_capacity,leak_rate=0.1|n_units=200|rho=1.1|state_noise=0,4,ipc,ipc_threshold_degree4,0.3132503087368431
4D_freerun_capacity,leak_rate=0.1|n_units=200|rho=1.1|state_noise=0.0001,0,memory_capacity,mc_total,302.3183666940233
4D_freerun_capacity,leak_rate=0.1|n_units=200|rho=1.1|state_noise=0.0001,0,memory_capacity,mc_total_raw,302.3183666940233
4D_freerun_capacity,leak_rate=0.1|n_units=200|rho=1.1|state_noise=0.0001,0,memory_capacity,mc_threshold,0.03344742151207049
4D_freerun_capacity,leak_rate=0.1|n_units=200|rho=1.1|state_noise=0.0001,0,memory_capacity,mc_effective_delay,161.7884594617907
4D_freerun_capacity,leak_rate=0.1|n_units=200|rho=1.1|state_noise=0.0001,0,memory_capacity,mc_ratio,1.5115918334701166
4D_freerun_capacity,leak_rate=0.1|n_units=200|rho=1.1|state_noise=0.0001,0,memory_capacity,n_delays,400.0
4D_freerun_capacity,leak_rate=0.1|n_units=200|rho=1.1|state_noise=0.0001,0,ipc,ipc_total,600.9684386862748
4D_freerun_capacity,leak_rate=0.1|n_units=200|rho=1.1|state_noise=0.0001,0,ipc,ipc_total_raw,600.9684386862748
4D_freerun_capacity,leak_rate=0.1|n_units=200|rho=1.1|state_noise=0.0001,0,ipc,ipc_linear,59.994511670461385
4D_freerun_capacity,leak_rate=0.1|n_units=200|rho=1.1|state_noise=0.0001,0,ipc,ipc_nonlinear,540.9739270158134
4D_freerun_capacity,leak_rate=0.1|n_units=200|rho=1.1|state_noise=0.0001,0,ipc,n_targets,601.0
4D_freerun_capacity,leak_rate=0.1|n_units=200|rho=1.1|state_noise=0.0001,0,ipc,n_targets_kept,601.0
4D_freerun_capacity,leak_rate=0.1|n_units=200|rho=1.1|state_noise=0.0001,0,ipc,saturation_ratio,3.004842193431374
4D_freerun_capacity,leak_rate=0.1|n_units=200|rho=1.1|state_noise=0.0001,0,ipc,ipc_threshold_degree1,0.03263836364206367
4D_freerun_capacity,leak_rate=0.1|n_units=200|rho=1.1|state_noise=0.0001,0,ipc,ipc_threshold_degree2,0.4663828001557759
4D_freerun_capacity,leak_rate=0.1|n_units=200|rho=1.1|state_noise=0.0001,0,ipc,ipc_threshold_degree3,0.05187762239788174
4D_freerun_capacity,leak_rate=0.1|n_units=200|rho=1.1|state_noise=0.0001,0,ipc,ipc_threshold_degree4,0.2821119745276094
4D_freerun_capacity,leak_rate=0.1|n_units=200|rho=1.1|state_noise=0.0001,1,memory_capacity,mc_total,329.45470158953106
4D_freerun_capacity,leak_rate=0.1|n_units=200|rho=1.1|state_noise=0.0001,1,memory_capacity,mc_total_raw,329.45470158953106
4D_freerun_capacity,leak_rate=0.1|n_units=200|rho=1.1|state_noise=0.0001,1,memory_capacity,mc_threshold,0.032771459429456064
4D_freerun_capacity,leak_rate=0.1|n_units=200|rho=1.1|state_noise=0.0001,1,memory_capacity,mc_effective_delay,174.6853485274344
4D_freerun_capacity,leak_rate=0.1|n_units=200|rho=1.1|state_noise=0.0001,1,memory_capacity,mc_ratio,1.6472735079476553
4D_freerun_capacity,leak_rate=0.1|n_units=200|rho=1.1|state_noise=0.0001,1,memory_capacity,n_delays,400.0
4D_freerun_capacity,leak_rate=0.1|n_units=200|rho=1.1|state_noise=0.0001,1,ipc,ipc_total,600.9039537861544
4D_freerun_capacity,leak_rate=0.1|n_units=200|rho=1.1|state_noise=0.0001,1,ipc,ipc_total_raw,600.9039537861544
4D_freerun_capacity,leak_rate=0.1|n_units=200|rho=1.1|state_noise=0.0001,1,ipc,ipc_linear,59.99022153078333
4D_freerun_capacity,leak_rate=0.1|n_units=200|rho=1.1|state_noise=0.0001,1,ipc,ipc_nonlinear,540.9137322553711
4D_freerun_capacity,leak_rate=0.1|n_units=200|rho=1.1|state_noise=0.0001,1,ipc,n_targets,601.0
4D_freerun_capacity,leak_rate=0.1|n_units=200|rho=1.1|state_noise=0.0001,1,ipc,n_targets_kept,601.0
4D_freerun_capacity,leak_rate=0.1|n_units=200|rho=1.1|state_noise=0.0001,1,ipc,saturation_ratio,3.0045197689307717
4D_freerun_capacity,leak_rate=0.1|n_units=200|rho=1.1|state_noise=0.0001,1,ipc,ipc_threshold_degree1,0.032176063452071274
4D_freerun_capacity,leak_rate=0.1|n_units=200|rho=1.1|state_noise=0.0001,1,ipc,ipc_threshold_degree2,0.5029920712332858
4D_freerun_capacity,leak_rate=0.1|n_units=200|rho=1.1|state_noise=0.0001,1,ipc,ipc_threshold_degree3,0.03320099712617883
4D_freerun_capacity,leak_rate=0.1|n_units=200|rho=1.1|state_noise=0.0001,1,ipc,ipc_threshold_degree4,0.3105761784897097
4D_freerun_capacity,leak_rate=0.1|n_units=200|rho=1.1|state_noise=0.0001,2,memory_capacity,mc_total,319.75250777364954
4D_freerun_capacity,leak_rate=0.1|n_units=200|rho=1.1|state_noise=0.0001,2,memory_capacity,mc_total_raw,319.75250777364954
4D_freerun_capacity,leak_rate=0.1|n_units=200|rho=1.1|state_noise=0.0001,2,memory_capacity,mc_threshold,0.034107273775789954
4D_freerun_capacity,leak_rate=0.1|n_units=200|rho=1.1|state_noise=0.0001,2,memory_capacity,mc_effective_delay,170.5374997321215
4D_freerun_capacity,leak_rate=0.1|n_units=200|rho=1.1|state_noise=0.0001,2,memory_capacity,mc_ratio,1.5987625388682476
4D_freerun_capacity,leak_rate=0.1|n_units=200|rho=1.1|state_noise=0.0001,2,memory_capacity,n_delays,400.0
4D_freerun_capacity,leak_rate=0.1|n_units=200|rho=1.1|state_noise=0.0001,2,ipc,ipc_total,600.9268811495024
4D_freerun_capacity,leak_rate=0.1|n_units=200|rho=1.1|state_noise=0.0001,2,ipc,ipc_total_raw,600.9268811495024
4D_freerun_capacity,leak_rate=0.1|n_units=200|rho=1.1|state_noise=0.0001,2,ipc,ipc_linear,59.990088536213776
4D_freerun_capacity,leak_rate=0.1|n_units=200|rho=1.1|state_noise=0.0001,2,ipc,ipc_nonlinear,540.9367926132886
4D_freerun_capacity,leak_rate=0.1|n_units=200|rho=1.1|state_noise=0.0001,2,ipc,n_targets,601.0
4D_freerun_capacity,leak_rate=0.1|n_units=200|rho=1.1|state_noise=0.0001,2,ipc,n_targets_kept,601.0
4D_freerun_capacity,leak_rate=0.1|n_units=200|rho=1.1|state_noise=0.0001,2,ipc,saturation_ratio,3.004634405747512
4D_freerun_capacity,leak_rate=0.1|n_units=200|rho=1.1|state_noise=0.0001,2,ipc,ipc_threshold_degree1,0.0327326628474077
4D_freerun_capacity,leak_rate=0.1|n_units=200|rho=1.1|state_noise=0.0001,2,ipc,ipc_threshold_degree2,0.4979974836546454
4D_freerun_capacity,leak_rate=0.1|n_units=200|rho=1.1|state_noise=0.0001,2,ipc,ipc_threshold_degree3,0.04279752797140143
4D_freerun_capacity,leak_rate=0.1|n_units=200|rho=1.1|state_noise=0.0001,2,ipc,ipc_threshold_degree4,0.2872354644789779
4D_freerun_capacity,leak_rate=0.1|n_units=200|rho=1.1|state_noise=0.0001,3,memory_capacity,mc_total,295.4558120105375
4D_freerun_capacity,leak_rate=0.1|n_units=200|rho=1.1|state_noise=0.0001,3,memory_capacity,mc_total_raw,295.4558120105375
4D_freerun_capacity,leak_rate=0.1|n_units=200|rho=1.1|state_noise=0.0001,3,memory_capacity,mc_threshold,0.036140205986471524
4D_freerun_capacity,leak_rate=0.1|n_units=200|rho=1.1|state_noise=0.0001,3,memory_capacity,mc_effective_delay,160.90163003656852
4D_freerun_capacity,leak_rate=0.1|n_units=200|rho=1.1|state_noise=0.0001,3,memory_capacity,mc_ratio,1.4772790600526875
4D_freerun_capacity,leak_rate=0.1|n_units=200|rho=1.1|state_noise=0.0001,3,memory_capacity,n_delays,400.0
4D_freerun_capacity,leak_rate=0.1|n_units=200|rho=1.1|state_noise=0.0001,3,ipc,ipc_total,600.9269935346209
4D_freerun_capacity,leak_rate=0.1|n_units=200|rho=1.1|state_noise=0.0001,3,ipc,ipc_total_raw,600.9269935346209
4D_freerun_capacity,leak_rate=0.1|n_units=200|rho=1.1|state_noise=0.0001,3,ipc,ipc_linear,59.99054923358899
4D_freerun_capacity,leak_rate=0.1|n_units=200|rho=1.1|state_noise=0.0001,3,ipc,ipc_nonlinear,540.9364443010319
4D_freerun_capacity,leak_rate=0.1|n_units=200|rho=1.1|state_noise=0.0001,3,ipc,n_targets,601.0
4D_freerun_capacity,leak_rate=0.1|n_units=200|rho=1.1|state_noise=0.0001,3,ipc,n_targets_kept,601.0
4D_freerun_capacity,leak_rate=0.1|n_units=200|rho=1.1|state_noise=0.0001,3,ipc,saturation_ratio,3.0046349676731046
4D_freerun_capacity,leak_rate=0.1|n_units=200|rho=1.1|state_noise=0.0001,3,ipc,ipc_threshold_degree1,0.03261636989994029
4D_freerun_capacity,leak_rate=0.1|n_units=200|rho=1.1|state_noise=0.0001,3,ipc,ipc_threshold_degree2,0.5162835568401911
4D_freerun_capacity,leak_rate=0.1|n_units=200|rho=1.1|state_noise=0.0001,3,ipc,ipc_threshold_degree3,0.03442192706250251
4D_freerun_capacity,leak_rate=0.1|n_units=200|rho=1.1|state_noise=0.0001,3,ipc,ipc_threshold_degree4,0.2913439032297325
4D_freerun_capacity,leak_rate=0.1|n_units=200|rho=1.1|state_noise=0.0001,4,memory_capacity,mc_total,318.88223111043123
4D_freerun_capacity,leak_rate=0.1|n_units=200|rho=1.1|state_noise=0.0001,4,memory_capacity,mc_total_raw,318.88223111043123
4D_freerun_capacity,leak_rate=0.1|n_units=200|rho=1.1|state_noise=0.0001,4,memory_capacity,mc_threshold,0.033672986352437484
4D_freerun_capacity,leak_rate=0.1|n_units=200|rho=1.1|state_noise=0.0001,4,memory_capacity,mc_effective_delay,169.55141441607253
4D_freerun_capacity,leak_rate=0.1|n_units=200|rho=1.1|state_noise=0.0001,4,memory_capacity,mc_ratio,1.594411155552156
4D_freerun_capacity,leak_rate=0.1|n_units=200|rho=1.1|state_noise=0.0001,4,memory_capacity,n_delays,400.0
4D_freerun_capacity,leak_rate=0.1|n_units=200|rho=1.1|state_noise=0.0001,4,ipc,ipc_total,600.9560103998028
4D_freerun_capacity,leak_rate=0.1|n_units=200|rho=1.1|state_noise=0.0001,4,ipc,ipc_total_raw,600.9560103998028
4D_freerun_capacity,leak_rate=0.1|n_units=200|rho=1.1|state_noise=0.0001,4,ipc,ipc_linear,59.991509764604736
4D_freerun_capacity,leak_rate=0.1|n_units=200|rho=1.1|state_noise=0.0001,4,ipc,ipc_nonlinear,540.9645006351981
4D_freerun_capacity,leak_rate=0.1|n_units=200|rho=1.1|state_noise=0.0001,4,ipc,n_targets,601.0
4D_freerun_capacity,leak_rate=0.1|n_units=200|rho=1.1|state_noise=0.0001,4,ipc,n_targets_kept,601.0
4D_freerun_capacity,leak_rate=0.1|n_units=200|rho=1.1|state_noise=0.0001,4,ipc,saturation_ratio,3.004780051999014
4D_freerun_capacity,leak_rate=0.1|n_units=200|rho=1.1|state_noise=0.0001,4,ipc,ipc_threshold_degree1,0.03219752945798933
4D_freerun_capacity,leak_rate=0.1|n_units=200|rho=1.1|state_noise=0.0001,4,ipc,ipc_threshold_degree2,0.47271684916905776
4D_freerun_capacity,leak_rate=0.1|n_units=200|rho=1.1|state_noise=0.0001,4,ipc,ipc_threshold_degree3,0.03888281892743976
4D_freerun_capacity,leak_rate=0.1|n_units=200|rho=1.1|state_noise=0.0001,4,ipc,ipc_threshold_degree4,0.31327925957160063
4D_freerun_capacity,leak_rate=0.1|n_units=200|rho=1.1|state_noise=0.001,0,memory_capacity,mc_total,298.1276522303319
4D_freerun_capacity,leak_rate=0.1|n_units=200|rho=1.1|state_noise=0.001,0,memory_capacity,mc_total_raw,298.1276522303319
4D_freerun_capacity,leak_rate=0.1|n_units=200|rho=1.1|state_noise=0.001,0,memory_capacity,mc_threshold,0.033287892700563634
4D_freerun_capacity,leak_rate=0.1|n_units=200|rho=1.1|state_noise=0.001,0,memory_capacity,mc_effective_delay,160.9661054151045
4D_freerun_capacity,leak_rate=0.1|n_units=200|rho=1.1|state_noise=0.001,0,memory_capacity,mc_ratio,1.4906382611516593
4D_freerun_capacity,leak_rate=0.1|n_units=200|rho=1.1|state_noise=0.001,0,memory_capacity,n_delays,400.0
4D_freerun_capacity,leak_rate=0.1|n_units=200|rho=1.1|state_noise=0.001,0,ipc,ipc_total,600.9509420721294
4D_freerun_capacity,leak_rate=0.1|n_units=200|rho=1.1|state_noise=0.001,0,ipc,ipc_total_raw,600.9509420721294
4D_freerun_capacity,leak_rate=0.1|n_units=200|rho=1.1|state_noise=0.001,0,ipc,ipc_linear,59.991976280178804
4D_freerun_capacity,leak_rate=0.1|n_units=200|rho=1.1|state_noise=0.001,0,ipc,ipc_nonlinear,540.9589657919505
4D_freerun_capacity,leak_rate=0.1|n_units=200|rho=1.1|state_noise=0.001,0,ipc,n_targets,601.0
4D_freerun_capacity,leak_rate=0.1|n_units=200|rho=1.1|state_noise=0.001,0,ipc,n_targets_kept,601.0
4D_freerun_capacity,leak_rate=0.1|n_units=200|rho=1.1|state_noise=0.001,0,ipc,saturation_ratio,3.004754710360647
4D_freerun_capacity,leak_rate=0.1|n_units=200|rho=1.1|state_noise=0.001,0,ipc,ipc_threshold_degree1,0.03343462311908395
4D_freerun_capacity,leak_rate=0.1|n_units=200|rho=1.1|state_noise=0.001,0,ipc,ipc_threshold_degree2,0.4663041890230567
4D_freerun_capacity,leak_rate=0.1|n_units=200|rho=1.1|state_noise=0.001,0,ipc,ipc_threshold_degree3,0.0510728174179837
4D_freerun_capacity,leak_rate=0.1|n_units=200|rho=1.1|state_noise=0.001,0,ipc,ipc_threshold_degree4,0.28209954027131123
4D_freerun_capacity,leak_rate=0.1|n_units=200|rho=1.1|state_noise=0.001,1,memory_capacity,mc_total,328.1860743537559
4D_freerun_capacity,leak_rate=0.1|n_units=200|rho=1.1|state_noise=0.001,1,memory_capacity,mc_total_raw,328.1860743537559
4D_freerun_capacity,leak_rate=0.1|n_units=200|rho=1.1|state_noise=0.001,1,memory_capacity,mc_threshold,0.03206131302080952
4D_freerun_capacity,leak_rate=0.1|n_units=200|rho=1.1|state_noise=0.001,1,memory_capacity,mc_effective_delay,174.3636363599393
4D_freerun_capacity,leak_rate=0.1|n_units=200|rho=1.1|state_noise=0.001,1,memory_capacity,mc_ratio,1.6409303717687793
4D_freerun_capacity,leak_rate=0.1|n_units=200|rho=1.1|state_noise=0.001,1,memory_capacity,n_delays,400.0
4D_freerun_capacity,leak_rate=0.1|n_units=200|rho=1.1|state_noise=0.001,1,ipc,ipc_total,600.8890843469633
4D_freerun_capacity,leak_rate=0.1|n_units=200|rho=1.1|state_noise=0.001,1,ipc,ipc_total_raw,600.8890843469633
4D_freerun_capacity,leak_rate=0.1|n_units=200|rho=1.1|state_noise=0.001,1,ipc,ipc_linear,59.98920436519001
4D_freerun_capacity,leak_rate=0.1|n_units=200|rho=1.1|state_noise=0.001,1,ipc,ipc_nonlinear,540.8998799817732
4D_freerun_capacity,leak_rate=0.1|n_units=200|rho=1.1|state_noise=0.001,1,ipc,n_targets,601.0
4D_freerun_capacity,leak_rate=0.1|n_units=200|rho=1.1|state_noise=0.001,1,ipc,n_targets_kept,601.0
4D_freerun_capacity,leak_rate=0.1|n_units=200|rho=1.1|state_noise=0.001,1,ipc,saturation_ratio,3.0044454217348164
4D_freerun_capacity,leak_rate=0.1|n_units=200|rho=1.1|state_noise=0.001,1,ipc,ipc_threshold_degree1,0.03205736822043567
4D_freerun_capacity,leak_rate=0.1|n_units=200|rho=1.1|state_noise=0.001,1,ipc,ipc_threshold_degree2,0.5032623856391905
4D_freerun_capacity,leak_rate=0.1|n_units=200|rho=1.1|state_noise=0.001,1,ipc,ipc_threshold_degree3,0.03309278146177977
4D_freerun_capacity,leak_rate=0.1|n_units=200|rho=1.1|state_noise=0.001,1,ipc,ipc_threshold_degree4,0.3108421118761266
4D_freerun_capacity,leak_rate=0.1|n_units=200|rho=1.1|state_noise=0.001,2,memory_capacity,mc_total,318.11991543639476
4D_freerun_capacity,leak_rate=0.1|n_units=200|rho=1.1|state_noise=0.001,2,memory_capacity,mc_total_raw,318.11991543639476
4D_freerun_capacity,leak_rate=0.1|n_units=200|rho=1.1|state_noise=0.001,2,memory_capacity,mc_threshold,0.03323385230867584
4D_freerun_capacity,leak_rate=0.1|n_units=200|rho=1.1|state_noise=0.001,2,memory_capacity,mc_effective_delay,169.92121749039373
4D_freerun_capacity,leak_rate=0.1|n_units=200|rho=1.1|state_noise=0.001,2,memory_capacity,mc_ratio,1.5905995771819739
4D_freerun_capacity,leak_rate=0.1|n_units=200|rho=1.1|state_noise=0.001,2,memory_capacity,n_delays,400.0
4D_freerun_capacity,leak_rate=0.1|n_units=200|rho=1.1|state_noise=0.001,2,ipc,ipc_total,600.9117723742311
4D_freerun_capacity,leak_rate=0.1|n_units=200|rho=1.1|state_noise=0.001,2,ipc,ipc_total_raw,600.9117723742311
4D_freerun_capacity,leak_rate=0.1|n_units=200|rho=1.1|state_noise=0.001,2,ipc,ipc_linear,59.988725381055495
4D_freerun_capacity,leak_rate=0.1|n_units=200|rho=1.1|state_noise=0.001,2,ipc,ipc_nonlinear,540.9230469931756
4D_freerun_capacity,leak_rate=0.1|n_units=200|rho=1.1|state_noise=0.001,2,ipc,n_targets,601.0
4D_freerun_capacity,leak_rate=0.1|n_units=200|rho=1.1|state_noise=0.001,2,ipc,n_targets_kept,601.0
4D_freerun_capacity,leak_rate=0.1|n_units=200|rho=1.1|state_noise=0.001,2,ipc,saturation_ratio,3.004558861871155
4D_freerun_capacity,leak_rate=0.1|n_units=200|rho=1.1|state_noise=0.001,2,ipc,ipc_threshold_degree1,0.032825801318869634
4D_freerun_capacity,leak_rate=0.1|n_units=200|rho=1.1|state_noise=0.001,2,ipc,ipc_threshold_degree2,0.49785457273297073
4D_freerun_capacity,leak_rate=0.1|n_units=200|rho=1.1|state_noise=0.001,2,ipc,ipc_threshold_degree3,0.04251930302429242
4D_freerun_capacity,leak_rate=0.1|n_units=200|rho=1.1|state_noise=0.001,2,ipc,ipc_threshold_degree4,0.2875917440463801
4D_freerun_capacity,leak_rate=0.1|n_units=200|rho=1.1|state_noise=0.001,3,memory_capacity,mc_total,294.8884317727798
4D_freerun_capacity,leak_rate=0.1|n_units=200|rho=1.1|state_noise=0.001,3,memory_capacity,mc_total_raw,294.8884317727798
4D_freerun_capacity,leak_rate=0.1|n_units=200|rho=1.1|state_noise=0.001,3,memory_capacity,mc_threshold,0.03509678199940622
4D_freerun_capacity,leak_rate=0.1|n_units=200|rho=1.1|state_noise=0.001,3,memory_capacity,mc_effective_delay,161.01775360895783
4D_freerun_capacity,leak_rate=0.1|n_units=200|rho=1.1|state_noise=0.001,3,memory_capacity,mc_ratio,1.4744421588638992
4D_freerun_capacity,leak_rate=0.1|n_units=200|rho=1.1|state_noise=0.001,3,memory_capacity,n_delays,400.0
4D_freerun_capacity,leak_rate=0.1|n_units=200|rho=1.1|state_noise=0.001,3,ipc,ipc_total,600.9134178853714
4D_freerun_capacity,leak_rate=0.1|n_units=200|rho=1.1|state_noise=0.001,3,ipc,ipc_total_raw,600.9134178853714
4D_freerun_capacity,leak_rate=0.1|n_units=200|rho=1.1|state_noise=0.001,3,ipc,ipc_linear,59.98928266874286
4D_freerun_capacity,leak_rate=0.1|n_units=200|rho=1.1|state_noise=0.001,3,ipc,ipc_nonlinear,540.9241352166285
4D_freerun_capacity,leak_rate=0.1|n_units=200|rho=1.1|state_noise=0.001,3,ipc,n_targets,601.0
4D_freerun_capacity,leak_rate=0.1|n_units=200|rho=1.1|state_noise=0.001,3,ipc,n_targets_kept,601.0
4D_freerun_capacity,leak_rate=0.1|n_units=200|rho=1.1|state_noise=0.001,3,ipc,saturation_ratio,3.004567089426857
4D_freerun_capacity,leak_rate=0.1|n_units=200|rho=1.1|state_noise=0.001,3,ipc,ipc_threshold_degree1,0.03232617318903011
4D_freerun_capacity,leak_rate=0.1|n_units=200|rho=1.1|state_noise=0.001,3,ipc,ipc_threshold_degree2,0.5159368882527778
4D_freerun_capacity,leak_rate=0.1|n_units=200|rho=1.1|state_noise=0.001,3,ipc,ipc_threshold_degree3,0.03436898120932686
4D_freerun_capacity,leak_rate=0.1|n_units=200|rho=1.1|state_noise=0.001,3,ipc,ipc_threshold_degree4,0.2915262610524732
4D_freerun_capacity,leak_rate=0.1|n_units=200|rho=1.1|state_noise=0.001,4,memory_capacity,mc_total,316.0617820926596
4D_freerun_capacity,leak_rate=0.1|n_units=200|rho=1.1|state_noise=0.001,4,memory_capacity,mc_total_raw,316.0617820926596
4D_freerun_capacity,leak_rate=0.1|n_units=200|rho=1.1|state_noise=0.001,4,memory_capacity,mc_threshold,0.03285037113651112
4D_freerun_capacity,leak_rate=0.1|n_units=200|rho=1.1|state_noise=0.001,4,memory_capacity,mc_effective_delay,168.68256105863867
4D_freerun_capacity,leak_rate=0.1|n_units=200|rho=1.1|state_noise=0.001,4,memory_capacity,mc_ratio,1.580308910463298
4D_freerun_capacity,leak_rate=0.1|n_units=200|rho=1.1|state_noise=0.001,4,memory_capacity,n_delays,400.0
4D_freerun_capacity,leak_rate=0.1|n_units=200|rho=1.1|state_noise=0.001,4,ipc,ipc_total,600.9382167166225
4D_freerun_capacity,leak_rate=0.1|n_units=200|rho=1.1|state_noise=0.001,4,ipc,ipc_total_raw,600.9382167166225
4D_freerun_capacity,leak_rate=0.1|n_units=200|rho=1.1|state_noise=0.001,4,ipc,ipc_linear,59.98941957170329
4D_freerun_capacity,leak_rate=0.1|n_units=200|rho=1.1|state_noise=0.001,4,ipc,ipc_nonlinear,540.9487971449192
4D_freerun_capacity,leak_rate=0.1|n_units=200|rho=1.1|state_noise=0.001,4,ipc,n_targets,601.0
4D_freerun_capacity,leak_rate=0.1|n_units=200|rho=1.1|state_noise=0.001,4,ipc,n_targets_kept,601.0
4D_freerun_capacity,leak_rate=0.1|n_units=200|rho=1.1|state_noise=0.001,4,ipc,saturation_ratio,3.0046910835831127
4D_freerun_capacity,leak_rate=0.1|n_units=200|rho=1.1|state_noise=0.001,4,ipc,ipc_threshold_degree1,0.03243024000265471
4D_freerun_capacity,leak_rate=0.1|n_units=200|rho=1.1|state_noise=0.001,4,ipc,ipc_threshold_degree2,0.4728145693281165
4D_freerun_capacity,leak_rate=0.1|n_units=200|rho=1.1|state_noise=0.001,4,ipc,ipc_threshold_degree3,0.038465948681196134
4D_freerun_capacity,leak_rate=0.1|n_units=200|rho=1.1|state_noise=0.001,4,ipc,ipc_threshold_degree4,0.31281819978845377
4D_freerun_capacity,leak_rate=0.1|n_units=200|rho=1.1|state_noise=0.01,0,memory_capacity,mc_total,272.9500268216226
4D_freerun_capacity,leak_rate=0.1|n_units=200|rho=1.1|state_noise=0.01,0,memory_capacity,mc_total_raw,272.9500268216226
4D_freerun_capacity,leak_rate=0.1|n_units=200|rho=1.1|state_noise=0.01,0,memory_capacity,mc_threshold,0.03469334963478177
4D_freerun_capacity,leak_rate=0.1|n_units=200|rho=1.1|state_noise=0.01,0,memory_capacity,mc_effective_delay,155.1355290001015
4D_freerun_capacity,leak_rate=0.1|n_units=200|rho=1.1|state_noise=0.01,0,memory_capacity,mc_ratio,1.364750134108113
4D_freerun_capacity,leak_rate=0.1|n_units=200|rho=1.1|state_noise=0.01,0,memory_capacity,n_delays,400.0
4D_freerun_capacity,leak_rate=0.1|n_units=200|rho=1.1|state_noise=0.01,0,ipc,ipc_total,600.5972622200488
4D_freerun_capacity,leak_rate=0.1|n_units=200|rho=1.1|state_noise=0.01,0,ipc,ipc_total_raw,600.5972622200488
4D_freerun_capacity,leak_rate=0.1|n_units=200|rho=1.1|state_noise=0.01,0,ipc,ipc_linear,59.95947341721333
4D_freerun_capacity,leak_rate=0.1|n_units=200|rho=1.1|state_noise=0.01,0,ipc,ipc_nonlinear,540.6377888028355
4D_freerun_capacity,leak_rate=0.1|n_units=200|rho=1.1|state_noise=0.01,0,ipc,n_targets,601.0
4D_freerun_capacity,leak_rate=0.1|n_units=200|rho=1.1|state_noise=0.01,0,ipc,n_targets_kept,601.0
4D_freerun_capacity,leak_rate=0.1|n_units=200|rho=1.1|state_noise=0.01,0,ipc,saturation_ratio,3.002986311100244
4D_freerun_capacity,leak_rate=0.1|n_units=200|rho=1.1|state_noise=0.01,0,ipc,ipc_threshold_degree1,0.03385241276153
4D_freerun_capacity,leak_rate=0.1|n_units=200|rho=1.1|state_noise=0.01,0,ipc,ipc_threshold_degree2,0.4659508500988451
4D_freerun_capacity,leak_rate=0.1|n_units=200|rho=1.1|state_noise=0.01,0,ipc,ipc_threshold_degree3,0.05173246094534665
4D_freerun_capacity,leak_rate=0.1|n_units=200|rho=1.1|state_noise=0.01,0,ipc,ipc_threshold_degree4,0.2820654182838587
4D_freerun_capacity,leak_rate=0.1|n_units=200|rho=1.1|state_noise=0.01,1,memory_capacity,mc_total,311.9646452553279
4D_freerun_capacity,leak_rate=0.1|n_units=200|rho=1.1|state_noise=0.01,1,memory_capacity,mc_total_raw,311.9646452553279
4D_freerun_capacity,leak_rate=0.1|n_units=200|rho=1.1|state_noise=0.01,1,memory_capacity,mc_threshold,0.03322122398977478
4D_freerun_capacity,leak_rate=0.1|n_units=200|rho=1.1|state_noise=0.01,1,memory_capacity,mc_effective_delay,170.63667413327977
4D_freerun_capacity,leak_rate=0.1|n_units=200|rho=1.1|state_noise=0.01,1,memory_capacity,mc_ratio,1.5598232262766396
4D_freerun_capacity,leak_rate=0.1|n_units=200|rho=1.1|state_noise=0.01,1,memory_capacity,n_delays,400.0
4D_freerun_capacity,leak_rate=0.1|n_units=200|rho=1.1|state_noise=0.01,1,ipc,ipc_total,600.370662975015
4D_freerun_capacity,leak_rate=0.1|n_units=200|rho=1.1|state_noise=0.01,1,ipc,ipc_total_raw,600.370662975015
4D_freerun_capacity,leak_rate=0.1|n_units=200|rho=1.1|state_noise=0.01,1,ipc,ipc_linear,59.96505560585334
4D_freerun_capacity,leak_rate=0.1|n_units=200|rho=1.1|state_noise=0.01,1,ipc,ipc_nonlinear,540.4056073691617
4D_freerun_capacity,leak_rate=0.1|n_units=200|rho=1.1|state_noise=0.01,1,ipc,n_targets,601.0
4D_freerun_capacity,leak_rate=0.1|n_units=200|rho=1.1|state_noise=0.01,1,ipc,n_targets_kept,601.0
4D_freerun_capacity,leak_rate=0.1|n_units=200|rho=1.1|state_noise=0.01,1,ipc,saturation_ratio,3.001853314875075
4D_freerun_capacity,leak_rate=0.1|n_units=200|rho=1.1|state_noise=0.01,1,ipc,ipc_threshold_degree1,0.03196448148180214
4D_freerun_capacity,leak_rate=0.1|n_units=200|rho=1.1|state_noise=0.01,1,ipc,ipc_threshold_degree2,0.503125042089345
4D_freerun_capacity,leak_rate=0.1|n_units=200|rho=1.1|state_noise=0.01,1,ipc,ipc_threshold_degree3,0.032828422817895705
4D_freerun_capacity,leak_rate=0.1|n_units=200|rho=1.1|state_noise=0.01,1,ipc,ipc_threshold_degree4,0.3106431543400188
4D_freerun_capacity,leak_rate=0.1|n_units=200|rho=1.1|state_noise=0.01,2,memory_capacity,mc_total,299.9990095143015
4D_freerun_capacity,leak_rate=0.1|n_units=200|rho=1.1|state_noise=0.01,2,memory_capacity,mc_total_raw,299.9990095143015
4D_freerun_capacity,leak_rate=0.1|n_units=200|rho=1.1|state_noise=0.01,2,memory_capacity,mc_threshold,0.03281776584393453
4D_freerun_capacity,leak_rate=0.1|n_units=200|rho=1.1|state_noise=0.01,2,memory_capacity,mc_effective_delay,165.7431191542014
4D_freerun_capacity,leak_rate=0.1|n_units=200|rho=1.1|state_noise=0.01,2,memory_capacity,mc_ratio,1.4999950475715076
4D_freerun_capacity,leak_rate=0.1|n_units=200|rho=1.1|state_noise=0.01,2,memory_capacity,n_delays,400.0
4D_freerun_capacity,leak_rate=0.1|n_units=200|rho=1.1|state_noise=0.01,2,ipc,ipc_total,600.4694004768714
4D_freerun_capacity,leak_rate=0.1|n_units=200|rho=1.1|state_noise=0.01,2,ipc,ipc_total_raw,600.4694004768714
4D_freerun_capacity,leak_rate=0.1|n_units=200|rho=1.1|state_noise=0.01,2,ipc,ipc_linear,59.96114600658584
4D_freerun_capacity,leak_rate=0.1|n_units=200|rho=1.1|state_noise=0.01,2,ipc,ipc_nonlinear,540.5082544702856
4D_freerun_capacity,leak_rate=0.1|n_units=200|rho=1.1|state_noise=0.01,2,ipc,n_targets,601.0
4D_freerun_capacity,leak_rate=0.1|n_units=200|rho=1.1|state_noise=0.01,2,ipc,n_targets_kept,601.0
4D_freerun_capacity,leak_rate=0.1|n_units=200|rho=1.1|state_noise=0.01,2,ipc,saturation_ratio,3.002347002384357
4D_freerun_capacity,leak_rate=0.1|n_units=200|rho=1.1|state_noise=0.01,2,ipc,ipc_threshold_degree1,0.03207800505723426
4D_freerun_capacity,leak_rate=0.1|n_units=200|rho=1.1|state_noise=0.01,2,ipc,ipc_threshold_degree2,0.4974016537748492
4D_freerun_capacity,leak_rate=0.1|n_units=200|rho=1.1|state_noise=0.01,2,ipc,ipc_threshold_degree3,0.04170934661028016
4D_freerun_capacity,leak_rate=0.1|n_units=200|rho=1.1|state_noise=0.01,2,ipc,ipc_threshold_degree4,0.28662350861817704
4D_freerun_capacity,leak_rate=0.1|n_units=200|rho=1.1|state_noise=0.01,3,memory_capacity,mc_total,280.58999060489066
4D_freerun_capacity,leak_rate=0.1|n_units=200|rho=1.1|state_noise=0.01,3,memory_capacity,mc_total_raw,280.58999060489066
4D_freerun_capacity,leak_rate=0.1|n_units=200|rho=1.1|state_noise=0.01,3,memory_capacity,mc_threshold,0.03414623143537095
4D_freerun_capacity,leak_rate=0.1|n_units=200|rho=1.1|state_noise=0.01,3,memory_capacity,mc_effective_delay,158.46399869607018
4D_freerun_capacity,leak_rate=0.1|n_units=200|rho=1.1|state_noise=0.01,3,memory_capacity,mc_ratio,1.4029499530244534
4D_freerun_capacity,leak_rate=0.1|n_units=200|rho=1.1|state_noise=0.01,3,memory_capacity,n_delays,400.0
4D_freerun_capacity,leak_rate=0.1|n_units=200|rho=1.1|state_noise=0.01,3,ipc,ipc_total,600.4418258251451
4D_freerun_capacity,leak_rate=0.1|n_units=200|rho=1.1|state_noise=0.01,3,ipc,ipc_total_raw,600.4418258251451
4D_freerun_capacity,leak_rate=0.1|n_units=200|rho=1.1|state_noise=0.01,3,ipc,ipc_linear,59.96227547610801
4D_freerun_capacity,leak_rate=0.1|n_units=200|rho=1.1|state_noise=0.01,3,ipc,ipc_nonlinear,540.479550349037
4D_freerun_capacity,leak_rate=0.1|n_units=200|rho=1.1|state_noise=0.01,3,ipc,n_targets,601.0
4D_freerun_capacity,leak_rate=0.1|n_units=200|rho=1.1|state_noise=0.01,3,ipc,n_targets_kept,601.0
4D_freerun_capacity,leak_rate=0.1|n_units=200|rho=1.1|state_noise=0.01,3,ipc,saturation_ratio,3.0022091291257254
4D_freerun_capacity,leak_rate=0.1|n_units=200|rho=1.1|state_noise=0.01,3,ipc,ipc_threshold_degree1,0.03242033441402964
4D_freerun_capacity,leak_rate=0.1|n_units=200|rho=1.1|state_noise=0.01,3,ipc,ipc_threshold_degree2,0.5163606182291658
4D_freerun_capacity,leak_rate=0.1|n_units=200|rho=1.1|state_noise=0.01,3,ipc,ipc_threshold_degree3,0.034289036668822416
4D_freerun_capacity,leak_rate=0.1|n_units=200|rho=1.1|state_noise=0.01,3,ipc,ipc_threshold_degree4,0.2911103845984454
4D_freerun_capacity,leak_rate=0.1|n_units=200|rho=1.1|state_noise=0.01,4,memory_capacity,mc_total,291.79442154506444
4D_freerun_capacity,leak_rate=0.1|n_units=200|rho=1.1|state_noise=0.01,4,memory_capacity,mc_total_raw,291.79442154506444
4D_freerun_capacity,leak_rate=0.1|n_units=200|rho=1.1|state_noise=0.01,4,memory_capacity,mc_threshold,0.033586152817846285
4D_freerun_capacity,leak_rate=0.1|n_units=200|rho=1.1|state_noise=0.01,4,memory_capacity,mc_effective_delay,162.86943031868384
4D_freerun_capacity,leak_rate=0.1|n_units=200|rho=1.1|state_noise=0.01,4,memory_capacity,mc_ratio,1.4589721077253222
4D_freerun_capacity,leak_rate=0.1|n_units=200|rho=1.1|state_noise=0.01,4,memory_capacity,n_delays,400.0
4D_freerun_capacity,leak_rate=0.1|n_units=200|rho=1.1|state_noise=0.01,4,ipc,ipc_total,600.5628765297397
4D_freerun_capacity,leak_rate=0.1|n_units=200|rho=1.1|state_noise=0.01,4,ipc,ipc_total_raw,600.5628765297397
4D_freerun_capacity,leak_rate=0.1|n_units=200|rho=1.1|state_noise=0.01,4,ipc,ipc_linear,59.95880952869198
4D_freerun_capacity,leak_rate=0.1|n_units=200|rho=1.1|state_noise=0.01,4,ipc,ipc_nonlinear,540.6040670010477
4D_freerun_capacity,leak_rate=0.1|n_units=200|rho=1.1|state_noise=0.01,4,ipc,n_targets,601.0
4D_freerun_capacity,leak_rate=0.1|n_units=200|rho=1.1|state_noise=0.01,4,ipc,n_targets_kept,601.0
4D_freerun_capacity,leak_rate=0.1|n_units=200|rho=1.1|state_noise=0.01,4,ipc,saturation_ratio,3.0028143826486984
4D_freerun_capacity,leak_rate=0.1|n_units=200|rho=1.1|state_noise=0.01,4,ipc,ipc_threshold_degree1,0.03112455703104008
4D_freerun_capacity,leak_rate=0.1|n_units=200|rho=1.1|state_noise=0.01,4,ipc,ipc_threshold_degree2,0.47191588914228033
4D_freerun_capacity,leak_rate=0.1|n_units=200|rho=1.1|state_noise=0.01,4,ipc,ipc_threshold_degree3,0.03828634155784725
4D_freerun_capacity,leak_rate=0.1|n_units=200|rho=1.1|state_noise=0.01,4,ipc,ipc_threshold_degree4,0.3126363351807469
4D_freerun_capacity,leak_rate=0.3|n_units=200|rho=1.1|state_noise=0,0,memory_capacity,mc_total,168.80204465639403
4D_freerun_capacity,leak_rate=0.3|n_units=200|rho=1.1|state_noise=0,0,memory_capacity,mc_total_raw,168.80204465639403
4D_freerun_capacity,leak_rate=0.3|n_units=200|rho=1.1|state_noise=0,0,memory_capacity,mc_threshold,0.03254017596452976
4D_freerun_capacity,leak_rate=0.3|n_units=200|rho=1.1|state_noise=0,0,memory_capacity,mc_effective_delay,115.72983734439404
4D_freerun_capacity,leak_rate=0.3|n_units=200|rho=1.1|state_noise=0,0,memory_capacity,mc_ratio,0.8440102232819702
4D_freerun_capacity,leak_rate=0.3|n_units=200|rho=1.1|state_noise=0,0,memory_capacity,n_delays,400.0
4D_freerun_capacity,leak_rate=0.3|n_units=200|rho=1.1|state_noise=0,0,ipc,ipc_total,600.9973186237646
4D_freerun_capacity,leak_rate=0.3|n_units=200|rho=1.1|state_noise=0,0,ipc,ipc_total_raw,600.9973186237646
4D_freerun_capacity,leak_rate=0.3|n_units=200|rho=1.1|state_noise=0,0,ipc,ipc_linear,59.998760648788064
4D_freerun_capacity,leak_rate=0.3|n_units=200|rho=1.1|state_noise=0,0,ipc,ipc_nonlinear,540.9985579749765
4D_freerun_capacity,leak_rate=0.3|n_units=200|rho=1.1|state_noise=0,0,ipc,n_targets,601.0
4D_freerun_capacity,leak_rate=0.3|n_units=200|rho=1.1|state_noise=0,0,ipc,n_targets_kept,601.0
4D_freerun_capacity,leak_rate=0.3|n_units=200|rho=1.1|state_noise=0,0,ipc,saturation_ratio,3.004986593118823
4D_freerun_capacity,leak_rate=0.3|n_units=200|rho=1.1|state_noise=0,0,ipc,ipc_threshold_degree1,0.0324375623236297
4D_freerun_capacity,leak_rate=0.3|n_units=200|rho=1.1|state_noise=0,0,ipc,ipc_threshold_degree2,0.4663026469548962
4D_freerun_capacity,leak_rate=0.3|n_units=200|rho=1.1|state_noise=0,0,ipc,ipc_threshold_degree3,0.05082270584392735
4D_freerun_capacity,leak_rate=0.3|n_units=200|rho=1.1|state_noise=0,0,ipc,ipc_threshold_degree4,0.28371042801585034
4D_freerun_capacity,leak_rate=0.3|n_units=200|rho=1.1|state_noise=0,1,memory_capacity,mc_total,199.6271249111027
4D_freerun_capacity,leak_rate=0.3|n_units=200|rho=1.1|state_noise=0,1,memory_capacity,mc_total_raw,199.6271249111027
4D_freerun_capacity,leak_rate=0.3|n_units=200|rho=1.1|state_noise=0,1,memory_capacity,mc_threshold,0.03363301240274258
4D_freerun_capacity,leak_rate=0.3|n_units=200|rho=1.1|state_noise=0,1,memory_capacity,mc_effective_delay,134.26625874685914
4D_freerun_capacity,leak_rate=0.3|n_units=200|rho=1.1|state_noise=0,1,memory_capacity,mc_ratio,0.9981356245555135
4D_freerun_capacity,leak_rate=0.3|n_units=200|rho=1.1|state_noise=0,1,memory_capacity,n_delays,400.0
4D_freerun_capacity,leak_rate=0.3|n_units=200|rho=1.1|state_noise=0,1,ipc,ipc_total,600.9914821506396
4D_freerun_capacity,leak_rate=0.3|n_units=200|rho=1.1|state_noise=0,1,ipc,ipc_total_raw,600.9914821506396
4D_freerun_capacity,leak_rate=0.3|n_units=200|rho=1.1|state_noise=0,1,ipc,ipc_linear,59.99830432108054
4D_freerun_capacity,leak_rate=0.3|n_units=200|rho=1.1|state_noise=0,1,ipc,ipc_nonlinear,540.993177829559
4D_freerun_capacity,leak_rate=0.3|n_units=200|rho=1.1|state_noise=0,1,ipc,n_targets,601.0
4D_freerun_capacity,leak_rate=0.3|n_units=200|rho=1.1|state_noise=0,1,ipc,n_targets_kept,601.0
4D_freerun_capacity,leak_rate=0.3|n_units=200|rho=1.1|state_noise=0,1,ipc,saturation_ratio,3.004957410753198
4D_freerun_capacity,leak_rate=0.3|n_units=200|rho=1.1|state_noise=0,1,ipc,ipc_threshold_degree1,0.031974211235219444
4D_freerun_capacity,leak_rate=0.3|n_units=200|rho=1.1|state_noise=0,1,ipc,ipc_threshold_degree2,0.5028017044126354
4D_freerun_capacity,leak_rate=0.3|n_units=200|rho=1.1|state_noise=0,1,ipc,ipc_threshold_degree3,0.03389816928564139
4D_freerun_capacity,leak_rate=0.3|n_units=200|rho=1.1|state_noise=0,1,ipc,ipc_threshold_degree4,0.3111404120016038
4D_freerun_capacity,leak_rate=0.3|n_units=200|rho=1.1|state_noise=0,2,memory_capacity,mc_total,174.6277198238763
4D_freerun_capacity,leak_rate=0.3|n_units=200|rho=1.1|state_noise=0,2,memory_capacity,mc_total_raw,174.6277198238763
4D_freerun_capacity,leak_rate=0.3|n_units=200|rho=1.1|state_noise=0,2,memory_capacity,mc_threshold,0.03241310696580524
4D_freerun_capacity,leak_rate=0.3|n_units=200|rho=1.1|state_noise=0,2,memory_capacity,mc_effective_delay,121.34493683224966
4D_freerun_capacity,leak_rate=0.3|n_units=200|rho=1.1|state_noise=0,2,memory_capacity,mc_ratio,0.8731385991193815
4D_freerun_capacity,leak_rate=0.3|n_units=200|rho=1.1|state_noise=0,2,memory_capacity,n_delays,400.0
4D_freerun_capacity,leak_rate=0.3|n_units=200|rho=1.1|state_noise=0,2,ipc,ipc_total,600.9955147146741
4D_freerun_capacity,leak_rate=0.3|n_units=200|rho=1.1|state_noise=0,2,ipc,ipc_total_raw,600.9955147146741
4D_freerun_capacity,leak_rate=0.3|n_units=200|rho=1.1|state_noise=0,2,ipc,ipc_linear,59.99917500413256
4D_freerun_capacity,leak_rate=0.3|n_units=200|rho=1.1|state_noise=0,2,ipc,ipc_nonlinear,540.9963397105415
4D_freerun_capacity,leak_rate=0.3|n_units=200|rho=1.1|state_noise=0,2,ipc,n_targets,601.0
4D_freerun_capacity,leak_rate=0.3|n_units=200|rho=1.1|state_noise=0,2,ipc,n_targets_kept,601.0
4D_freerun_capacity,leak_rate=0.3|n_units=200|rho=1.1|state_noise=0,2,ipc,saturation_ratio,3.0049775735733704
4D_freerun_capacity,leak_rate=0.3|n_units=200|rho=1.1|state_noise=0,2,ipc,ipc_threshold_degree1,0.03221506838662376
4D_freerun_capacity,leak_rate=0.3|n_units=200|rho=1.1|state_noise=0,2,ipc,ipc_threshold_degree2,0.4977008143524139
4D_freerun_capacity,leak_rate=0.3|n_units=200|rho=1.1|state_noise=0,2,ipc,ipc_threshold_degree3,0.04199418799661674
4D_freerun_capacity,leak_rate=0.3|n_units=200|rho=1.1|state_noise=0,2,ipc,ipc_threshold_degree4,0.28714274802465417
4D_freerun_capacity,leak_rate=0.3|n_units=200|rho=1.1|state_noise=0,3,memory_capacity,mc_total,163.32947698457366
4D_freerun_capacity,leak_rate=0.3|n_units=200|rho=1.1|state_noise=0,3,memory_capacity,mc_total_raw,163.32947698457366
4D_freerun_capacity,leak_rate=0.3|n_units=200|rho=1.1|state_noise=0,3,memory_capacity,mc_threshold,0.03346058465566612
4D_freerun_capacity,leak_rate=0.3|n_units=200|rho=1.1|state_noise=0,3,memory_capacity,mc_effective_delay,120.54725349834206
4D_freerun_capacity,leak_rate=0.3|n_units=200|rho=1.1|state_noise=0,3,memory_capacity,mc_ratio,0.8166473849228683
4D_freerun_capacity,leak_rate=0.3|n_units=200|rho=1.1|state_noise=0,3,memory_capacity,n_delays,400.0
4D_freerun_capacity,leak_rate=0.3|n_units=200|rho=1.1|state_noise=0,3,ipc,ipc_total,600.9747964894378
4D_freerun_capacity,leak_rate=0.3|n_units=200|rho=1.1|state_noise=0,3,ipc,ipc_total_raw,600.9747964894378
4D_freerun_capacity,leak_rate=0.3|n_units=200|rho=1.1|state_noise=0,3,ipc,ipc_linear,59.98017457291235
4D_freerun_capacity,leak_rate=0.3|n_units=200|rho=1.1|state_noise=0,3,ipc,ipc_nonlinear,540.9946219165255
4D_freerun_capacity,leak_rate=0.3|n_units=200|rho=1.1|state_noise=0,3,ipc,n_targets,601.0
4D_freerun_capacity,leak_rate=0.3|n_units=200|rho=1.1|state_noise=0,3,ipc,n_targets_kept,601.0
4D_freerun_capacity,leak_rate=0.3|n_units=200|rho=1.1|state_noise=0,3,ipc,saturation_ratio,3.0048739824471893
4D_freerun_capacity,leak_rate=0.3|n_units=200|rho=1.1|state_noise=0,3,ipc,ipc_threshold_degree1,0.03229834785487394
4D_freerun_capacity,leak_rate=0.3|n_units=200|rho=1.1|state_noise=0,3,ipc,ipc_threshold_degree2,0.5162826771614667
4D_freerun_capacity,leak_rate=0.3|n_units=200|rho=1.1|state_noise=0,3,ipc,ipc_threshold_degree3,0.035048921453973716
4D_freerun_capacity,leak_rate=0.3|n_units=200|rho=1.1|state_noise=0,3,ipc,ipc_threshold_degree4,0.29138784261878287
4D_freerun_capacity,leak_rate=0.3|n_units=200|rho=1.1|state_noise=0,4,memory_capacity,mc_total,195.3133609651768
4D_freerun_capacity,leak_rate=0.3|n_units=200|rho=1.1|state_noise=0,4,memory_capacity,mc_total_raw,195.3133609651768
4D_freerun_capacity,leak_rate=0.3|n_units=200|rho=1.1|state_noise=0,4,memory_capacity,mc_threshold,0.031236226287754264
4D_freerun_capacity,leak_rate=0.3|n_units=200|rho=1.1|state_noise=0,4,memory_capacity,mc_effective_delay,134.1312123886382
4D_freerun_capacity,leak_rate=0.3|n_units=200|rho=1.1|state_noise=0,4,memory_capacity,mc_ratio,0.976566804825884
4D_freerun_capacity,leak_rate=0.3|n_units=200|rho=1.1|state_noise=0,4,memory_capacity,n_delays,400.0
4D_freerun_capacity,leak_rate=0.3|n_units=200|rho=1.1|state_noise=0,4,ipc,ipc_total,600.996993252078
4D_freerun_capacity,leak_rate=0.3|n_units=200|rho=1.1|state_noise=0,4,ipc,ipc_total_raw,600.996993252078
4D_freerun_capacity,leak_rate=0.3|n_units=200|rho=1.1|state_noise=0,4,ipc,ipc_linear,59.99895320298246
4D_freerun_capacity,leak_rate=0.3|n_units=200|rho=1.1|state_noise=0,4,ipc,ipc_nonlinear,540.9980400490956
4D_freerun_capacity,leak_rate=0.3|n_units=200|rho=1.1|state_noise=0,4,ipc,n_targets,601.0
4D_freerun_capacity,leak_rate=0.3|n_units=200|rho=1.1|state_noise=0,4,ipc,n_targets_kept,601.0
4D_freerun_capacity,leak_rate=0.3|n_units=200|rho=1.1|state_noise=0,4,ipc,saturation_ratio,3.0049849662603902
4D_freerun_capacity,leak_rate=0.3|n_units=200|rho=1.1|state_noise=0,4,ipc,ipc_threshold_degree1,0.03178967136552183
4D_freerun_capacity,leak_rate=0.3|n_units=200|rho=1.1|state_noise=0,4,ipc,ipc_threshold_degree2,0.47249399581149143
4D_freerun_capacity,leak_rate=0.3|n_units=200|rho=1.1|state_noise=0,4,ipc,ipc_threshold_degree3,0.0383258694055269
4D_freerun_capacity,leak_rate=0.3|n_units=200|rho=1.1|state_noise=0,4,ipc,ipc_threshold_degree4,0.3125279646849726
4D_freerun_capacity,leak_rate=0.3|n_units=200|rho=1.1|state_noise=0.0001,0,memory_capacity,mc_total,168.39237330986856
4D_freerun_capacity,leak_rate=0.3|n_units=200|rho=1.1|state_noise=0.0001,0,memory_capacity,mc_total_raw,168.39237330986856
4D_freerun_capacity,leak_rate=0.3|n_units=200|rho=1.1|state_noise=0.0001,0,memory_capacity,mc_threshold,0.033058064970271035
4D_freerun_capacity,leak_rate=0.3|n_units=200|rho=1.1|state_noise=0.0001,0,memory_capacity,mc_effective_delay,115.93757635237075
4D_freerun_capacity,leak_rate=0.3|n_units=200|rho=1.1|state_noise=0.0001,0,memory_capacity,mc_ratio,0.8419618665493428
4D_freerun_capacity,leak_rate=0.3|n_units=200|rho=1.1|state_noise=0.0001,0,memory_capacity,n_delays,400.0
4D_freerun_capacity,leak_rate=0.3|n_units=200|rho=1.1|state_noise=0.0001,0,ipc,ipc_total,600.9969279722727
4D_freerun_capacity,leak_rate=0.3|n_units=200|rho=1.1|state_noise=0.0001,0,ipc,ipc_total_raw,600.9969279722727
4D_freerun_capacity,leak_rate=0.3|n_units=200|rho=1.1|state_noise=0.0001,0,ipc,ipc_linear,59.99856876589382
4D_freerun_capacity,leak_rate=0.3|n_units=200|rho=1.1|state_noise=0.0001,0,ipc,ipc_nonlinear,540.9983592063788
4D_freerun_capacity,leak_rate=0.3|n_units=200|rho=1.1|state_noise=0.0001,0,ipc,n_targets,601.0
4D_freerun_capacity,leak_rate=0.3|n_units=200|rho=1.1|state_noise=0.0001,0,ipc,n_targets_kept,601.0
4D_freerun_capacity,leak_rate=0.3|n_units=200|rho=1.1|state_noise=0.0001,0,ipc,saturation_ratio,3.0049846398613638
4D_freerun_capacity,leak_rate=0.3|n_units=200|rho=1.1|state_noise=0.0001,0,ipc,ipc_threshold_degree1,0.03252213278939816
4D_freerun_capacity,leak_rate=0.3|n_units=200|rho=1.1|state_noise=0.0001,0,ipc,ipc_threshold_degree2,0.46616650228031015
4D_freerun_capacity,leak_rate=0.3|n_units=200|rho=1.1|state_noise=0.0001,0,ipc,ipc_threshold_degree3,0.05124488982510471
4D_freerun_capacity,leak_rate=0.3|n_units=200|rho=1.1|state_noise=0.0001,0,ipc,ipc_threshold_degree4,0.28320182953656237
4D_freerun_capacity,leak_rate=0.3|n_units=200|rho=1.1|state_noise=0.0001,1,memory_capacity,mc_total,199.6489100229577
4D_freerun_capacity,leak_rate=0.3|n_units=200|rho=1.1|state_noise=0.0001,1,memory_capacity,mc_total_raw,199.6489100229577
4D_freerun_capacity,leak_rate=0.3|n_units=200|rho=1.1|state_noise=0.0001,1,memory_capacity,mc_threshold,0.034180695397452346
4D_freerun_capacity,leak_rate=0.3|n_units=200|rho=1.1|state_noise=0.0001,1,memory_capacity,mc_effective_delay,134.32559975061255
4D_freerun_capacity,leak_rate=0.3|n_units=200|rho=1.1|state_noise=0.0001,1,memory_capacity,mc_ratio,0.9982445501147885
4D_freerun_capacity,leak_rate=0.3|n_units=200|rho=1.1|state_noise=0.0001,1,memory_capacity,n_delays,400.0
4D_freerun_capacity,leak_rate=0.3|n_units=200|rho=1.1|state_noise=0.0001,1,ipc,ipc_total,600.9911917984277
4D_freerun_capacity,leak_rate=0.3|n_units=200|rho=1.1|state_noise=0.0001,1,ipc,ipc_total_raw,600.9911917984277
4D_freerun_capacity,leak_rate=0.3|n_units=200|rho=1.1|state_noise=0.0001,1,ipc,ipc_linear,59.99826259581715
4D_freerun_capacity,leak_rate=0.3|n_units=200|rho=1.1|state_noise=0.0001,1,ipc,ipc_nonlinear,540.9929292026106
4D_freerun_capacity,leak_rate=0.3|n_units=200|rho=1.1|state_noise=0.0001,1,ipc,n_targets,601.0
4D_freerun_capacity,leak_rate=0.3|n_units=200|rho=1.1|state_noise=0.0001,1,ipc,n_targets_kept,601.0
4D_freerun_capacity,leak_rate=0.3|n_units=200|rho=1.1|state_noise=0.0001,1,ipc,saturation_ratio,3.004955958992139
4D_freerun_capacity,leak_rate=0.3|n_units=200|rho=1.1|state_noise=0.0001,1,ipc,ipc_threshold_degree1,0.031904941271302674
4D_freerun_capacity,leak_rate=0.3|n_units=200|rho=1.1|state_noise=0.0001,1,ipc,ipc_threshold_degree2,0.502607458683389
4D_freerun_capacity,leak_rate=0.3|n_units=200|rho=1.1|state_noise=0.0001,1,ipc,ipc_threshold_degree3,0.03449120795247172
4D_freerun_capacity,leak_rate=0.3|n_units=200|rho=1.1|state_noise=0.0001,1,ipc,ipc_threshold_degree4,0.3112386686287776
4D_freerun_capacity,leak_rate=0.3|n_units=200|rho=1.1|state_noise=0.0001,2,memory_capacity,mc_total,174.21517735756703
4D_freerun_capacity,leak_rate=0.3|n_units=200|rho=1.1|state_noise=0.0001,2,memory_capacity,mc_total_raw,174.21517735756703
4D_freerun_capacity,leak_rate=0.3|n_units=200|rho=1.1|state_noise=0.0001,2,memory_capacity,mc_threshold,0.03251873888318602
4D_freerun_capacity,leak_rate=0.3|n_units=200|rho=1.1|state_noise=0.0001,2,memory_capacity,mc_effective_delay,121.10701790409179
4D_freerun_capacity,leak_rate=0.3|n_units=200|rho=1.1|state_noise=0.0001,2,memory_capacity,mc_ratio,0.8710758867878351
4D_freerun_capacity,leak_rate=0.3|n_units=200|rho=1.1|state_noise=0.0001,2,memory_capacity,n_delays,400.0
4D_freerun_capacity,leak_rate=0.3|n_units=200|rho=1.1|state_noise=0.0001,2,ipc,ipc_total,600.9953157296102
4D_freerun_capacity,leak_rate=0.3|n_units=200|rho=1.1|state_noise=0.0001,2,ipc,ipc_total_raw,600.9953157296102
4D_freerun_capacity,leak_rate=0.3|n_units=200|rho=1.1|state_noise=0.0001,2,ipc,ipc_linear,59.999138698811834
4D_freerun_capacity,leak_rate=0.3|n_units=200|rho=1.1|state_noise=0.0001,2,ipc,ipc_nonlinear,540.9961770307983
4D_freerun_capacity,leak_rate=0.3|n_units=200|rho=1.1|state_noise=0.0001,2,ipc,n_targets,601.0
4D_freerun_capacity,leak_rate=0.3|n_units=200|rho=1.1|state_noise=0.0001,2,ipc,n_targets_kept,601.0
4D_freerun_capacity,leak_rate=0.3|n_units=200|rho=1.1|state_noise=0.0001,2,ipc,saturation_ratio,3.004976578648051
4D_freerun_capacity,leak_rate=0.3|n_units=200|rho=1.1|state_noise=0.0001,2,ipc,ipc_threshold_degree1,0.032543615073175665
4D_freerun_capacity,leak_rate=0.3|n_units=200|rho=1.1|state_noise=0.0001,2,ipc,ipc_threshold_degree2,0.4977067761563668
4D_freerun_capacity,leak_rate=0.3|n_units=200|rho=1.1|state_noise=0.0001,2,ipc,ipc_threshold_degree3,0.042006251096070875
4D_freerun_capacity,leak_rate=0.3|n_units=200|rho=1.1|state_noise=0.0001,2,ipc,ipc_threshold_degree4,0.2871743332590873
4D_freerun_capacity,leak_rate=0.3|n_units=200|rho=1.1|state_noise=0.0001,3,memory_capacity,mc_total,163.00494668733018
4D_freerun_capacity,leak_rate=0.3|n_units=200|rho=1.1|state_noise=0.0001,3,memory_capacity,mc_total_raw,163.00494668733018
4D_freerun_capacity,leak_rate=0.3|n_units=200|rho=1.1|state_noise=0.0001,3,memory_capacity,mc_threshold,0.03330284380194155
4D_freerun_capacity,leak_rate=0.3|n_units=200|rho=1.1|state_noise=0.0001,3,memory_capacity,mc_effective_delay,120.50790084745766
4D_freerun_capacity,leak_rate=0.3|n_units=200|rho=1.1|state_noise=0.0001,3,memory_capacity,mc_ratio,0.8150247334366508
4D_freerun_capacity,leak_rate=0.3|n_units=200|rho=1.1|state_noise=0.0001,3,memory_capacity,n_delays,400.0
4D_freerun_capacity,leak_rate=0.3|n_units=200|rho=1.1|state_noise=0.0001,3,ipc,ipc_total,600.9740787061012
4D_freerun_capacity,leak_rate=0.3|n_units=200|rho=1.1|state_noise=0.0001,3,ipc,ipc_total_raw,600.9740787061012
4D_freerun_capacity,leak_rate=0.3|n_units=200|rho=1.1|state_noise=0.0001,3,ipc,ipc_linear,59.97965809954637
4D_freerun_capacity,leak_rate=0.3|n_units=200|rho=1.1|state_noise=0.0001,3,ipc,ipc_nonlinear,540.9944206065549
4D_freerun_capacity,leak_rate=0.3|n_units=200|rho=1.1|state_noise=0.0001,3,ipc,n_targets,601.0
4D_freerun_capacity,leak_rate=0.3|n_units=200|rho=1.1|state_noise=0.0001,3,ipc,n_targets_kept,601.0
4D_freerun_capacity,leak_rate=0.3|n_units=200|rho=1.1|state_noise=0.0001,3,ipc,saturation_ratio,3.004870393530506
4D_freerun_capacity,leak_rate=0.3|n_units=200|rho=1.1|state_noise=0.0001,3,ipc,ipc_threshold_degree1,0.032118339049926066
4D_freerun_capacity,leak_rate=0.3|n_units=200|rho=1.1|state_noise=0.0001,3,ipc,ipc_threshold_degree2,0.5162300603766269
4D_freerun_capacity,leak_rate=0.3|n_units=200|rho=1.1|state_noise=0.0001,3,ipc,ipc_threshold_degree3,0.034847844436167175
4D_freerun_capacity,leak_rate=0.3|n_units=200|rho=1.1|state_noise=0.0001,3,ipc,ipc_threshold_degree4,0.2912661840883271
4D_freerun_capacity,leak_rate=0.3|n_units=200|rho=1.1|state_noise=0.0001,4,memory_capacity,mc_total,194.6774302685027
4D_freerun_capacity,leak_rate=0.3|n_units=200|rho=1.1|state_noise=0.0001,4,memory_capacity,mc_total_raw,194.6774302685027
4D_freerun_capacity,leak_rate=0.3|n_units=200|rho=1.1|state_noise=0.0001,4,memory_capacity,mc_threshold,0.03154330477627334
4D_freerun_capacity,leak_rate=0.3|n_units=200|rho=1.1|state_noise=0.0001,4,memory_capacity,mc_effective_delay,133.97267698715166
4D_freerun_capacity,leak_rate=0.3|n_units=200|rho=1.1|state_noise=0.0001,4,memory_capacity,mc_ratio,0.9733871513425134
4D_freerun_capacity,leak_rate=0.3|n_units=200|rho=1.1|state_noise=0.0001,4,memory_capacity,n_delays,400.0
4D_freerun_capacity,leak_rate=0.3|n_units=200|rho=1.1|state_noise=0.0001,4,ipc,ipc_total,600.9967055222304
4D_freerun_capacity,leak_rate=0.3|n_units=200|rho=1.1|state_noise=0.0001,4,ipc,ipc_total_raw,600.9967055222304
4D_freerun_capacity,leak_rate=0.3|n_units=200|rho=1.1|state_noise=0.0001,4,ipc,ipc_linear,59.99886214634503
4D_freerun_capacity,leak_rate=0.3|n_units=200|rho=1.1|state_noise=0.0001,4,ipc,ipc_nonlinear,540.9978433758854
4D_freerun_capacity,leak_rate=0.3|n_units=200|rho=1.1|state_noise=0.0001,4,ipc,n_targets,601.0
4D_freerun_capacity,leak_rate=0.3|n_units=200|rho=1.1|state_noise=0.0001,4,ipc,n_targets_kept,601.0
4D_freerun_capacity,leak_rate=0.3|n_units=200|rho=1.1|state_noise=0.0001,4,ipc,saturation_ratio,3.004983527611152
4D_freerun_capacity,leak_rate=0.3|n_units=200|rho=1.1|state_noise=0.0001,4,ipc,ipc_threshold_degree1,0.031856970024025794
4D_freerun_capacity,leak_rate=0.3|n_units=200|rho=1.1|state_noise=0.0001,4,ipc,ipc_threshold_degree2,0.47236373419523153
4D_freerun_capacity,leak_rate=0.3|n_units=200|rho=1.1|state_noise=0.0001,4,ipc,ipc_threshold_degree3,0.038384608867124116
4D_freerun_capacity,leak_rate=0.3|n_units=200|rho=1.1|state_noise=0.0001,4,ipc,ipc_threshold_degree4,0.3129305338070408
4D_freerun_capacity,leak_rate=0.3|n_units=200|rho=1.1|state_noise=0.001,0,memory_capacity,mc_total,160.49187765449705
4D_freerun_capacity,leak_rate=0.3|n_units=200|rho=1.1|state_noise=0.001,0,memory_capacity,mc_total_raw,160.49187765449705
4D_freerun_capacity,leak_rate=0.3|n_units=200|rho=1.1|state_noise=0.001,0,memory_capacity,mc_threshold,0.03332257365169176
4D_freerun_capacity,leak_rate=0.3|n_units=200|rho=1.1|state_noise=0.001,0,memory_capacity,mc_effective_delay,115.82540319713105
4D_freerun_capacity,leak_rate=0.3|n_units=200|rho=1.1|state_noise=0.001,0,memory_capacity,mc_ratio,0.8024593882724852
4D_freerun_capacity,leak_rate=0.3|n_units=200|rho=1.1|state_noise=0.001,0,memory_capacity,n_delays,400.0
4D_freerun_capacity,leak_rate=0.3|n_units=200|rho=1.1|state_noise=0.001,0,ipc,ipc_total,600.9840111166741
4D_freerun_capacity,leak_rate=0.3|n_units=200|rho=1.1|state_noise=0.001,0,ipc,ipc_total_raw,600.9840111166741
4D_freerun_capacity,leak_rate=0.3|n_units=200|rho=1.1|state_noise=0.001,0,ipc,ipc_linear,59.9929209157715
4D_freerun_capacity,leak_rate=0.3|n_units=200|rho=1.1|state_noise=0.001,0,ipc,ipc_nonlinear,540.9910902009026
4D_freerun_capacity,leak_rate=0.3|n_units=200|rho=1.1|state_noise=0.001,0,ipc,n_targets,601.0
4D_freerun_capacity,leak_rate=0.3|n_units=200|rho=1.1|state_noise=0.001,0,ipc,n_targets_kept,601.0
4D_freerun_capacity,leak_rate=0.3|n_units=200|rho=1.1|state_noise=0.001,0,ipc,saturation_ratio,3.0049200555833706
4D_freerun_capacity,leak_rate=0.3|n_units=200|rho=1.1|state_noise=0.001,0,ipc,ipc_threshold_degree1,0.03302514126489888
4D_freerun_capacity,leak_rate=0.3|n_units=200|rho=1.1|state_noise=0.001,0,ipc,ipc_threshold_degree2,0.466098268400108
4D_freerun_capacity,leak_rate=0.3|n_units=200|rho=1.1|state_noise=0.001,0,ipc,ipc_threshold_degree3,0.05115480395077888
4D_freerun_capacity,leak_rate=0.3|n_units=200|rho=1.1|state_noise=0.001,0,ipc,ipc_threshold_degree4,0.28293128020057073
4D_freerun_capacity,leak_rate=0.3|n_units=200|rho=1.1|state_noise=0.001,1,memory_capacity,mc_total,194.57168944428312
4D_freerun_capacity,leak_rate=0.3|n_units=200|rho=1.1|state_noise=0.001,1,memory_capacity,mc_total_raw,194.57168944428312
4D_freerun_capacity,leak_rate=0.3|n_units=200|rho=1.1|state_noise=0.001,1,memory_capacity,mc_threshold,0.03394511210459898
4D_freerun_capacity,leak_rate=0.3|n_units=200|rho=1.1|state_noise=0.001,1,memory_capacity,mc_effective_delay,133.58546075346612
4D_freerun_capacity,leak_rate=0.3|n_units=200|rho=1.1|state_noise=0.001,1,memory_capacity,mc_ratio,0.9728584472214156
4D_freerun_capacity,leak_rate=0.3|n_units=200|rho=1.1|state_noise=0.001,1,memory_capacity,n_delays,400.0
4D_freerun_capacity,leak_rate=0.3|n_units=200|rho=1.1|state_noise=0.001,1,ipc,ipc_total,600.9772365104956
4D_freerun_capacity,leak_rate=0.3|n_units=200|rho=1.1|state_noise=0.001,1,ipc,ipc_total_raw,600.9772365104956
4D_freerun_capacity,leak_rate=0.3|n_units=200|rho=1.1|state_noise=0.001,1,ipc,ipc_linear,59.99601548456289
4D_freerun_capacity,leak_rate=0.3|n_units=200|rho=1.1|state_noise=0.001,1,ipc,ipc_nonlinear,540.9812210259327
4D_freerun_capacity,leak_rate=0.3|n_units=200|rho=1.1|state_noise=0.001,1,ipc,n_targets,601.0
4D_freerun_capacity,leak_rate=0.3|n_units=200|rho=1.1|state_noise=0.001,1,ipc,n_targets_kept,601.0
4D_freerun_capacity,leak_rate=0.3|n_units=200|rho=1.1|state_noise=0.001,1,ipc,saturation_ratio,3.004886182552478
4D_freerun_capacity,leak_rate=0.3|n_units=200|rho=1.1|state_noise=0.001,1,ipc,ipc_threshold_degree1,0.03206298449517577
4D_freerun_capacity,leak_rate=0.3|n_units=200|rho=1.1|state_noise=0.001,1,ipc,ipc_threshold_degree2,0.5028376571970196
4D_freerun_capacity,leak_rate=0.3|n_units=200|rho=1.1|state_noise=0.001,1,ipc,ipc_threshold_degree3,0.03363551407410708
4D_freerun_capacity,leak_rate=0.3|n_units=200|rho=1.1|state_noise=0.001,1,ipc,ipc_threshold_degree4,0.3113748687034244
4D_freerun_capacity,leak_rate=0.3|n_units=200|rho=1.1|state_noise=0.001,2,memory_capacity,mc_total,167.18705474382404
4D_freerun_capacity,leak_rate=0.3|n_units=200|rho=1.1|state_noise=0.001,2,memory_capacity,mc_total_raw,167.18705474382404
4D_freerun_capacity,leak_rate=0.3|n_units=200|rho=1.1|state_noise=0.001,2,memory_capacity,mc_threshold,0.03311245564801303
4D_freerun_capacity,leak_rate=0.3|n_units=200|rho=1.1|state_noise=0.001,2,memory_capacity,mc_effective_delay,120.31040391827355
4D_freerun_capacity,leak_rate=0.3|n_units=200|rho=1.1|state_noise=0.001,2,memory_capacity,mc_ratio,0.8359352737191201
4D_freerun_capacity,leak_rate=0.3|n_units=200|rho=1.1|state_noise=0.001,2,memory_capacity,n_delays,400.0
4D_freerun_capacity,leak_rate=0.3|n_units=200|rho=1.1|state_noise=0.001,2,ipc,ipc_total,600.984880563595
4D_freerun_capacity,leak_rate=0.3|n_units=200|rho=1.1|state_noise=0.001,2,ipc,ipc_total_raw,600.984880563595
4D_freerun_capacity,leak_rate=0.3|n_units=200|rho=1.1|state_noise=0.001,2,ipc,ipc_linear,59.99757860160254
4D_freerun_capacity,leak_rate=0.3|n_units=200|rho=1.1|state_noise=0.001,2,ipc,ipc_nonlinear,540.9873019619924
4D_freerun_capacity,leak_rate=0.3|n_units=200|rho=1.1|state_noise=0.001,2,ipc,n_targets,601.0
4D_freerun_capacity,leak_rate=0.3|n_units=200|rho=1.1|state_noise=0.001,2,ipc,n_targets_kept,601.0
4D_freerun_capacity,leak_rate=0.3|n_units=200|rho=1.1|state_noise=0.001,2,ipc,saturation_ratio,3.004924402817975
4D_freerun_capacity,leak_rate=0.3|n_units=200|rho=1.1|state_noise=0.001,2,ipc,ipc_threshold_degree1,0.03236619080781279
4D_freerun_capacity,leak_rate=0.3|n_units=200|rho=1.1|state_noise=0.001,2,ipc,ipc_threshold_degree2,0.4979330122994148
4D_freerun_capacity,leak_rate=0.3|n_units=200|rho=1.1|state_noise=0.001,2,ipc,ipc_threshold_degree3,0.0406850180587995
4D_freerun_capacity,leak_rate=0.3|n_units=200|rho=1.1|state_noise=0.001,2,ipc,ipc_threshold_degree4,0.28736527188271604
4D_freerun_capacity,leak_rate=0.3|n_units=200|rho=1.1|state_noise=0.001,3,memory_capacity,mc_total,157.8246501532818
4D_freerun_capacity,leak_rate=0.3|n_units=200|rho=1.1|state_noise=0.001,3,memory_capacity,mc_total_raw,157.8246501532818
4D_freerun_capacity,leak_rate=0.3|n_units=200|rho=1.1|state_noise=0.001,3,memory_capacity,mc_threshold,0.03265901499153087
4D_freerun_capacity,leak_rate=0.3|n_units=200|rho=1.1|state_noise=0.001,3,memory_capacity,mc_effective_delay,120.22474423701838
4D_freerun_capacity,leak_rate=0.3|n_units=200|rho=1.1|state_noise=0.001,3,memory_capacity,mc_ratio,0.789123250766409
4D_freerun_capacity,leak_rate=0.3|n_units=200|rho=1.1|state_noise=0.001,3,memory_capacity,n_delays,400.0
4D_freerun_capacity,leak_rate=0.3|n_units=200|rho=1.1|state_noise=0.001,3,ipc,ipc_total,600.9437901585734
4D_freerun_capacity,leak_rate=0.3|n_units=200|rho=1.1|state_noise=0.001,3,ipc,ipc_total_raw,600.9437901585734
4D_freerun_capacity,leak_rate=0.3|n_units=200|rho=1.1|state_noise=0.001,3,ipc,ipc_linear,59.96079960551696
4D_freerun_capacity,leak_rate=0.3|n_units=200|rho=1.1|state_noise=0.001,3,ipc,ipc_nonlinear,540.9829905530564
4D_freerun_capacity,leak_rate=0.3|n_units=200|rho=1.1|state_noise=0.001,3,ipc,n_targets,601.0
4D_freerun_capacity,leak_rate=0.3|n_units=200|rho=1.1|state_noise=0.001,3,ipc,n_targets_kept,601.0
4D_freerun_capacity,leak_rate=0.3|n_units=200|rho=1.1|state_noise=0.001,3,ipc,saturation_ratio,3.004718950792867
4D_freerun_capacity,leak_rate=0.3|n_units=200|rho=1.1|state_noise=0.001,3,ipc,ipc_threshold_degree1,0.03297661931285378
4D_freerun_capacity,leak_rate=0.3|n_units=200|rho=1.1|state_noise=0.001,3,ipc,ipc_threshold_degree2,0.516078823797056
4D_freerun_capacity,leak_rate=0.3|n_units=200|rho=1.1|state_noise=0.001,3,ipc,ipc_threshold_degree3,0.034444941018146255
4D_freerun_capacity,leak_rate=0.3|n_units=200|rho=1.1|state_noise=0.001,3,ipc,ipc_threshold_degree4,0.29102622212855217
4D_freerun_capacity,leak_rate=0.3|n_units=200|rho=1.1|state_noise=0.001,4,memory_capacity,mc_total,183.1485461793885
4D_freerun_capacity,leak_rate=0.3|n_units=200|rho=1.1|state_noise=0.001,4,memory_capacity,mc_total_raw,183.1485461793885
4D_freerun_capacity,leak_rate=0.3|n_units=200|rho=1.1|state_noise=0.001,4,memory_capacity,mc_threshold,0.03185048041471229
4D_freerun_capacity,leak_rate=0.3|n_units=200|rho=1.1|state_noise=0.001,4,memory_capacity,mc_effective_delay,131.24821932725243
4D_freerun_capacity,leak_rate=0.3|n_units=200|rho=1.1|state_noise=0.001,4,memory_capacity,mc_ratio,0.9157427308969425
4D_freerun_capacity,leak_rate=0.3|n_units=200|rho=1.1|state_noise=0.001,4,memory_capacity,n_delays,400.0
4D_freerun_capacity,leak_rate=0.3|n_units=200|rho=1.1|state_noise=0.001,4,ipc,ipc_total,600.9848476700777
4D_freerun_capacity,leak_rate=0.3|n_units=200|rho=1.1|state_noise=0.001,4,ipc,ipc_total_raw,600.9848476700777
4D_freerun_capacity,leak_rate=0.3|n_units=200|rho=1.1|state_noise=0.001,4,ipc,ipc_linear,59.99562553357704
4D_freerun_capacity,leak_rate=0.3|n_units=200|rho=1.1|state_noise=0.001,4,ipc,ipc_nonlinear,540.9892221365006
4D_freerun_capacity,leak_rate=0.3|n_units=200|rho=1.1|state_noise=0.001,4,ipc,n_targets,601.0
4D_freerun_capacity,leak_rate=0.3|n_units=200|rho=1.1|state_noise=0.001,4,ipc,n_targets_kept,601.0
4D_freerun_capacity,leak_rate=0.3|n_units=200|rho=1.1|state_noise=0.001,4,ipc,saturation_ratio,3.0049242383503882
4D_freerun_capacity,leak_rate=0.3|n_units=200|rho=1.1|state_noise=0.001,4,ipc,ipc_threshold_degree1,0.03193196710448823
4D_freerun_capacity,leak_rate=0.3|n_units=200|rho=1.1|state_noise=0.001,4,ipc,ipc_threshold_degree2,0.4720987018385649
4D_freerun_capacity,leak_rate=0.3|n_units=200|rho=1.1|state_noise=0.001,4,ipc,ipc_threshold_degree3,0.03822363519136768
4D_freerun_capacity,leak_rate=0.3|n_units=200|rho=1.1|state_noise=0.001,4,ipc,ipc_threshold_degree4,0.3125993803030658
4D_freerun_capacity,leak_rate=0.3|n_units=200|rho=1.1|state_noise=0.01,0,memory_capacity,mc_total,142.5995908915404
4D_freerun_capacity,leak_rate=0.3|n_units=200|rho=1.1|state_noise=0.01,0,memory_capacity,mc_total_raw,142.5995908915404
4D_freerun_capacity,leak_rate=0.3|n_units=200|rho=1.1|state_noise=0.01,0,memory_capacity,mc_threshold,0.033964013869649826
4D_freerun_capacity,leak_rate=0.3|n_units=200|rho=1.1|state_noise=0.01,0,memory_capacity,mc_effective_delay,115.83104297386356
4D_freerun_capacity,leak_rate=0.3|n_units=200|rho=1.1|state_noise=0.01,0,memory_capacity,mc_ratio,0.712997954457702
4D_freerun_capacity,leak_rate=0.3|n_units=200|rho=1.1|state_noise=0.01,0,memory_capacity,n_delays,400.0
4D_freerun_capacity,leak_rate=0.3|n_units=200|rho=1.1|state_noise=0.01,0,ipc,ipc_total,600.6780758510909
4D_freerun_capacity,leak_rate=0.3|n_units=200|rho=1.1|state_noise=0.01,0,ipc,ipc_total_raw,600.6780758510909
4D_freerun_capacity,leak_rate=0.3|n_units=200|rho=1.1|state_noise=0.01,0,ipc,ipc_linear,59.89113182570288
4D_freerun_capacity,leak_rate=0.3|n_units=200|rho=1.1|state_noise=0.01,0,ipc,ipc_nonlinear,540.7869440253879
4D_freerun_capacity,leak_rate=0.3|n_units=200|rho=1.1|state_noise=0.01,0,ipc,n_targets,601.0
4D_freerun_capacity,leak_rate=0.3|n_units=200|rho=1.1|state_noise=0.01,0,ipc,n_targets_kept,601.0
4D_freerun_capacity,leak_rate=0.3|n_units=200|rho=1.1|state_noise=0.01,0,ipc,saturation_ratio,3.003390379255454
4D_freerun_capacity,leak_rate=0.3|n_units=200|rho=1.1|state_noise=0.01,0,ipc,ipc_threshold_degree1,0.03252872295697028
4D_freerun_capacity,leak_rate=0.3|n_units=200|rho=1.1|state_noise=0.01,0,ipc,ipc_threshold_degree2,0.4660193531809194
4D_freerun_capacity,leak_rate=0.3|n_units=200|rho=1.1|state_noise=0.01,0,ipc,ipc_threshold_degree3,0.05204463364949602
4D_freerun_capacity,leak_rate=0.3|n_units=200|rho=1.1|state_noise=0.01,0,ipc,ipc_threshold_degree4,0.282507041449651
4D_freerun_capacity,leak_rate=0.3|n_units=200|rho=1.1|state_noise=0.01,1,memory_capacity,mc_total,171.8911310932
4D_freerun_capacity,leak_rate=0.3|n_units=200|rho=1.1|state_noise=0.01,1,memory_capacity,mc_total_raw,171.8911310932
4D_freerun_capacity,leak_rate=0.3|n_units=200|rho=1.1|state_noise=0.01,1,memory_capacity,mc_threshold,0.03304578273762106
4D_freerun_capacity,leak_rate=0.3|n_units=200|rho=1.1|state_noise=0.01,1,memory_capacity,mc_effective_delay,129.8570845653126
4D_freerun_capacity,leak_rate=0.3|n_units=200|rho=1.1|state_noise=0.01,1,memory_capacity,mc_ratio,0.8594556554659999
4D_freerun_capacity,leak_rate=0.3|n_units=200|rho=1.1|state_noise=0.01,1,memory_capacity,n_delays,400.0
4D_freerun_capacity,leak_rate=0.3|n_units=200|rho=1.1|state_noise=0.01,1,ipc,ipc_total,600.6269063709299
4D_freerun_capacity,leak_rate=0.3|n_units=200|rho=1.1|state_noise=0.01,1,ipc,ipc_total_raw,600.6269063709299
4D_freerun_capacity,leak_rate=0.3|n_units=200|rho=1.1|state_noise=0.01,1,ipc,ipc_linear,59.9514585357615
4D_freerun_capacity,leak_rate=0.3|n_units=200|rho=1.1|state_noise=0.01,1,ipc,ipc_nonlinear,540.6754478351684
4D_freerun_capacity,leak_rate=0.3|n_units=200|rho=1.1|state_noise=0.01,1,ipc,n_targets,601.0
4D_freerun_capacity,leak_rate=0.3|n_units=200|rho=1.1|state_noise=0.01,1,ipc,n_targets_kept,601.0
4D_freerun_capacity,leak_rate=0.3|n_units=200|rho=1.1|state_noise=0.01,1,ipc,saturation_ratio,3.0031345318546494
4D_freerun_capacity,leak_rate=0.3|n_units=200|rho=1.1|state_noise=0.01,1,ipc,ipc_threshold_degree1,0.033235177812244006
4D_freerun_capacity,leak_rate=0.3|n_units=200|rho=1.1|state_noise=0.01,1,ipc,ipc_threshold_degree2,0.5025998653124614
4D_freerun_capacity,leak_rate=0.3|n_units=200|rho=1.1|state_noise=0.01,1,ipc,ipc_threshold_degree3,0.03376718069238778
4D_freerun_capacity,leak_rate=0.3|n_units=200|rho=1.1|state_noise=0.01,1,ipc,ipc_threshold_degree4,0.3117647755236042
4D_freerun_capacity,leak_rate=0.3|n_units=200|rho=1.1|state_noise=0.01,2,memory_capacity,mc_total,148.78250499090987
4D_freerun_capacity,leak_rate=0.3|n_units=200|rho=1.1|state_noise=0.01,2,memory_capacity,mc_total_raw,148.78250499090987
4D_freerun_capacity,leak_rate=0.3|n_units=200|rho=1.1|state_noise=0.01,2,memory_capacity,mc_threshold,0.03393925015593368
4D_freerun_capacity,leak_rate=0.3|n_units=200|rho=1.1|state_noise=0.01,2,memory_capacity,mc_effective_delay,121.33880470818887
4D_freerun_capacity,leak_rate=0.3|n_units=200|rho=1.1|state_noise=0.01,2,memory_capacity,mc_ratio,0.7439125249545494
4D_freerun_capacity,leak_rate=0.3|n_units=200|rho=1.1|state_noise=0.01,2,memory_capacity,n_delays,400.0
4D_freerun_capacity,leak_rate=0.3|n_units=200|rho=1.1|state_noise=0.01,2,ipc,ipc_total,600.7013025822789
4D_freerun_capacity,leak_rate=0.3|n_units=200|rho=1.1|state_noise=0.01,2,ipc,ipc_total_raw,600.7013025822789
4D_freerun_capacity,leak_rate=0.3|n_units=200|rho=1.1|state_noise=0.01,2,ipc,ipc_linear,59.95875639270898
4D_freerun_capacity,leak_rate=0.3|n_units=200|rho=1.1|state_noise=0.01,2,ipc,ipc_nonlinear,540.7425461895699
4D_freerun_capacity,leak_rate=0.3|n_units=200|rho=1.1|state_noise=0.01,2,ipc,n_targets,601.0
4D_freerun_capacity,leak_rate=0.3|n_units=200|rho=1.1|state_noise=0.01,2,ipc,n_targets_kept,601.0
4D_freerun_capacity,leak_rate=0.3|n_units=200|rho=1.1|state_noise=0.01,2,ipc,saturation_ratio,3.0035065129113945
4D_freerun_capacity,leak_rate=0.3|n_units=200|rho=1.1|state_noise=0.01,2,ipc,ipc_threshold_degree1,0.03307238237162917
4D_freerun_capacity,leak_rate=0.3|n_units=200|rho=1.1|state_noise=0.01,2,ipc,ipc_threshold_degree2,0.498062813690372
4D_freerun_capacity,leak_rate=0.3|n_units=200|rho=1.1|state_noise=0.01,2,ipc,ipc_threshold_degree3,0.04151594192138918
4D_freerun_capacity,leak_rate=0.3|n_units=200|rho=1.1|state_noise=0.01,2,ipc,ipc_threshold_degree4,0.2871297309767596
4D_freerun_capacity,leak_rate=0.3|n_units=200|rho=1.1|state_noise=0.01,3,memory_capacity,mc_total,142.37679841428897
4D_freerun_capacity,leak_rate=0.3|n_units=200|rho=1.1|state_noise=0.01,3,memory_capacity,mc_total_raw,142.37679841428897
4D_freerun_capacity,leak_rate=0.3|n_units=200|rho=1.1|state_noise=0.01,3,memory_capacity,mc_threshold,0.03324136526056918
4D_freerun_capacity,leak_rate=0.3|n_units=200|rho=1.1|state_noise=0.01,3,memory_capacity,mc_effective_delay,119.79266966797474
4D_freerun_capacity,leak_rate=0.3|n_units=200|rho=1.1|state_noise=0.01,3,memory_capacity,mc_ratio,0.7118839920714448
4D_freerun_capacity,leak_rate=0.3|n_units=200|rho=1.1|state_noise=0.01,3,memory_capacity,n_delays,400.0
4D_freerun_capacity,leak_rate=0.3|n_units=200|rho=1.1|state_noise=0.01,3,ipc,ipc_total,600.4012034476625
4D_freerun_capacity,leak_rate=0.3|n_units=200|rho=1.1|state_noise=0.01,3,ipc,ipc_total_raw,600.4012034476625
4D_freerun_capacity,leak_rate=0.3|n_units=200|rho=1.1|state_noise=0.01,3,ipc,ipc_linear,59.705491438004515
4D_freerun_capacity,leak_rate=0.3|n_units=200|rho=1.1|state_noise=0.01,3,ipc,ipc_nonlinear,540.695712009658
4D_freerun_capacity,leak_rate=0.3|n_units=200|rho=1.1|state_noise=0.01,3,ipc,n_targets,601.0
4D_freerun_capacity,leak_rate=0.3|n_units=200|rho=1.1|state_noise=0.01,3,ipc,n_targets_kept,601.0
4D_freerun_capacity,leak_rate=0.3|n_units=200|rho=1.1|state_noise=0.01,3,ipc,saturation_ratio,3.0020060172383127
4D_freerun_capacity,leak_rate=0.3|n_units=200|rho=1.1|state_noise=0.01,3,ipc,ipc_threshold_degree1,0.03238084390632441
4D_freerun_capacity,leak_rate=0.3|n_units=200|rho=1.1|state_noise=0.01,3,ipc,ipc_threshold_degree2,0.5161929718813809
4D_freerun_capacity,leak_rate=0.3|n_units=200|rho=1.1|state_noise=0.01,3,ipc,ipc_threshold_degree3,0.03431283800168553
4D_freerun_capacity,leak_rate=0.3|n_units=200|rho=1.1|state_noise=0.01,3,ipc,ipc_threshold_degree4,0.2910701195888568
4D_freerun_capacity,leak_rate=0.3|n_units=200|rho=1.1|state_noise=0.01,4,memory_capacity,mc_total,159.72647292592353
4D_freerun_capacity,leak_rate=0.3|n_units=200|rho=1.1|state_noise=0.01,4,memory_capacity,mc_total_raw,159.72647292592353
4D_freerun_capacity,leak_rate=0.3|n_units=200|rho=1.1|state_noise=0.01,4,memory_capacity,mc_threshold,0.032034919535209344
4D_freerun_capacity,leak_rate=0.3|n_units=200|rho=1.1|state_noise=0.01,4,memory_capacity,mc_effective_delay,126.32999391186179
4D_freerun_capacity,leak_rate=0.3|n_units=200|rho=1.1|state_noise=0.01,4,memory_capacity,mc_ratio,0.7986323646296176
4D_freerun_capacity,leak_rate=0.3|n_units=200|rho=1.1|state_noise=0.01,4,memory_capacity,n_delays,400.0
4D_freerun_capacity,leak_rate=0.3|n_units=200|rho=1.1|state_noise=0.01,4,ipc,ipc_total,600.6687775194098
4D_freerun_capacity,leak_rate=0.3|n_units=200|rho=1.1|state_noise=0.01,4,ipc,ipc_total_raw,600.6687775194098
4D_freerun_capacity,leak_rate=0.3|n_units=200|rho=1.1|state_noise=0.01,4,ipc,ipc_linear,59.93398195709156
4D_freerun_capacity,leak_rate=0.3|n_units=200|rho=1.1|state_noise=0.01,4,ipc,ipc_nonlinear,540.7347955623183
4D_freerun_capacity,leak_rate=0.3|n_units=200|rho=1.1|state_noise=0.01,4,ipc,n_targets,601.0
4D_freerun_capacity,leak_rate=0.3|n_units=200|rho=1.1|state_noise=0.01,4,ipc,n_targets_kept,601.0
4D_freerun_capacity,leak_rate=0.3|n_units=200|rho=1.1|state_noise=0.01,4,ipc,saturation_ratio,3.003343887597049
4D_freerun_capacity,leak_rate=0.3|n_units=200|rho=1.1|state_noise=0.01,4,ipc,ipc_threshold_degree1,0.031227352424827482
4D_freerun_capacity,leak_rate=0.3|n_units=200|rho=1.1|state_noise=0.01,4,ipc,ipc_threshold_degree2,0.4718353919188071
4D_freerun_capacity,leak_rate=0.3|n_units=200|rho=1.1|state_noise=0.01,4,ipc,ipc_threshold_degree3,0.03857255407580214
4D_freerun_capacity,leak_rate=0.3|n_units=200|rho=1.1|state_noise=0.01,4,ipc,ipc_threshold_degree4,0.3124496520515284
4D_freerun_capacity,leak_rate=0.6|n_units=200|rho=1.1|state_noise=0,0,memory_capacity,mc_total,112.69749605533298
4D_freerun_capacity,leak_rate=0.6|n_units=200|rho=1.1|state_noise=0,0,memory_capacity,mc_total_raw,112.69749605533298
4D_freerun_capacity,leak_rate=0.6|n_units=200|rho=1.1|state_noise=0,0,memory_capacity,mc_threshold,0.03191157903701382
4D_freerun_capacity,leak_rate=0.6|n_units=200|rho=1.1|state_noise=0,0,memory_capacity,mc_effective_delay,105.33039431100809
4D_freerun_capacity,leak_rate=0.6|n_units=200|rho=1.1|state_noise=0,0,memory_capacity,mc_ratio,0.5634874802766648
4D_freerun_capacity,leak_rate=0.6|n_units=200|rho=1.1|state_noise=0,0,memory_capacity,n_delays,400.0
4D_freerun_capacity,leak_rate=0.6|n_units=200|rho=1.1|state_noise=0,0,ipc,ipc_total,600.6121072441944
4D_freerun_capacity,leak_rate=0.6|n_units=200|rho=1.1|state_noise=0,0,ipc,ipc_total_raw,600.6121072441944
4D_freerun_capacity,leak_rate=0.6|n_units=200|rho=1.1|state_noise=0,0,ipc,ipc_linear,59.613917305885856
4D_freerun_capacity,leak_rate=0.6|n_units=200|rho=1.1|state_noise=0,0,ipc,ipc_nonlinear,540.9981899383085
4D_freerun_capacity,leak_rate=0.6|n_units=200|rho=1.1|state_noise=0,0,ipc,n_targets,601.0
4D_freerun_capacity,leak_rate=0.6|n_units=200|rho=1.1|state_noise=0,0,ipc,n_targets_kept,601.0
4D_freerun_capacity,leak_rate=0.6|n_units=200|rho=1.1|state_noise=0,0,ipc,saturation_ratio,3.0030605362209717
4D_freerun_capacity,leak_rate=0.6|n_units=200|rho=1.1|state_noise=0,0,ipc,ipc_threshold_degree1,0.032678904890160815
4D_freerun_capacity,leak_rate=0.6|n_units=200|rho=1.1|state_noise=0,0,ipc,ipc_threshold_degree2,0.4661792504766268
4D_freerun_capacity,leak_rate=0.6|n_units=200|rho=1.1|state_noise=0,0,ipc,ipc_threshold_degree3,0.05055239588356506
4D_freerun_capacity,leak_rate=0.6|n_units=200|rho=1.1|state_noise=0,0,ipc,ipc_threshold_degree4,0.2830027952805264
4D_freerun_capacity,leak_rate=0.6|n_units=200|rho=1.1|state_noise=0,1,memory_capacity,mc_total,139.56026855883485
4D_freerun_capacity,leak_rate=0.6|n_units=200|rho=1.1|state_noise=0,1,memory_capacity,mc_total_raw,139.56026855883485
4D_freerun_capacity,leak_rate=0.6|n_units=200|rho=1.1|state_noise=0,1,memory_capacity,mc_threshold,0.03405966966188022
4D_freerun_capacity,leak_rate=0.6|n_units=200|rho=1.1|state_noise=0,1,memory_capacity,mc_effective_delay,124.97347474999344
4D_freerun_capacity,leak_rate=0.6|n_units=200|rho=1.1|state_noise=0,1,memory_capacity,mc_ratio,0.6978013427941743
4D_freerun_capacity,leak_rate=0.6|n_units=200|rho=1.1|state_noise=0,1,memory_capacity,n_delays,400.0
4D_freerun_capacity,leak_rate=0.6|n_units=200|rho=1.1|state_noise=0,1,ipc,ipc_total,600.9229273052445
4D_freerun_capacity,leak_rate=0.6|n_units=200|rho=1.1|state_noise=0,1,ipc,ipc_total_raw,600.9229273052445
4D_freerun_capacity,leak_rate=0.6|n_units=200|rho=1.1|state_noise=0,1,ipc,ipc_linear,59.93201292564453
4D_freerun_capacity,leak_rate=0.6|n_units=200|rho=1.1|state_noise=0,1,ipc,ipc_nonlinear,540.9909143795999
4D_freerun_capacity,leak_rate=0.6|n_units=200|rho=1.1|state_noise=0,1,ipc,n_targets,601.0
4D_freerun_capacity,leak_rate=0.6|n_units=200|rho=1.1|state_noise=0,1,ipc,n_targets_kept,601.0
4D_freerun_capacity,leak_rate=0.6|n_units=200|rho=1.1|state_noise=0,1,ipc,saturation_ratio,3.004614636526222
4D_freerun_capacity,leak_rate=0.6|n_units=200|rho=1.1|state_noise=0,1,ipc,ipc_threshold_degree1,0.03208401071603974
4D_freerun_capacity,leak_rate=0.6|n_units=200|rho=1.1|state_noise=0,1,ipc,ipc_threshold_degree2,0.5025890743219966
4D_freerun_capacity,leak_rate=0.6|n_units=200|rho=1.1|state_noise=0,1,ipc,ipc_threshold_degree3,0.03297496779666793
4D_freerun_capacity,leak_rate=0.6|n_units=200|rho=1.1|state_noise=0,1,ipc,ipc_threshold_degree4,0.31096385091115236
4D_freerun_capacity,leak_rate=0.6|n_units=200|rho=1.1|state_noise=0,2,memory_capacity,mc_total,116.38485836003154
4D_freerun_capacity,leak_rate=0.6|n_units=200|rho=1.1|state_noise=0,2,memory_capacity,mc_total_raw,116.38485836003154
4D_freerun_capacity,leak_rate=0.6|n_units=200|rho=1.1|state_noise=0,2,memory_capacity,mc_threshold,0.03318942597380197
4D_freerun_capacity,leak_rate=0.6|n_units=200|rho=1.1|state_noise=0,2,memory_capacity,mc_effective_delay,109.8028639097015
4D_freerun_capacity,leak_rate=0.6|n_units=200|rho=1.1|state_noise=0,2,memory_capacity,mc_ratio,0.5819242918001577
4D_freerun_capacity,leak_rate=0.6|n_units=200|rho=1.1|state_noise=0,2,memory_capacity,n_delays,400.0
4D_freerun_capacity,leak_rate=0.6|n_units=200|rho=1.1|state_noise=0,2,ipc,ipc_total,600.5982360438355
4D_freerun_capacity,leak_rate=0.6|n_units=200|rho=1.1|state_noise=0,2,ipc,ipc_total_raw,600.5982360438355
4D_freerun_capacity,leak_rate=0.6|n_units=200|rho=1.1|state_noise=0,2,ipc,ipc_linear,59.602481732784646
4D_freerun_capacity,leak_rate=0.6|n_units=200|rho=1.1|state_noise=0,2,ipc,ipc_nonlinear,540.9957543110509
4D_freerun_capacity,leak_rate=0.6|n_units=200|rho=1.1|state_noise=0,2,ipc,n_targets,601.0
4D_freerun_capacity,leak_rate=0.6|n_units=200|rho=1.1|state_noise=0,2,ipc,n_targets_kept,601.0
4D_freerun_capacity,leak_rate=0.6|n_units=200|rho=1.1|state_noise=0,2,ipc,saturation_ratio,3.0029911802191775
4D_freerun_capacity,leak_rate=0.6|n_units=200|rho=1.1|state_noise=0,2,ipc,ipc_threshold_degree1,0.0321528434129082
4D_freerun_capacity,leak_rate=0.6|n_units=200|rho=1.1|state_noise=0,2,ipc,ipc_threshold_degree2,0.49791045873444295
4D_freerun_capacity,leak_rate=0.6|n_units=200|rho=1.1|state_noise=0,2,ipc,ipc_threshold_degree3,0.04256651601931669
4D_freerun_capacity,leak_rate=0.6|n_units=200|rho=1.1|state_noise=0,2,ipc,ipc_threshold_degree4,0.2866314289783791
4D_freerun_capacity,leak_rate=0.6|n_units=200|rho=1.1|state_noise=0,3,memory_capacity,mc_total,112.35815357357654
4D_freerun_capacity,leak_rate=0.6|n_units=200|rho=1.1|state_noise=0,3,memory_capacity,mc_total_raw,112.35815357357654
4D_freerun_capacity,leak_rate=0.6|n_units=200|rho=1.1|state_noise=0,3,memory_capacity,mc_threshold,0.03356692539538048
4D_freerun_capacity,leak_rate=0.6|n_units=200|rho=1.1|state_noise=0,3,memory_capacity,mc_effective_delay,113.37713944715047
4D_freerun_capacity,leak_rate=0.6|n_units=200|rho=1.1|state_noise=0,3,memory_capacity,mc_ratio,0.5617907678678827
4D_freerun_capacity,leak_rate=0.6|n_units=200|rho=1.1|state_noise=0,3,memory_capacity,n_delays,400.0
4D_freerun_capacity,leak_rate=0.6|n_units=200|rho=1.1|state_noise=0,3,ipc,ipc_total,599.5011051032895
4D_freerun_capacity,leak_rate=0.6|n_units=200|rho=1.1|state_noise=0,3,ipc,ipc_total_raw,599.5011051032895
4D_freerun_capacity,leak_rate=0.6|n_units=200|rho=1.1|state_noise=0,3,ipc,ipc_linear,58.51385963958049
4D_freerun_capacity,leak_rate=0.6|n_units=200|rho=1.1|state_noise=0,3,ipc,ipc_nonlinear,540.9872454637091
4D_freerun_capacity,leak_rate=0.6|n_units=200|rho=1.1|state_noise=0,3,ipc,n_targets,601.0
4D_freerun_capacity,leak_rate=0.6|n_units=200|rho=1.1|state_noise=0,3,ipc,n_targets_kept,601.0
4D_freerun_capacity,leak_rate=0.6|n_units=200|rho=1.1|state_noise=0,3,ipc,saturation_ratio,2.9975055255164476
4D_freerun_capacity,leak_rate=0.6|n_units=200|rho=1.1|state_noise=0,3,ipc,ipc_threshold_degree1,0.031789972017980596
4D_freerun_capacity,leak_rate=0.6|n_units=200|rho=1.1|state_noise=0,3,ipc,ipc_threshold_degree2,0.5163196343375714
4D_freerun_capacity,leak_rate=0.6|n_units=200|rho=1.1|state_noise=0,3,ipc,ipc_threshold_degree3,0.03591263093621788
4D_freerun_capacity,leak_rate=0.6|n_units=200|rho=1.1|state_noise=0,3,ipc,ipc_threshold_degree4,0.2913930067650286
4D_freerun_capacity,leak_rate=0.6|n_units=200|rho=1.1|state_noise=0,4,memory_capacity,mc_total,135.72398045877952
4D_freerun_capacity,leak_rate=0.6|n_units=200|rho=1.1|state_noise=0,4,memory_capacity,mc_total_raw,135.72398045877952
4D_freerun_capacity,leak_rate=0.6|n_units=200|rho=1.1|state_noise=0,4,memory_capacity,mc_threshold,0.032577790321547256
4D_freerun_capacity,leak_rate=0.6|n_units=200|rho=1.1|state_noise=0,4,memory_capacity,mc_effective_delay,126.35362294404385
4D_freerun_capacity,leak_rate=0.6|n_units=200|rho=1.1|state_noise=0,4,memory_capacity,mc_ratio,0.6786199022938976
4D_freerun_capacity,leak_rate=0.6|n_units=200|rho=1.1|state_noise=0,4,memory_capacity,n_delays,400.0
4D_freerun_capacity,leak_rate=0.6|n_units=200|rho=1.1|state_noise=0,4,ipc,ipc_total,600.8962433051422
4D_freerun_capacity,leak_rate=0.6|n_units=200|rho=1.1|state_noise=0,4,ipc,ipc_total_raw,600.8962433051422
4D_freerun_capacity,leak_rate=0.6|n_units=200|rho=1.1|state_noise=0,4,ipc,ipc_linear,59.89834335441402
4D_freerun_capacity,leak_rate=0.6|n_units=200|rho=1.1|state_noise=0,4,ipc,ipc_nonlinear,540.9978999507282
4D_freerun_capacity,leak_rate=0.6|n_units=200|rho=1.1|state_noise=0,4,ipc,n_targets,601.0
4D_freerun_capacity,leak_rate=0.6|n_units=200|rho=1.1|state_noise=0,4,ipc,n_targets_kept,601.0
4D_freerun_capacity,leak_rate=0.6|n_units=200|rho=1.1|state_noise=0,4,ipc,saturation_ratio,3.004481216525711
4D_freerun_capacity,leak_rate=0.6|n_units=200|rho=1.1|state_noise=0,4,ipc,ipc_threshold_degree1,0.031680328405505845
4D_freerun_capacity,leak_rate=0.6|n_units=200|rho=1.1|state_noise=0,4,ipc,ipc_threshold_degree2,0.47220956423162397
4D_freerun_capacity,leak_rate=0.6|n_units=200|rho=1.1|state_noise=0,4,ipc,ipc_threshold_degree3,0.03880009748623397
4D_freerun_capacity,leak_rate=0.6|n_units=200|rho=1.1|state_noise=0,4,ipc,ipc_threshold_degree4,0.3125601615465429
4D_freerun_capacity,leak_rate=0.6|n_units=200|rho=1.1|state_noise=0.0001,0,memory_capacity,mc_total,111.50626004887594
4D_freerun_capacity,leak_rate=0.6|n_units=200|rho=1.1|state_noise=0.0001,0,memory_capacity,mc_total_raw,111.50626004887594
4D_freerun_capacity,leak_rate=0.6|n_units=200|rho=1.1|state_noise=0.0001,0,memory_capacity,mc_threshold,0.03168074672252441
4D_freerun_capacity,leak_rate=0.6|n_units=200|rho=1.1|state_noise=0.0001,0,memory_capacity,mc_effective_delay,104.96437443032725
4D_freerun_capacity,leak_rate=0.6|n_units=200|rho=1.1|state_noise=0.0001,0,memory_capacity,mc_ratio,0.5575313002443797
4D_freerun_capacity,leak_rate=0.6|n_units=200|rho=1.1|state_noise=0.0001,0,memory_capacity,n_delays,400.0
4D_freerun_capacity,leak_rate=0.6|n_units=200|rho=1.1|state_noise=0.0001,0,ipc,ipc_total,600.5563619205185
4D_freerun_capacity,leak_rate=0.6|n_units=200|rho=1.1|state_noise=0.0001,0,ipc,ipc_total_raw,600.5563619205185
4D_freerun_capacity,leak_rate=0.6|n_units=200|rho=1.1|state_noise=0.0001,0,ipc,ipc_linear,59.558855654839434
4D_freerun_capacity,leak_rate=0.6|n_units=200|rho=1.1|state_noise=0.0001,0,ipc,ipc_nonlinear,540.997506265679
4D_freerun_capacity,leak_rate=0.6|n_units=200|rho=1.1|state_noise=0.0001,0,ipc,n_targets,601.0
4D_freerun_capacity,leak_rate=0.6|n_units=200|rho=1.1|state_noise=0.0001,0,ipc,n_targets_kept,601.0
4D_freerun_capacity,leak_rate=0.6|n_units=200|rho=1.1|state_noise=0.0001,0,ipc,saturation_ratio,3.0027818096025927
4D_freerun_capacity,leak_rate=0.6|n_units=200|rho=1.1|state_noise=0.0001,0,ipc,ipc_threshold_degree1,0.0321105763999018
4D_freerun_capacity,leak_rate=0.6|n_units=200|rho=1.1|state_noise=0.0001,0,ipc,ipc_threshold_degree2,0.46631616759438427
4D_freerun_capacity,leak_rate=0.6|n_units=200|rho=1.1|state_noise=0.0001,0,ipc,ipc_threshold_degree3,0.050636736756089144
4D_freerun_capacity,leak_rate=0.6|n_units=200|rho=1.1|state_noise=0.0001,0,ipc,ipc_threshold_degree4,0.2829150134401292
4D_freerun_capacity,leak_rate=0.6|n_units=200|rho=1.1|state_noise=0.0001,1,memory_capacity,mc_total,138.8571815602646
4D_freerun_capacity,leak_rate=0.6|n_units=200|rho=1.1|state_noise=0.0001,1,memory_capacity,mc_total_raw,138.8571815602646
4D_freerun_capacity,leak_rate=0.6|n_units=200|rho=1.1|state_noise=0.0001,1,memory_capacity,mc_threshold,0.03450077428776927
4D_freerun_capacity,leak_rate=0.6|n_units=200|rho=1.1|state_noise=0.0001,1,memory_capacity,mc_effective_delay,124.65812502073308
4D_freerun_capacity,leak_rate=0.6|n_units=200|rho=1.1|state_noise=0.0001,1,memory_capacity,mc_ratio,0.6942859078013229
4D_freerun_capacity,leak_rate=0.6|n_units=200|rho=1.1|state_noise=0.0001,1,memory_capacity,n_delays,400.0
4D_freerun_capacity,leak_rate=0.6|n_units=200|rho=1.1|state_noise=0.0001,1,ipc,ipc_total,600.9154703697887
4D_freerun_capacity,leak_rate=0.6|n_units=200|rho=1.1|state_noise=0.0001,1,ipc,ipc_total_raw,600.9154703697887
4D_freerun_capacity,leak_rate=0.6|n_units=200|rho=1.1|state_noise=0.0001,1,ipc,ipc_linear,59.925392139907366
4D_freerun_capacity,leak_rate=0.6|n_units=200|rho=1.1|state_noise=0.0001,1,ipc,ipc_nonlinear,540.9900782298814
4D_freerun_capacity,leak_rate=0.6|n_units=200|rho=1.1|state_noise=0.0001,1,ipc,n_targets,601.0
4D_freerun_capacity,leak_rate=0.6|n_units=200|rho=1.1|state_noise=0.0001,1,ipc,n_targets_kept,601.0
4D_freerun_capacity,leak_rate=0.6|n_units=200|rho=1.1|state_noise=0.0001,1,ipc,saturation_ratio,3.0045773518489436
4D_freerun_capacity,leak_rate=0.6|n_units=200|rho=1.1|state_noise=0.0001,1,ipc,ipc_threshold_degree1,0.032743062751366146
4D_freerun_capacity,leak_rate=0.6|n_units=200|rho=1.1|state_noise=0.0001,1,ipc,ipc_threshold_degree2,0.5024958438271664
4D_freerun_capacity,leak_rate=0.6|n_units=200|rho=1.1|state_noise=0.0001,1,ipc,ipc_threshold_degree3,0.03288027550168697
4D_freerun_capacity,leak_rate=0.6|n_units=200|rho=1.1|state_noise=0.0001,1,ipc,ipc_threshold_degree4,0.31077847135624287
4D_freerun_capacity,leak_rate=0.6|n_units=200|rho=1.1|state_noise=0.0001,2,memory_capacity,mc_total,115.80034529883915
4D_freerun_capacity,leak_rate=0.6|n_units=200|rho=1.1|state_noise=0.0001,2,memory_capacity,mc_total_raw,115.80034529883915
4D_freerun_capacity,leak_rate=0.6|n_units=200|rho=1.1|state_noise=0.0001,2,memory_capacity,mc_threshold,0.0337506365593748
4D_freerun_capacity,leak_rate=0.6|n_units=200|rho=1.1|state_noise=0.0001,2,memory_capacity,mc_effective_delay,109.28620589435819
4D_freerun_capacity,leak_rate=0.6|n_units=200|rho=1.1|state_noise=0.0001,2,memory_capacity,mc_ratio,0.5790017264941958
4D_freerun_capacity,leak_rate=0.6|n_units=200|rho=1.1|state_noise=0.0001,2,memory_capacity,n_delays,400.0
4D_freerun_capacity,leak_rate=0.6|n_units=200|rho=1.1|state_noise=0.0001,2,ipc,ipc_total,600.5813537298656
4D_freerun_capacity,leak_rate=0.6|n_units=200|rho=1.1|state_noise=0.0001,2,ipc,ipc_total_raw,600.5813537298656
4D_freerun_capacity,leak_rate=0.6|n_units=200|rho=1.1|state_noise=0.0001,2,ipc,ipc_linear,59.58622513660083
4D_freerun_capacity,leak_rate=0.6|n_units=200|rho=1.1|state_noise=0.0001,2,ipc,ipc_nonlinear,540.9951285932648
4D_freerun_capacity,leak_rate=0.6|n_units=200|rho=1.1|state_noise=0.0001,2,ipc,n_targets,601.0
4D_freerun_capacity,leak_rate=0.6|n_units=200|rho=1.1|state_noise=0.0001,2,ipc,n_targets_kept,601.0
4D_freerun_capacity,leak_rate=0.6|n_units=200|rho=1.1|state_noise=0.0001,2,ipc,saturation_ratio,3.0029067686493276
4D_freerun_capacity,leak_rate=0.6|n_units=200|rho=1.1|state_noise=0.0001,2,ipc,ipc_threshold_degree1,0.031948263958103615
4D_freerun_capacity,leak_rate=0.6|n_units=200|rho=1.1|state_noise=0.0001,2,ipc,ipc_threshold_degree2,0.497984570336581
4D_freerun_capacity,leak_rate=0.6|n_units=200|rho=1.1|state_noise=0.0001,2,ipc,ipc_threshold_degree3,0.04221013742624545
4D_freerun_capacity,leak_rate=0.6|n_units=200|rho=1.1|state_noise=0.0001,2,ipc,ipc_threshold_degree4,0.2866690710968421
4D_freerun_capacity,leak_rate=0.6|n_units=200|rho=1.1|state_noise=0.0001,3,memory_capacity,mc_total,112.13418880181895
4D_freerun_capacity,leak_rate=0.6|n_units=200|rho=1.1|state_noise=0.0001,3,memory_capacity,mc_total_raw,112.13418880181895
4D_freerun_capacity,leak_rate=0.6|n_units=200|rho=1.1|state_noise=0.0001,3,memory_capacity,mc_threshold,0.032778575908481745
4D_freerun_capacity,leak_rate=0.6|n_units=200|rho=1.1|state_noise=0.0001,3,memory_capacity,mc_effective_delay,113.1823289003052
4D_freerun_capacity,leak_rate=0.6|n_units=200|rho=1.1|state_noise=0.0001,3,memory_capacity,mc_ratio,0.5606709440090948
4D_freerun_capacity,leak_rate=0.6|n_units=200|rho=1.1|state_noise=0.0001,3,memory_capacity,n_delays,400.0
4D_freerun_capacity,leak_rate=0.6|n_units=200|rho=1.1|state_noise=0.0001,3,ipc,ipc_total,599.4746031380977
4D_freerun_capacity,leak_rate=0.6|n_units=200|rho=1.1|state_noise=0.0001,3,ipc,ipc_total_raw,599.4746031380977
4D_freerun_capacity,leak_rate=0.6|n_units=200|rho=1.1|state_noise=0.0001,3,ipc,ipc_linear,58.488130281557574
4D_freerun_capacity,leak_rate=0.6|n_units=200|rho=1.1|state_noise=0.0001,3,ipc,ipc_nonlinear,540.9864728565401
4D_freerun_capacity,leak_rate=0.6|n_units=200|rho=1.1|state_noise=0.0001,3,ipc,n_targets,601.0
4D_freerun_capacity,leak_rate=0.6|n_units=200|rho=1.1|state_noise=0.0001,3,ipc,n_targets_kept,601.0
4D_freerun_capacity,leak_rate=0.6|n_units=200|rho=1.1|state_noise=0.0001,3,ipc,saturation_ratio,2.9973730156904885
4D_freerun_capacity,leak_rate=0.6|n_units=200|rho=1.1|state_noise=0.0001,3,ipc,ipc_threshold_degree1,0.031909018607138774
4D_freerun_capacity,leak_rate=0.6|n_units=200|rho=1.1|state_noise=0.0001,3,ipc,ipc_threshold_degree2,0.5165109296161013
4D_freerun_capacity,leak_rate=0.6|n_units=200|rho=1.1|state_noise=0.0001,3,ipc,ipc_threshold_degree3,0.0357564242161578
4D_freerun_capacity,leak_rate=0.6|n_units=200|rho=1.1|state_noise=0.0001,3,ipc,ipc_threshold_degree4,0.2915798415105652
4D_freerun_capacity,leak_rate=0.6|n_units=200|rho=1.1|state_noise=0.0001,4,memory_capacity,mc_total,134.4172124185851
4D_freerun_capacity,leak_rate=0.6|n_units=200|rho=1.1|state_noise=0.0001,4,memory_capacity,mc_total_raw,134.4172124185851
4D_freerun_capacity,leak_rate=0.6|n_units=200|rho=1.1|state_noise=0.0001,4,memory_capacity,mc_threshold,0.03202302462531946
4D_freerun_capacity,leak_rate=0.6|n_units=200|rho=1.1|state_noise=0.0001,4,memory_capacity,mc_effective_delay,125.75725191665985
4D_freerun_capacity,leak_rate=0.6|n_units=200|rho=1.1|state_noise=0.0001,4,memory_capacity,mc_ratio,0.6720860620929255
4D_freerun_capacity,leak_rate=0.6|n_units=200|rho=1.1|state_noise=0.0001,4,memory_capacity,n_delays,400.0
4D_freerun_capacity,leak_rate=0.6|n_units=200|rho=1.1|state_noise=0.0001,4,ipc,ipc_total,600.8756152556879
4D_freerun_capacity,leak_rate=0.6|n_units=200|rho=1.1|state_noise=0.0001,4,ipc,ipc_total_raw,600.8756152556879
4D_freerun_capacity,leak_rate=0.6|n_units=200|rho=1.1|state_noise=0.0001,4,ipc,ipc_linear,59.87845817796285
4D_freerun_capacity,leak_rate=0.6|n_units=200|rho=1.1|state_noise=0.0001,4,ipc,ipc_nonlinear,540.997157077725
4D_freerun_capacity,leak_rate=0.6|n_units=200|rho=1.1|state_noise=0.0001,4,ipc,n_targets,601.0
4D_freerun_capacity,leak_rate=0.6|n_units=200|rho=1.1|state_noise=0.0001,4,ipc,n_targets_kept,601.0
4D_freerun_capacity,leak_rate=0.6|n_units=200|rho=1.1|state_noise=0.0001,4,ipc,saturation_ratio,3.0043780762784396
4D_freerun_capacity,leak_rate=0.6|n_units=200|rho=1.1|state_noise=0.0001,4,ipc,ipc_threshold_degree1,0.03225917083071673
4D_freerun_capacity,leak_rate=0.6|n_units=200|rho=1.1|state_noise=0.0001,4,ipc,ipc_threshold_degree2,0.4720179067275754
4D_freerun_capacity,leak_rate=0.6|n_units=200|rho=1.1|state_noise=0.0001,4,ipc,ipc_threshold_degree3,0.03897555277888292
4D_freerun_capacity,leak_rate=0.6|n_units=200|rho=1.1|state_noise=0.0001,4,ipc,ipc_threshold_degree4,0.3124507520161392
4D_freerun_capacity,leak_rate=0.6|n_units=200|rho=1.1|state_noise=0.001,0,memory_capacity,mc_total,105.29662623675218
4D_freerun_capacity,leak_rate=0.6|n_units=200|rho=1.1|state_noise=0.001,0,memory_capacity,mc_total_raw,105.29662623675218
4D_freerun_capacity,leak_rate=0.6|n_units=200|rho=1.1|state_noise=0.001,0,memory_capacity,mc_threshold,0.03305175143916504
4D_freerun_capacity,leak_rate=0.6|n_units=200|rho=1.1|state_noise=0.001,0,memory_capacity,mc_effective_delay,102.58687890781142
4D_freerun_capacity,leak_rate=0.6|n_units=200|rho=1.1|state_noise=0.001,0,memory_capacity,mc_ratio,0.5264831311837609
4D_freerun_capacity,leak_rate=0.6|n_units=200|rho=1.1|state_noise=0.001,0,memory_capacity,n_delays,400.0
4D_freerun_capacity,leak_rate=0.6|n_units=200|rho=1.1|state_noise=0.001,0,ipc,ipc_total,600.0038798409298
4D_freerun_capacity,leak_rate=0.6|n_units=200|rho=1.1|state_noise=0.001,0,ipc,ipc_total_raw,600.0038798409298
4D_freerun_capacity,leak_rate=0.6|n_units=200|rho=1.1|state_noise=0.001,0,ipc,ipc_linear,59.024066089988374
4D_freerun_capacity,leak_rate=0.6|n_units=200|rho=1.1|state_noise=0.001,0,ipc,ipc_nonlinear,540.9798137509414
4D_freerun_capacity,leak_rate=0.6|n_units=200|rho=1.1|state_noise=0.001,0,ipc,n_targets,601.0
4D_freerun_capacity,leak_rate=0.6|n_units=200|rho=1.1|state_noise=0.001,0,ipc,n_targets_kept,601.0
4D_freerun_capacity,leak_rate=0.6|n_units=200|rho=1.1|state_noise=0.001,0,ipc,saturation_ratio,3.000019399204649
4D_freerun_capacity,leak_rate=0.6|n_units=200|rho=1.1|state_noise=0.001,0,ipc,ipc_threshold_degree1,0.03191195359546148
4D_freerun_capacity,leak_rate=0.6|n_units=200|rho=1.1|state_noise=0.001,0,ipc,ipc_threshold_degree2,0.46622325311843305
4D_freerun_capacity,leak_rate=0.6|n_units=200|rho=1.1|state_noise=0.001,0,ipc,ipc_threshold_degree3,0.05073818187439174
4D_freerun_capacity,leak_rate=0.6|n_units=200|rho=1.1|state_noise=0.001,0,ipc,ipc_threshold_degree4,0.2824956648319665
4D_freerun_capacity,leak_rate=0.6|n_units=200|rho=1.1|state_noise=0.001,1,memory_capacity,mc_total,130.48063656162333
4D_freerun_capacity,leak_rate=0.6|n_units=200|rho=1.1|state_noise=0.001,1,memory_capacity,mc_total_raw,130.48063656162333
4D_freerun_capacity,leak_rate=0.6|n_units=200|rho=1.1|state_noise=0.001,1,memory_capacity,mc_threshold,0.03268986636744453
4D_freerun_capacity,leak_rate=0.6|n_units=200|rho=1.1|state_noise=0.001,1,memory_capacity,mc_effective_delay,122.04067581361821
4D_freerun_capacity,leak_rate=0.6|n_units=200|rho=1.1|state_noise=0.001,1,memory_capacity,mc_ratio,0.6524031828081166
4D_freerun_capacity,leak_rate=0.6|n_units=200|rho=1.1|state_noise=0.001,1,memory_capacity,n_delays,400.0
4D_freerun_capacity,leak_rate=0.6|n_units=200|rho=1.1|state_noise=0.001,1,ipc,ipc_total,600.7229855137173
4D_freerun_capacity,leak_rate=0.6|n_units=200|rho=1.1|state_noise=0.001,1,ipc,ipc_total_raw,600.7229855137173
4D_freerun_capacity,leak_rate=0.6|n_units=200|rho=1.1|state_noise=0.001,1,ipc,ipc_linear,59.7625066081571
4D_freerun_capacity,leak_rate=0.6|n_units=200|rho=1.1|state_noise=0.001,1,ipc,ipc_nonlinear,540.9604789055602
4D_freerun_capacity,leak_rate=0.6|n_units=200|rho=1.1|state_noise=0.001,1,ipc,n_targets,601.0
4D_freerun_capacity,leak_rate=0.6|n_units=200|rho=1.1|state_noise=0.001,1,ipc,n_targets_kept,601.0
4D_freerun_capacity,leak_rate=0.6|n_units=200|rho=1.1|state_noise=0.001,1,ipc,saturation_ratio,3.003614927568586
4D_freerun_capacity,leak_rate=0.6|n_units=200|rho=1.1|state_noise=0.001,1,ipc,ipc_threshold_degree1,0.03195544900307171
4D_freerun_capacity,leak_rate=0.6|n_units=200|rho=1.1|state_noise=0.001,1,ipc,ipc_threshold_degree2,0.5023850100188874
4D_freerun_capacity,leak_rate=0.6|n_units=200|rho=1.1|state_noise=0.001,1,ipc,ipc_threshold_degree3,0.03328982116991268
4D_freerun_capacity,leak_rate=0.6|n_units=200|rho=1.1|state_noise=0.001,1,ipc,ipc_threshold_degree4,0.31127553034415617
4D_freerun_capacity,leak_rate=0.6|n_units=200|rho=1.1|state_noise=0.001,2,memory_capacity,mc_total,109.30729077859506
4D_freerun_capacity,leak_rate=0.6|n_units=200|rho=1.1|state_noise=0.001,2,memory_capacity,mc_total_raw,109.30729077859506
4D_freerun_capacity,leak_rate=0.6|n_units=200|rho=1.1|state_noise=0.001,2,memory_capacity,mc_threshold,0.033234025486780394
4D_freerun_capacity,leak_rate=0.6|n_units=200|rho=1.1|state_noise=0.001,2,memory_capacity,mc_effective_delay,105.55525096316161
4D_freerun_capacity,leak_rate=0.6|n_units=200|rho=1.1|state_noise=0.001,2,memory_capacity,mc_ratio,0.5465364538929753
4D_freerun_capacity,leak_rate=0.6|n_units=200|rho=1.1|state_noise=0.001,2,memory_capacity,n_delays,400.0
4D_freerun_capacity,leak_rate=0.6|n_units=200|rho=1.1|state_noise=0.001,2,ipc,ipc_total,600.1398156403421
4D_freerun_capacity,leak_rate=0.6|n_units=200|rho=1.1|state_noise=0.001,2,ipc,ipc_total_raw,600.1398156403421
4D_freerun_capacity,leak_rate=0.6|n_units=200|rho=1.1|state_noise=0.001,2,ipc,ipc_linear,59.165423615009836
4D_freerun_capacity,leak_rate=0.6|n_units=200|rho=1.1|state_noise=0.001,2,ipc,ipc_nonlinear,540.9743920253323
4D_freerun_capacity,leak_rate=0.6|n_units=200|rho=1.1|state_noise=0.001,2,ipc,n_targets,601.0
4D_freerun_capacity,leak_rate=0.6|n_units=200|rho=1.1|state_noise=0.001,2,ipc,n_targets_kept,601.0
4D_freerun_capacity,leak_rate=0.6|n_units=200|rho=1.1|state_noise=0.001,2,ipc,saturation_ratio,3.000699078201711
4D_freerun_capacity,leak_rate=0.6|n_units=200|rho=1.1|state_noise=0.001,2,ipc,ipc_threshold_degree1,0.0315054901121115
4D_freerun_capacity,leak_rate=0.6|n_units=200|rho=1.1|state_noise=0.001,2,ipc,ipc_threshold_degree2,0.49795164363388844
4D_freerun_capacity,leak_rate=0.6|n_units=200|rho=1.1|state_noise=0.001,2,ipc,ipc_threshold_degree3,0.04187911257590472
4D_freerun_capacity,leak_rate=0.6|n_units=200|rho=1.1|state_noise=0.001,2,ipc,ipc_threshold_degree4,0.28736490152892874
4D_freerun_capacity,leak_rate=0.6|n_units=200|rho=1.1|state_noise=0.001,3,memory_capacity,mc_total,106.9173094743882
4D_freerun_capacity,leak_rate=0.6|n_units=200|rho=1.1|state_noise=0.001,3,memory_capacity,mc_total_raw,106.9173094743882
4D_freerun_capacity,leak_rate=0.6|n_units=200|rho=1.1|state_noise=0.001,3,memory_capacity,mc_threshold,0.03265268378196607
4D_freerun_capacity,leak_rate=0.6|n_units=200|rho=1.1|state_noise=0.001,3,memory_capacity,mc_effective_delay,110.70552616730441
4D_freerun_capacity,leak_rate=0.6|n_units=200|rho=1.1|state_noise=0.001,3,memory_capacity,mc_ratio,0.534586547371941
4D_freerun_capacity,leak_rate=0.6|n_units=200|rho=1.1|state_noise=0.001,3,memory_capacity,n_delays,400.0
4D_freerun_capacity,leak_rate=0.6|n_units=200|rho=1.1|state_noise=0.001,3,ipc,ipc_total,598.5964412652351
4D_freerun_capacity,leak_rate=0.6|n_units=200|rho=1.1|state_noise=0.001,3,ipc,ipc_total_raw,598.5964412652351
4D_freerun_capacity,leak_rate=0.6|n_units=200|rho=1.1|state_noise=0.001,3,ipc,ipc_linear,57.643898103332454
4D_freerun_capacity,leak_rate=0.6|n_units=200|rho=1.1|state_noise=0.001,3,ipc,ipc_nonlinear,540.9525431619026
4D_freerun_capacity,leak_rate=0.6|n_units=200|rho=1.1|state_noise=0.001,3,ipc,n_targets,601.0
4D_freerun_capacity,leak_rate=0.6|n_units=200|rho=1.1|state_noise=0.001,3,ipc,n_targets_kept,601.0
4D_freerun_capacity,leak_rate=0.6|n_units=200|rho=1.1|state_noise=0.001,3,ipc,saturation_ratio,2.9929822063261753
4D_freerun_capacity,leak_rate=0.6|n_units=200|rho=1.1|state_noise=0.001,3,ipc,ipc_threshold_degree1,0.031703522175149185
4D_freerun_capacity,leak_rate=0.6|n_units=200|rho=1.1|state_noise=0.001,3,ipc,ipc_threshold_degree2,0.5160180614011652
4D_freerun_capacity,leak_rate=0.6|n_units=200|rho=1.1|state_noise=0.001,3,ipc,ipc_threshold_degree3,0.034520907282289175
4D_freerun_capacity,leak_rate=0.6|n_units=200|rho=1.1|state_noise=0.001,3,ipc,ipc_threshold_degree4,0.29156579871482813
4D_freerun_capacity,leak_rate=0.6|n_units=200|rho=1.1|state_noise=0.001,4,memory_capacity,mc_total,123.33186462647095
4D_freerun_capacity,leak_rate=0.6|n_units=200|rho=1.1|state_noise=0.001,4,memory_capacity,mc_total_raw,123.33186462647095
4D_freerun_capacity,leak_rate=0.6|n_units=200|rho=1.1|state_noise=0.001,4,memory_capacity,mc_threshold,0.03351481724038848
4D_freerun_capacity,leak_rate=0.6|n_units=200|rho=1.1|state_noise=0.001,4,memory_capacity,mc_effective_delay,120.9227953703841
4D_freerun_capacity,leak_rate=0.6|n_units=200|rho=1.1|state_noise=0.001,4,memory_capacity,mc_ratio,0.6166593231323547
4D_freerun_capacity,leak_rate=0.6|n_units=200|rho=1.1|state_noise=0.001,4,memory_capacity,n_delays,400.0
4D_freerun_capacity,leak_rate=0.6|n_units=200|rho=1.1|state_noise=0.001,4,ipc,ipc_total,600.5468149377748
4D_freerun_capacity,leak_rate=0.6|n_units=200|rho=1.1|state_noise=0.001,4,ipc,ipc_total_raw,600.5468149377748
4D_freerun_capacity,leak_rate=0.6|n_units=200|rho=1.1|state_noise=0.001,4,ipc,ipc_linear,59.56914094751919
4D_freerun_capacity,leak_rate=0.6|n_units=200|rho=1.1|state_noise=0.001,4,ipc,ipc_nonlinear,540.9776739902557
4D_freerun_capacity,leak_rate=0.6|n_units=200|rho=1.1|state_noise=0.001,4,ipc,n_targets,601.0
4D_freerun_capacity,leak_rate=0.6|n_units=200|rho=1.1|state_noise=0.001,4,ipc,n_targets_kept,601.0
4D_freerun_capacity,leak_rate=0.6|n_units=200|rho=1.1|state_noise=0.001,4,ipc,saturation_ratio,3.002734074688874
4D_freerun_capacity,leak_rate=0.6|n_units=200|rho=1.1|state_noise=0.001,4,ipc,ipc_threshold_degree1,0.03157307823309187
4D_freerun_capacity,leak_rate=0.6|n_units=200|rho=1.1|state_noise=0.001,4,ipc,ipc_threshold_degree2,0.4721070835462042
4D_freerun_capacity,leak_rate=0.6|n_units=200|rho=1.1|state_noise=0.001,4,ipc,ipc_threshold_degree3,0.03900085136550574
4D_freerun_capacity,leak_rate=0.6|n_units=200|rho=1.1|state_noise=0.001,4,ipc,ipc_threshold_degree4,0.31251011712542925
4D_freerun_capacity,leak_rate=0.6|n_units=200|rho=1.1|state_noise=0.01,0,memory_capacity,mc_total,95.61485225006464
4D_freerun_capacity,leak_rate=0.6|n_units=200|rho=1.1|state_noise=0.01,0,memory_capacity,mc_total_raw,95.61485225006464
4D_freerun_capacity,leak_rate=0.6|n_units=200|rho=1.1|state_noise=0.01,0,memory_capacity,mc_threshold,0.03448679729500176
4D_freerun_capacity,leak_rate=0.6|n_units=200|rho=1.1|state_noise=0.01,0,memory_capacity,mc_effective_delay,100.35799825898869
4D_freerun_capacity,leak_rate=0.6|n_units=200|rho=1.1|state_noise=0.01,0,memory_capacity,mc_ratio,0.4780742612503232
4D_freerun_capacity,leak_rate=0.6|n_units=200|rho=1.1|state_noise=0.01,0,memory_capacity,n_delays,400.0
4D_freerun_capacity,leak_rate=0.6|n_units=200|rho=1.1|state_noise=0.01,0,ipc,ipc_total,597.5278396334113
4D_freerun_capacity,leak_rate=0.6|n_units=200|rho=1.1|state_noise=0.01,0,ipc,ipc_total_raw,597.5278396334113
4D_freerun_capacity,leak_rate=0.6|n_units=200|rho=1.1|state_noise=0.01,0,ipc,ipc_linear,57.042271491464845
4D_freerun_capacity,leak_rate=0.6|n_units=200|rho=1.1|state_noise=0.01,0,ipc,ipc_nonlinear,540.4855681419465
4D_freerun_capacity,leak_rate=0.6|n_units=200|rho=1.1|state_noise=0.01,0,ipc,n_targets,601.0
4D_freerun_capacity,leak_rate=0.6|n_units=200|rho=1.1|state_noise=0.01,0,ipc,n_targets_kept,601.0
4D_freerun_capacity,leak_rate=0.6|n_units=200|rho=1.1|state_noise=0.01,0,ipc,saturation_ratio,2.9876391981670567
4D_freerun_capacity,leak_rate=0.6|n_units=200|rho=1.1|state_noise=0.01,0,ipc,ipc_threshold_degree1,0.03230621482424379
4D_freerun_capacity,leak_rate=0.6|n_units=200|rho=1.1|state_noise=0.01,0,ipc,ipc_threshold_degree2,0.46632412867413564
4D_freerun_capacity,leak_rate=0.6|n_units=200|rho=1.1|state_noise=0.01,0,ipc,ipc_threshold_degree3,0.052168712944956015
4D_freerun_capacity,leak_rate=0.6|n_units=200|rho=1.1|state_noise=0.01,0,ipc,ipc_threshold_degree4,0.28237750717959514
4D_freerun_capacity,leak_rate=0.6|n_units=200|rho=1.1|state_noise=0.01,1,memory_capacity,mc_total,114.5719863524599
4D_freerun_capacity,leak_rate=0.6|n_units=200|rho=1.1|state_noise=0.01,1,memory_capacity,mc_total_raw,114.5719863524599
4D_freerun_capacity,leak_rate=0.6|n_units=200|rho=1.1|state_noise=0.01,1,memory_capacity,mc_threshold,0.03268579914093447
4D_freerun_capacity,leak_rate=0.6|n_units=200|rho=1.1|state_noise=0.01,1,memory_capacity,mc_effective_delay,114.82659559141797
4D_freerun_capacity,leak_rate=0.6|n_units=200|rho=1.1|state_noise=0.01,1,memory_capacity,mc_ratio,0.5728599317622995
4D_freerun_capacity,leak_rate=0.6|n_units=200|rho=1.1|state_noise=0.01,1,memory_capacity,n_delays,400.0
4D_freerun_capacity,leak_rate=0.6|n_units=200|rho=1.1|state_noise=0.01,1,ipc,ipc_total,599.0282405825837
4D_freerun_capacity,leak_rate=0.6|n_units=200|rho=1.1|state_noise=0.01,1,ipc,ipc_total_raw,599.0282405825837
4D_freerun_capacity,leak_rate=0.6|n_units=200|rho=1.1|state_noise=0.01,1,ipc,ipc_linear,58.75589755214351
4D_freerun_capacity,leak_rate=0.6|n_units=200|rho=1.1|state_noise=0.01,1,ipc,ipc_nonlinear,540.2723430304402
4D_freerun_capacity,leak_rate=0.6|n_units=200|rho=1.1|state_noise=0.01,1,ipc,n_targets,601.0
4D_freerun_capacity,leak_rate=0.6|n_units=200|rho=1.1|state_noise=0.01,1,ipc,n_targets_kept,601.0
4D_freerun_capacity,leak_rate=0.6|n_units=200|rho=1.1|state_noise=0.01,1,ipc,saturation_ratio,2.9951412029129187
4D_freerun_capacity,leak_rate=0.6|n_units=200|rho=1.1|state_noise=0.01,1,ipc,ipc_threshold_degree1,0.032486768194161374
4D_freerun_capacity,leak_rate=0.6|n_units=200|rho=1.1|state_noise=0.01,1,ipc,ipc_threshold_degree2,0.5028943655096557
4D_freerun_capacity,leak_rate=0.6|n_units=200|rho=1.1|state_noise=0.01,1,ipc,ipc_threshold_degree3,0.033200927655620494
4D_freerun_capacity,leak_rate=0.6|n_units=200|rho=1.1|state_noise=0.01,1,ipc,ipc_threshold_degree4,0.3112664714418177
4D_freerun_capacity,leak_rate=0.6|n_units=200|rho=1.1|state_noise=0.01,2,memory_capacity,mc_total,96.78848449976712
4D_freerun_capacity,leak_rate=0.6|n_units=200|rho=1.1|state_noise=0.01,2,memory_capacity,mc_total_raw,96.78848449976712
4D_freerun_capacity,leak_rate=0.6|n_units=200|rho=1.1|state_noise=0.01,2,memory_capacity,mc_threshold,0.03379791228548187
4D_freerun_capacity,leak_rate=0.6|n_units=200|rho=1.1|state_noise=0.01,2,memory_capacity,mc_effective_delay,98.81427696595397
4D_freerun_capacity,leak_rate=0.6|n_units=200|rho=1.1|state_noise=0.01,2,memory_capacity,mc_ratio,0.4839424224988356
4D_freerun_capacity,leak_rate=0.6|n_units=200|rho=1.1|state_noise=0.01,2,memory_capacity,n_delays,400.0
4D_freerun_capacity,leak_rate=0.6|n_units=200|rho=1.1|state_noise=0.01,2,ipc,ipc_total,597.4473657481831
4D_freerun_capacity,leak_rate=0.6|n_units=200|rho=1.1|state_noise=0.01,2,ipc,ipc_total_raw,597.4473657481831
4D_freerun_capacity,leak_rate=0.6|n_units=200|rho=1.1|state_noise=0.01,2,ipc,ipc_linear,57.00891323706278
4D_freerun_capacity,leak_rate=0.6|n_units=200|rho=1.1|state_noise=0.01,2,ipc,ipc_nonlinear,540.4384525111203
4D_freerun_capacity,leak_rate=0.6|n_units=200|rho=1.1|state_noise=0.01,2,ipc,n_targets,601.0
4D_freerun_capacity,leak_rate=0.6|n_units=200|rho=1.1|state_noise=0.01,2,ipc,n_targets_kept,601.0
4D_freerun_capacity,leak_rate=0.6|n_units=200|rho=1.1|state_noise=0.01,2,ipc,saturation_ratio,2.9872368287409152
4D_freerun_capacity,leak_rate=0.6|n_units=200|rho=1.1|state_noise=0.01,2,ipc,ipc_threshold_degree1,0.03216528806412826
4D_freerun_capacity,leak_rate=0.6|n_units=200|rho=1.1|state_noise=0.01,2,ipc,ipc_threshold_degree2,0.49799094828620216
4D_freerun_capacity,leak_rate=0.6|n_units=200|rho=1.1|state_noise=0.01,2,ipc,ipc_threshold_degree3,0.040779587702046274
4D_freerun_capacity,leak_rate=0.6|n_units=200|rho=1.1|state_noise=0.01,2,ipc,ipc_threshold_degree4,0.28741799720615796
4D_freerun_capacity,leak_rate=0.6|n_units=200|rho=1.1|state_noise=0.01,3,memory_capacity,mc_total,94.04664944276513
4D_freerun_capacity,leak_rate=0.6|n_units=200|rho=1.1|state_noise=0.01,3,memory_capacity,mc_total_raw,94.04664944276513
4D_freerun_capacity,leak_rate=0.6|n_units=200|rho=1.1|state_noise=0.01,3,memory_capacity,mc_threshold,0.033449292788115696
4D_freerun_capacity,leak_rate=0.6|n_units=200|rho=1.1|state_noise=0.01,3,memory_capacity,mc_effective_delay,105.5063072233736
4D_freerun_capacity,leak_rate=0.6|n_units=200|rho=1.1|state_noise=0.01,3,memory_capacity,mc_ratio,0.47023324721382564
4D_freerun_capacity,leak_rate=0.6|n_units=200|rho=1.1|state_noise=0.01,3,memory_capacity,n_delays,400.0
4D_freerun_capacity,leak_rate=0.6|n_units=200|rho=1.1|state_noise=0.01,3,ipc,ipc_total,594.3043866589803
4D_freerun_capacity,leak_rate=0.6|n_units=200|rho=1.1|state_noise=0.01,3,ipc,ipc_total_raw,594.3043866589803
4D_freerun_capacity,leak_rate=0.6|n_units=200|rho=1.1|state_noise=0.01,3,ipc,ipc_linear,54.11390142929752
4D_freerun_capacity,leak_rate=0.6|n_units=200|rho=1.1|state_noise=0.01,3,ipc,ipc_nonlinear,540.1904852296828
4D_freerun_capacity,leak_rate=0.6|n_units=200|rho=1.1|state_noise=0.01,3,ipc,n_targets,601.0
4D_freerun_capacity,leak_rate=0.6|n_units=200|rho=1.1|state_noise=0.01,3,ipc,n_targets_kept,601.0
4D_freerun_capacity,leak_rate=0.6|n_units=200|rho=1.1|state_noise=0.01,3,ipc,saturation_ratio,2.9715219332949014
4D_freerun_capacity,leak_rate=0.6|n_units=200|rho=1.1|state_noise=0.01,3,ipc,ipc_threshold_degree1,0.0322917730777053
4D_freerun_capacity,leak_rate=0.6|n_units=200|rho=1.1|state_noise=0.01,3,ipc,ipc_threshold_degree2,0.5154975949774027
4D_freerun_capacity,leak_rate=0.6|n_units=200|rho=1.1|state_noise=0.01,3,ipc,ipc_threshold_degree3,0.03462215316750044
4D_freerun_capacity,leak_rate=0.6|n_units=200|rho=1.1|state_noise=0.01,3,ipc,ipc_threshold_degree4,0.2913999533490235
4D_freerun_capacity,leak_rate=0.6|n_units=200|rho=1.1|state_noise=0.01,4,memory_capacity,mc_total,104.46897107209384
4D_freerun_capacity,leak_rate=0.6|n_units=200|rho=1.1|state_noise=0.01,4,memory_capacity,mc_total_raw,104.46897107209384
4D_freerun_capacity,leak_rate=0.6|n_units=200|rho=1.1|state_noise=0.01,4,memory_capacity,mc_threshold,0.033710055743471884
4D_freerun_capacity,leak_rate=0.6|n_units=200|rho=1.1|state_noise=0.01,4,memory_capacity,mc_effective_delay,110.25866800624844
4D_freerun_capacity,leak_rate=0.6|n_units=200|rho=1.1|state_noise=0.01,4,memory_capacity,mc_ratio,0.5223448553604692
4D_freerun_capacity,leak_rate=0.6|n_units=200|rho=1.1|state_noise=0.01,4,memory_capacity,n_delays,400.0
4D_freerun_capacity,leak_rate=0.6|n_units=200|rho=1.1|state_noise=0.01,4,ipc,ipc_total,598.6349921640808
4D_freerun_capacity,leak_rate=0.6|n_units=200|rho=1.1|state_noise=0.01,4,ipc,ipc_total_raw,598.6349921640808
4D_freerun_capacity,leak_rate=0.6|n_units=200|rho=1.1|state_noise=0.01,4,ipc,ipc_linear,58.1604905050906
4D_freerun_capacity,leak_rate=0.6|n_units=200|rho=1.1|state_noise=0.01,4,ipc,ipc_nonlinear,540.4745016589902
4D_freerun_capacity,leak_rate=0.6|n_units=200|rho=1.1|state_noise=0.01,4,ipc,n_targets,601.0
4D_freerun_capacity,leak_rate=0.6|n_units=200|rho=1.1|state_noise=0.01,4,ipc,n_targets_kept,601.0
4D_freerun_capacity,leak_rate=0.6|n_units=200|rho=1.1|state_noise=0.01,4,ipc,saturation_ratio,2.993174960820404
4D_freerun_capacity,leak_rate=0.6|n_units=200|rho=1.1|state_noise=0.01,4,ipc,ipc_threshold_degree1,0.031287798120731194
4D_freerun_capacity,leak_rate=0.6|n_units=200|rho=1.1|state_noise=0.01,4,ipc,ipc_threshold_degree2,0.47214860139645354
4D_freerun_capacity,leak_rate=0.6|n_units=200|rho=1.1|state_noise=0.01,4,ipc,ipc_threshold_degree3,0.03895608342041297
4D_freerun_capacity,leak_rate=0.6|n_units=200|rho=1.1|state_noise=0.01,4,ipc,ipc_threshold_degree4,0.31295746129692015
4D_freerun_capacity,leak_rate=1|n_units=200|rho=1.1|state_noise=0,0,memory_capacity,mc_total,91.91976095993704
4D_freerun_capacity,leak_rate=1|n_units=200|rho=1.1|state_noise=0,0,memory_capacity,mc_total_raw,91.91976095993704
4D_freerun_capacity,leak_rate=1|n_units=200|rho=1.1|state_noise=0,0,memory_capacity,mc_threshold,0.03281297897187783
4D_freerun_capacity,leak_rate=1|n_units=200|rho=1.1|state_noise=0,0,memory_capacity,mc_effective_delay,98.95172970192318
4D_freerun_capacity,leak_rate=1|n_units=200|rho=1.1|state_noise=0,0,memory_capacity,mc_ratio,0.4595988047996852
4D_freerun_capacity,leak_rate=1|n_units=200|rho=1.1|state_noise=0,0,memory_capacity,n_delays,400.0
4D_freerun_capacity,leak_rate=1|n_units=200|rho=1.1|state_noise=0,0,ipc,ipc_total,596.5796423964814
4D_freerun_capacity,leak_rate=1|n_units=200|rho=1.1|state_noise=0,0,ipc,ipc_total_raw,596.5796423964814
4D_freerun_capacity,leak_rate=1|n_units=200|rho=1.1|state_noise=0,0,ipc,ipc_linear,55.58696629714596
4D_freerun_capacity,leak_rate=1|n_units=200|rho=1.1|state_noise=0,0,ipc,ipc_nonlinear,540.9926760993354
4D_freerun_capacity,leak_rate=1|n_units=200|rho=1.1|state_noise=0,0,ipc,n_targets,601.0
4D_freerun_capacity,leak_rate=1|n_units=200|rho=1.1|state_noise=0,0,ipc,n_targets_kept,601.0
4D_freerun_capacity,leak_rate=1|n_units=200|rho=1.1|state_noise=0,0,ipc,saturation_ratio,2.9828982119824072
4D_freerun_capacity,leak_rate=1|n_units=200|rho=1.1|state_noise=0,0,ipc,ipc_threshold_degree1,0.031545502630938534
4D_freerun_capacity,leak_rate=1|n_units=200|rho=1.1|state_noise=0,0,ipc,ipc_threshold_degree2,0.4662708513560597
4D_freerun_capacity,leak_rate=1|n_units=200|rho=1.1|state_noise=0,0,ipc,ipc_threshold_degree3,0.0511828184456062
4D_freerun_capacity,leak_rate=1|n_units=200|rho=1.1|state_noise=0,0,ipc,ipc_threshold_degree4,0.283124626600129
4D_freerun_capacity,leak_rate=1|n_units=200|rho=1.1|state_noise=0,1,memory_capacity,mc_total,116.54627730594675
4D_freerun_capacity,leak_rate=1|n_units=200|rho=1.1|state_noise=0,1,memory_capacity,mc_total_raw,116.54627730594675
4D_freerun_capacity,leak_rate=1|n_units=200|rho=1.1|state_noise=0,1,memory_capacity,mc_threshold,0.03381052016212189
4D_freerun_capacity,leak_rate=1|n_units=200|rho=1.1|state_noise=0,1,memory_capacity,mc_effective_delay,121.80355797264644
4D_freerun_capacity,leak_rate=1|n_units=200|rho=1.1|state_noise=0,1,memory_capacity,mc_ratio,0.5827313865297338
4D_freerun_capacity,leak_rate=1|n_units=200|rho=1.1|state_noise=0,1,memory_capacity,n_delays,400.0
4D_freerun_capacity,leak_rate=1|n_units=200|rho=1.1|state_noise=0,1,ipc,ipc_total,598.7858298151879
4D_freerun_capacity,leak_rate=1|n_units=200|rho=1.1|state_noise=0,1,ipc,ipc_total_raw,598.7858298151879
4D_freerun_capacity,leak_rate=1|n_units=200|rho=1.1|state_noise=0,1,ipc,ipc_linear,57.804597263464444
4D_freerun_capacity,leak_rate=1|n_units=200|rho=1.1|state_noise=0,1,ipc,ipc_nonlinear,540.9812325517235
4D_freerun_capacity,leak_rate=1|n_units=200|rho=1.1|state_noise=0,1,ipc,n_targets,601.0
4D_freerun_capacity,leak_rate=1|n_units=200|rho=1.1|state_noise=0,1,ipc,n_targets_kept,601.0
4D_freerun_capacity,leak_rate=1|n_units=200|rho=1.1|state_noise=0,1,ipc,saturation_ratio,2.993929149075939
4D_freerun_capacity,leak_rate=1|n_units=200|rho=1.1|state_noise=0,1,ipc,ipc_threshold_degree1,0.03229661014333191
4D_freerun_capacity,leak_rate=1|n_units=200|rho=1.1|state_noise=0,1,ipc,ipc_threshold_degree2,0.502965400891138
4D_freerun_capacity,leak_rate=1|n_units=200|rho=1.1|state_noise=0,1,ipc,ipc_threshold_degree3,0.032687549689076154
4D_freerun_capacity,leak_rate=1|n_units=200|rho=1.1|state_noise=0,1,ipc,ipc_threshold_degree4,0.3114811449807308
4D_freerun_capacity,leak_rate=1|n_units=200|rho=1.1|state_noise=0,2,memory_capacity,mc_total,90.67492345276838
4D_freerun_capacity,leak_rate=1|n_units=200|rho=1.1|state_noise=0,2,memory_capacity,mc_total_raw,90.67492345276838
4D_freerun_capacity,leak_rate=1|n_units=200|rho=1.1|state_noise=0,2,memory_capacity,mc_threshold,0.0328781386929963
4D_freerun_capacity,leak_rate=1|n_units=200|rho=1.1|state_noise=0,2,memory_capacity,mc_effective_delay,101.51740623724072
4D_freerun_capacity,leak_rate=1|n_units=200|rho=1.1|state_noise=0,2,memory_capacity,mc_ratio,0.45337461726384193
4D_freerun_capacity,leak_rate=1|n_units=200|rho=1.1|state_noise=0,2,memory_capacity,n_delays,400.0
4D_freerun_capacity,leak_rate=1|n_units=200|rho=1.1|state_noise=0,2,ipc,ipc_total,594.9179978517
4D_freerun_capacity,leak_rate=1|n_units=200|rho=1.1|state_noise=0,2,ipc,ipc_total_raw,594.9179978517
4D_freerun_capacity,leak_rate=1|n_units=200|rho=1.1|state_noise=0,2,ipc,ipc_linear,53.94161904190499
4D_freerun_capacity,leak_rate=1|n_units=200|rho=1.1|state_noise=0,2,ipc,ipc_nonlinear,540.9763788097949
4D_freerun_capacity,leak_rate=1|n_units=200|rho=1.1|state_noise=0,2,ipc,n_targets,601.0
4D_freerun_capacity,leak_rate=1|n_units=200|rho=1.1|state_noise=0,2,ipc,n_targets_kept,601.0
4D_freerun_capacity,leak_rate=1|n_units=200|rho=1.1|state_noise=0,2,ipc,saturation_ratio,2.9745899892585
4D_freerun_capacity,leak_rate=1|n_units=200|rho=1.1|state_noise=0,2,ipc,ipc_threshold_degree1,0.0318320004849894
4D_freerun_capacity,leak_rate=1|n_units=200|rho=1.1|state_noise=0,2,ipc,ipc_threshold_degree2,0.49755237805778174
4D_freerun_capacity,leak_rate=1|n_units=200|rho=1.1|state_noise=0,2,ipc,ipc_threshold_degree3,0.04203731500068251
4D_freerun_capacity,leak_rate=1|n_units=200|rho=1.1|state_noise=0,2,ipc,ipc_threshold_degree4,0.28740497408262566
4D_freerun_capacity,leak_rate=1|n_units=200|rho=1.1|state_noise=0,3,memory_capacity,mc_total,92.79113072052371
4D_freerun_capacity,leak_rate=1|n_units=200|rho=1.1|state_noise=0,3,memory_capacity,mc_total_raw,92.79113072052371
4D_freerun_capacity,leak_rate=1|n_units=200|rho=1.1|state_noise=0,3,memory_capacity,mc_threshold,0.03671597641457585
4D_freerun_capacity,leak_rate=1|n_units=200|rho=1.1|state_noise=0,3,memory_capacity,mc_effective_delay,110.6546357700392
4D_freerun_capacity,leak_rate=1|n_units=200|rho=1.1|state_noise=0,3,memory_capacity,mc_ratio,0.46395565360261853
4D_freerun_capacity,leak_rate=1|n_units=200|rho=1.1|state_noise=0,3,memory_capacity,n_delays,400.0
4D_freerun_capacity,leak_rate=1|n_units=200|rho=1.1|state_noise=0,3,ipc,ipc_total,593.5319903533255
4D_freerun_capacity,leak_rate=1|n_units=200|rho=1.1|state_noise=0,3,ipc,ipc_total_raw,593.5319903533255
4D_freerun_capacity,leak_rate=1|n_units=200|rho=1.1|state_noise=0,3,ipc,ipc_linear,52.57812904144696
4D_freerun_capacity,leak_rate=1|n_units=200|rho=1.1|state_noise=0,3,ipc,ipc_nonlinear,540.9538613118785
4D_freerun_capacity,leak_rate=1|n_units=200|rho=1.1|state_noise=0,3,ipc,n_targets,601.0
4D_freerun_capacity,leak_rate=1|n_units=200|rho=1.1|state_noise=0,3,ipc,n_targets_kept,601.0
4D_freerun_capacity,leak_rate=1|n_units=200|rho=1.1|state_noise=0,3,ipc,saturation_ratio,2.967659951766627
4D_freerun_capacity,leak_rate=1|n_units=200|rho=1.1|state_noise=0,3,ipc,ipc_threshold_degree1,0.03230285233305954
4D_freerun_capacity,leak_rate=1|n_units=200|rho=1.1|state_noise=0,3,ipc,ipc_threshold_degree2,0.5164801765775043
4D_freerun_capacity,leak_rate=1|n_units=200|rho=1.1|state_noise=0,3,ipc,ipc_threshold_degree3,0.03549167409152898
4D_freerun_capacity,leak_rate=1|n_units=200|rho=1.1|state_noise=0,3,ipc,ipc_threshold_degree4,0.29255505461970566
4D_freerun_capacity,leak_rate=1|n_units=200|rho=1.1|state_noise=0,4,memory_capacity,mc_total,112.57655623769851
4D_freerun_capacity,leak_rate=1|n_units=200|rho=1.1|state_noise=0,4,memory_capacity,mc_total_raw,112.57655623769851
4D_freerun_capacity,leak_rate=1|n_units=200|rho=1.1|state_noise=0,4,memory_capacity,mc_threshold,0.032597981700255754
4D_freerun_capacity,leak_rate=1|n_units=200|rho=1.1|state_noise=0,4,memory_capacity,mc_effective_delay,122.87945760896552
4D_freerun_capacity,leak_rate=1|n_units=200|rho=1.1|state_noise=0,4,memory_capacity,mc_ratio,0.5628827811884926
4D_freerun_capacity,leak_rate=1|n_units=200|rho=1.1|state_noise=0,4,memory_capacity,n_delays,400.0
4D_freerun_capacity,leak_rate=1|n_units=200|rho=1.1|state_noise=0,4,ipc,ipc_total,598.6346339245124
4D_freerun_capacity,leak_rate=1|n_units=200|rho=1.1|state_noise=0,4,ipc,ipc_total_raw,598.6346339245124
4D_freerun_capacity,leak_rate=1|n_units=200|rho=1.1|state_noise=0,4,ipc,ipc_linear,57.638292070908214
4D_freerun_capacity,leak_rate=1|n_units=200|rho=1.1|state_noise=0,4,ipc,ipc_nonlinear,540.9963418536042
4D_freerun_capacity,leak_rate=1|n_units=200|rho=1.1|state_noise=0,4,ipc,n_targets,601.0
4D_freerun_capacity,leak_rate=1|n_units=200|rho=1.1|state_noise=0,4,ipc,n_targets_kept,601.0
4D_freerun_capacity,leak_rate=1|n_units=200|rho=1.1|state_noise=0,4,ipc,saturation_ratio,2.993173169622562
4D_freerun_capacity,leak_rate=1|n_units=200|rho=1.1|state_noise=0,4,ipc,ipc_threshold_degree1,0.031820125866434956
4D_freerun_capacity,leak_rate=1|n_units=200|rho=1.1|state_noise=0,4,ipc,ipc_threshold_degree2,0.47235149490181105
4D_freerun_capacity,leak_rate=1|n_units=200|rho=1.1|state_noise=0,4,ipc,ipc_threshold_degree3,0.03871746986038146
4D_freerun_capacity,leak_rate=1|n_units=200|rho=1.1|state_noise=0,4,ipc,ipc_threshold_degree4,0.312500317460047
4D_freerun_capacity,leak_rate=1|n_units=200|rho=1.1|state_noise=0.0001,0,memory_capacity,mc_total,90.1796417053007
4D_freerun_capacity,leak_rate=1|n_units=200|rho=1.1|state_noise=0.0001,0,memory_capacity,mc_total_raw,90.1796417053007
4D_freerun_capacity,leak_rate=1|n_units=200|rho=1.1|state_noise=0.0001,0,memory_capacity,mc_threshold,0.03280908850087074
4D_freerun_capacity,leak_rate=1|n_units=200|rho=1.1|state_noise=0.0001,0,memory_capacity,mc_effective_delay,97.74480297095107
4D_freerun_capacity,leak_rate=1|n_units=200|rho=1.1|state_noise=0.0001,0,memory_capacity,mc_ratio,0.4508982085265035
4D_freerun_capacity,leak_rate=1|n_units=200|rho=1.1|state_noise=0.0001,0,memory_capacity,n_delays,400.0
4D_freerun_capacity,leak_rate=1|n_units=200|rho=1.1|state_noise=0.0001,0,ipc,ipc_total,596.1653859765621
4D_freerun_capacity,leak_rate=1|n_units=200|rho=1.1|state_noise=0.0001,0,ipc,ipc_total_raw,596.1653859765621
4D_freerun_capacity,leak_rate=1|n_units=200|rho=1.1|state_noise=0.0001,0,ipc,ipc_linear,55.17645155059193
4D_freerun_capacity,leak_rate=1|n_units=200|rho=1.1|state_noise=0.0001,0,ipc,ipc_nonlinear,540.9889344259702
4D_freerun_capacity,leak_rate=1|n_units=200|rho=1.1|state_noise=0.0001,0,ipc,n_targets,601.0
4D_freerun_capacity,leak_rate=1|n_units=200|rho=1.1|state_noise=0.0001,0,ipc,n_targets_kept,601.0
4D_freerun_capacity,leak_rate=1|n_units=200|rho=1.1|state_noise=0.0001,0,ipc,saturation_ratio,2.9808269298828107
4D_freerun_capacity,leak_rate=1|n_units=200|rho=1.1|state_noise=0.0001,0,ipc,ipc_threshold_degree1,0.032441376005169914
4D_freerun_capacity,leak_rate=1|n_units=200|rho=1.1|state_noise=0.0001,0,ipc,ipc_threshold_degree2,0.4658898254716454
4D_freerun_capacity,leak_rate=1|n_units=200|rho=1.1|state_noise=0.0001,0,ipc,ipc_threshold_degree3,0.051387032869968895
4D_freerun_capacity,leak_rate=1|n_units=200|rho=1.1|state_noise=0.0001,0,ipc,ipc_threshold_degree4,0.2831550574846947
4D_freerun_capacity,leak_rate=1|n_units=200|rho=1.1|state_noise=0.0001,1,memory_capacity,mc_total,114.98893933858929
4D_freerun_capacity,leak_rate=1|n_units=200|rho=1.1|state_noise=0.0001,1,memory_capacity,mc_total_raw,114.98893933858929
4D_freerun_capacity,leak_rate=1|n_units=200|rho=1.1|state_noise=0.0001,1,memory_capacity,mc_threshold,0.03354264623686855
4D_freerun_capacity,leak_rate=1|n_units=200|rho=1.1|state_noise=0.0001,1,memory_capacity,mc_effective_delay,120.86356219839125
4D_freerun_capacity,leak_rate=1|n_units=200|rho=1.1|state_noise=0.0001,1,memory_capacity,mc_ratio,0.5749446966929465
4D_freerun_capacity,leak_rate=1|n_units=200|rho=1.1|state_noise=0.0001,1,memory_capacity,n_delays,400.0
4D_freerun_capacity,leak_rate=1|n_units=200|rho=1.1|state_noise=0.0001,1,ipc,ipc_total,598.6286209389292
4D_freerun_capacity,leak_rate=1|n_units=200|rho=1.1|state_noise=0.0001,1,ipc,ipc_total_raw,598.6286209389292
4D_freerun_capacity,leak_rate=1|n_units=200|rho=1.1|state_noise=0.0001,1,ipc,ipc_linear,57.6538534112307
4D_freerun_capacity,leak_rate=1|n_units=200|rho=1.1|state_noise=0.0001,1,ipc,ipc_nonlinear,540.9747675276985
4D_freerun_capacity,leak_rate=1|n_units=200|rho=1.1|state_noise=0.0001,1,ipc,n_targets,601.0
4D_freerun_capacity,leak_rate=1|n_units=200|rho=1.1|state_noise=0.0001,1,ipc,n_targets_kept,601.0
4D_freerun_capacity,leak_rate=1|n_units=200|rho=1.1|state_noise=0.0001,1,ipc,saturation_ratio,2.993143104694646
4D_freerun_capacity,leak_rate=1|n_units=200|rho=1.1|state_noise=0.0001,1,ipc,ipc_threshold_degree1,0.03211686361139725
4D_freerun_capacity,leak_rate=1|n_units=200|rho=1.1|state_noise=0.0001,1,ipc,ipc_threshold_degree2,0.5028007462600025
4D_freerun_capacity,leak_rate=1|n_units=200|rho=1.1|state_noise=0.0001,1,ipc,ipc_threshold_degree3,0.03305402689656319
4D_freerun_capacity,leak_rate=1|n_units=200|rho=1.1|state_noise=0.0001,1,ipc,ipc_threshold_degree4,0.3113812562662922
4D_freerun_capacity,leak_rate=1|n_units=200|rho=1.1|state_noise=0.0001,2,memory_capacity,mc_total,89.59504214837142
4D_freerun_capacity,leak_rate=1|n_units=200|rho=1.1|state_noise=0.0001,2,memory_capacity,mc_total_raw,89.59504214837142
4D_freerun_capacity,leak_rate=1|n_units=200|rho=1.1|state_noise=0.0001,2,memory_capacity,mc_threshold,0.03313814596381778
4D_freerun_capacity,leak_rate=1|n_units=200|rho=1.1|state_noise=0.0001,2,memory_capacity,mc_effective_delay,100.49516252057167
4D_freerun_capacity,leak_rate=1|n_units=200|rho=1.1|state_noise=0.0001,2,memory_capacity,mc_ratio,0.4479752107418571
4D_freerun_capacity,leak_rate=1|n_units=200|rho=1.1|state_noise=0.0001,2,memory_capacity,n_delays,400.0
4D_freerun_capacity,leak_rate=1|n_units=200|rho=1.1|state_noise=0.0001,2,ipc,ipc_total,594.6438406402673
4D_freerun_capacity,leak_rate=1|n_units=200|rho=1.1|state_noise=0.0001,2,ipc,ipc_total_raw,594.6438406402673
4D_freerun_capacity,leak_rate=1|n_units=200|rho=1.1|state_noise=0.0001,2,ipc,ipc_linear,53.6736980908398
4D_freerun_capacity,leak_rate=1|n_units=200|rho=1.1|state_noise=0.0001,2,ipc,ipc_nonlinear,540.9701425494275
4D_freerun_capacity,leak_rate=1|n_units=200|rho=1.1|state_noise=0.0001,2,ipc,n_targets,601.0
4D_freerun_capacity,leak_rate=1|n_units=200|rho=1.1|state_noise=0.0001,2,ipc,n_targets_kept,601.0
4D_freerun_capacity,leak_rate=1|n_units=200|rho=1.1|state_noise=0.0001,2,ipc,saturation_ratio,2.9732192032013365
4D_freerun_capacity,leak_rate=1|n_units=200|rho=1.1|state_noise=0.0001,2,ipc,ipc_threshold_degree1,0.03192240780442826
4D_freerun_capacity,leak_rate=1|n_units=200|rho=1.1|state_noise=0.0001,2,ipc,ipc_threshold_degree2,0.49752514353125393
4D_freerun_capacity,leak_rate=1|n_units=200|rho=1.1|state_noise=0.0001,2,ipc,ipc_threshold_degree3,0.04244768313442629
4D_freerun_capacity,leak_rate=1|n_units=200|rho=1.1|state_noise=0.0001,2,ipc,ipc_threshold_degree4,0.287365406573568
4D_freerun_capacity,leak_rate=1|n_units=200|rho=1.1|state_noise=0.0001,3,memory_capacity,mc_total,91.94502953725787
4D_freerun_capacity,leak_rate=1|n_units=200|rho=1.1|state_noise=0.0001,3,memory_capacity,mc_total_raw,91.94502953725787
4D_freerun_capacity,leak_rate=1|n_units=200|rho=1.1|state_noise=0.0001,3,memory_capacity,mc_threshold,0.036087321270673975
4D_freerun_capacity,leak_rate=1|n_units=200|rho=1.1|state_noise=0.0001,3,memory_capacity,mc_effective_delay,109.9501728476075
4D_freerun_capacity,leak_rate=1|n_units=200|rho=1.1|state_noise=0.0001,3,memory_capacity,mc_ratio,0.45972514768628936
4D_freerun_capacity,leak_rate=1|n_units=200|rho=1.1|state_noise=0.0001,3,memory_capacity,n_delays,400.0
4D_freerun_capacity,leak_rate=1|n_units=200|rho=1.1|state_noise=0.0001,3,ipc,ipc_total,593.3296393899737
4D_freerun_capacity,leak_rate=1|n_units=200|rho=1.1|state_noise=0.0001,3,ipc,ipc_total_raw,593.3296393899737
4D_freerun_capacity,leak_rate=1|n_units=200|rho=1.1|state_noise=0.0001,3,ipc,ipc_linear,52.382692293347645
4D_freerun_capacity,leak_rate=1|n_units=200|rho=1.1|state_noise=0.0001,3,ipc,ipc_nonlinear,540.9469470966261
4D_freerun_capacity,leak_rate=1|n_units=200|rho=1.1|state_noise=0.0001,3,ipc,n_targets,601.0
4D_freerun_capacity,leak_rate=1|n_units=200|rho=1.1|state_noise=0.0001,3,ipc,n_targets_kept,601.0
4D_freerun_capacity,leak_rate=1|n_units=200|rho=1.1|state_noise=0.0001,3,ipc,saturation_ratio,2.9666481969498686
4D_freerun_capacity,leak_rate=1|n_units=200|rho=1.1|state_noise=0.0001,3,ipc,ipc_threshold_degree1,0.03268435882360428
4D_freerun_capacity,leak_rate=1|n_units=200|rho=1.1|state_noise=0.0001,3,ipc,ipc_threshold_degree2,0.5160554643609958
4D_freerun_capacity,leak_rate=1|n_units=200|rho=1.1|state_noise=0.0001,3,ipc,ipc_threshold_degree3,0.0358210988256416
4D_freerun_capacity,leak_rate=1|n_units=200|rho=1.1|state_noise=0.0001,3,ipc,ipc_threshold_degree4,0.2923500594386082
4D_freerun_capacity,leak_rate=1|n_units=200|rho=1.1|state_noise=0.0001,4,memory_capacity,mc_total,109.49548882134033
4D_freerun_capacity,leak_rate=1|n_units=200|rho=1.1|state_noise=0.0001,4,memory_capacity,mc_total_raw,109.49548882134033
4D_freerun_capacity,leak_rate=1|n_units=200|rho=1.1|state_noise=0.0001,4,memory_capacity,mc_threshold,0.032567583300685904
4D_freerun_capacity,leak_rate=1|n_units=200|rho=1.1|state_noise=0.0001,4,memory_capacity,mc_effective_delay,120.96803043445048
4D_freerun_capacity,leak_rate=1|n_units=200|rho=1.1|state_noise=0.0001,4,memory_capacity,mc_ratio,0.5474774441067016
4D_freerun_capacity,leak_rate=1|n_units=200|rho=1.1|state_noise=0.0001,4,memory_capacity,n_delays,400.0
4D_freerun_capacity,leak_rate=1|n_units=200|rho=1.1|state_noise=0.0001,4,ipc,ipc_total,598.198611962863
4D_freerun_capacity,leak_rate=1|n_units=200|rho=1.1|state_noise=0.0001,4,ipc,ipc_total_raw,598.198611962863
4D_freerun_capacity,leak_rate=1|n_units=200|rho=1.1|state_noise=0.0001,4,ipc,ipc_linear,57.20580565036715
4D_freerun_capacity,leak_rate=1|n_units=200|rho=1.1|state_noise=0.0001,4,ipc,ipc_nonlinear,540.9928063124959
4D_freerun_capacity,leak_rate=1|n_units=200|rho=1.1|state_noise=0.0001,4,ipc,n_targets,601.0
4D_freerun_capacity,leak_rate=1|n_units=200|rho=1.1|state_noise=0.0001,4,ipc,n_targets_kept,601.0
4D_freerun_capacity,leak_rate=1|n_units=200|rho=1.1|state_noise=0.0001,4,ipc,saturation_ratio,2.990993059814315
4D_freerun_capacity,leak_rate=1|n_units=200|rho=1.1|state_noise=0.0001,4,ipc,ipc_threshold_degree1,0.03188494005364159
4D_freerun_capacity,leak_rate=1|n_units=200|rho=1.1|state_noise=0.0001,4,ipc,ipc_threshold_degree2,0.47256192141732944
4D_freerun_capacity,leak_rate=1|n_units=200|rho=1.1|state_noise=0.0001,4,ipc,ipc_threshold_degree3,0.03864113878196431
4D_freerun_capacity,leak_rate=1|n_units=200|rho=1.1|state_noise=0.0001,4,ipc,ipc_threshold_degree4,0.31309083329263093
4D_freerun_capacity,leak_rate=1|n_units=200|rho=1.1|state_noise=0.001,0,memory_capacity,mc_total,83.11906144663199
4D_freerun_capacity,leak_rate=1|n_units=200|rho=1.1|state_noise=0.001,0,memory_capacity,mc_total_raw,83.11906144663199
4D_freerun_capacity,leak_rate=1|n_units=200|rho=1.1|state_noise=0.001,0,memory_capacity,mc_threshold,0.0329655791530871
4D_freerun_capacity,leak_rate=1|n_units=200|rho=1.1|state_noise=0.001,0,memory_capacity,mc_effective_delay,94.53132051853721
4D_freerun_capacity,leak_rate=1|n_units=200|rho=1.1|state_noise=0.001,0,memory_capacity,mc_ratio,0.41559530723315996
4D_freerun_capacity,leak_rate=1|n_units=200|rho=1.1|state_noise=0.001,0,memory_capacity,n_delays,400.0
4D_freerun_capacity,leak_rate=1|n_units=200|rho=1.1|state_noise=0.001,0,ipc,ipc_total,593.7452979412271
4D_freerun_capacity,leak_rate=1|n_units=200|rho=1.1|state_noise=0.001,0,ipc,ipc_total_raw,593.7452979412271
4D_freerun_capacity,leak_rate=1|n_units=200|rho=1.1|state_noise=0.001,0,ipc,ipc_linear,52.82071860713335
4D_freerun_capacity,leak_rate=1|n_units=200|rho=1.1|state_noise=0.001,0,ipc,ipc_nonlinear,540.9245793340938
4D_freerun_capacity,leak_rate=1|n_units=200|rho=1.1|state_noise=0.001,0,ipc,n_targets,601.0
4D_freerun_capacity,leak_rate=1|n_units=200|rho=1.1|state_noise=0.001,0,ipc,n_targets_kept,601.0
4D_freerun_capacity,leak_rate=1|n_units=200|rho=1.1|state_noise=0.001,0,ipc,saturation_ratio,2.968726489706136
4D_freerun_capacity,leak_rate=1|n_units=200|rho=1.1|state_noise=0.001,0,ipc,ipc_threshold_degree1,0.031697973600287505
4D_freerun_capacity,leak_rate=1|n_units=200|rho=1.1|state_noise=0.001,0,ipc,ipc_threshold_degree2,0.46605590047216805
4D_freerun_capacity,leak_rate=1|n_units=200|rho=1.1|state_noise=0.001,0,ipc,ipc_threshold_degree3,0.051920878309443905
4D_freerun_capacity,leak_rate=1|n_units=200|rho=1.1|state_noise=0.001,0,ipc,ipc_threshold_degree4,0.283010566595925
4D_freerun_capacity,leak_rate=1|n_units=200|rho=1.1|state_noise=0.001,1,memory_capacity,mc_total,105.39690275054375
4D_freerun_capacity,leak_rate=1|n_units=200|rho=1.1|state_noise=0.001,1,memory_capacity,mc_total_raw,105.39690275054375
4D_freerun_capacity,leak_rate=1|n_units=200|rho=1.1|state_noise=0.001,1,memory_capacity,mc_threshold,0.03419329853142444
4D_freerun_capacity,leak_rate=1|n_units=200|rho=1.1|state_noise=0.001,1,memory_capacity,mc_effective_delay,115.05229510844688
4D_freerun_capacity,leak_rate=1|n_units=200|rho=1.1|state_noise=0.001,1,memory_capacity,mc_ratio,0.5269845137527187
4D_freerun_capacity,leak_rate=1|n_units=200|rho=1.1|state_noise=0.001,1,memory_capacity,n_delays,400.0
4D_freerun_capacity,leak_rate=1|n_units=200|rho=1.1|state_noise=0.001,1,ipc,ipc_total,597.215618996704
4D_freerun_capacity,leak_rate=1|n_units=200|rho=1.1|state_noise=0.001,1,ipc,ipc_total_raw,597.215618996704
4D_freerun_capacity,leak_rate=1|n_units=200|rho=1.1|state_noise=0.001,1,ipc,ipc_linear,56.351982591725886
4D_freerun_capacity,leak_rate=1|n_units=200|rho=1.1|state_noise=0.001,1,ipc,ipc_nonlinear,540.8636364049781
4D_freerun_capacity,leak_rate=1|n_units=200|rho=1.1|state_noise=0.001,1,ipc,n_targets,601.0
4D_freerun_capacity,leak_rate=1|n_units=200|rho=1.1|state_noise=0.001,1,ipc,n_targets_kept,601.0
4D_freerun_capacity,leak_rate=1|n_units=200|rho=1.1|state_noise=0.001,1,ipc,saturation_ratio,2.98607809498352
4D_freerun_capacity,leak_rate=1|n_units=200|rho=1.1|state_noise=0.001,1,ipc,ipc_threshold_degree1,0.032492525676953724
4D_freerun_capacity,leak_rate=1|n_units=200|rho=1.1|state_noise=0.001,1,ipc,ipc_threshold_degree2,0.5025343136761729
4D_freerun_capacity,leak_rate=1|n_units=200|rho=1.1|state_noise=0.001,1,ipc,ipc_threshold_degree3,0.03315741173222761
4D_freerun_capacity,leak_rate=1|n_units=200|rho=1.1|state_noise=0.001,1,ipc,ipc_threshold_degree4,0.3108716634598766
4D_freerun_capacity,leak_rate=1|n_units=200|rho=1.1|state_noise=0.001,2,memory_capacity,mc_total,81.99151291524454
4D_freerun_capacity,leak_rate=1|n_units=200|rho=1.1|state_noise=0.001,2,memory_capacity,mc_total_raw,81.99151291524454
4D_freerun_capacity,leak_rate=1|n_units=200|rho=1.1|state_noise=0.001,2,memory_capacity,mc_threshold,0.03255261054646816
4D_freerun_capacity,leak_rate=1|n_units=200|rho=1.1|state_noise=0.001,2,memory_capacity,mc_effective_delay,93.02060976516283
4D_freerun_capacity,leak_rate=1|n_units=200|rho=1.1|state_noise=0.001,2,memory_capacity,mc_ratio,0.40995756457622273
4D_freerun_capacity,leak_rate=1|n_units=200|rho=1.1|state_noise=0.001,2,memory_capacity,n_delays,400.0
4D_freerun_capacity,leak_rate=1|n_units=200|rho=1.1|state_noise=0.001,2,ipc,ipc_total,592.3652457822794
4D_freerun_capacity,leak_rate=1|n_units=200|rho=1.1|state_noise=0.001,2,ipc,ipc_total_raw,592.3652457822794
4D_freerun_capacity,leak_rate=1|n_units=200|rho=1.1|state_noise=0.001,2,ipc,ipc_linear,51.49987086372316
4D_freerun_capacity,leak_rate=1|n_units=200|rho=1.1|state_noise=0.001,2,ipc,ipc_nonlinear,540.8653749185563
4D_freerun_capacity,leak_rate=1|n_units=200|rho=1.1|state_noise=0.001,2,ipc,n_targets,601.0
4D_freerun_capacity,leak_rate=1|n_units=200|rho=1.1|state_noise=0.001,2,ipc,n_targets_kept,601.0
4D_freerun_capacity,leak_rate=1|n_units=200|rho=1.1|state_noise=0.001,2,ipc,saturation_ratio,2.9618262289113972
4D_freerun_capacity,leak_rate=1|n_units=200|rho=1.1|state_noise=0.001,2,ipc,ipc_threshold_degree1,0.031670000792602536
4D_freerun_capacity,leak_rate=1|n_units=200|rho=1.1|state_noise=0.001,2,ipc,ipc_threshold_degree2,0.4976571786912519
4D_freerun_capacity,leak_rate=1|n_units=200|rho=1.1|state_noise=0.001,2,ipc,ipc_threshold_degree3,0.042455492806033196
4D_freerun_capacity,leak_rate=1|n_units=200|rho=1.1|state_noise=0.001,2,ipc,ipc_threshold_degree4,0.28756623142112164
4D_freerun_capacity,leak_rate=1|n_units=200|rho=1.1|state_noise=0.001,3,memory_capacity,mc_total,84.21989577540313
4D_freerun_capacity,leak_rate=1|n_units=200|rho=1.1|state_noise=0.001,3,memory_capacity,mc_total_raw,84.21989577540313
4D_freerun_capacity,leak_rate=1|n_units=200|rho=1.1|state_noise=0.001,3,memory_capacity,mc_threshold,0.03573279345670307
4D_freerun_capacity,leak_rate=1|n_units=200|rho=1.1|state_noise=0.001,3,memory_capacity,mc_effective_delay,104.0255877392223
4D_freerun_capacity,leak_rate=1|n_units=200|rho=1.1|state_noise=0.001,3,memory_capacity,mc_ratio,0.42109947887701565
4D_freerun_capacity,leak_rate=1|n_units=200|rho=1.1|state_noise=0.001,3,memory_capacity,n_delays,400.0
4D_freerun_capacity,leak_rate=1|n_units=200|rho=1.1|state_noise=0.001,3,ipc,ipc_total,590.857119030373
4D_freerun_capacity,leak_rate=1|n_units=200|rho=1.1|state_noise=0.001,3,ipc,ipc_total_raw,590.857119030373
4D_freerun_capacity,leak_rate=1|n_units=200|rho=1.1|state_noise=0.001,3,ipc,ipc_linear,50.053876946672
4D_freerun_capacity,leak_rate=1|n_units=200|rho=1.1|state_noise=0.001,3,ipc,ipc_nonlinear,540.8032420837011
4D_freerun_capacity,leak_rate=1|n_units=200|rho=1.1|state_noise=0.001,3,ipc,n_targets,601.0
4D_freerun_capacity,leak_rate=1|n_units=200|rho=1.1|state_noise=0.001,3,ipc,n_targets_kept,601.0
4D_freerun_capacity,leak_rate=1|n_units=200|rho=1.1|state_noise=0.001,3,ipc,saturation_ratio,2.954285595151865
4D_freerun_capacity,leak_rate=1|n_units=200|rho=1.1|state_noise=0.001,3,ipc,ipc_threshold_degree1,0.03279253251001799
4D_freerun_capacity,leak_rate=1|n_units=200|rho=1.1|state_noise=0.001,3,ipc,ipc_threshold_degree2,0.516242427972273
4D_freerun_capacity,leak_rate=1|n_units=200|rho=1.1|state_noise=0.001,3,ipc,ipc_threshold_degree3,0.03514810877370928
4D_freerun_capacity,leak_rate=1|n_units=200|rho=1.1|state_noise=0.001,3,ipc,ipc_threshold_degree4,0.29203639075821003
4D_freerun_capacity,leak_rate=1|n_units=200|rho=1.1|state_noise=0.001,4,memory_capacity,mc_total,97.98077289704722
4D_freerun_capacity,leak_rate=1|n_units=200|rho=1.1|state_noise=0.001,4,memory_capacity,mc_total_raw,97.98077289704722
4D_freerun_capacity,leak_rate=1|n_units=200|rho=1.1|state_noise=0.001,4,memory_capacity,mc_threshold,0.03433290429131794
4D_freerun_capacity,leak_rate=1|n_units=200|rho=1.1|state_noise=0.001,4,memory_capacity,mc_effective_delay,113.26284513731191
4D_freerun_capacity,leak_rate=1|n_units=200|rho=1.1|state_noise=0.001,4,memory_capacity,mc_ratio,0.4899038644852361
4D_freerun_capacity,leak_rate=1|n_units=200|rho=1.1|state_noise=0.001,4,memory_capacity,n_delays,400.0
4D_freerun_capacity,leak_rate=1|n_units=200|rho=1.1|state_noise=0.001,4,ipc,ipc_total,596.2505299647955
4D_freerun_capacity,leak_rate=1|n_units=200|rho=1.1|state_noise=0.001,4,ipc,ipc_total_raw,596.2505299647955
4D_freerun_capacity,leak_rate=1|n_units=200|rho=1.1|state_noise=0.001,4,ipc,ipc_linear,55.31322803090088
4D_freerun_capacity,leak_rate=1|n_units=200|rho=1.1|state_noise=0.001,4,ipc,ipc_nonlinear,540.9373019338947
4D_freerun_capacity,leak_rate=1|n_units=200|rho=1.1|state_noise=0.001,4,ipc,n_targets,601.0
4D_freerun_capacity,leak_rate=1|n_units=200|rho=1.1|state_noise=0.001,4,ipc,n_targets_kept,601.0
4D_freerun_capacity,leak_rate=1|n_units=200|rho=1.1|state_noise=0.001,4,ipc,saturation_ratio,2.9812526498239778
4D_freerun_capacity,leak_rate=1|n_units=200|rho=1.1|state_noise=0.001,4,ipc,ipc_threshold_degree1,0.03211227522072493
4D_freerun_capacity,leak_rate=1|n_units=200|rho=1.1|state_noise=0.001,4,ipc,ipc_threshold_degree2,0.472226394042908
4D_freerun_capacity,leak_rate=1|n_units=200|rho=1.1|state_noise=0.001,4,ipc,ipc_threshold_degree3,0.03867671563905347
4D_freerun_capacity,leak_rate=1|n_units=200|rho=1.1|state_noise=0.001,4,ipc,ipc_threshold_degree4,0.3132244857749832
4D_freerun_capacity,leak_rate=1|n_units=200|rho=1.1|state_noise=0.01,0,memory_capacity,mc_total,72.98459590067655
4D_freerun_capacity,leak_rate=1|n_units=200|rho=1.1|state_noise=0.01,0,memory_capacity,mc_total_raw,72.98459590067655
4D_freerun_capacity,leak_rate=1|n_units=200|rho=1.1|state_noise=0.01,0,memory_capacity,mc_threshold,0.03271446307935409
4D_freerun_capacity,leak_rate=1|n_units=200|rho=1.1|state_noise=0.01,0,memory_capacity,mc_effective_delay,88.35817730718648
4D_freerun_capacity,leak_rate=1|n_units=200|rho=1.1|state_noise=0.01,0,memory_capacity,mc_ratio,0.36492297950338276
4D_freerun_capacity,leak_rate=1|n_units=200|rho=1.1|state_noise=0.01,0,memory_capacity,n_delays,400.0
4D_freerun_capacity,leak_rate=1|n_units=200|rho=1.1|state_noise=0.01,0,ipc,ipc_total,588.3686500971291
4D_freerun_capacity,leak_rate=1|n_units=200|rho=1.1|state_noise=0.01,0,ipc,ipc_total_raw,588.3686500971291
4D_freerun_capacity,leak_rate=1|n_units=200|rho=1.1|state_noise=0.01,0,ipc,ipc_linear,48.92054014171343
4D_freerun_capacity,leak_rate=1|n_units=200|rho=1.1|state_noise=0.01,0,ipc,ipc_nonlinear,539.4481099554157
4D_freerun_capacity,leak_rate=1|n_units=200|rho=1.1|state_noise=0.01,0,ipc,n_targets,601.0
4D_freerun_capacity,leak_rate=1|n_units=200|rho=1.1|state_noise=0.01,0,ipc,n_targets_kept,601.0
4D_freerun_capacity,leak_rate=1|n_units=200|rho=1.1|state_noise=0.01,0,ipc,saturation_ratio,2.9418432504856455
4D_freerun_capacity,leak_rate=1|n_units=200|rho=1.1|state_noise=0.01,0,ipc,ipc_threshold_degree1,0.031559873167672066
4D_freerun_capacity,leak_rate=1|n_units=200|rho=1.1|state_noise=0.01,0,ipc,ipc_threshold_degree2,0.46634491213769125
4D_freerun_capacity,leak_rate=1|n_units=200|rho=1.1|state_noise=0.01,0,ipc,ipc_threshold_degree3,0.050976054026119454
4D_freerun_capacity,leak_rate=1|n_units=200|rho=1.1|state_noise=0.01,0,ipc,ipc_threshold_degree4,0.2824960197258389
4D_freerun_capacity,leak_rate=1|n_units=200|rho=1.1|state_noise=0.01,1,memory_capacity,mc_total,89.31097799305024
4D_freerun_capacity,leak_rate=1|n_units=200|rho=1.1|state_noise=0.01,1,memory_capacity,mc_total_raw,89.31097799305024
4D_freerun_capacity,leak_rate=1|n_units=200|rho=1.1|state_noise=0.01,1,memory_capacity,mc_threshold,0.03378311071588746
4D_freerun_capacity,leak_rate=1|n_units=200|rho=1.1|state_noise=0.01,1,memory_capacity,mc_effective_delay,104.15955238123686
4D_freerun_capacity,leak_rate=1|n_units=200|rho=1.1|state_noise=0.01,1,memory_capacity,mc_ratio,0.4465548899652512
4D_freerun_capacity,leak_rate=1|n_units=200|rho=1.1|state_noise=0.01,1,memory_capacity,n_delays,400.0
4D_freerun_capacity,leak_rate=1|n_units=200|rho=1.1|state_noise=0.01,1,ipc,ipc_total,591.9627313085219
4D_freerun_capacity,leak_rate=1|n_units=200|rho=1.1|state_noise=0.01,1,ipc,ipc_total_raw,591.9627313085219
4D_freerun_capacity,leak_rate=1|n_units=200|rho=1.1|state_noise=0.01,1,ipc,ipc_linear,53.001923027211966
4D_freerun_capacity,leak_rate=1|n_units=200|rho=1.1|state_noise=0.01,1,ipc,ipc_nonlinear,538.9608082813099
4D_freerun_capacity,leak_rate=1|n_units=200|rho=1.1|state_noise=0.01,1,ipc,n_targets,601.0
4D_freerun_capacity,leak_rate=1|n_units=200|rho=1.1|state_noise=0.01,1,ipc,n_targets_kept,601.0
4D_freerun_capacity,leak_rate=1|n_units=200|rho=1.1|state_noise=0.01,1,ipc,saturation_ratio,2.9598136565426096
4D_freerun_capacity,leak_rate=1|n_units=200|rho=1.1|state_noise=0.01,1,ipc,ipc_threshold_degree1,0.03264499080913708
4D_freerun_capacity,leak_rate=1|n_units=200|rho=1.1|state_noise=0.01,1,ipc,ipc_threshold_degree2,0.502084268760341
4D_freerun_capacity,leak_rate=1|n_units=200|rho=1.1|state_noise=0.01,1,ipc,ipc_threshold_degree3,0.03333714362131761
4D_freerun_capacity,leak_rate=1|n_units=200|rho=1.1|state_noise=0.01,1,ipc,ipc_threshold_degree4,0.3115742011329642
4D_freerun_capacity,leak_rate=1|n_units=200|rho=1.1|state_noise=0.01,2,memory_capacity,mc_total,69.89923679982017
4D_freerun_capacity,leak_rate=1|n_units=200|rho=1.1|state_noise=0.01,2,memory_capacity,mc_total_raw,69.89923679982017
4D_freerun_capacity,leak_rate=1|n_units=200|rho=1.1|state_noise=0.01,2,memory_capacity,mc_threshold,0.032610487230885755
4D_freerun_capacity,leak_rate=1|n_units=200|rho=1.1|state_noise=0.01,2,memory_capacity,mc_effective_delay,80.70099560071756
4D_freerun_capacity,leak_rate=1|n_units=200|rho=1.1|state_noise=0.01,2,memory_capacity,mc_ratio,0.3494961839991009
4D_freerun_capacity,leak_rate=1|n_units=200|rho=1.1|state_noise=0.01,2,memory_capacity,n_delays,400.0
4D_freerun_capacity,leak_rate=1|n_units=200|rho=1.1|state_noise=0.01,2,ipc,ipc_total,586.251071089779
4D_freerun_capacity,leak_rate=1|n_units=200|rho=1.1|state_noise=0.01,2,ipc,ipc_total_raw,586.251071089779
4D_freerun_capacity,leak_rate=1|n_units=200|rho=1.1|state_noise=0.01,2,ipc,ipc_linear,47.08104508098932
4D_freerun_capacity,leak_rate=1|n_units=200|rho=1.1|state_noise=0.01,2,ipc,ipc_nonlinear,539.1700260087897
4D_freerun_capacity,leak_rate=1|n_units=200|rho=1.1|state_noise=0.01,2,ipc,n_targets,601.0
4D_freerun_capacity,leak_rate=1|n_units=200|rho=1.1|state_noise=0.01,2,ipc,n_targets_kept,601.0
4D_freerun_capacity,leak_rate=1|n_units=200|rho=1.1|state_noise=0.01,2,ipc,saturation_ratio,2.931255355448895
4D_freerun_capacity,leak_rate=1|n_units=200|rho=1.1|state_noise=0.01,2,ipc,ipc_threshold_degree1,0.030736387789911945
4D_freerun_capacity,leak_rate=1|n_units=200|rho=1.1|state_noise=0.01,2,ipc,ipc_threshold_degree2,0.49803467997559514
4D_freerun_capacity,leak_rate=1|n_units=200|rho=1.1|state_noise=0.01,2,ipc,ipc_threshold_degree3,0.04104633915646913
4D_freerun_capacity,leak_rate=1|n_units=200|rho=1.1|state_noise=0.01,2,ipc,ipc_threshold_degree4,0.2869734967254511
4D_freerun_capacity,leak_rate=1|n_units=200|rho=1.1|state_noise=0.01,3,memory_capacity,mc_total,72.23611895832435
4D_freerun_capacity,leak_rate=1|n_units=200|rho=1.1|state_noise=0.01,3,memory_capacity,mc_total_raw,72.23611895832435
4D_freerun_capacity,leak_rate=1|n_units=200|rho=1.1|state_noise=0.01,3,memory_capacity,mc_threshold,0.03403511081504269
4D_freerun_capacity,leak_rate=1|n_units=200|rho=1.1|state_noise=0.01,3,memory_capacity,mc_effective_delay,92.66628759774623
4D_freerun_capacity,leak_rate=1|n_units=200|rho=1.1|state_noise=0.01,3,memory_capacity,mc_ratio,0.3611805947916218
4D_freerun_capacity,leak_rate=1|n_units=200|rho=1.1|state_noise=0.01,3,memory_capacity,n_delays,400.0
4D_freerun_capacity,leak_rate=1|n_units=200|rho=1.1|state_noise=0.01,3,ipc,ipc_total,584.7224590544893
4D_freerun_capacity,leak_rate=1|n_units=200|rho=1.1|state_noise=0.01,3,ipc,ipc_total_raw,584.7224590544893
4D_freerun_capacity,leak_rate=1|n_units=200|rho=1.1|state_noise=0.01,3,ipc,ipc_linear,46.07794235149273
4D_freerun_capacity,leak_rate=1|n_units=200|rho=1.1|state_noise=0.01,3,ipc,ipc_nonlinear,538.6445167029965
4D_freerun_capacity,leak_rate=1|n_units=200|rho=1.1|state_noise=0.01,3,ipc,n_targets,601.0
4D_freerun_capacity,leak_rate=1|n_units=200|rho=1.1|state_noise=0.01,3,ipc,n_targets_kept,601.0
4D_freerun_capacity,leak_rate=1|n_units=200|rho=1.1|state_noise=0.01,3,ipc,saturation_ratio,2.9236122952724464
4D_freerun_capacity,leak_rate=1|n_units=200|rho=1.1|state_noise=0.01,3,ipc,ipc_threshold_degree1,0.03267618969791385
4D_freerun_capacity,leak_rate=1|n_units=200|rho=1.1|state_noise=0.01,3,ipc,ipc_threshold_degree2,0.5159783063714007
4D_freerun_capacity,leak_rate=1|n_units=200|rho=1.1|state_noise=0.01,3,ipc,ipc_threshold_degree3,0.0348000431546366
4D_freerun_capacity,leak_rate=1|n_units=200|rho=1.1|state_noise=0.01,3,ipc,ipc_threshold_degree4,0.2922093331232052
4D_freerun_capacity,leak_rate=1|n_units=200|rho=1.1|state_noise=0.01,4,memory_capacity,mc_total,80.02727319572725
4D_freerun_capacity,leak_rate=1|n_units=200|rho=1.1|state_noise=0.01,4,memory_capacity,mc_total_raw,80.02727319572725
4D_freerun_capacity,leak_rate=1|n_units=200|rho=1.1|state_noise=0.01,4,memory_capacity,mc_threshold,0.033759417258529635
4D_freerun_capacity,leak_rate=1|n_units=200|rho=1.1|state_noise=0.01,4,memory_capacity,mc_effective_delay,98.03684386141816
4D_freerun_capacity,leak_rate=1|n_units=200|rho=1.1|state_noise=0.01,4,memory_capacity,mc_ratio,0.4001363659786362
4D_freerun_capacity,leak_rate=1|n_units=200|rho=1.1|state_noise=0.01,4,memory_capacity,n_delays,400.0
4D_freerun_capacity,leak_rate=1|n_units=200|rho=1.1|state_noise=0.01,4,ipc,ipc_total,591.1609913727212
4D_freerun_capacity,leak_rate=1|n_units=200|rho=1.1|state_noise=0.01,4,ipc,ipc_total_raw,591.1609913727212
4D_freerun_capacity,leak_rate=1|n_units=200|rho=1.1|state_noise=0.01,4,ipc,ipc_linear,51.63215846780999
4D_freerun_capacity,leak_rate=1|n_units=200|rho=1.1|state_noise=0.01,4,ipc,ipc_nonlinear,539.5288329049113
4D_freerun_capacity,leak_rate=1|n_units=200|rho=1.1|state_noise=0.01,4,ipc,n_targets,601.0
4D_freerun_capacity,leak_rate=1|n_units=200|rho=1.1|state_noise=0.01,4,ipc,n_targets_kept,601.0
4D_freerun_capacity,leak_rate=1|n_units=200|rho=1.1|state_noise=0.01,4,ipc,saturation_ratio,2.9558049568636062
4D_freerun_capacity,leak_rate=1|n_units=200|rho=1.1|state_noise=0.01,4,ipc,ipc_threshold_degree1,0.03245786193462273
4D_freerun_capacity,leak_rate=1|n_units=200|rho=1.1|state_noise=0.01,4,ipc,ipc_threshold_degree2,0.4720088990512813
4D_freerun_capacity,leak_rate=1|n_units=200|rho=1.1|state_noise=0.01,4,ipc,ipc_threshold_degree3,0.0386631500539988
4D_freerun_capacity,leak_rate=1|n_units=200|rho=1.1|state_noise=0.01,4,ipc,ipc_threshold_degree4,0.31157449093763023
4D_freerun_capacity,leak_rate=0.1|n_units=200|rho=1.3|state_noise=0,0,memory_capacity,mc_total,324.5242756290483
4D_freerun_capacity,leak_rate=0.1|n_units=200|rho=1.3|state_noise=0,0,memory_capacity,mc_total_raw,324.5242756290483
4D_freerun_capacity,leak_rate=0.1|n_units=200|rho=1.3|state_noise=0,0,memory_capacity,mc_threshold,0.0337819284422017
4D_freerun_capacity,leak_rate=0.1|n_units=200|rho=1.3|state_noise=0,0,memory_capacity,mc_effective_delay,171.930415968133
4D_freerun_capacity,leak_rate=0.1|n_units=200|rho=1.3|state_noise=0,0,memory_capacity,mc_ratio,1.6226213781452414
4D_freerun_capacity,leak_rate=0.1|n_units=200|rho=1.3|state_noise=0,0,memory_capacity,n_delays,400.0
4D_freerun_capacity,leak_rate=0.1|n_units=200|rho=1.3|state_noise=0,0,ipc,ipc_total,600.7321736886952
4D_freerun_capacity,leak_rate=0.1|n_units=200|rho=1.3|state_noise=0,0,ipc,ipc_total_raw,600.7321736886952
4D_freerun_capacity,leak_rate=0.1|n_units=200|rho=1.3|state_noise=0,0,ipc,ipc_linear,59.98498922180315
4D_freerun_capacity,leak_rate=0.1|n_units=200|rho=1.3|state_noise=0,0,ipc,ipc_nonlinear,540.747184466892
4D_freerun_capacity,leak_rate=0.1|n_units=200|rho=1.3|state_noise=0,0,ipc,n_targets,601.0
4D_freerun_capacity,leak_rate=0.1|n_units=200|rho=1.3|state_noise=0,0,ipc,n_targets_kept,601.0
4D_freerun_capacity,leak_rate=0.1|n_units=200|rho=1.3|state_noise=0,0,ipc,saturation_ratio,3.003660868443476
4D_freerun_capacity,leak_rate=0.1|n_units=200|rho=1.3|state_noise=0,0,ipc,ipc_threshold_degree1,0.032587036045292346
4D_freerun_capacity,leak_rate=0.1|n_units=200|rho=1.3|state_noise=0,0,ipc,ipc_threshold_degree2,0.4667972098295849
4D_freerun_capacity,leak_rate=0.1|n_units=200|rho=1.3|state_noise=0,0,ipc,ipc_threshold_degree3,0.051816328439435747
4D_freerun_capacity,leak_rate=0.1|n_units=200|rho=1.3|state_noise=0,0,ipc,ipc_threshold_degree4,0.2828076480833918
4D_freerun_capacity,leak_rate=0.1|n_units=200|rho=1.3|state_noise=0,1,memory_capacity,mc_total,343.41211318412024
4D_freerun_capacity,leak_rate=0.1|n_units=200|rho=1.3|state_noise=0,1,memory_capacity,mc_total_raw,343.41211318412024
4D_freerun_capacity,leak_rate=0.1|n_units=200|rho=1.3|state_noise=0,1,memory_capacity,mc_threshold,0.033699980145846686
4D_freerun_capacity,leak_rate=0.1|n_units=200|rho=1.3|state_noise=0,1,memory_capacity,mc_effective_delay,181.06580034369395
4D_freerun_capacity,leak_rate=0.1|n_units=200|rho=1.3|state_noise=0,1,memory_capacity,mc_ratio,1.7170605659206013
4D_freerun_capacity,leak_rate=0.1|n_units=200|rho=1.3|state_noise=0,1,memory_capacity,n_delays,400.0
4D_freerun_capacity,leak_rate=0.1|n_units=200|rho=1.3|state_noise=0,1,ipc,ipc_total,600.131589600868
4D_freerun_capacity,leak_rate=0.1|n_units=200|rho=1.3|state_noise=0,1,ipc,ipc_total_raw,600.131589600868
4D_freerun_capacity,leak_rate=0.1|n_units=200|rho=1.3|state_noise=0,1,ipc,ipc_linear,59.9659294014726
4D_freerun_capacity,leak_rate=0.1|n_units=200|rho=1.3|state_noise=0,1,ipc,ipc_nonlinear,540.1656601993953
4D_freerun_capacity,leak_rate=0.1|n_units=200|rho=1.3|state_noise=0,1,ipc,n_targets,601.0
4D_freerun_capacity,leak_rate=0.1|n_units=200|rho=1.3|state_noise=0,1,ipc,n_targets_kept,601.0
4D_freerun_capacity,leak_rate=0.1|n_units=200|rho=1.3|state_noise=0,1,ipc,saturation_ratio,3.00065794800434
4D_freerun_capacity,leak_rate=0.1|n_units=200|rho=1.3|state_noise=0,1,ipc,ipc_threshold_degree1,0.032489426839114766
4D_freerun_capacity,leak_rate=0.1|n_units=200|rho=1.3|state_noise=0,1,ipc,ipc_threshold_degree2,0.5032789204190458
4D_freerun_capacity,leak_rate=0.1|n_units=200|rho=1.3|state_noise=0,1,ipc,ipc_threshold_degree3,0.03335410962289457
4D_freerun_capacity,leak_rate=0.1|n_units=200|rho=1.3|state_noise=0,1,ipc,ipc_threshold_degree4,0.31106655247958204
4D_freerun_capacity,leak_rate=0.1|n_units=200|rho=1.3|state_noise=0,2,memory_capacity,mc_total,330.2914244099052
4D_freerun_capacity,leak_rate=0.1|n_units=200|rho=1.3|state_noise=0,2,memory_capacity,mc_total_raw,330.2914244099052
4D_freerun_capacity,leak_rate=0.1|n_units=200|rho=1.3|state_noise=0,2,memory_capacity,mc_threshold,0.032840479768350174
4D_freerun_capacity,leak_rate=0.1|n_units=200|rho=1.3|state_noise=0,2,memory_capacity,mc_effective_delay,175.65083765286298
4D_freerun_capacity,leak_rate=0.1|n_units=200|rho=1.3|state_noise=0,2,memory_capacity,mc_ratio,1.6514571220495258
4D_freerun_capacity,leak_rate=0.1|n_units=200|rho=1.3|state_noise=0,2,memory_capacity,n_delays,400.0
4D_freerun_capacity,leak_rate=0.1|n_units=200|rho=1.3|state_noise=0,2,ipc,ipc_total,600.337449211605
4D_freerun_capacity,leak_rate=0.1|n_units=200|rho=1.3|state_noise=0,2,ipc,ipc_total_raw,600.337449211605
4D_freerun_capacity,leak_rate=0.1|n_units=200|rho=1.3|state_noise=0,2,ipc,ipc_linear,59.9686442700663
4D_freerun_capacity,leak_rate=0.1|n_units=200|rho=1.3|state_noise=0,2,ipc,ipc_nonlinear,540.3688049415387
4D_freerun_capacity,leak_rate=0.1|n_units=200|rho=1.3|state_noise=0,2,ipc,n_targets,601.0
4D_freerun_capacity,leak_rate=0.1|n_units=200|rho=1.3|state_noise=0,2,ipc,n_targets_kept,601.0
4D_freerun_capacity,leak_rate=0.1|n_units=200|rho=1.3|state_noise=0,2,ipc,saturation_ratio,3.0016872460580246
4D_freerun_capacity,leak_rate=0.1|n_units=200|rho=1.3|state_noise=0,2,ipc,ipc_threshold_degree1,0.03234636485321609
4D_freerun_capacity,leak_rate=0.1|n_units=200|rho=1.3|state_noise=0,2,ipc,ipc_threshold_degree2,0.4975737508484677
4D_freerun_capacity,leak_rate=0.1|n_units=200|rho=1.3|state_noise=0,2,ipc,ipc_threshold_degree3,0.041872341021122875
4D_freerun_capacity,leak_rate=0.1|n_units=200|rho=1.3|state_noise=0,2,ipc,ipc_threshold_degree4,0.2872712945866833
4D_freerun_capacity,leak_rate=0.1|n_units=200|rho=1.3|state_noise=0,3,memory_capacity,mc_total,306.94770739979407
4D_freerun_capacity,leak_rate=0.1|n_units=200|rho=1.3|state_noise=0,3,memory_capacity,mc_total_raw,306.94770739979407
4D_freerun_capacity,leak_rate=0.1|n_units=200|rho=1.3|state_noise=0,3,memory_capacity,mc_threshold,0.034756158104817345
4D_freerun_capacity,leak_rate=0.1|n_units=200|rho=1.3|state_noise=0,3,memory_capacity,mc_effective_delay,165.95062248667304
4D_freerun_capacity,leak_rate=0.1|n_units=200|rho=1.3|state_noise=0,3,memory_capacity,mc_ratio,1.5347385369989703
4D_freerun_capacity,leak_rate=0.1|n_units=200|rho=1.3|state_noise=0,3,memory_capacity,n_delays,400.0
4D_freerun_capacity,leak_rate=0.1|n_units=200|rho=1.3|state_noise=0,3,ipc,ipc_total,600.4019345899271
4D_freerun_capacity,leak_rate=0.1|n_units=200|rho=1.3|state_noise=0,3,ipc,ipc_total_raw,600.4019345899271
4D_freerun_capacity,leak_rate=0.1|n_units=200|rho=1.3|state_noise=0,3,ipc,ipc_linear,59.98193210795116
4D_freerun_capacity,leak_rate=0.1|n_units=200|rho=1.3|state_noise=0,3,ipc,ipc_nonlinear,540.420002481976
4D_freerun_capacity,leak_rate=0.1|n_units=200|rho=1.3|state_noise=0,3,ipc,n_targets,601.0
4D_freerun_capacity,leak_rate=0.1|n_units=200|rho=1.3|state_noise=0,3,ipc,n_targets_kept,601.0
4D_freerun_capacity,leak_rate=0.1|n_units=200|rho=1.3|state_noise=0,3,ipc,saturation_ratio,3.0020096729496357
4D_freerun_capacity,leak_rate=0.1|n_units=200|rho=1.3|state_noise=0,3,ipc,ipc_threshold_degree1,0.03229462531842136
4D_freerun_capacity,leak_rate=0.1|n_units=200|rho=1.3|state_noise=0,3,ipc,ipc_threshold_degree2,0.5159721395353045
4D_freerun_capacity,leak_rate=0.1|n_units=200|rho=1.3|state_noise=0,3,ipc,ipc_threshold_degree3,0.03516062715616193
4D_freerun_capacity,leak_rate=0.1|n_units=200|rho=1.3|state_noise=0,3,ipc,ipc_threshold_degree4,0.29173455684977184
4D_freerun_capacity,leak_rate=0.1|n_units=200|rho=1.3|state_noise=0,4,memory_capacity,mc_total,326.77194920656774
4D_freerun_capacity,leak_rate=0.1|n_units=200|rho=1.3|state_noise=0,4,memory_capacity,mc_total_raw,326.77194920656774
4D_freerun_capacity,leak_rate=0.1|n_units=200|rho=1.3|state_noise=0,4,memory_capacity,mc_threshold,0.03359408560698024
4D_freerun_capacity,leak_rate=0.1|n_units=200|rho=1.3|state_noise=0,4,memory_capacity,mc_effective_delay,174.92630018241266
4D_freerun_capacity,leak_rate=0.1|n_units=200|rho=1.3|state_noise=0,4,memory_capacity,mc_ratio,1.6338597460328388
4D_freerun_capacity,leak_rate=0.1|n_units=200|rho=1.3|state_noise=0,4,memory_capacity,n_delays,400.0
4D_freerun_capacity,leak_rate=0.1|n_units=200|rho=1.3|state_noise=0,4,ipc,ipc_total,600.6473170799495
4D_freerun_capacity,leak_rate=0.1|n_units=200|rho=1.3|state_noise=0,4,ipc,ipc_total_raw,600.6473170799495
4D_freerun_capacity,leak_rate=0.1|n_units=200|rho=1.3|state_noise=0,4,ipc,ipc_linear,59.97457654738471
4D_freerun_capacity,leak_rate=0.1|n_units=200|rho=1.3|state_noise=0,4,ipc,ipc_nonlinear,540.6727405325648
4D_freerun_capacity,leak_rate=0.1|n_units=200|rho=1.3|state_noise=0,4,ipc,n_targets,601.0
4D_freerun_capacity,leak_rate=0.1|n_units=200|rho=1.3|state_noise=0,4,ipc,n_targets_kept,601.0
4D_freerun_capacity,leak_rate=0.1|n_units=200|rho=1.3|state_noise=0,4,ipc,saturation_ratio,3.0032365853997476
4D_freerun_capacity,leak_rate=0.1|n_units=200|rho=1.3|state_noise=0,4,ipc,ipc_threshold_degree1,0.032474258978984226
4D_freerun_capacity,leak_rate=0.1|n_units=200|rho=1.3|state_noise=0,4,ipc,ipc_threshold_degree2,0.4726196069192264
4D_freerun_capacity,leak_rate=0.1|n_units=200|rho=1.3|state_noise=0,4,ipc,ipc_threshold_degree3,0.03828476255468316
4D_freerun_capacity,leak_rate=0.1|n_units=200|rho=1.3|state_noise=0,4,ipc,ipc_threshold_degree4,0.31238849983100614
4D_freerun_capacity,leak_rate=0.1|n_units=200|rho=1.3|state_noise=0.0001,0,memory_capacity,mc_total,324.53562819694713
4D_freerun_capacity,leak_rate=0.1|n_units=200|rho=1.3|state_noise=0.0001,0,memory_capacity,mc_total_raw,324.53562819694713
4D_freerun_capacity,leak_rate=0.1|n_units=200|rho=1.3|state_noise=0.0001,0,memory_capacity,mc_threshold,0.03376875591949077
4D_freerun_capacity,leak_rate=0.1|n_units=200|rho=1.3|state_noise=0.0001,0,memory_capacity,mc_effective_delay,171.94079005875784
4D_freerun_capacity,leak_rate=0.1|n_units=200|rho=1.3|state_noise=0.0001,0,memory_capacity,mc_ratio,1.6226781409847357
4D_freerun_capacity,leak_rate=0.1|n_units=200|rho=1.3|state_noise=0.0001,0,memory_capacity,n_delays,400.0
4D_freerun_capacity,leak_rate=0.1|n_units=200|rho=1.3|state_noise=0.0001,0,ipc,ipc_total,600.7323299690302
4D_freerun_capacity,leak_rate=0.1|n_units=200|rho=1.3|state_noise=0.0001,0,ipc,ipc_total_raw,600.7323299690302
4D_freerun_capacity,leak_rate=0.1|n_units=200|rho=1.3|state_noise=0.0001,0,ipc,ipc_linear,59.98498752635153
4D_freerun_capacity,leak_rate=0.1|n_units=200|rho=1.3|state_noise=0.0001,0,ipc,ipc_nonlinear,540.7473424426786
4D_freerun_capacity,leak_rate=0.1|n_units=200|rho=1.3|state_noise=0.0001,0,ipc,n_targets,601.0
4D_freerun_capacity,leak_rate=0.1|n_units=200|rho=1.3|state_noise=0.0001,0,ipc,n_targets_kept,601.0
4D_freerun_capacity,leak_rate=0.1|n_units=200|rho=1.3|state_noise=0.0001,0,ipc,saturation_ratio,3.0036616498451507
4D_freerun_capacity,leak_rate=0.1|n_units=200|rho=1.3|state_noise=0.0001,0,ipc,ipc_threshold_degree1,0.0326199771283531
4D_freerun_capacity,leak_rate=0.1|n_units=200|rho=1.3|state_noise=0.0001,0,ipc,ipc_threshold_degree2,0.4667990892934835
4D_freerun_capacity,leak_rate=0.1|n_units=200|rho=1.3|state_noise=0.0001,0,ipc,ipc_threshold_degree3,0.05182978569492274
4D_freerun_capacity,leak_rate=0.1|n_units=200|rho=1.3|state_noise=0.0001,0,ipc,ipc_threshold_degree4,0.28279599834405506
4D_freerun_capacity,leak_rate=0.1|n_units=200|rho=1.3|state_noise=0.0001,1,memory_capacity,mc_total,343.42036545089655
4D_freerun_capacity,leak_rate=0.1|n_units=200|rho=1.3|state_noise=0.0001,1,memory_capacity,mc_total_raw,343.42036545089655
4D_freerun_capacity,leak_rate=0.1|n_units=200|rho=1.3|state_noise=0.0001,1,memory_capacity,mc_threshold,0.03367715472203296
4D_freerun_capacity,leak_rate=0.1|n_units=200|rho=1.3|state_noise=0.0001,1,memory_capacity,mc_effective_delay,181.0682744657506
4D_freerun_capacity,leak_rate=0.1|n_units=200|rho=1.3|state_noise=0.0001,1,memory_capacity,mc_ratio,1.7171018272544827
4D_freerun_capacity,leak_rate=0.1|n_units=200|rho=1.3|state_noise=0.0001,1,memory_capacity,n_delays,400.0
4D_freerun_capacity,leak_rate=0.1|n_units=200|rho=1.3|state_noise=0.0001,1,ipc,ipc_total,600.1318304646534
4D_freerun_capacity,leak_rate=0.1|n_units=200|rho=1.3|state_noise=0.0001,1,ipc,ipc_total_raw,600.1318304646534
4D_freerun_capacity,leak_rate=0.1|n_units=200|rho=1.3|state_noise=0.0001,1,ipc,ipc_linear,59.96594539975385
4D_freerun_capacity,leak_rate=0.1|n_units=200|rho=1.3|state_noise=0.0001,1,ipc,ipc_nonlinear,540.1658850648995
4D_freerun_capacity,leak_rate=0.1|n_units=200|rho=1.3|state_noise=0.0001,1,ipc,n_targets,601.0
4D_freerun_capacity,leak_rate=0.1|n_units=200|rho=1.3|state_noise=0.0001,1,ipc,n_targets_kept,601.0
4D_freerun_capacity,leak_rate=0.1|n_units=200|rho=1.3|state_noise=0.0001,1,ipc,saturation_ratio,3.000659152323267
4D_freerun_capacity,leak_rate=0.1|n_units=200|rho=1.3|state_noise=0.0001,1,ipc,ipc_threshold_degree1,0.032465724327348865
4D_freerun_capacity,leak_rate=0.1|n_units=200|rho=1.3|state_noise=0.0001,1,ipc,ipc_threshold_degree2,0.5032890896138038
4D_freerun_capacity,leak_rate=0.1|n_units=200|rho=1.3|state_noise=0.0001,1,ipc,ipc_threshold_degree3,0.03334046403876562
4D_freerun_capacity,leak_rate=0.1|n_units=200|rho=1.3|state_noise=0.0001,1,ipc,ipc_threshold_degree4,0.31107105368874416
4D_freerun_capacity,leak_rate=0.1|n_units=200|rho=1.3|state_noise=0.0001,2,memory_capacity,mc_total,330.3232492286753
4D_freerun_capacity,leak_rate=0.1|n_units=200|rho=1.3|state_noise=0.0001,2,memory_capacity,mc_total_raw,330.3232492286753
4D_freerun_capacity,leak_rate=0.1|n_units=200|rho=1.3|state_noise=0.0001,2,memory_capacity,mc_threshold,0.032835646727040035
4D_freerun_capacity,leak_rate=0.1|n_units=200|rho=1.3|state_noise=0.0001,2,memory_capacity,mc_effective_delay,175.6651303990189
4D_freerun_capacity,leak_rate=0.1|n_units=200|rho=1.3|state_noise=0.0001,2,memory_capacity,mc_ratio,1.6516162461433765
4D_freerun_capacity,leak_rate=0.1|n_units=200|rho=1.3|state_noise=0.0001,2,memory_capacity,n_delays,400.0
4D_freerun_capacity,leak_rate=0.1|n_units=200|rho=1.3|state_noise=0.0001,2,ipc,ipc_total,600.3373620142202
4D_freerun_capacity,leak_rate=0.1|n_units=200|rho=1.3|state_noise=0.0001,2,ipc,ipc_total_raw,600.3373620142202
4D_freerun_capacity,leak_rate=0.1|n_units=200|rho=1.3|state_noise=0.0001,2,ipc,ipc_linear,59.968652474410256
4D_freerun_capacity,leak_rate=0.1|n_units=200|rho=1.3|state_noise=0.0001,2,ipc,ipc_nonlinear,540.3687095398099
4D_freerun_capacity,leak_rate=0.1|n_units=200|rho=1.3|state_noise=0.0001,2,ipc,n_targets,601.0
4D_freerun_capacity,leak_rate=0.1|n_units=200|rho=1.3|state_noise=0.0001,2,ipc,n_targets_kept,601.0
4D_freerun_capacity,leak_rate=0.1|n_units=200|rho=1.3|state_noise=0.0001,2,ipc,saturation_ratio,3.0016868100711007
4D_freerun_capacity,leak_rate=0.1|n_units=200|rho=1.3|state_noise=0.0001,2,ipc,ipc_threshold_degree1,0.03233548242599611
4D_freerun_capacity,leak_rate=0.1|n_units=200|rho=1.3|state_noise=0.0001,2,ipc,ipc_threshold_degree2,0.4975694103496238
4D_freerun_capacity,leak_rate=0.1|n_units=200|rho=1.3|state_noise=0.0001,2,ipc,ipc_threshold_degree3,0.04184663084170719
4D_freerun_capacity,leak_rate=0.1|n_units=200|rho=1.3|state_noise=0.0001,2,ipc,ipc_threshold_degree4,0.2872921503351995
4D_freerun_capacity,leak_rate=0.1|n_units=200|rho=1.3|state_noise=0.0001,3,memory_capacity,mc_total,306.96085282055526
4D_freerun_capacity,leak_rate=0.1|n_units=200|rho=1.3|state_noise=0.0001,3,memory_capacity,mc_total_raw,306.96085282055526
4D_freerun_capacity,leak_rate=0.1|n_units=200|rho=1.3|state_noise=0.0001,3,memory_capacity,mc_threshold,0.03478511533866752
4D_freerun_capacity,leak_rate=0.1|n_units=200|rho=1.3|state_noise=0.0001,3,memory_capacity,mc_effective_delay,165.9587451522016
4D_freerun_capacity,leak_rate=0.1|n_units=200|rho=1.3|state_noise=0.0001,3,memory_capacity,mc_ratio,1.5348042641027764
4D_freerun_capacity,leak_rate=0.1|n_units=200|rho=1.3|state_noise=0.0001,3,memory_capacity,n_delays,400.0
4D_freerun_capacity,leak_rate=0.1|n_units=200|rho=1.3|state_noise=0.0001,3,ipc,ipc_total,600.401721840223
4D_freerun_capacity,leak_rate=0.1|n_units=200|rho=1.3|state_noise=0.0001,3,ipc,ipc_total_raw,600.401721840223
4D_freerun_capacity,leak_rate=0.1|n_units=200|rho=1.3|state_noise=0.0001,3,ipc,ipc_linear,59.981930505690784
4D_freerun_capacity,leak_rate=0.1|n_units=200|rho=1.3|state_noise=0.0001,3,ipc,ipc_nonlinear,540.4197913345322
4D_freerun_capacity,leak_rate=0.1|n_units=200|rho=1.3|state_noise=0.0001,3,ipc,n_targets,601.0
4D_freerun_capacity,leak_rate=0.1|n_units=200|rho=1.3|state_noise=0.0001,3,ipc,n_targets_kept,601.0
4D_freerun_capacity,leak_rate=0.1|n_units=200|rho=1.3|state_noise=0.0001,3,ipc,saturation_ratio,3.002008609201115
4D_freerun_capacity,leak_rate=0.1|n_units=200|rho=1.3|state_noise=0.0001,3,ipc,ipc_threshold_degree1,0.03228787204881039
4D_freerun_capacity,leak_rate=0.1|n_units=200|rho=1.3|state_noise=0.0001,3,ipc,ipc_threshold_degree2,0.5159711856182515
4D_freerun_capacity,leak_rate=0.1|n_units=200|rho=1.3|state_noise=0.0001,3,ipc,ipc_threshold_degree3,0.03515730791322892
4D_freerun_capacity,leak_rate=0.1|n_units=200|rho=1.3|state_noise=0.0001,3,ipc,ipc_threshold_degree4,0.2917369420380104
4D_freerun_capacity,leak_rate=0.1|n_units=200|rho=1.3|state_noise=0.0001,4,memory_capacity,mc_total,326.8032262452257
4D_freerun_capacity,leak_rate=0.1|n_units=200|rho=1.3|state_noise=0.0001,4,memory_capacity,mc_total_raw,326.8032262452257
4D_freerun_capacity,leak_rate=0.1|n_units=200|rho=1.3|state_noise=0.0001,4,memory_capacity,mc_threshold,0.03355404158332483
4D_freerun_capacity,leak_rate=0.1|n_units=200|rho=1.3|state_noise=0.0001,4,memory_capacity,mc_effective_delay,174.94071349397618
4D_freerun_capacity,leak_rate=0.1|n_units=200|rho=1.3|state_noise=0.0001,4,memory_capacity,mc_ratio,1.6340161312261285
4D_freerun_capacity,leak_rate=0.1|n_units=200|rho=1.3|state_noise=0.0001,4,memory_capacity,n_delays,400.0
4D_freerun_capacity,leak_rate=0.1|n_units=200|rho=1.3|state_noise=0.0001,4,ipc,ipc_total,600.647164387108
4D_freerun_capacity,leak_rate=0.1|n_units=200|rho=1.3|state_noise=0.0001,4,ipc,ipc_total_raw,600.647164387108
4D_freerun_capacity,leak_rate=0.1|n_units=200|rho=1.3|state_noise=0.0001,4,ipc,ipc_linear,59.974573760668946
4D_freerun_capacity,leak_rate=0.1|n_units=200|rho=1.3|state_noise=0.0001,4,ipc,ipc_nonlinear,540.672590626439
4D_freerun_capacity,leak_rate=0.1|n_units=200|rho=1.3|state_noise=0.0001,4,ipc,n_targets,601.0
4D_freerun_capacity,leak_rate=0.1|n_units=200|rho=1.3|state_noise=0.0001,4,ipc,n_targets_kept,601.0
4D_freerun_capacity,leak_rate=0.1|n_units=200|rho=1.3|state_noise=0.0001,4,ipc,saturation_ratio,3.0032358219355397
4D_freerun_capacity,leak_rate=0.1|n_units=200|rho=1.3|state_noise=0.0001,4,ipc,ipc_threshold_degree1,0.03248834512760673
4D_freerun_capacity,leak_rate=0.1|n_units=200|rho=1.3|state_noise=0.0001,4,ipc,ipc_threshold_degree2,0.47263039457767103
4D_freerun_capacity,leak_rate=0.1|n_units=200|rho=1.3|state_noise=0.0001,4,ipc,ipc_threshold_degree3,0.03829449363058384
4D_freerun_capacity,leak_rate=0.1|n_units=200|rho=1.3|state_noise=0.0001,4,ipc,ipc_threshold_degree4,0.31240394140126143
4D_freerun_capacity,leak_rate=0.1|n_units=200|rho=1.3|state_noise=0.001,0,memory_capacity,mc_total,324.37252333349466
4D_freerun_capacity,leak_rate=0.1|n_units=200|rho=1.3|state_noise=0.001,0,memory_capacity,mc_total_raw,324.37252333349466
4D_freerun_capacity,leak_rate=0.1|n_units=200|rho=1.3|state_noise=0.001,0,memory_capacity,mc_threshold,0.03360972292706405
4D_freerun_capacity,leak_rate=0.1|n_units=200|rho=1.3|state_noise=0.001,0,memory_capacity,mc_effective_delay,171.9583646812547
4D_freerun_capacity,leak_rate=0.1|n_units=200|rho=1.3|state_noise=0.001,0,memory_capacity,mc_ratio,1.6218626166674732
4D_freerun_capacity,leak_rate=0.1|n_units=200|rho=1.3|state_noise=0.001,0,memory_capacity,n_delays,400.0
4D_freerun_capacity,leak_rate=0.1|n_units=200|rho=1.3|state_noise=0.001,0,ipc,ipc_total,600.7283768332242
4D_freerun_capacity,leak_rate=0.1|n_units=200|rho=1.3|state_noise=0.001,0,ipc,ipc_total_raw,600.7283768332242
4D_freerun_capacity,leak_rate=0.1|n_units=200|rho=1.3|state_noise=0.001,0,ipc,ipc_linear,59.98474712351305
4D_freerun_capacity,leak_rate=0.1|n_units=200|rho=1.3|state_noise=0.001,0,ipc,ipc_nonlinear,540.7436297097111
4D_freerun_capacity,leak_rate=0.1|n_units=200|rho=1.3|state_noise=0.001,0,ipc,n_targets,601.0
4D_freerun_capacity,leak_rate=0.1|n_units=200|rho=1.3|state_noise=0.001,0,ipc,n_targets_kept,601.0
4D_freerun_capacity,leak_rate=0.1|n_units=200|rho=1.3|state_noise=0.001,0,ipc,saturation_ratio,3.0036418841661208
4D_freerun_capacity,leak_rate=0.1|n_units=200|rho=1.3|state_noise=0.001,0,ipc,ipc_threshold_degree1,0.0325451727928669
4D_freerun_capacity,leak_rate=0.1|n_units=200|rho=1.3|state_noise=0.001,0,ipc,ipc_threshold_degree2,0.4667911894469767
4D_freerun_capacity,leak_rate=0.1|n_units=200|rho=1.3|state_noise=0.001,0,ipc,ipc_threshold_degree3,0.05190313078336739
4D_freerun_capacity,leak_rate=0.1|n_units=200|rho=1.3|state_noise=0.001,0,ipc,ipc_threshold_degree4,0.28277314040806684
4D_freerun_capacity,leak_rate=0.1|n_units=200|rho=1.3|state_noise=0.001,1,memory_capacity,mc_total,343.43568799881484
4D_freerun_capacity,leak_rate=0.1|n_units=200|rho=1.3|state_noise=0.001,1,memory_capacity,mc_total_raw,343.43568799881484
4D_freerun_capacity,leak_rate=0.1|n_units=200|rho=1.3|state_noise=0.001,1,memory_capacity,mc_threshold,0.03346412969625829
4D_freerun_capacity,leak_rate=0.1|n_units=200|rho=1.3|state_noise=0.001,1,memory_capacity,mc_effective_delay,181.07365528034913
4D_freerun_capacity,leak_rate=0.1|n_units=200|rho=1.3|state_noise=0.001,1,memory_capacity,mc_ratio,1.7171784399940742
4D_freerun_capacity,leak_rate=0.1|n_units=200|rho=1.3|state_noise=0.001,1,memory_capacity,n_delays,400.0
4D_freerun_capacity,leak_rate=0.1|n_units=200|rho=1.3|state_noise=0.001,1,ipc,ipc_total,600.1299083247263
4D_freerun_capacity,leak_rate=0.1|n_units=200|rho=1.3|state_noise=0.001,1,ipc,ipc_total_raw,600.1299083247263
4D_freerun_capacity,leak_rate=0.1|n_units=200|rho=1.3|state_noise=0.001,1,ipc,ipc_linear,59.96599968197723
4D_freerun_capacity,leak_rate=0.1|n_units=200|rho=1.3|state_noise=0.001,1,ipc,ipc_nonlinear,540.1639086427491
4D_freerun_capacity,leak_rate=0.1|n_units=200|rho=1.3|state_noise=0.001,1,ipc,n_targets,601.0
4D_freerun_capacity,leak_rate=0.1|n_units=200|rho=1.3|state_noise=0.001,1,ipc,n_targets_kept,601.0
4D_freerun_capacity,leak_rate=0.1|n_units=200|rho=1.3|state_noise=0.001,1,ipc,saturation_ratio,3.000649541623632
4D_freerun_capacity,leak_rate=0.1|n_units=200|rho=1.3|state_noise=0.001,1,ipc,ipc_threshold_degree1,0.03222345658879017
4D_freerun_capacity,leak_rate=0.1|n_units=200|rho=1.3|state_noise=0.001,1,ipc,ipc_threshold_degree2,0.5033904147630143
4D_freerun_capacity,leak_rate=0.1|n_units=200|rho=1.3|state_noise=0.001,1,ipc,ipc_threshold_degree3,0.033437640993173805
4D_freerun_capacity,leak_rate=0.1|n_units=200|rho=1.3|state_noise=0.001,1,ipc,ipc_threshold_degree4,0.3111281329949504
4D_freerun_capacity,leak_rate=0.1|n_units=200|rho=1.3|state_noise=0.001,2,memory_capacity,mc_total,330.50939721878626
4D_freerun_capacity,leak_rate=0.1|n_units=200|rho=1.3|state_noise=0.001,2,memory_capacity,mc_total_raw,330.50939721878626
4D_freerun_capacity,leak_rate=0.1|n_units=200|rho=1.3|state_noise=0.001,2,memory_capacity,mc_threshold,0.03276976904523891
4D_freerun_capacity,leak_rate=0.1|n_units=200|rho=1.3|state_noise=0.001,2,memory_capacity,mc_effective_delay,175.75912327773796
4D_freerun_capacity,leak_rate=0.1|n_units=200|rho=1.3|state_noise=0.001,2,memory_capacity,mc_ratio,1.6525469860939312
4D_freerun_capacity,leak_rate=0.1|n_units=200|rho=1.3|state_noise=0.001,2,memory_capacity,n_delays,400.0
4D_freerun_capacity,leak_rate=0.1|n_units=200|rho=1.3|state_noise=0.001,2,ipc,ipc_total,600.3328982610394
4D_freerun_capacity,leak_rate=0.1|n_units=200|rho=1.3|state_noise=0.001,2,ipc,ipc_total_raw,600.3328982610394
4D_freerun_capacity,leak_rate=0.1|n_units=200|rho=1.3|state_noise=0.001,2,ipc,ipc_linear,59.968618579852425
4D_freerun_capacity,leak_rate=0.1|n_units=200|rho=1.3|state_noise=0.001,2,ipc,ipc_nonlinear,540.364279681187
4D_freerun_capacity,leak_rate=0.1|n_units=200|rho=1.3|state_noise=0.001,2,ipc,n_targets,601.0
4D_freerun_capacity,leak_rate=0.1|n_units=200|rho=1.3|state_noise=0.001,2,ipc,n_targets_kept,601.0
4D_freerun_capacity,leak_rate=0.1|n_units=200|rho=1.3|state_noise=0.001,2,ipc,saturation_ratio,3.0016644913051973
4D_freerun_capacity,leak_rate=0.1|n_units=200|rho=1.3|state_noise=0.001,2,ipc,ipc_threshold_degree1,0.03238849448859108
4D_freerun_capacity,leak_rate=0.1|n_units=200|rho=1.3|state_noise=0.001,2,ipc,ipc_threshold_degree2,0.4975193885147315
4D_freerun_capacity,leak_rate=0.1|n_units=200|rho=1.3|state_noise=0.001,2,ipc,ipc_threshold_degree3,0.04161050721161968
4D_freerun_capacity,leak_rate=0.1|n_units=200|rho=1.3|state_noise=0.001,2,ipc,ipc_threshold_degree4,0.2874432043945629
4D_freerun_capacity,leak_rate=0.1|n_units=200|rho=1.3|state_noise=0.001,3,memory_capacity,mc_total,306.9955441213192
4D_freerun_capacity,leak_rate=0.1|n_units=200|rho=1.3|state_noise=0.001,3,memory_capacity,mc_total_raw,306.9955441213192
4D_freerun_capacity,leak_rate=0.1|n_units=200|rho=1.3|state_noise=0.001,3,memory_capacity,mc_threshold,0.03504910951741047
4D_freerun_capacity,leak_rate=0.1|n_units=200|rho=1.3|state_noise=0.001,3,memory_capacity,mc_effective_delay,166.00714287095542
4D_freerun_capacity,leak_rate=0.1|n_units=200|rho=1.3|state_noise=0.001,3,memory_capacity,mc_ratio,1.534977720606596
4D_freerun_capacity,leak_rate=0.1|n_units=200|rho=1.3|state_noise=0.001,3,memory_capacity,n_delays,400.0
4D_freerun_capacity,leak_rate=0.1|n_units=200|rho=1.3|state_noise=0.001,3,ipc,ipc_total,600.3953332954463
4D_freerun_capacity,leak_rate=0.1|n_units=200|rho=1.3|state_noise=0.001,3,ipc,ipc_total_raw,600.3953332954463
4D_freerun_capacity,leak_rate=0.1|n_units=200|rho=1.3|state_noise=0.001,3,ipc,ipc_linear,59.98179803354159
4D_freerun_capacity,leak_rate=0.1|n_units=200|rho=1.3|state_noise=0.001,3,ipc,ipc_nonlinear,540.4135352619047
4D_freerun_capacity,leak_rate=0.1|n_units=200|rho=1.3|state_noise=0.001,3,ipc,n_targets,601.0
4D_freerun_capacity,leak_rate=0.1|n_units=200|rho=1.3|state_noise=0.001,3,ipc,n_targets_kept,601.0
4D_freerun_capacity,leak_rate=0.1|n_units=200|rho=1.3|state_noise=0.001,3,ipc,saturation_ratio,3.0019766664772316
4D_freerun_capacity,leak_rate=0.1|n_units=200|rho=1.3|state_noise=0.001,3,ipc,ipc_threshold_degree1,0.032397269883551835
4D_freerun_capacity,leak_rate=0.1|n_units=200|rho=1.3|state_noise=0.001,3,ipc,ipc_threshold_degree2,0.5159598233488877
4D_freerun_capacity,leak_rate=0.1|n_units=200|rho=1.3|state_noise=0.001,3,ipc,ipc_threshold_degree3,0.03512364439258027
4D_freerun_capacity,leak_rate=0.1|n_units=200|rho=1.3|state_noise=0.001,3,ipc,ipc_threshold_degree4,0.29174500343085946
4D_freerun_capacity,leak_rate=0.1|n_units=200|rho=1.3|state_noise=0.001,4,memory_capacity,mc_total,326.89790820239193
4D_freerun_capacity,leak_rate=0.1|n_units=200|rho=1.3|state_noise=0.001,4,memory_capacity,mc_total_raw,326.89790820239193
4D_freerun_capacity,leak_rate=0.1|n_units=200|rho=1.3|state_noise=0.001,4,memory_capacity,mc_threshold,0.03319057921984806
4D_freerun_capacity,leak_rate=0.1|n_units=200|rho=1.3|state_noise=0.001,4,memory_capacity,mc_effective_delay,175.0082631369097
4D_freerun_capacity,leak_rate=0.1|n_units=200|rho=1.3|state_noise=0.001,4,memory_capacity,mc_ratio,1.6344895410119598
4D_freerun_capacity,leak_rate=0.1|n_units=200|rho=1.3|state_noise=0.001,4,memory_capacity,n_delays,400.0
4D_freerun_capacity,leak_rate=0.1|n_units=200|rho=1.3|state_noise=0.001,4,ipc,ipc_total,600.6413951190141
4D_freerun_capacity,leak_rate=0.1|n_units=200|rho=1.3|state_noise=0.001,4,ipc,ipc_total_raw,600.6413951190141
4D_freerun_capacity,leak_rate=0.1|n_units=200|rho=1.3|state_noise=0.001,4,ipc,ipc_linear,59.9743327649301
4D_freerun_capacity,leak_rate=0.1|n_units=200|rho=1.3|state_noise=0.001,4,ipc,ipc_nonlinear,540.667062354084
4D_freerun_capacity,leak_rate=0.1|n_units=200|rho=1.3|state_noise=0.001,4,ipc,n_targets,601.0
4D_freerun_capacity,leak_rate=0.1|n_units=200|rho=1.3|state_noise=0.001,4,ipc,n_targets_kept,601.0
4D_freerun_capacity,leak_rate=0.1|n_units=200|rho=1.3|state_noise=0.001,4,ipc,saturation_ratio,3.0032069755950705
4D_freerun_capacity,leak_rate=0.1|n_units=200|rho=1.3|state_noise=0.001,4,ipc,ipc_threshold_degree1,0.032463748025271036
4D_freerun_capacity,leak_rate=0.1|n_units=200|rho=1.3|state_noise=0.001,4,ipc,ipc_threshold_degree2,0.47263136586577476
4D_freerun_capacity,leak_rate=0.1|n_units=200|rho=1.3|state_noise=0.001,4,ipc,ipc_threshold_degree3,0.03837710278109123
4D_freerun_capacity,leak_rate=0.1|n_units=200|rho=1.3|state_noise=0.001,4,ipc,ipc_threshold_degree4,0.3124996046351557
4D_freerun_capacity,leak_rate=0.1|n_units=200|rho=1.3|state_noise=0.01,0,memory_capacity,mc_total,313.76476298294006
4D_freerun_capacity,leak_rate=0.1|n_units=200|rho=1.3|state_noise=0.01,0,memory_capacity,mc_total_raw,313.76476298294006
4D_freerun_capacity,leak_rate=0.1|n_units=200|rho=1.3|state_noise=0.01,0,memory_capacity,mc_threshold,0.034847393949409305
4D_freerun_capacity,leak_rate=0.1|n_units=200|rho=1.3|state_noise=0.01,0,memory_capacity,mc_effective_delay,168.79219233284945
4D_freerun_capacity,leak_rate=0.1|n_units=200|rho=1.3|state_noise=0.01,0,memory_capacity,mc_ratio,1.5688238149147002
4D_freerun_capacity,leak_rate=0.1|n_units=200|rho=1.3|state_noise=0.01,0,memory_capacity,n_delays,400.0
4D_freerun_capacity,leak_rate=0.1|n_units=200|rho=1.3|state_noise=0.01,0,ipc,ipc_total,600.4425278436858
4D_freerun_capacity,leak_rate=0.1|n_units=200|rho=1.3|state_noise=0.01,0,ipc,ipc_total_raw,600.4425278436858
4D_freerun_capacity,leak_rate=0.1|n_units=200|rho=1.3|state_noise=0.01,0,ipc,ipc_linear,59.97169218993276
4D_freerun_capacity,leak_rate=0.1|n_units=200|rho=1.3|state_noise=0.01,0,ipc,ipc_nonlinear,540.4708356537529
4D_freerun_capacity,leak_rate=0.1|n_units=200|rho=1.3|state_noise=0.01,0,ipc,n_targets,601.0
4D_freerun_capacity,leak_rate=0.1|n_units=200|rho=1.3|state_noise=0.01,0,ipc,n_targets_kept,601.0
4D_freerun_capacity,leak_rate=0.1|n_units=200|rho=1.3|state_noise=0.01,0,ipc,saturation_ratio,3.002212639218429
4D_freerun_capacity,leak_rate=0.1|n_units=200|rho=1.3|state_noise=0.01,0,ipc,ipc_threshold_degree1,0.032502427095936315
4D_freerun_capacity,leak_rate=0.1|n_units=200|rho=1.3|state_noise=0.01,0,ipc,ipc_threshold_degree2,0.466576032669871
4D_freerun_capacity,leak_rate=0.1|n_units=200|rho=1.3|state_noise=0.01,0,ipc,ipc_threshold_degree3,0.05149677347028604
4D_freerun_capacity,leak_rate=0.1|n_units=200|rho=1.3|state_noise=0.01,0,ipc,ipc_threshold_degree4,0.28246915516710613
4D_freerun_capacity,leak_rate=0.1|n_units=200|rho=1.3|state_noise=0.01,1,memory_capacity,mc_total,339.6391712257496
4D_freerun_capacity,leak_rate=0.1|n_units=200|rho=1.3|state_noise=0.01,1,memory_capacity,mc_total_raw,339.6391712257496
4D_freerun_capacity,leak_rate=0.1|n_units=200|rho=1.3|state_noise=0.01,1,memory_capacity,mc_threshold,0.03365283647466776
4D_freerun_capacity,leak_rate=0.1|n_units=200|rho=1.3|state_noise=0.01,1,memory_capacity,mc_effective_delay,179.9968234020221
4D_freerun_capacity,leak_rate=0.1|n_units=200|rho=1.3|state_noise=0.01,1,memory_capacity,mc_ratio,1.6981958561287478
4D_freerun_capacity,leak_rate=0.1|n_units=200|rho=1.3|state_noise=0.01,1,memory_capacity,n_delays,400.0
4D_freerun_capacity,leak_rate=0.1|n_units=200|rho=1.3|state_noise=0.01,1,ipc,ipc_total,599.8126889056366
4D_freerun_capacity,leak_rate=0.1|n_units=200|rho=1.3|state_noise=0.01,1,ipc,ipc_total_raw,599.8126889056366
4D_freerun_capacity,leak_rate=0.1|n_units=200|rho=1.3|state_noise=0.01,1,ipc,ipc_linear,59.9590432342864
4D_freerun_capacity,leak_rate=0.1|n_units=200|rho=1.3|state_noise=0.01,1,ipc,ipc_nonlinear,539.8536456713503
4D_freerun_capacity,leak_rate=0.1|n_units=200|rho=1.3|state_noise=0.01,1,ipc,n_targets,601.0
4D_freerun_capacity,leak_rate=0.1|n_units=200|rho=1.3|state_noise=0.01,1,ipc,n_targets_kept,601.0
4D_freerun_capacity,leak_rate=0.1|n_units=200|rho=1.3|state_noise=0.01,1,ipc,saturation_ratio,2.999063444528183
4D_freerun_capacity,leak_rate=0.1|n_units=200|rho=1.3|state_noise=0.01,1,ipc,ipc_threshold_degree1,0.032219472466101545
4D_freerun_capacity,leak_rate=0.1|n_units=200|rho=1.3|state_noise=0.01,1,ipc,ipc_threshold_degree2,0.5029780000456021
4D_freerun_capacity,leak_rate=0.1|n_units=200|rho=1.3|state_noise=0.01,1,ipc,ipc_threshold_degree3,0.03381842617210222
4D_freerun_capacity,leak_rate=0.1|n_units=200|rho=1.3|state_noise=0.01,1,ipc,ipc_threshold_degree4,0.31122680044698187
4D_freerun_capacity,leak_rate=0.1|n_units=200|rho=1.3|state_noise=0.01,2,memory_capacity,mc_total,326.0108411666463
4D_freerun_capacity,leak_rate=0.1|n_units=200|rho=1.3|state_noise=0.01,2,memory_capacity,mc_total_raw,326.0108411666463
4D_freerun_capacity,leak_rate=0.1|n_units=200|rho=1.3|state_noise=0.01,2,memory_capacity,mc_threshold,0.03212881192095431
4D_freerun_capacity,leak_rate=0.1|n_units=200|rho=1.3|state_noise=0.01,2,memory_capacity,mc_effective_delay,174.42625011666917
4D_freerun_capacity,leak_rate=0.1|n_units=200|rho=1.3|state_noise=0.01,2,memory_capacity,mc_ratio,1.6300542058332315
4D_freerun_capacity,leak_rate=0.1|n_units=200|rho=1.3|state_noise=0.01,2,memory_capacity,n_delays,400.0
4D_freerun_capacity,leak_rate=0.1|n_units=200|rho=1.3|state_noise=0.01,2,ipc,ipc_total,600.0298345788806
4D_freerun_capacity,leak_rate=0.1|n_units=200|rho=1.3|state_noise=0.01,2,ipc,ipc_total_raw,600.0298345788806
4D_freerun_capacity,leak_rate=0.1|n_units=200|rho=1.3|state_noise=0.01,2,ipc,ipc_linear,59.960231918377914
4D_freerun_capacity,leak_rate=0.1|n_units=200|rho=1.3|state_noise=0.01,2,ipc,ipc_nonlinear,540.0696026605027
4D_freerun_capacity,leak_rate=0.1|n_units=200|rho=1.3|state_noise=0.01,2,ipc,n_targets,601.0
4D_freerun_capacity,leak_rate=0.1|n_units=200|rho=1.3|state_noise=0.01,2,ipc,n_targets_kept,601.0
4D_freerun_capacity,leak_rate=0.1|n_units=200|rho=1.3|state_noise=0.01,2,ipc,saturation_ratio,3.0001491728944027
4D_freerun_capacity,leak_rate=0.1|n_units=200|rho=1.3|state_noise=0.01,2,ipc,ipc_threshold_degree1,0.03186544645334813
4D_freerun_capacity,leak_rate=0.1|n_units=200|rho=1.3|state_noise=0.01,2,ipc,ipc_threshold_degree2,0.4974343691194107
4D_freerun_capacity,leak_rate=0.1|n_units=200|rho=1.3|state_noise=0.01,2,ipc,ipc_threshold_degree3,0.041831504156247735
4D_freerun_capacity,leak_rate=0.1|n_units=200|rho=1.3|state_noise=0.01,2,ipc,ipc_threshold_degree4,0.2868315864836211
4D_freerun_capacity,leak_rate=0.1|n_units=200|rho=1.3|state_noise=0.01,3,memory_capacity,mc_total,303.1058189344212
4D_freerun_capacity,leak_rate=0.1|n_units=200|rho=1.3|state_noise=0.01,3,memory_capacity,mc_total_raw,303.1058189344212
4D_freerun_capacity,leak_rate=0.1|n_units=200|rho=1.3|state_noise=0.01,3,memory_capacity,mc_threshold,0.03487180734159651
4D_freerun_capacity,leak_rate=0.1|n_units=200|rho=1.3|state_noise=0.01,3,memory_capacity,mc_effective_delay,165.32693150959352
4D_freerun_capacity,leak_rate=0.1|n_units=200|rho=1.3|state_noise=0.01,3,memory_capacity,mc_ratio,1.515529094672106
4D_freerun_capacity,leak_rate=0.1|n_units=200|rho=1.3|state_noise=0.01,3,memory_capacity,n_delays,400.0
4D_freerun_capacity,leak_rate=0.1|n_units=200|rho=1.3|state_noise=0.01,3,ipc,ipc_total,600.0434237363386
4D_freerun_capacity,leak_rate=0.1|n_units=200|rho=1.3|state_noise=0.01,3,ipc,ipc_total_raw,600.0434237363386
4D_freerun_capacity,leak_rate=0.1|n_units=200|rho=1.3|state_noise=0.01,3,ipc,ipc_linear,59.97285230069411
4D_freerun_capacity,leak_rate=0.1|n_units=200|rho=1.3|state_noise=0.01,3,ipc,ipc_nonlinear,540.0705714356445
4D_freerun_capacity,leak_rate=0.1|n_units=200|rho=1.3|state_noise=0.01,3,ipc,n_targets,601.0
4D_freerun_capacity,leak_rate=0.1|n_units=200|rho=1.3|state_noise=0.01,3,ipc,n_targets_kept,601.0
4D_freerun_capacity,leak_rate=0.1|n_units=200|rho=1.3|state_noise=0.01,3,ipc,saturation_ratio,3.000217118681693
4D_freerun_capacity,leak_rate=0.1|n_units=200|rho=1.3|state_noise=0.01,3,ipc,ipc_threshold_degree1,0.03214352097097575
4D_freerun_capacity,leak_rate=0.1|n_units=200|rho=1.3|state_noise=0.01,3,ipc,ipc_threshold_degree2,0.51612018796507
4D_freerun_capacity,leak_rate=0.1|n_units=200|rho=1.3|state_noise=0.01,3,ipc,ipc_threshold_degree3,0.03485409398033845
4D_freerun_capacity,leak_rate=0.1|n_units=200|rho=1.3|state_noise=0.01,3,ipc,ipc_threshold_degree4,0.29129531737508885
4D_freerun_capacity,leak_rate=0.1|n_units=200|rho=1.3|state_noise=0.01,4,memory_capacity,mc_total,319.1330070686782
4D_freerun_capacity,leak_rate=0.1|n_units=200|rho=1.3|state_noise=0.01,4,memory_capacity,mc_total_raw,319.1330070686782
4D_freerun_capacity,leak_rate=0.1|n_units=200|rho=1.3|state_noise=0.01,4,memory_capacity,mc_threshold,0.03415934723743058
4D_freerun_capacity,leak_rate=0.1|n_units=200|rho=1.3|state_noise=0.01,4,memory_capacity,mc_effective_delay,172.89018918988
4D_freerun_capacity,leak_rate=0.1|n_units=200|rho=1.3|state_noise=0.01,4,memory_capacity,mc_ratio,1.595665035343391
4D_freerun_capacity,leak_rate=0.1|n_units=200|rho=1.3|state_noise=0.01,4,memory_capacity,n_delays,400.0
4D_freerun_capacity,leak_rate=0.1|n_units=200|rho=1.3|state_noise=0.01,4,ipc,ipc_total,600.3468501722107
4D_freerun_capacity,leak_rate=0.1|n_units=200|rho=1.3|state_noise=0.01,4,ipc,ipc_total_raw,600.3468501722107
4D_freerun_capacity,leak_rate=0.1|n_units=200|rho=1.3|state_noise=0.01,4,ipc,ipc_linear,59.96071693248668
4D_freerun_capacity,leak_rate=0.1|n_units=200|rho=1.3|state_noise=0.01,4,ipc,ipc_nonlinear,540.386133239724
4D_freerun_capacity,leak_rate=0.1|n_units=200|rho=1.3|state_noise=0.01,4,ipc,n_targets,601.0
4D_freerun_capacity,leak_rate=0.1|n_units=200|rho=1.3|state_noise=0.01,4,ipc,n_targets_kept,601.0
4D_freerun_capacity,leak_rate=0.1|n_units=200|rho=1.3|state_noise=0.01,4,ipc,saturation_ratio,3.0017342508610536
4D_freerun_capacity,leak_rate=0.1|n_units=200|rho=1.3|state_noise=0.01,4,ipc,ipc_threshold_degree1,0.032013803495163376
4D_freerun_capacity,leak_rate=0.1|n_units=200|rho=1.3|state_noise=0.01,4,ipc,ipc_threshold_degree2,0.4724855801708154
4D_freerun_capacity,leak_rate=0.1|n_units=200|rho=1.3|state_noise=0.01,4,ipc,ipc_threshold_degree3,0.038056867991709736
4D_freerun_capacity,leak_rate=0.1|n_units=200|rho=1.3|state_noise=0.01,4,ipc,ipc_threshold_degree4,0.31242996001549417
4D_freerun_capacity,leak_rate=0.3|n_units=200|rho=1.3|state_noise=0,0,memory_capacity,mc_total,177.18403159890266
4D_freerun_capacity,leak_rate=0.3|n_units=200|rho=1.3|state_noise=0,0,memory_capacity,mc_total_raw,177.18403159890266
4D_freerun_capacity,leak_rate=0.3|n_units=200|rho=1.3|state_noise=0,0,memory_capacity,mc_threshold,0.03297043479850398
4D_freerun_capacity,leak_rate=0.3|n_units=200|rho=1.3|state_noise=0,0,memory_capacity,mc_effective_delay,117.81101517507636
4D_freerun_capacity,leak_rate=0.3|n_units=200|rho=1.3|state_noise=0,0,memory_capacity,mc_ratio,0.8859201579945133
4D_freerun_capacity,leak_rate=0.3|n_units=200|rho=1.3|state_noise=0,0,memory_capacity,n_delays,400.0
4D_freerun_capacity,leak_rate=0.3|n_units=200|rho=1.3|state_noise=0,0,ipc,ipc_total,600.963628441605
4D_freerun_capacity,leak_rate=0.3|n_units=200|rho=1.3|state_noise=0,0,ipc,ipc_total_raw,600.963628441605
4D_freerun_capacity,leak_rate=0.3|n_units=200|rho=1.3|state_noise=0,0,ipc,ipc_linear,59.99504651806576
4D_freerun_capacity,leak_rate=0.3|n_units=200|rho=1.3|state_noise=0,0,ipc,ipc_nonlinear,540.9685819235392
4D_freerun_capacity,leak_rate=0.3|n_units=200|rho=1.3|state_noise=0,0,ipc,n_targets,601.0
4D_freerun_capacity,leak_rate=0.3|n_units=200|rho=1.3|state_noise=0,0,ipc,n_targets_kept,601.0
4D_freerun_capacity,leak_rate=0.3|n_units=200|rho=1.3|state_noise=0,0,ipc,saturation_ratio,3.004818142208025
4D_freerun_capacity,leak_rate=0.3|n_units=200|rho=1.3|state_noise=0,0,ipc,ipc_threshold_degree1,0.03161102255522527
4D_freerun_capacity,leak_rate=0.3|n_units=200|rho=1.3|state_noise=0,0,ipc,ipc_threshold_degree2,0.465986569067384
4D_freerun_capacity,leak_rate=0.3|n_units=200|rho=1.3|state_noise=0,0,ipc,ipc_threshold_degree3,0.05117730600735146
4D_freerun_capacity,leak_rate=0.3|n_units=200|rho=1.3|state_noise=0,0,ipc,ipc_threshold_degree4,0.2828155572478779
4D_freerun_capacity,leak_rate=0.3|n_units=200|rho=1.3|state_noise=0,1,memory_capacity,mc_total,211.30190626759986
4D_freerun_capacity,leak_rate=0.3|n_units=200|rho=1.3|state_noise=0,1,memory_capacity,mc_total_raw,211.30190626759986
4D_freerun_capacity,leak_rate=0.3|n_units=200|rho=1.3|state_noise=0,1,memory_capacity,mc_threshold,0.03469097824922848
4D_freerun_capacity,leak_rate=0.3|n_units=200|rho=1.3|state_noise=0,1,memory_capacity,mc_effective_delay,136.86417601692247
4D_freerun_capacity,leak_rate=0.3|n_units=200|rho=1.3|state_noise=0,1,memory_capacity,mc_ratio,1.0565095313379993
4D_freerun_capacity,leak_rate=0.3|n_units=200|rho=1.3|state_noise=0,1,memory_capacity,n_delays,400.0
4D_freerun_capacity,leak_rate=0.3|n_units=200|rho=1.3|state_noise=0,1,ipc,ipc_total,600.8933605126678
4D_freerun_capacity,leak_rate=0.3|n_units=200|rho=1.3|state_noise=0,1,ipc,ipc_total_raw,600.8933605126678
4D_freerun_capacity,leak_rate=0.3|n_units=200|rho=1.3|state_noise=0,1,ipc,ipc_linear,59.99098731870635
4D_freerun_capacity,leak_rate=0.3|n_units=200|rho=1.3|state_noise=0,1,ipc,ipc_nonlinear,540.9023731939614
4D_freerun_capacity,leak_rate=0.3|n_units=200|rho=1.3|state_noise=0,1,ipc,n_targets,601.0
4D_freerun_capacity,leak_rate=0.3|n_units=200|rho=1.3|state_noise=0,1,ipc,n_targets_kept,601.0
4D_freerun_capacity,leak_rate=0.3|n_units=200|rho=1.3|state_noise=0,1,ipc,saturation_ratio,3.0044668025633388
4D_freerun_capacity,leak_rate=0.3|n_units=200|rho=1.3|state_noise=0,1,ipc,ipc_threshold_degree1,0.03224573559832292
4D_freerun_capacity,leak_rate=0.3|n_units=200|rho=1.3|state_noise=0,1,ipc,ipc_threshold_degree2,0.5025170964623348
4D_freerun_capacity,leak_rate=0.3|n_units=200|rho=1.3|state_noise=0,1,ipc,ipc_threshold_degree3,0.033079075662544734
4D_freerun_capacity,leak_rate=0.3|n_units=200|rho=1.3|state_noise=0,1,ipc,ipc_threshold_degree4,0.310987238762453
4D_freerun_capacity,leak_rate=0.3|n_units=200|rho=1.3|state_noise=0,2,memory_capacity,mc_total,191.06603059388763
4D_freerun_capacity,leak_rate=0.3|n_units=200|rho=1.3|state_noise=0,2,memory_capacity,mc_total_raw,191.06603059388763
4D_freerun_capacity,leak_rate=0.3|n_units=200|rho=1.3|state_noise=0,2,memory_capacity,mc_threshold,0.03314307596446566
4D_freerun_capacity,leak_rate=0.3|n_units=200|rho=1.3|state_noise=0,2,memory_capacity,mc_effective_delay,124.87621619340074
4D_freerun_capacity,leak_rate=0.3|n_units=200|rho=1.3|state_noise=0,2,memory_capacity,mc_ratio,0.9553301529694381
4D_freerun_capacity,leak_rate=0.3|n_units=200|rho=1.3|state_noise=0,2,memory_capacity,n_delays,400.0
4D_freerun_capacity,leak_rate=0.3|n_units=200|rho=1.3|state_noise=0,2,ipc,ipc_total,600.9327966043472
4D_freerun_capacity,leak_rate=0.3|n_units=200|rho=1.3|state_noise=0,2,ipc,ipc_total_raw,600.9327966043472
4D_freerun_capacity,leak_rate=0.3|n_units=200|rho=1.3|state_noise=0,2,ipc,ipc_linear,59.99423253955318
4D_freerun_capacity,leak_rate=0.3|n_units=200|rho=1.3|state_noise=0,2,ipc,ipc_nonlinear,540.938564064794
4D_freerun_capacity,leak_rate=0.3|n_units=200|rho=1.3|state_noise=0,2,ipc,n_targets,601.0
4D_freerun_capacity,leak_rate=0.3|n_units=200|rho=1.3|state_noise=0,2,ipc,n_targets_kept,601.0
4D_freerun_capacity,leak_rate=0.3|n_units=200|rho=1.3|state_noise=0,2,ipc,saturation_ratio,3.0046639830217363
4D_freerun_capacity,leak_rate=0.3|n_units=200|rho=1.3|state_noise=0,2,ipc,ipc_threshold_degree1,0.03245348404122654
4D_freerun_capacity,leak_rate=0.3|n_units=200|rho=1.3|state_noise=0,2,ipc,ipc_threshold_degree2,0.49804442580801594
4D_freerun_capacity,leak_rate=0.3|n_units=200|rho=1.3|state_noise=0,2,ipc,ipc_threshold_degree3,0.0414030594694706
4D_freerun_capacity,leak_rate=0.3|n_units=200|rho=1.3|state_noise=0,2,ipc,ipc_threshold_degree4,0.2876985342677293
4D_freerun_capacity,leak_rate=0.3|n_units=200|rho=1.3|state_noise=0,3,memory_capacity,mc_total,172.5265441414852
4D_freerun_capacity,leak_rate=0.3|n_units=200|rho=1.3|state_noise=0,3,memory_capacity,mc_total_raw,172.5265441414852
4D_freerun_capacity,leak_rate=0.3|n_units=200|rho=1.3|state_noise=0,3,memory_capacity,mc_threshold,0.034127171821068614
4D_freerun_capacity,leak_rate=0.3|n_units=200|rho=1.3|state_noise=0,3,memory_capacity,mc_effective_delay,122.83007182895932
4D_freerun_capacity,leak_rate=0.3|n_units=200|rho=1.3|state_noise=0,3,memory_capacity,mc_ratio,0.862632720707426
4D_freerun_capacity,leak_rate=0.3|n_units=200|rho=1.3|state_noise=0,3,memory_capacity,n_delays,400.0
4D_freerun_capacity,leak_rate=0.3|n_units=200|rho=1.3|state_noise=0,3,ipc,ipc_total,600.9075154907005
4D_freerun_capacity,leak_rate=0.3|n_units=200|rho=1.3|state_noise=0,3,ipc,ipc_total_raw,600.9075154907005
4D_freerun_capacity,leak_rate=0.3|n_units=200|rho=1.3|state_noise=0,3,ipc,ipc_linear,59.979643406803945
4D_freerun_capacity,leak_rate=0.3|n_units=200|rho=1.3|state_noise=0,3,ipc,ipc_nonlinear,540.9278720838965
4D_freerun_capacity,leak_rate=0.3|n_units=200|rho=1.3|state_noise=0,3,ipc,n_targets,601.0
4D_freerun_capacity,leak_rate=0.3|n_units=200|rho=1.3|state_noise=0,3,ipc,n_targets_kept,601.0
4D_freerun_capacity,leak_rate=0.3|n_units=200|rho=1.3|state_noise=0,3,ipc,saturation_ratio,3.0045375774535024
4D_freerun_capacity,leak_rate=0.3|n_units=200|rho=1.3|state_noise=0,3,ipc,ipc_threshold_degree1,0.03222100732090614
4D_freerun_capacity,leak_rate=0.3|n_units=200|rho=1.3|state_noise=0,3,ipc,ipc_threshold_degree2,0.5162500207773609
4D_freerun_capacity,leak_rate=0.3|n_units=200|rho=1.3|state_noise=0,3,ipc,ipc_threshold_degree3,0.03490630277078894
4D_freerun_capacity,leak_rate=0.3|n_units=200|rho=1.3|state_noise=0,3,ipc,ipc_threshold_degree4,0.2907919712021629
4D_freerun_capacity,leak_rate=0.3|n_units=200|rho=1.3|state_noise=0,4,memory_capacity,mc_total,204.80127444693892
4D_freerun_capacity,leak_rate=0.3|n_units=200|rho=1.3|state_noise=0,4,memory_capacity,mc_total_raw,204.80127444693892
4D_freerun_capacity,leak_rate=0.3|n_units=200|rho=1.3|state_noise=0,4,memory_capacity,mc_threshold,0.03152834991171823
4D_freerun_capacity,leak_rate=0.3|n_units=200|rho=1.3|state_noise=0,4,memory_capacity,mc_effective_delay,135.9184600304231
4D_freerun_capacity,leak_rate=0.3|n_units=200|rho=1.3|state_noise=0,4,memory_capacity,mc_ratio,1.0240063722346946
4D_freerun_capacity,leak_rate=0.3|n_units=200|rho=1.3|state_noise=0,4,memory_capacity,n_delays,400.0
4D_freerun_capacity,leak_rate=0.3|n_units=200|rho=1.3|state_noise=0,4,ipc,ipc_total,600.9640470690333
4D_freerun_capacity,leak_rate=0.3|n_units=200|rho=1.3|state_noise=0,4,ipc,ipc_total_raw,600.9640470690333
4D_freerun_capacity,leak_rate=0.3|n_units=200|rho=1.3|state_noise=0,4,ipc,ipc_linear,59.99730511702714
4D_freerun_capacity,leak_rate=0.3|n_units=200|rho=1.3|state_noise=0,4,ipc,ipc_nonlinear,540.9667419520061
4D_freerun_capacity,leak_rate=0.3|n_units=200|rho=1.3|state_noise=0,4,ipc,n_targets,601.0
4D_freerun_capacity,leak_rate=0.3|n_units=200|rho=1.3|state_noise=0,4,ipc,n_targets_kept,601.0
4D_freerun_capacity,leak_rate=0.3|n_units=200|rho=1.3|state_noise=0,4,ipc,saturation_ratio,3.0048202353451665
4D_freerun_capacity,leak_rate=0.3|n_units=200|rho=1.3|state_noise=0,4,ipc,ipc_threshold_degree1,0.03195943602614267
4D_freerun_capacity,leak_rate=0.3|n_units=200|rho=1.3|state_noise=0,4,ipc,ipc_threshold_degree2,0.4724708399851983
4D_freerun_capacity,leak_rate=0.3|n_units=200|rho=1.3|state_noise=0,4,ipc,ipc_threshold_degree3,0.038725092540982956
4D_freerun_capacity,leak_rate=0.3|n_units=200|rho=1.3|state_noise=0,4,ipc,ipc_threshold_degree4,0.3125936314595529
4D_freerun_capacity,leak_rate=0.3|n_units=200|rho=1.3|state_noise=0.0001,0,memory_capacity,mc_total,177.22310745222785
4D_freerun_capacity,leak_rate=0.3|n_units=200|rho=1.3|state_noise=0.0001,0,memory_capacity,mc_total_raw,177.22310745222785
4D_freerun_capacity,leak_rate=0.3|n_units=200|rho=1.3|state_noise=0.0001,0,memory_capacity,mc_threshold,0.0330566819660673
4D_freerun_capacity,leak_rate=0.3|n_units=200|rho=1.3|state_noise=0.0001,0,memory_capacity,mc_effective_delay,117.88029523211151
4D_freerun_capacity,leak_rate=0.3|n_units=200|rho=1.3|state_noise=0.0001,0,memory_capacity,mc_ratio,0.8861155372611392
4D_freerun_capacity,leak_rate=0.3|n_units=200|rho=1.3|state_noise=0.0001,0,memory_capacity,n_delays,400.0
4D_freerun_capacity,leak_rate=0.3|n_units=200|rho=1.3|state_noise=0.0001,0,ipc,ipc_total,600.963579373233
4D_freerun_capacity,leak_rate=0.3|n_units=200|rho=1.3|state_noise=0.0001,0,ipc,ipc_total_raw,600.963579373233
4D_freerun_capacity,leak_rate=0.3|n_units=200|rho=1.3|state_noise=0.0001,0,ipc,ipc_linear,59.9950321927802
4D_freerun_capacity,leak_rate=0.3|n_units=200|rho=1.3|state_noise=0.0001,0,ipc,ipc_nonlinear,540.9685471804528
4D_freerun_capacity,leak_rate=0.3|n_units=200|rho=1.3|state_noise=0.0001,0,ipc,n_targets,601.0
4D_freerun_capacity,leak_rate=0.3|n_units=200|rho=1.3|state_noise=0.0001,0,ipc,n_targets_kept,601.0
4D_freerun_capacity,leak_rate=0.3|n_units=200|rho=1.3|state_noise=0.0001,0,ipc,saturation_ratio,3.004817896866165
4D_freerun_capacity,leak_rate=0.3|n_units=200|rho=1.3|state_noise=0.0001,0,ipc,ipc_threshold_degree1,0.0317128237506641
4D_freerun_capacity,leak_rate=0.3|n_units=200|rho=1.3|state_noise=0.0001,0,ipc,ipc_threshold_degree2,0.46602451049186916
4D_freerun_capacity,leak_rate=0.3|n_units=200|rho=1.3|state_noise=0.0001,0,ipc,ipc_threshold_degree3,0.0510957648734827
4D_freerun_capacity,leak_rate=0.3|n_units=200|rho=1.3|state_noise=0.0001,0,ipc,ipc_threshold_degree4,0.28271951617863517
4D_freerun_capacity,leak_rate=0.3|n_units=200|rho=1.3|state_noise=0.0001,1,memory_capacity,mc_total,211.32613857615615
4D_freerun_capacity,leak_rate=0.3|n_units=200|rho=1.3|state_noise=0.0001,1,memory_capacity,mc_total_raw,211.32613857615615
4D_freerun_capacity,leak_rate=0.3|n_units=200|rho=1.3|state_noise=0.0001,1,memory_capacity,mc_threshold,0.034675564776871774
4D_freerun_capacity,leak_rate=0.3|n_units=200|rho=1.3|state_noise=0.0001,1,memory_capacity,mc_effective_delay,136.87031387220998
4D_freerun_capacity,leak_rate=0.3|n_units=200|rho=1.3|state_noise=0.0001,1,memory_capacity,mc_ratio,1.0566306928807807
4D_freerun_capacity,leak_rate=0.3|n_units=200|rho=1.3|state_noise=0.0001,1,memory_capacity,n_delays,400.0
4D_freerun_capacity,leak_rate=0.3|n_units=200|rho=1.3|state_noise=0.0001,1,ipc,ipc_total,600.8932155476325
4D_freerun_capacity,leak_rate=0.3|n_units=200|rho=1.3|state_noise=0.0001,1,ipc,ipc_total_raw,600.8932155476325
4D_freerun_capacity,leak_rate=0.3|n_units=200|rho=1.3|state_noise=0.0001,1,ipc,ipc_linear,59.99097663135438
4D_freerun_capacity,leak_rate=0.3|n_units=200|rho=1.3|state_noise=0.0001,1,ipc,ipc_nonlinear,540.9022389162782
4D_freerun_capacity,leak_rate=0.3|n_units=200|rho=1.3|state_noise=0.0001,1,ipc,n_targets,601.0
4D_freerun_capacity,leak_rate=0.3|n_units=200|rho=1.3|state_noise=0.0001,1,ipc,n_targets_kept,601.0
4D_freerun_capacity,leak_rate=0.3|n_units=200|rho=1.3|state_noise=0.0001,1,ipc,saturation_ratio,3.0044660777381624
4D_freerun_capacity,leak_rate=0.3|n_units=200|rho=1.3|state_noise=0.0001,1,ipc,ipc_threshold_degree1,0.032219858627643656
4D_freerun_capacity,leak_rate=0.3|n_units=200|rho=1.3|state_noise=0.0001,1,ipc,ipc_threshold_degree2,0.5025345093957422
4D_freerun_capacity,leak_rate=0.3|n_units=200|rho=1.3|state_noise=0.0001,1,ipc,ipc_threshold_degree3,0.033094014471737085
4D_freerun_capacity,leak_rate=0.3|n_units=200|rho=1.3|state_noise=0.0001,1,ipc,ipc_threshold_degree4,0.31094856898064643
4D_freerun_capacity,leak_rate=0.3|n_units=200|rho=1.3|state_noise=0.0001,2,memory_capacity,mc_total,191.0249683685398
4D_freerun_capacity,leak_rate=0.3|n_units=200|rho=1.3|state_noise=0.0001,2,memory_capacity,mc_total_raw,191.0249683685398
4D_freerun_capacity,leak_rate=0.3|n_units=200|rho=1.3|state_noise=0.0001,2,memory_capacity,mc_threshold,0.03315872633623164
4D_freerun_capacity,leak_rate=0.3|n_units=200|rho=1.3|state_noise=0.0001,2,memory_capacity,mc_effective_delay,124.85728110384231
4D_freerun_capacity,leak_rate=0.3|n_units=200|rho=1.3|state_noise=0.0001,2,memory_capacity,mc_ratio,0.955124841842699
4D_freerun_capacity,leak_rate=0.3|n_units=200|rho=1.3|state_noise=0.0001,2,memory_capacity,n_delays,400.0
4D_freerun_capacity,leak_rate=0.3|n_units=200|rho=1.3|state_noise=0.0001,2,ipc,ipc_total,600.9327692126764
4D_freerun_capacity,leak_rate=0.3|n_units=200|rho=1.3|state_noise=0.0001,2,ipc,ipc_total_raw,600.9327692126764
4D_freerun_capacity,leak_rate=0.3|n_units=200|rho=1.3|state_noise=0.0001,2,ipc,ipc_linear,59.99422382726121
4D_freerun_capacity,leak_rate=0.3|n_units=200|rho=1.3|state_noise=0.0001,2,ipc,ipc_nonlinear,540.9385453854152
4D_freerun_capacity,leak_rate=0.3|n_units=200|rho=1.3|state_noise=0.0001,2,ipc,n_targets,601.0
4D_freerun_capacity,leak_rate=0.3|n_units=200|rho=1.3|state_noise=0.0001,2,ipc,n_targets_kept,601.0
4D_freerun_capacity,leak_rate=0.3|n_units=200|rho=1.3|state_noise=0.0001,2,ipc,saturation_ratio,3.004663846063382
4D_freerun_capacity,leak_rate=0.3|n_units=200|rho=1.3|state_noise=0.0001,2,ipc,ipc_threshold_degree1,0.03242162265536603
4D_freerun_capacity,leak_rate=0.3|n_units=200|rho=1.3|state_noise=0.0001,2,ipc,ipc_threshold_degree2,0.4980437158751365
4D_freerun_capacity,leak_rate=0.3|n_units=200|rho=1.3|state_noise=0.0001,2,ipc,ipc_threshold_degree3,0.04139280120684617
4D_freerun_capacity,leak_rate=0.3|n_units=200|rho=1.3|state_noise=0.0001,2,ipc,ipc_threshold_degree4,0.2876652575314026
4D_freerun_capacity,leak_rate=0.3|n_units=200|rho=1.3|state_noise=0.0001,3,memory_capacity,mc_total,172.53158300457375
4D_freerun_capacity,leak_rate=0.3|n_units=200|rho=1.3|state_noise=0.0001,3,memory_capacity,mc_total_raw,172.53158300457375
4D_freerun_capacity,leak_rate=0.3|n_units=200|rho=1.3|state_noise=0.0001,3,memory_capacity,mc_threshold,0.03411245610726504
4D_freerun_capacity,leak_rate=0.3|n_units=200|rho=1.3|state_noise=0.0001,3,memory_capacity,mc_effective_delay,122.83787802957937
4D_freerun_capacity,leak_rate=0.3|n_units=200|rho=1.3|state_noise=0.0001,3,memory_capacity,mc_ratio,0.8626579150228687
4D_freerun_capacity,leak_rate=0.3|n_units=200|rho=1.3|state_noise=0.0001,3,memory_capacity,n_delays,400.0
4D_freerun_capacity,leak_rate=0.3|n_units=200|rho=1.3|state_noise=0.0001,3,ipc,ipc_total,600.9074151565442
4D_freerun_capacity,leak_rate=0.3|n_units=200|rho=1.3|state_noise=0.0001,3,ipc,ipc_total_raw,600.9074151565442
4D_freerun_capacity,leak_rate=0.3|n_units=200|rho=1.3|state_noise=0.0001,3,ipc,ipc_linear,59.97963711314039
4D_freerun_capacity,leak_rate=0.3|n_units=200|rho=1.3|state_noise=0.0001,3,ipc,ipc_nonlinear,540.9277780434038
4D_freerun_capacity,leak_rate=0.3|n_units=200|rho=1.3|state_noise=0.0001,3,ipc,n_targets,601.0
4D_freerun_capacity,leak_rate=0.3|n_units=200|rho=1.3|state_noise=0.0001,3,ipc,n_targets_kept,601.0
4D_freerun_capacity,leak_rate=0.3|n_units=200|rho=1.3|state_noise=0.0001,3,ipc,saturation_ratio,3.004537075782721
4D_freerun_capacity,leak_rate=0.3|n_units=200|rho=1.3|state_noise=0.0001,3,ipc,ipc_threshold_degree1,0.03228615861331842
4D_freerun_capacity,leak_rate=0.3|n_units=200|rho=1.3|state_noise=0.0001,3,ipc,ipc_threshold_degree2,0.5162832205873026
4D_freerun_capacity,leak_rate=0.3|n_units=200|rho=1.3|state_noise=0.0001,3,ipc,ipc_threshold_degree3,0.03493947981567384
4D_freerun_capacity,leak_rate=0.3|n_units=200|rho=1.3|state_noise=0.0001,3,ipc,ipc_threshold_degree4,0.2907840290119144
4D_freerun_capacity,leak_rate=0.3|n_units=200|rho=1.3|state_noise=0.0001,4,memory_capacity,mc_total,204.82779212313926
4D_freerun_capacity,leak_rate=0.3|n_units=200|rho=1.3|state_noise=0.0001,4,memory_capacity,mc_total_raw,204.82779212313926
4D_freerun_capacity,leak_rate=0.3|n_units=200|rho=1.3|state_noise=0.0001,4,memory_capacity,mc_threshold,0.031494281016358164
4D_freerun_capacity,leak_rate=0.3|n_units=200|rho=1.3|state_noise=0.0001,4,memory_capacity,mc_effective_delay,135.9366538703231
4D_freerun_capacity,leak_rate=0.3|n_units=200|rho=1.3|state_noise=0.0001,4,memory_capacity,mc_ratio,1.0241389606156963
4D_freerun_capacity,leak_rate=0.3|n_units=200|rho=1.3|state_noise=0.0001,4,memory_capacity,n_delays,400.0
4D_freerun_capacity,leak_rate=0.3|n_units=200|rho=1.3|state_noise=0.0001,4,ipc,ipc_total,600.9639738584842
4D_freerun_capacity,leak_rate=0.3|n_units=200|rho=1.3|state_noise=0.0001,4,ipc,ipc_total_raw,600.9639738584842
4D_freerun_capacity,leak_rate=0.3|n_units=200|rho=1.3|state_noise=0.0001,4,ipc,ipc_linear,59.99730652030997
4D_freerun_capacity,leak_rate=0.3|n_units=200|rho=1.3|state_noise=0.0001,4,ipc,ipc_nonlinear,540.9666673381743
4D_freerun_capacity,leak_rate=0.3|n_units=200|rho=1.3|state_noise=0.0001,4,ipc,n_targets,601.0
4D_freerun_capacity,leak_rate=0.3|n_units=200|rho=1.3|state_noise=0.0001,4,ipc,n_targets_kept,601.0
4D_freerun_capacity,leak_rate=0.3|n_units=200|rho=1.3|state_noise=0.0001,4,ipc,saturation_ratio,3.004819869292421
4D_freerun_capacity,leak_rate=0.3|n_units=200|rho=1.3|state_noise=0.0001,4,ipc,ipc_threshold_degree1,0.03177335649058821
4D_freerun_capacity,leak_rate=0.3|n_units=200|rho=1.3|state_noise=0.0001,4,ipc,ipc_threshold_degree2,0.47249291163219653
4D_freerun_capacity,leak_rate=0.3|n_units=200|rho=1.3|state_noise=0.0001,4,ipc,ipc_threshold_degree3,0.038737816733362546
4D_freerun_capacity,leak_rate=0.3|n_units=200|rho=1.3|state_noise=0.0001,4,ipc,ipc_threshold_degree4,0.3125606224711483
4D_freerun_capacity,leak_rate=0.3|n_units=200|rho=1.3|state_noise=0.001,0,memory_capacity,mc_total,176.42560100227166
4D_freerun_capacity,leak_rate=0.3|n_units=200|rho=1.3|state_noise=0.001,0,memory_capacity,mc_total_raw,176.42560100227166
4D_freerun_capacity,leak_rate=0.3|n_units=200|rho=1.3|state_noise=0.001,0,memory_capacity,mc_threshold,0.0338560088898294
4D_freerun_capacity,leak_rate=0.3|n_units=200|rho=1.3|state_noise=0.001,0,memory_capacity,mc_effective_delay,118.49561819706044
4D_freerun_capacity,leak_rate=0.3|n_units=200|rho=1.3|state_noise=0.001,0,memory_capacity,mc_ratio,0.8821280050113584
4D_freerun_capacity,leak_rate=0.3|n_units=200|rho=1.3|state_noise=0.001,0,memory_capacity,n_delays,400.0
4D_freerun_capacity,leak_rate=0.3|n_units=200|rho=1.3|state_noise=0.001,0,ipc,ipc_total,600.9561506543795
4D_freerun_capacity,leak_rate=0.3|n_units=200|rho=1.3|state_noise=0.001,0,ipc,ipc_total_raw,600.9561506543795
4D_freerun_capacity,leak_rate=0.3|n_units=200|rho=1.3|state_noise=0.001,0,ipc,ipc_linear,59.99417851596504
4D_freerun_capacity,leak_rate=0.3|n_units=200|rho=1.3|state_noise=0.001,0,ipc,ipc_nonlinear,540.9619721384145
4D_freerun_capacity,leak_rate=0.3|n_units=200|rho=1.3|state_noise=0.001,0,ipc,n_targets,601.0
4D_freerun_capacity,leak_rate=0.3|n_units=200|rho=1.3|state_noise=0.001,0,ipc,n_targets_kept,601.0
4D_freerun_capacity,leak_rate=0.3|n_units=200|rho=1.3|state_noise=0.001,0,ipc,saturation_ratio,3.0047807532718975
4D_freerun_capacity,leak_rate=0.3|n_units=200|rho=1.3|state_noise=0.001,0,ipc,ipc_threshold_degree1,0.03241336190431906
4D_freerun_capacity,leak_rate=0.3|n_units=200|rho=1.3|state_noise=0.001,0,ipc,ipc_threshold_degree2,0.4662712167269354
4D_freerun_capacity,leak_rate=0.3|n_units=200|rho=1.3|state_noise=0.001,0,ipc,ipc_threshold_degree3,0.05080586886957936
4D_freerun_capacity,leak_rate=0.3|n_units=200|rho=1.3|state_noise=0.001,0,ipc,ipc_threshold_degree4,0.28243656290174574
4D_freerun_capacity,leak_rate=0.3|n_units=200|rho=1.3|state_noise=0.001,1,memory_capacity,mc_total,211.0464507001853
4D_freerun_capacity,leak_rate=0.3|n_units=200|rho=1.3|state_noise=0.001,1,memory_capacity,mc_total_raw,211.0464507001853
4D_freerun_capacity,leak_rate=0.3|n_units=200|rho=1.3|state_noise=0.001,1,memory_capacity,mc_threshold,0.03460808554798762
4D_freerun_capacity,leak_rate=0.3|n_units=200|rho=1.3|state_noise=0.001,1,memory_capacity,mc_effective_delay,136.7888368288736
4D_freerun_capacity,leak_rate=0.3|n_units=200|rho=1.3|state_noise=0.001,1,memory_capacity,mc_ratio,1.0552322535009264
4D_freerun_capacity,leak_rate=0.3|n_units=200|rho=1.3|state_noise=0.001,1,memory_capacity,n_delays,400.0
4D_freerun_capacity,leak_rate=0.3|n_units=200|rho=1.3|state_noise=0.001,1,ipc,ipc_total,600.8859067874142
4D_freerun_capacity,leak_rate=0.3|n_units=200|rho=1.3|state_noise=0.001,1,ipc,ipc_total_raw,600.8859067874142
4D_freerun_capacity,leak_rate=0.3|n_units=200|rho=1.3|state_noise=0.001,1,ipc,ipc_linear,59.99049841961409
4D_freerun_capacity,leak_rate=0.3|n_units=200|rho=1.3|state_noise=0.001,1,ipc,ipc_nonlinear,540.8954083678001
4D_freerun_capacity,leak_rate=0.3|n_units=200|rho=1.3|state_noise=0.001,1,ipc,n_targets,601.0
4D_freerun_capacity,leak_rate=0.3|n_units=200|rho=1.3|state_noise=0.001,1,ipc,n_targets_kept,601.0
4D_freerun_capacity,leak_rate=0.3|n_units=200|rho=1.3|state_noise=0.001,1,ipc,saturation_ratio,3.004429533937071
4D_freerun_capacity,leak_rate=0.3|n_units=200|rho=1.3|state_noise=0.001,1,ipc,ipc_threshold_degree1,0.03214836324442633
4D_freerun_capacity,leak_rate=0.3|n_units=200|rho=1.3|state_noise=0.001,1,ipc,ipc_threshold_degree2,0.5027405657194486
4D_freerun_capacity,leak_rate=0.3|n_units=200|rho=1.3|state_noise=0.001,1,ipc,ipc_threshold_degree3,0.03310349368421408
4D_freerun_capacity,leak_rate=0.3|n_units=200|rho=1.3|state_noise=0.001,1,ipc,ipc_threshold_degree4,0.31062481074303305
4D_freerun_capacity,leak_rate=0.3|n_units=200|rho=1.3|state_noise=0.001,2,memory_capacity,mc_total,190.1762609246599
4D_freerun_capacity,leak_rate=0.3|n_units=200|rho=1.3|state_noise=0.001,2,memory_capacity,mc_total_raw,190.1762609246599
4D_freerun_capacity,leak_rate=0.3|n_units=200|rho=1.3|state_noise=0.001,2,memory_capacity,mc_threshold,0.03283780024986998
4D_freerun_capacity,leak_rate=0.3|n_units=200|rho=1.3|state_noise=0.001,2,memory_capacity,mc_effective_delay,124.6128349321084
4D_freerun_capacity,leak_rate=0.3|n_units=200|rho=1.3|state_noise=0.001,2,memory_capacity,mc_ratio,0.9508813046232996
4D_freerun_capacity,leak_rate=0.3|n_units=200|rho=1.3|state_noise=0.001,2,memory_capacity,n_delays,400.0
4D_freerun_capacity,leak_rate=0.3|n_units=200|rho=1.3|state_noise=0.001,2,ipc,ipc_total,600.9272148734144
4D_freerun_capacity,leak_rate=0.3|n_units=200|rho=1.3|state_noise=0.001,2,ipc,ipc_total_raw,600.9272148734144
4D_freerun_capacity,leak_rate=0.3|n_units=200|rho=1.3|state_noise=0.001,2,ipc,ipc_linear,59.99367702024984
4D_freerun_capacity,leak_rate=0.3|n_units=200|rho=1.3|state_noise=0.001,2,ipc,ipc_nonlinear,540.9335378531646
4D_freerun_capacity,leak_rate=0.3|n_units=200|rho=1.3|state_noise=0.001,2,ipc,n_targets,601.0
4D_freerun_capacity,leak_rate=0.3|n_units=200|rho=1.3|state_noise=0.001,2,ipc,n_targets_kept,601.0
4D_freerun_capacity,leak_rate=0.3|n_units=200|rho=1.3|state_noise=0.001,2,ipc,saturation_ratio,3.004636074367072
4D_freerun_capacity,leak_rate=0.3|n_units=200|rho=1.3|state_noise=0.001,2,ipc,ipc_threshold_degree1,0.0323924172782736
4D_freerun_capacity,leak_rate=0.3|n_units=200|rho=1.3|state_noise=0.001,2,ipc,ipc_threshold_degree2,0.49794396991352285
4D_freerun_capacity,leak_rate=0.3|n_units=200|rho=1.3|state_noise=0.001,2,ipc,ipc_threshold_degree3,0.04158266194051868
4D_freerun_capacity,leak_rate=0.3|n_units=200|rho=1.3|state_noise=0.001,2,ipc,ipc_threshold_degree4,0.2876321629970682
4D_freerun_capacity,leak_rate=0.3|n_units=200|rho=1.3|state_noise=0.001,3,memory_capacity,mc_total,172.0653056520855
4D_freerun_capacity,leak_rate=0.3|n_units=200|rho=1.3|state_noise=0.001,3,memory_capacity,mc_total_raw,172.0653056520855
4D_freerun_capacity,leak_rate=0.3|n_units=200|rho=1.3|state_noise=0.001,3,memory_capacity,mc_threshold,0.033861833846469465
4D_freerun_capacity,leak_rate=0.3|n_units=200|rho=1.3|state_noise=0.001,3,memory_capacity,mc_effective_delay,122.84772559392616
4D_freerun_capacity,leak_rate=0.3|n_units=200|rho=1.3|state_noise=0.001,3,memory_capacity,mc_ratio,0.8603265282604275
4D_freerun_capacity,leak_rate=0.3|n_units=200|rho=1.3|state_noise=0.001,3,memory_capacity,n_delays,400.0
4D_freerun_capacity,leak_rate=0.3|n_units=200|rho=1.3|state_noise=0.001,3,ipc,ipc_total,600.9003571806912
4D_freerun_capacity,leak_rate=0.3|n_units=200|rho=1.3|state_noise=0.001,3,ipc,ipc_total_raw,600.9003571806912
4D_freerun_capacity,leak_rate=0.3|n_units=200|rho=1.3|state_noise=0.001,3,ipc,ipc_linear,59.97836238256763
4D_freerun_capacity,leak_rate=0.3|n_units=200|rho=1.3|state_noise=0.001,3,ipc,ipc_nonlinear,540.9219947981236
4D_freerun_capacity,leak_rate=0.3|n_units=200|rho=1.3|state_noise=0.001,3,ipc,n_targets,601.0
4D_freerun_capacity,leak_rate=0.3|n_units=200|rho=1.3|state_noise=0.001,3,ipc,n_targets_kept,601.0
4D_freerun_capacity,leak_rate=0.3|n_units=200|rho=1.3|state_noise=0.001,3,ipc,saturation_ratio,3.004501785903456
4D_freerun_capacity,leak_rate=0.3|n_units=200|rho=1.3|state_noise=0.001,3,ipc,ipc_threshold_degree1,0.03308768836448843
4D_freerun_capacity,leak_rate=0.3|n_units=200|rho=1.3|state_noise=0.001,3,ipc,ipc_threshold_degree2,0.5164366713647877
4D_freerun_capacity,leak_rate=0.3|n_units=200|rho=1.3|state_noise=0.001,3,ipc,ipc_threshold_degree3,0.034688322814223085
4D_freerun_capacity,leak_rate=0.3|n_units=200|rho=1.3|state_noise=0.001,3,ipc,ipc_threshold_degree4,0.29078354760029795
4D_freerun_capacity,leak_rate=0.3|n_units=200|rho=1.3|state_noise=0.001,4,memory_capacity,mc_total,203.66396863123964
4D_freerun_capacity,leak_rate=0.3|n_units=200|rho=1.3|state_noise=0.001,4,memory_capacity,mc_total_raw,203.66396863123964
4D_freerun_capacity,leak_rate=0.3|n_units=200|rho=1.3|state_noise=0.001,4,memory_capacity,mc_threshold,0.03210611892022423
4D_freerun_capacity,leak_rate=0.3|n_units=200|rho=1.3|state_noise=0.001,4,memory_capacity,mc_effective_delay,135.7239944940044
4D_freerun_capacity,leak_rate=0.3|n_units=200|rho=1.3|state_noise=0.001,4,memory_capacity,mc_ratio,1.0183198431561982
4D_freerun_capacity,leak_rate=0.3|n_units=200|rho=1.3|state_noise=0.001,4,memory_capacity,n_delays,400.0
4D_freerun_capacity,leak_rate=0.3|n_units=200|rho=1.3|state_noise=0.001,4,ipc,ipc_total,600.9568881172906
4D_freerun_capacity,leak_rate=0.3|n_units=200|rho=1.3|state_noise=0.001,4,ipc,ipc_total_raw,600.9568881172906
4D_freerun_capacity,leak_rate=0.3|n_units=200|rho=1.3|state_noise=0.001,4,ipc,ipc_linear,59.99684213124489
4D_freerun_capacity,leak_rate=0.3|n_units=200|rho=1.3|state_noise=0.001,4,ipc,ipc_nonlinear,540.9600459860458
4D_freerun_capacity,leak_rate=0.3|n_units=200|rho=1.3|state_noise=0.001,4,ipc,n_targets,601.0
4D_freerun_capacity,leak_rate=0.3|n_units=200|rho=1.3|state_noise=0.001,4,ipc,n_targets_kept,601.0
4D_freerun_capacity,leak_rate=0.3|n_units=200|rho=1.3|state_noise=0.001,4,ipc,saturation_ratio,3.0047844405864534
4D_freerun_capacity,leak_rate=0.3|n_units=200|rho=1.3|state_noise=0.001,4,ipc,ipc_threshold_degree1,0.03184359622907026
4D_freerun_capacity,leak_rate=0.3|n_units=200|rho=1.3|state_noise=0.001,4,ipc,ipc_threshold_degree2,0.4725530470319287
4D_freerun_capacity,leak_rate=0.3|n_units=200|rho=1.3|state_noise=0.001,4,ipc,ipc_threshold_degree3,0.0384887395198303
4D_freerun_capacity,leak_rate=0.3|n_units=200|rho=1.3|state_noise=0.001,4,ipc,ipc_threshold_degree4,0.3122870439594134
4D_freerun_capacity,leak_rate=0.3|n_units=200|rho=1.3|state_noise=0.01,0,memory_capacity,mc_total,163.9232026336423
4D_freerun_capacity,leak_rate=0.3|n_units=200|rho=1.3|state_noise=0.01,0,memory_capacity,mc_total_raw,163.9232026336423
4D_freerun_capacity,leak_rate=0.3|n_units=200|rho=1.3|state_noise=0.01,0,memory_capacity,mc_threshold,0.03451837547386489
4D_freerun_capacity,leak_rate=0.3|n_units=200|rho=1.3|state_noise=0.01,0,memory_capacity,mc_effective_delay,118.76461946952978
4D_freerun_capacity,leak_rate=0.3|n_units=200|rho=1.3|state_noise=0.01,0,memory_capacity,mc_ratio,0.8196160131682114
4D_freerun_capacity,leak_rate=0.3|n_units=200|rho=1.3|state_noise=0.01,0,memory_capacity,n_delays,400.0
4D_freerun_capacity,leak_rate=0.3|n_units=200|rho=1.3|state_noise=0.01,0,ipc,ipc_total,600.7152585840872
4D_freerun_capacity,leak_rate=0.3|n_units=200|rho=1.3|state_noise=0.01,0,ipc,ipc_total_raw,600.7152585840872
4D_freerun_capacity,leak_rate=0.3|n_units=200|rho=1.3|state_noise=0.01,0,ipc,ipc_linear,59.96733359131112
4D_freerun_capacity,leak_rate=0.3|n_units=200|rho=1.3|state_noise=0.01,0,ipc,ipc_nonlinear,540.7479249927761
4D_freerun_capacity,leak_rate=0.3|n_units=200|rho=1.3|state_noise=0.01,0,ipc,n_targets,601.0
4D_freerun_capacity,leak_rate=0.3|n_units=200|rho=1.3|state_noise=0.01,0,ipc,n_targets_kept,601.0
4D_freerun_capacity,leak_rate=0.3|n_units=200|rho=1.3|state_noise=0.01,0,ipc,saturation_ratio,3.003576292920436
4D_freerun_capacity,leak_rate=0.3|n_units=200|rho=1.3|state_noise=0.01,0,ipc,ipc_threshold_degree1,0.0327155038576068
4D_freerun_capacity,leak_rate=0.3|n_units=200|rho=1.3|state_noise=0.01,0,ipc,ipc_threshold_degree2,0.46638656007662305
4D_freerun_capacity,leak_rate=0.3|n_units=200|rho=1.3|state_noise=0.01,0,ipc,ipc_threshold_degree3,0.052008884597619896
4D_freerun_capacity,leak_rate=0.3|n_units=200|rho=1.3|state_noise=0.01,0,ipc,ipc_threshold_degree4,0.2830329781317697
4D_freerun_capacity,leak_rate=0.3|n_units=200|rho=1.3|state_noise=0.01,1,memory_capacity,mc_total,200.76152850423395
4D_freerun_capacity,leak_rate=0.3|n_units=200|rho=1.3|state_noise=0.01,1,memory_capacity,mc_total_raw,200.76152850423395
4D_freerun_capacity,leak_rate=0.3|n_units=200|rho=1.3|state_noise=0.01,1,memory_capacity,mc_threshold,0.0337592944451087
4D_freerun_capacity,leak_rate=0.3|n_units=200|rho=1.3|state_noise=0.01,1,memory_capacity,mc_effective_delay,134.66752246030174
4D_freerun_capacity,leak_rate=0.3|n_units=200|rho=1.3|state_noise=0.01,1,memory_capacity,mc_ratio,1.0038076425211697
4D_freerun_capacity,leak_rate=0.3|n_units=200|rho=1.3|state_noise=0.01,1,memory_capacity,n_delays,400.0
4D_freerun_capacity,leak_rate=0.3|n_units=200|rho=1.3|state_noise=0.01,1,ipc,ipc_total,600.5758659014597
4D_freerun_capacity,leak_rate=0.3|n_units=200|rho=1.3|state_noise=0.01,1,ipc,ipc_total_raw,600.5758659014597
4D_freerun_capacity,leak_rate=0.3|n_units=200|rho=1.3|state_noise=0.01,1,ipc,ipc_linear,59.97130260047672
4D_freerun_capacity,leak_rate=0.3|n_units=200|rho=1.3|state_noise=0.01,1,ipc,ipc_nonlinear,540.6045633009829
4D_freerun_capacity,leak_rate=0.3|n_units=200|rho=1.3|state_noise=0.01,1,ipc,n_targets,601.0
4D_freerun_capacity,leak_rate=0.3|n_units=200|rho=1.3|state_noise=0.01,1,ipc,n_targets_kept,601.0
4D_freerun_capacity,leak_rate=0.3|n_units=200|rho=1.3|state_noise=0.01,1,ipc,saturation_ratio,3.0028793295072984
4D_freerun_capacity,leak_rate=0.3|n_units=200|rho=1.3|state_noise=0.01,1,ipc,ipc_threshold_degree1,0.0330524883239582
4D_freerun_capacity,leak_rate=0.3|n_units=200|rho=1.3|state_noise=0.01,1,ipc,ipc_threshold_degree2,0.5031519115159467
4D_freerun_capacity,leak_rate=0.3|n_units=200|rho=1.3|state_noise=0.01,1,ipc,ipc_threshold_degree3,0.03328862952011456
4D_freerun_capacity,leak_rate=0.3|n_units=200|rho=1.3|state_noise=0.01,1,ipc,ipc_threshold_degree4,0.31137724941927725
4D_freerun_capacity,leak_rate=0.3|n_units=200|rho=1.3|state_noise=0.01,2,memory_capacity,mc_total,178.44912082992295
4D_freerun_capacity,leak_rate=0.3|n_units=200|rho=1.3|state_noise=0.01,2,memory_capacity,mc_total_raw,178.44912082992295
4D_freerun_capacity,leak_rate=0.3|n_units=200|rho=1.3|state_noise=0.01,2,memory_capacity,mc_threshold,0.03275689109609565
4D_freerun_capacity,leak_rate=0.3|n_units=200|rho=1.3|state_noise=0.01,2,memory_capacity,mc_effective_delay,122.78689624987712
4D_freerun_capacity,leak_rate=0.3|n_units=200|rho=1.3|state_noise=0.01,2,memory_capacity,mc_ratio,0.8922456041496147
4D_freerun_capacity,leak_rate=0.3|n_units=200|rho=1.3|state_noise=0.01,2,memory_capacity,n_delays,400.0
4D_freerun_capacity,leak_rate=0.3|n_units=200|rho=1.3|state_noise=0.01,2,ipc,ipc_total,600.6943045205636
4D_freerun_capacity,leak_rate=0.3|n_units=200|rho=1.3|state_noise=0.01,2,ipc,ipc_total_raw,600.6943045205636
4D_freerun_capacity,leak_rate=0.3|n_units=200|rho=1.3|state_noise=0.01,2,ipc,ipc_linear,59.975474563648255
4D_freerun_capacity,leak_rate=0.3|n_units=200|rho=1.3|state_noise=0.01,2,ipc,ipc_nonlinear,540.7188299569153
4D_freerun_capacity,leak_rate=0.3|n_units=200|rho=1.3|state_noise=0.01,2,ipc,n_targets,601.0
4D_freerun_capacity,leak_rate=0.3|n_units=200|rho=1.3|state_noise=0.01,2,ipc,n_targets_kept,601.0
4D_freerun_capacity,leak_rate=0.3|n_units=200|rho=1.3|state_noise=0.01,2,ipc,saturation_ratio,3.003471522602818
4D_freerun_capacity,leak_rate=0.3|n_units=200|rho=1.3|state_noise=0.01,2,ipc,ipc_threshold_degree1,0.03356995068689162
4D_freerun_capacity,leak_rate=0.3|n_units=200|rho=1.3|state_noise=0.01,2,ipc,ipc_threshold_degree2,0.49765189152328143
4D_freerun_capacity,leak_rate=0.3|n_units=200|rho=1.3|state_noise=0.01,2,ipc,ipc_threshold_degree3,0.04151209674046258
4D_freerun_capacity,leak_rate=0.3|n_units=200|rho=1.3|state_noise=0.01,2,ipc,ipc_threshold_degree4,0.2877864755119017
4D_freerun_capacity,leak_rate=0.3|n_units=200|rho=1.3|state_noise=0.01,3,memory_capacity,mc_total,162.0490168863968
4D_freerun_capacity,leak_rate=0.3|n_units=200|rho=1.3|state_noise=0.01,3,memory_capacity,mc_total_raw,162.0490168863968
4D_freerun_capacity,leak_rate=0.3|n_units=200|rho=1.3|state_noise=0.01,3,memory_capacity,mc_threshold,0.03359390249219041
4D_freerun_capacity,leak_rate=0.3|n_units=200|rho=1.3|state_noise=0.01,3,memory_capacity,mc_effective_delay,121.56060260839094
4D_freerun_capacity,leak_rate=0.3|n_units=200|rho=1.3|state_noise=0.01,3,memory_capacity,mc_ratio,0.810245084431984
4D_freerun_capacity,leak_rate=0.3|n_units=200|rho=1.3|state_noise=0.01,3,memory_capacity,n_delays,400.0
4D_freerun_capacity,leak_rate=0.3|n_units=200|rho=1.3|state_noise=0.01,3,ipc,ipc_total,600.6063046917702
4D_freerun_capacity,leak_rate=0.3|n_units=200|rho=1.3|state_noise=0.01,3,ipc,ipc_total_raw,600.6063046917702
4D_freerun_capacity,leak_rate=0.3|n_units=200|rho=1.3|state_noise=0.01,3,ipc,ipc_linear,59.92606738993036
4D_freerun_capacity,leak_rate=0.3|n_units=200|rho=1.3|state_noise=0.01,3,ipc,ipc_nonlinear,540.6802373018398
4D_freerun_capacity,leak_rate=0.3|n_units=200|rho=1.3|state_noise=0.01,3,ipc,n_targets,601.0
4D_freerun_capacity,leak_rate=0.3|n_units=200|rho=1.3|state_noise=0.01,3,ipc,n_targets_kept,601.0
4D_freerun_capacity,leak_rate=0.3|n_units=200|rho=1.3|state_noise=0.01,3,ipc,saturation_ratio,3.003031523458851
4D_freerun_capacity,leak_rate=0.3|n_units=200|rho=1.3|state_noise=0.01,3,ipc,ipc_threshold_degree1,0.03318386042273456
4D_freerun_capacity,leak_rate=0.3|n_units=200|rho=1.3|state_noise=0.01,3,ipc,ipc_threshold_degree2,0.5157496008383414
4D_freerun_capacity,leak_rate=0.3|n_units=200|rho=1.3|state_noise=0.01,3,ipc,ipc_threshold_degree3,0.03493596999433324
4D_freerun_capacity,leak_rate=0.3|n_units=200|rho=1.3|state_noise=0.01,3,ipc,ipc_threshold_degree4,0.29126921682107754
4D_freerun_capacity,leak_rate=0.3|n_units=200|rho=1.3|state_noise=0.01,4,memory_capacity,mc_total,184.17909092509967
4D_freerun_capacity,leak_rate=0.3|n_units=200|rho=1.3|state_noise=0.01,4,memory_capacity,mc_total_raw,184.17909092509967
4D_freerun_capacity,leak_rate=0.3|n_units=200|rho=1.3|state_noise=0.01,4,memory_capacity,mc_threshold,0.03281936182773618
4D_freerun_capacity,leak_rate=0.3|n_units=200|rho=1.3|state_noise=0.01,4,memory_capacity,mc_effective_delay,130.9503919367044
4D_freerun_capacity,leak_rate=0.3|n_units=200|rho=1.3|state_noise=0.01,4,memory_capacity,mc_ratio,0.9208954546254984
4D_freerun_capacity,leak_rate=0.3|n_units=200|rho=1.3|state_noise=0.01,4,memory_capacity,n_delays,400.0
4D_freerun_capacity,leak_rate=0.3|n_units=200|rho=1.3|state_noise=0.01,4,ipc,ipc_total,600.702368468107
4D_freerun_capacity,leak_rate=0.3|n_units=200|rho=1.3|state_noise=0.01,4,ipc,ipc_total_raw,600.702368468107
4D_freerun_capacity,leak_rate=0.3|n_units=200|rho=1.3|state_noise=0.01,4,ipc,ipc_linear,59.98011784804401
4D_freerun_capacity,leak_rate=0.3|n_units=200|rho=1.3|state_noise=0.01,4,ipc,ipc_nonlinear,540.722250620063
4D_freerun_capacity,leak_rate=0.3|n_units=200|rho=1.3|state_noise=0.01,4,ipc,n_targets,601.0
4D_freerun_capacity,leak_rate=0.3|n_units=200|rho=1.3|state_noise=0.01,4,ipc,n_targets_kept,601.0
4D_freerun_capacity,leak_rate=0.3|n_units=200|rho=1.3|state_noise=0.01,4,ipc,saturation_ratio,3.003511842340535
4D_freerun_capacity,leak_rate=0.3|n_units=200|rho=1.3|state_noise=0.01,4,ipc,ipc_threshold_degree1,0.031484189518238816
4D_freerun_capacity,leak_rate=0.3|n_units=200|rho=1.3|state_noise=0.01,4,ipc,ipc_threshold_degree2,0.47247852131179363
4D_freerun_capacity,leak_rate=0.3|n_units=200|rho=1.3|state_noise=0.01,4,ipc,ipc_threshold_degree3,0.03802541555561647
4D_freerun_capacity,leak_rate=0.3|n_units=200|rho=1.3|state_noise=0.01,4,ipc,ipc_threshold_degree4,0.31213473668349057
4D_freerun_capacity,leak_rate=0.6|n_units=200|rho=1.3|state_noise=0,0,memory_capacity,mc_total,110.79820855110235
4D_freerun_capacity,leak_rate=0.6|n_units=200|rho=1.3|state_noise=0,0,memory_capacity,mc_total_raw,110.79820855110235
4D_freerun_capacity,leak_rate=0.6|n_units=200|rho=1.3|state_noise=0,0,memory_capacity,mc_threshold,0.03225864357896562
4D_freerun_capacity,leak_rate=0.6|n_units=200|rho=1.3|state_noise=0,0,memory_capacity,mc_effective_delay,102.96049276730116
4D_freerun_capacity,leak_rate=0.6|n_units=200|rho=1.3|state_noise=0,0,memory_capacity,mc_ratio,0.5539910427555117
4D_freerun_capacity,leak_rate=0.6|n_units=200|rho=1.3|state_noise=0,0,memory_capacity,n_delays,400.0
4D_freerun_capacity,leak_rate=0.6|n_units=200|rho=1.3|state_noise=0,0,ipc,ipc_total,600.4614197106602
4D_freerun_capacity,leak_rate=0.6|n_units=200|rho=1.3|state_noise=0,0,ipc,ipc_total_raw,600.4614197106602
4D_freerun_capacity,leak_rate=0.6|n_units=200|rho=1.3|state_noise=0,0,ipc,ipc_linear,59.50412428744244
4D_freerun_capacity,leak_rate=0.6|n_units=200|rho=1.3|state_noise=0,0,ipc,ipc_nonlinear,540.9572954232177
4D_freerun_capacity,leak_rate=0.6|n_units=200|rho=1.3|state_noise=0,0,ipc,n_targets,601.0
4D_freerun_capacity,leak_rate=0.6|n_units=200|rho=1.3|state_noise=0,0,ipc,n_targets_kept,601.0
4D_freerun_capacity,leak_rate=0.6|n_units=200|rho=1.3|state_noise=0,0,ipc,saturation_ratio,3.0023070985533007
4D_freerun_capacity,leak_rate=0.6|n_units=200|rho=1.3|state_noise=0,0,ipc,ipc_threshold_degree1,0.03182305933356924
4D_freerun_capacity,leak_rate=0.6|n_units=200|rho=1.3|state_noise=0,0,ipc,ipc_threshold_degree2,0.4662893511663983
4D_freerun_capacity,leak_rate=0.6|n_units=200|rho=1.3|state_noise=0,0,ipc,ipc_threshold_degree3,0.050473478409265436
4D_freerun_capacity,leak_rate=0.6|n_units=200|rho=1.3|state_noise=0,0,ipc,ipc_threshold_degree4,0.28268662656637544
4D_freerun_capacity,leak_rate=0.6|n_units=200|rho=1.3|state_noise=0,1,memory_capacity,mc_total,146.57901736589974
4D_freerun_capacity,leak_rate=0.6|n_units=200|rho=1.3|state_noise=0,1,memory_capacity,mc_total_raw,146.57901736589974
4D_freerun_capacity,leak_rate=0.6|n_units=200|rho=1.3|state_noise=0,1,memory_capacity,mc_threshold,0.03354396673073335
4D_freerun_capacity,leak_rate=0.6|n_units=200|rho=1.3|state_noise=0,1,memory_capacity,mc_effective_delay,122.77534311693977
4D_freerun_capacity,leak_rate=0.6|n_units=200|rho=1.3|state_noise=0,1,memory_capacity,mc_ratio,0.7328950868294988
4D_freerun_capacity,leak_rate=0.6|n_units=200|rho=1.3|state_noise=0,1,memory_capacity,n_delays,400.0
4D_freerun_capacity,leak_rate=0.6|n_units=200|rho=1.3|state_noise=0,1,ipc,ipc_total,600.7479072523809
4D_freerun_capacity,leak_rate=0.6|n_units=200|rho=1.3|state_noise=0,1,ipc,ipc_total_raw,600.7479072523809
4D_freerun_capacity,leak_rate=0.6|n_units=200|rho=1.3|state_noise=0,1,ipc,ipc_linear,59.87829852702528
4D_freerun_capacity,leak_rate=0.6|n_units=200|rho=1.3|state_noise=0,1,ipc,ipc_nonlinear,540.8696087253555
4D_freerun_capacity,leak_rate=0.6|n_units=200|rho=1.3|state_noise=0,1,ipc,n_targets,601.0
4D_freerun_capacity,leak_rate=0.6|n_units=200|rho=1.3|state_noise=0,1,ipc,n_targets_kept,601.0
4D_freerun_capacity,leak_rate=0.6|n_units=200|rho=1.3|state_noise=0,1,ipc,saturation_ratio,3.003739536261904
4D_freerun_capacity,leak_rate=0.6|n_units=200|rho=1.3|state_noise=0,1,ipc,ipc_threshold_degree1,0.032608462605555666
4D_freerun_capacity,leak_rate=0.6|n_units=200|rho=1.3|state_noise=0,1,ipc,ipc_threshold_degree2,0.5029498282636142
4D_freerun_capacity,leak_rate=0.6|n_units=200|rho=1.3|state_noise=0,1,ipc,ipc_threshold_degree3,0.032786162271139764
4D_freerun_capacity,leak_rate=0.6|n_units=200|rho=1.3|state_noise=0,1,ipc,ipc_threshold_degree4,0.31116480972291266
4D_freerun_capacity,leak_rate=0.6|n_units=200|rho=1.3|state_noise=0,2,memory_capacity,mc_total,117.20240571009903
4D_freerun_capacity,leak_rate=0.6|n_units=200|rho=1.3|state_noise=0,2,memory_capacity,mc_total_raw,117.20240571009903
4D_freerun_capacity,leak_rate=0.6|n_units=200|rho=1.3|state_noise=0,2,memory_capacity,mc_threshold,0.03342361041857584
4D_freerun_capacity,leak_rate=0.6|n_units=200|rho=1.3|state_noise=0,2,memory_capacity,mc_effective_delay,108.69562062355465
4D_freerun_capacity,leak_rate=0.6|n_units=200|rho=1.3|state_noise=0,2,memory_capacity,mc_ratio,0.5860120285504952
4D_freerun_capacity,leak_rate=0.6|n_units=200|rho=1.3|state_noise=0,2,memory_capacity,n_delays,400.0
4D_freerun_capacity,leak_rate=0.6|n_units=200|rho=1.3|state_noise=0,2,ipc,ipc_total,600.4484958341004
4D_freerun_capacity,leak_rate=0.6|n_units=200|rho=1.3|state_noise=0,2,ipc,ipc_total_raw,600.4484958341004
4D_freerun_capacity,leak_rate=0.6|n_units=200|rho=1.3|state_noise=0,2,ipc,ipc_linear,59.579243271276674
4D_freerun_capacity,leak_rate=0.6|n_units=200|rho=1.3|state_noise=0,2,ipc,ipc_nonlinear,540.8692525628237
4D_freerun_capacity,leak_rate=0.6|n_units=200|rho=1.3|state_noise=0,2,ipc,n_targets,601.0
4D_freerun_capacity,leak_rate=0.6|n_units=200|rho=1.3|state_noise=0,2,ipc,n_targets_kept,601.0
4D_freerun_capacity,leak_rate=0.6|n_units=200|rho=1.3|state_noise=0,2,ipc,saturation_ratio,3.0022424791705022
4D_freerun_capacity,leak_rate=0.6|n_units=200|rho=1.3|state_noise=0,2,ipc,ipc_threshold_degree1,0.03191650919869662
4D_freerun_capacity,leak_rate=0.6|n_units=200|rho=1.3|state_noise=0,2,ipc,ipc_threshold_degree2,0.49788846769107586
4D_freerun_capacity,leak_rate=0.6|n_units=200|rho=1.3|state_noise=0,2,ipc,ipc_threshold_degree3,0.042072395872758905
4D_freerun_capacity,leak_rate=0.6|n_units=200|rho=1.3|state_noise=0,2,ipc,ipc_threshold_degree4,0.2871422831005657
4D_freerun_capacity,leak_rate=0.6|n_units=200|rho=1.3|state_noise=0,3,memory_capacity,mc_total,111.67670430813175
4D_freerun_capacity,leak_rate=0.6|n_units=200|rho=1.3|state_noise=0,3,memory_capacity,mc_total_raw,111.67670430813175
4D_freerun_capacity,leak_rate=0.6|n_units=200|rho=1.3|state_noise=0,3,memory_capacity,mc_threshold,0.034176122298576854
4D_freerun_capacity,leak_rate=0.6|n_units=200|rho=1.3|state_noise=0,3,memory_capacity,mc_effective_delay,110.03095784129569
4D_freerun_capacity,leak_rate=0.6|n_units=200|rho=1.3|state_noise=0,3,memory_capacity,mc_ratio,0.5583835215406587
4D_freerun_capacity,leak_rate=0.6|n_units=200|rho=1.3|state_noise=0,3,memory_capacity,n_delays,400.0
4D_freerun_capacity,leak_rate=0.6|n_units=200|rho=1.3|state_noise=0,3,ipc,ipc_total,598.4502404129378
4D_freerun_capacity,leak_rate=0.6|n_units=200|rho=1.3|state_noise=0,3,ipc,ipc_total_raw,598.4502404129378
4D_freerun_capacity,leak_rate=0.6|n_units=200|rho=1.3|state_noise=0,3,ipc,ipc_linear,57.7713037543558
4D_freerun_capacity,leak_rate=0.6|n_units=200|rho=1.3|state_noise=0,3,ipc,ipc_nonlinear,540.678936658582
4D_freerun_capacity,leak_rate=0.6|n_units=200|rho=1.3|state_noise=0,3,ipc,n_targets,601.0
4D_freerun_capacity,leak_rate=0.6|n_units=200|rho=1.3|state_noise=0,3,ipc,n_targets_kept,601.0
4D_freerun_capacity,leak_rate=0.6|n_units=200|rho=1.3|state_noise=0,3,ipc,saturation_ratio,2.992251202064689
4D_freerun_capacity,leak_rate=0.6|n_units=200|rho=1.3|state_noise=0,3,ipc,ipc_threshold_degree1,0.03211555184393866
4D_freerun_capacity,leak_rate=0.6|n_units=200|rho=1.3|state_noise=0,3,ipc,ipc_threshold_degree2,0.5161315160881689
4D_freerun_capacity,leak_rate=0.6|n_units=200|rho=1.3|state_noise=0,3,ipc,ipc_threshold_degree3,0.03518010541808491
4D_freerun_capacity,leak_rate=0.6|n_units=200|rho=1.3|state_noise=0,3,ipc,ipc_threshold_degree4,0.29130728840710984
4D_freerun_capacity,leak_rate=0.6|n_units=200|rho=1.3|state_noise=0,4,memory_capacity,mc_total,137.1476296166838
4D_freerun_capacity,leak_rate=0.6|n_units=200|rho=1.3|state_noise=0,4,memory_capacity,mc_total_raw,137.1476296166838
4D_freerun_capacity,leak_rate=0.6|n_units=200|rho=1.3|state_noise=0,4,memory_capacity,mc_threshold,0.032044563114644424
4D_freerun_capacity,leak_rate=0.6|n_units=200|rho=1.3|state_noise=0,4,memory_capacity,mc_effective_delay,122.3102451877755
4D_freerun_capacity,leak_rate=0.6|n_units=200|rho=1.3|state_noise=0,4,memory_capacity,mc_ratio,0.6857381480834189
4D_freerun_capacity,leak_rate=0.6|n_units=200|rho=1.3|state_noise=0,4,memory_capacity,n_delays,400.0
4D_freerun_capacity,leak_rate=0.6|n_units=200|rho=1.3|state_noise=0,4,ipc,ipc_total,600.8711141415822
4D_freerun_capacity,leak_rate=0.6|n_units=200|rho=1.3|state_noise=0,4,ipc,ipc_total_raw,600.8711141415822
4D_freerun_capacity,leak_rate=0.6|n_units=200|rho=1.3|state_noise=0,4,ipc,ipc_linear,59.91274367380758
4D_freerun_capacity,leak_rate=0.6|n_units=200|rho=1.3|state_noise=0,4,ipc,ipc_nonlinear,540.9583704677747
4D_freerun_capacity,leak_rate=0.6|n_units=200|rho=1.3|state_noise=0,4,ipc,n_targets,601.0
4D_freerun_capacity,leak_rate=0.6|n_units=200|rho=1.3|state_noise=0,4,ipc,n_targets_kept,601.0
4D_freerun_capacity,leak_rate=0.6|n_units=200|rho=1.3|state_noise=0,4,ipc,saturation_ratio,3.004355570707911
4D_freerun_capacity,leak_rate=0.6|n_units=200|rho=1.3|state_noise=0,4,ipc,ipc_threshold_degree1,0.031816706767632416
4D_freerun_capacity,leak_rate=0.6|n_units=200|rho=1.3|state_noise=0,4,ipc,ipc_threshold_degree2,0.4722006210273348
4D_freerun_capacity,leak_rate=0.6|n_units=200|rho=1.3|state_noise=0,4,ipc,ipc_threshold_degree3,0.039376750876379464
4D_freerun_capacity,leak_rate=0.6|n_units=200|rho=1.3|state_noise=0,4,ipc,ipc_threshold_degree4,0.3123732202371134
4D_freerun_capacity,leak_rate=0.6|n_units=200|rho=1.3|state_noise=0.0001,0,memory_capacity,mc_total,110.79894445391284
4D_freerun_capacity,leak_rate=0.6|n_units=200|rho=1.3|state_noise=0.0001,0,memory_capacity,mc_total_raw,110.79894445391284
4D_freerun_capacity,leak_rate=0.6|n_units=200|rho=1.3|state_noise=0.0001,0,memory_capacity,mc_threshold,0.03216210487407543
4D_freerun_capacity,leak_rate=0.6|n_units=200|rho=1.3|state_noise=0.0001,0,memory_capacity,mc_effective_delay,102.98474578410908
4D_freerun_capacity,leak_rate=0.6|n_units=200|rho=1.3|state_noise=0.0001,0,memory_capacity,mc_ratio,0.5539947222695641
4D_freerun_capacity,leak_rate=0.6|n_units=200|rho=1.3|state_noise=0.0001,0,memory_capacity,n_delays,400.0
4D_freerun_capacity,leak_rate=0.6|n_units=200|rho=1.3|state_noise=0.0001,0,ipc,ipc_total,600.4611764126045
4D_freerun_capacity,leak_rate=0.6|n_units=200|rho=1.3|state_noise=0.0001,0,ipc,ipc_total_raw,600.4611764126045
4D_freerun_capacity,leak_rate=0.6|n_units=200|rho=1.3|state_noise=0.0001,0,ipc,ipc_linear,59.504137846183426
4D_freerun_capacity,leak_rate=0.6|n_units=200|rho=1.3|state_noise=0.0001,0,ipc,ipc_nonlinear,540.957038566421
4D_freerun_capacity,leak_rate=0.6|n_units=200|rho=1.3|state_noise=0.0001,0,ipc,n_targets,601.0
4D_freerun_capacity,leak_rate=0.6|n_units=200|rho=1.3|state_noise=0.0001,0,ipc,n_targets_kept,601.0
4D_freerun_capacity,leak_rate=0.6|n_units=200|rho=1.3|state_noise=0.0001,0,ipc,saturation_ratio,3.0023058820630224
4D_freerun_capacity,leak_rate=0.6|n_units=200|rho=1.3|state_noise=0.0001,0,ipc,ipc_threshold_degree1,0.03196923692480276
4D_freerun_capacity,leak_rate=0.6|n_units=200|rho=1.3|state_noise=0.0001,0,ipc,ipc_threshold_degree2,0.4663719423435228
4D_freerun_capacity,leak_rate=0.6|n_units=200|rho=1.3|state_noise=0.0001,0,ipc,ipc_threshold_degree3,0.05050463631683401
4D_freerun_capacity,leak_rate=0.6|n_units=200|rho=1.3|state_noise=0.0001,0,ipc,ipc_threshold_degree4,0.28264450770850064
4D_freerun_capacity,leak_rate=0.6|n_units=200|rho=1.3|state_noise=0.0001,1,memory_capacity,mc_total,146.56884111923364
4D_freerun_capacity,leak_rate=0.6|n_units=200|rho=1.3|state_noise=0.0001,1,memory_capacity,mc_total_raw,146.56884111923364
4D_freerun_capacity,leak_rate=0.6|n_units=200|rho=1.3|state_noise=0.0001,1,memory_capacity,mc_threshold,0.0334754956876117
4D_freerun_capacity,leak_rate=0.6|n_units=200|rho=1.3|state_noise=0.0001,1,memory_capacity,mc_effective_delay,122.78443815081212
4D_freerun_capacity,leak_rate=0.6|n_units=200|rho=1.3|state_noise=0.0001,1,memory_capacity,mc_ratio,0.7328442055961681
4D_freerun_capacity,leak_rate=0.6|n_units=200|rho=1.3|state_noise=0.0001,1,memory_capacity,n_delays,400.0
4D_freerun_capacity,leak_rate=0.6|n_units=200|rho=1.3|state_noise=0.0001,1,ipc,ipc_total,600.7476244084999
4D_freerun_capacity,leak_rate=0.6|n_units=200|rho=1.3|state_noise=0.0001,1,ipc,ipc_total_raw,600.7476244084999
4D_freerun_capacity,leak_rate=0.6|n_units=200|rho=1.3|state_noise=0.0001,1,ipc,ipc_linear,59.878136551488154
4D_freerun_capacity,leak_rate=0.6|n_units=200|rho=1.3|state_noise=0.0001,1,ipc,ipc_nonlinear,540.8694878570117
4D_freerun_capacity,leak_rate=0.6|n_units=200|rho=1.3|state_noise=0.0001,1,ipc,n_targets,601.0
4D_freerun_capacity,leak_rate=0.6|n_units=200|rho=1.3|state_noise=0.0001,1,ipc,n_targets_kept,601.0
4D_freerun_capacity,leak_rate=0.6|n_units=200|rho=1.3|state_noise=0.0001,1,ipc,saturation_ratio,3.0037381220424995
4D_freerun_capacity,leak_rate=0.6|n_units=200|rho=1.3|state_noise=0.0001,1,ipc,ipc_threshold_degree1,0.03260269883889632
4D_freerun_capacity,leak_rate=0.6|n_units=200|rho=1.3|state_noise=0.0001,1,ipc,ipc_threshold_degree2,0.5029056142207368
4D_freerun_capacity,leak_rate=0.6|n_units=200|rho=1.3|state_noise=0.0001,1,ipc,ipc_threshold_degree3,0.03278391834097371
4D_freerun_capacity,leak_rate=0.6|n_units=200|rho=1.3|state_noise=0.0001,1,ipc,ipc_threshold_degree4,0.311144901039612
4D_freerun_capacity,leak_rate=0.6|n_units=200|rho=1.3|state_noise=0.0001,2,memory_capacity,mc_total,117.19953166285723
4D_freerun_capacity,leak_rate=0.6|n_units=200|rho=1.3|state_noise=0.0001,2,memory_capacity,mc_total_raw,117.19953166285723
4D_freerun_capacity,leak_rate=0.6|n_units=200|rho=1.3|state_noise=0.0001,2,memory_capacity,mc_threshold,0.03342358316336807
4D_freerun_capacity,leak_rate=0.6|n_units=200|rho=1.3|state_noise=0.0001,2,memory_capacity,mc_effective_delay,108.68950326315604
4D_freerun_capacity,leak_rate=0.6|n_units=200|rho=1.3|state_noise=0.0001,2,memory_capacity,mc_ratio,0.5859976583142861
4D_freerun_capacity,leak_rate=0.6|n_units=200|rho=1.3|state_noise=0.0001,2,memory_capacity,n_delays,400.0
4D_freerun_capacity,leak_rate=0.6|n_units=200|rho=1.3|state_noise=0.0001,2,ipc,ipc_total,600.4477529223236
4D_freerun_capacity,leak_rate=0.6|n_units=200|rho=1.3|state_noise=0.0001,2,ipc,ipc_total_raw,600.4477529223236
4D_freerun_capacity,leak_rate=0.6|n_units=200|rho=1.3|state_noise=0.0001,2,ipc,ipc_linear,59.57869043718118
4D_freerun_capacity,leak_rate=0.6|n_units=200|rho=1.3|state_noise=0.0001,2,ipc,ipc_nonlinear,540.8690624851424
4D_freerun_capacity,leak_rate=0.6|n_units=200|rho=1.3|state_noise=0.0001,2,ipc,n_targets,601.0
4D_freerun_capacity,leak_rate=0.6|n_units=200|rho=1.3|state_noise=0.0001,2,ipc,n_targets_kept,601.0
4D_freerun_capacity,leak_rate=0.6|n_units=200|rho=1.3|state_noise=0.0001,2,ipc,saturation_ratio,3.002238764611618
4D_freerun_capacity,leak_rate=0.6|n_units=200|rho=1.3|state_noise=0.0001,2,ipc,ipc_threshold_degree1,0.03196107127187215
4D_freerun_capacity,leak_rate=0.6|n_units=200|rho=1.3|state_noise=0.0001,2,ipc,ipc_threshold_degree2,0.49788358035556246
4D_freerun_capacity,leak_rate=0.6|n_units=200|rho=1.3|state_noise=0.0001,2,ipc,ipc_threshold_degree3,0.042107170790021804
4D_freerun_capacity,leak_rate=0.6|n_units=200|rho=1.3|state_noise=0.0001,2,ipc,ipc_threshold_degree4,0.28715164197865106
4D_freerun_capacity,leak_rate=0.6|n_units=200|rho=1.3|state_noise=0.0001,3,memory_capacity,mc_total,111.6815161963211
4D_freerun_capacity,leak_rate=0.6|n_units=200|rho=1.3|state_noise=0.0001,3,memory_capacity,mc_total_raw,111.6815161963211
4D_freerun_capacity,leak_rate=0.6|n_units=200|rho=1.3|state_noise=0.0001,3,memory_capacity,mc_threshold,0.03422986568416625
4D_freerun_capacity,leak_rate=0.6|n_units=200|rho=1.3|state_noise=0.0001,3,memory_capacity,mc_effective_delay,110.05052296620973
4D_freerun_capacity,leak_rate=0.6|n_units=200|rho=1.3|state_noise=0.0001,3,memory_capacity,mc_ratio,0.5584075809816055
4D_freerun_capacity,leak_rate=0.6|n_units=200|rho=1.3|state_noise=0.0001,3,memory_capacity,n_delays,400.0
4D_freerun_capacity,leak_rate=0.6|n_units=200|rho=1.3|state_noise=0.0001,3,ipc,ipc_total,598.4488570112794
4D_freerun_capacity,leak_rate=0.6|n_units=200|rho=1.3|state_noise=0.0001,3,ipc,ipc_total_raw,598.4488570112794
4D_freerun_capacity,leak_rate=0.6|n_units=200|rho=1.3|state_noise=0.0001,3,ipc,ipc_linear,57.770003648815866
4D_freerun_capacity,leak_rate=0.6|n_units=200|rho=1.3|state_noise=0.0001,3,ipc,ipc_nonlinear,540.6788533624635
4D_freerun_capacity,leak_rate=0.6|n_units=200|rho=1.3|state_noise=0.0001,3,ipc,n_targets,601.0
4D_freerun_capacity,leak_rate=0.6|n_units=200|rho=1.3|state_noise=0.0001,3,ipc,n_targets_kept,601.0
4D_freerun_capacity,leak_rate=0.6|n_units=200|rho=1.3|state_noise=0.0001,3,ipc,saturation_ratio,2.992244285056397
4D_freerun_capacity,leak_rate=0.6|n_units=200|rho=1.3|state_noise=0.0001,3,ipc,ipc_threshold_degree1,0.03216186581803052
4D_freerun_capacity,leak_rate=0.6|n_units=200|rho=1.3|state_noise=0.0001,3,ipc,ipc_threshold_degree2,0.5161348191618296
4D_freerun_capacity,leak_rate=0.6|n_units=200|rho=1.3|state_noise=0.0001,3,ipc,ipc_threshold_degree3,0.035176930263924794
4D_freerun_capacity,leak_rate=0.6|n_units=200|rho=1.3|state_noise=0.0001,3,ipc,ipc_threshold_degree4,0.29126554508894537
4D_freerun_capacity,leak_rate=0.6|n_units=200|rho=1.3|state_noise=0.0001,4,memory_capacity,mc_total,137.0900184857424
4D_freerun_capacity,leak_rate=0.6|n_units=200|rho=1.3|state_noise=0.0001,4,memory_capacity,mc_total_raw,137.0900184857424
4D_freerun_capacity,leak_rate=0.6|n_units=200|rho=1.3|state_noise=0.0001,4,memory_capacity,mc_threshold,0.032171725755888975
4D_freerun_capacity,leak_rate=0.6|n_units=200|rho=1.3|state_noise=0.0001,4,memory_capacity,mc_effective_delay,122.28503991247996
4D_freerun_capacity,leak_rate=0.6|n_units=200|rho=1.3|state_noise=0.0001,4,memory_capacity,mc_ratio,0.685450092428712
4D_freerun_capacity,leak_rate=0.6|n_units=200|rho=1.3|state_noise=0.0001,4,memory_capacity,n_delays,400.0
4D_freerun_capacity,leak_rate=0.6|n_units=200|rho=1.3|state_noise=0.0001,4,ipc,ipc_total,600.8707202189764
4D_freerun_capacity,leak_rate=0.6|n_units=200|rho=1.3|state_noise=0.0001,4,ipc,ipc_total_raw,600.8707202189764
4D_freerun_capacity,leak_rate=0.6|n_units=200|rho=1.3|state_noise=0.0001,4,ipc,ipc_linear,59.912537210369635
4D_freerun_capacity,leak_rate=0.6|n_units=200|rho=1.3|state_noise=0.0001,4,ipc,ipc_nonlinear,540.9581830086067
4D_freerun_capacity,leak_rate=0.6|n_units=200|rho=1.3|state_noise=0.0001,4,ipc,n_targets,601.0
4D_freerun_capacity,leak_rate=0.6|n_units=200|rho=1.3|state_noise=0.0001,4,ipc,n_targets_kept,601.0
4D_freerun_capacity,leak_rate=0.6|n_units=200|rho=1.3|state_noise=0.0001,4,ipc,saturation_ratio,3.0043536010948824
4D_freerun_capacity,leak_rate=0.6|n_units=200|rho=1.3|state_noise=0.0001,4,ipc,ipc_threshold_degree1,0.03170279531458296
4D_freerun_capacity,leak_rate=0.6|n_units=200|rho=1.3|state_noise=0.0001,4,ipc,ipc_threshold_degree2,0.4721709879873197
4D_freerun_capacity,leak_rate=0.6|n_units=200|rho=1.3|state_noise=0.0001,4,ipc,ipc_threshold_degree3,0.03948501166552292
4D_freerun_capacity,leak_rate=0.6|n_units=200|rho=1.3|state_noise=0.0001,4,ipc,ipc_threshold_degree4,0.31228246900659923
4D_freerun_capacity,leak_rate=0.6|n_units=200|rho=1.3|state_noise=0.001,0,memory_capacity,mc_total,109.79814112005083
4D_freerun_capacity,leak_rate=0.6|n_units=200|rho=1.3|state_noise=0.001,0,memory_capacity,mc_total_raw,109.79814112005083
4D_freerun_capacity,leak_rate=0.6|n_units=200|rho=1.3|state_noise=0.001,0,memory_capacity,mc_threshold,0.031804178999943915
4D_freerun_capacity,leak_rate=0.6|n_units=200|rho=1.3|state_noise=0.001,0,memory_capacity,mc_effective_delay,102.74305484333682
4D_freerun_capacity,leak_rate=0.6|n_units=200|rho=1.3|state_noise=0.001,0,memory_capacity,mc_ratio,0.5489907056002541
4D_freerun_capacity,leak_rate=0.6|n_units=200|rho=1.3|state_noise=0.001,0,memory_capacity,n_delays,400.0
4D_freerun_capacity,leak_rate=0.6|n_units=200|rho=1.3|state_noise=0.001,0,ipc,ipc_total,600.3722456763903
4D_freerun_capacity,leak_rate=0.6|n_units=200|rho=1.3|state_noise=0.001,0,ipc,ipc_total_raw,600.3722456763903
4D_freerun_capacity,leak_rate=0.6|n_units=200|rho=1.3|state_noise=0.001,0,ipc,ipc_linear,59.433912483357716
4D_freerun_capacity,leak_rate=0.6|n_units=200|rho=1.3|state_noise=0.001,0,ipc,ipc_nonlinear,540.9383331930326
4D_freerun_capacity,leak_rate=0.6|n_units=200|rho=1.3|state_noise=0.001,0,ipc,n_targets,601.0
4D_freerun_capacity,leak_rate=0.6|n_units=200|rho=1.3|state_noise=0.001,0,ipc,n_targets_kept,601.0
4D_freerun_capacity,leak_rate=0.6|n_units=200|rho=1.3|state_noise=0.001,0,ipc,saturation_ratio,3.0018612283819515
4D_freerun_capacity,leak_rate=0.6|n_units=200|rho=1.3|state_noise=0.001,0,ipc,ipc_threshold_degree1,0.0323431893848769
4D_freerun_capacity,leak_rate=0.6|n_units=200|rho=1.3|state_noise=0.001,0,ipc,ipc_threshold_degree2,0.4662468569542761
4D_freerun_capacity,leak_rate=0.6|n_units=200|rho=1.3|state_noise=0.001,0,ipc,ipc_threshold_degree3,0.05056995757139536
4D_freerun_capacity,leak_rate=0.6|n_units=200|rho=1.3|state_noise=0.001,0,ipc,ipc_threshold_degree4,0.2823173766242487
4D_freerun_capacity,leak_rate=0.6|n_units=200|rho=1.3|state_noise=0.001,1,memory_capacity,mc_total,145.68105444193986
4D_freerun_capacity,leak_rate=0.6|n_units=200|rho=1.3|state_noise=0.001,1,memory_capacity,mc_total_raw,145.68105444193986
4D_freerun_capacity,leak_rate=0.6|n_units=200|rho=1.3|state_noise=0.001,1,memory_capacity,mc_threshold,0.032634250034013094
4D_freerun_capacity,leak_rate=0.6|n_units=200|rho=1.3|state_noise=0.001,1,memory_capacity,mc_effective_delay,122.55638331791644
4D_freerun_capacity,leak_rate=0.6|n_units=200|rho=1.3|state_noise=0.001,1,memory_capacity,mc_ratio,0.7284052722096993
4D_freerun_capacity,leak_rate=0.6|n_units=200|rho=1.3|state_noise=0.001,1,memory_capacity,n_delays,400.0
4D_freerun_capacity,leak_rate=0.6|n_units=200|rho=1.3|state_noise=0.001,1,ipc,ipc_total,600.7211175167231
4D_freerun_capacity,leak_rate=0.6|n_units=200|rho=1.3|state_noise=0.001,1,ipc,ipc_total_raw,600.7211175167231
4D_freerun_capacity,leak_rate=0.6|n_units=200|rho=1.3|state_noise=0.001,1,ipc,ipc_linear,59.86864410488117
4D_freerun_capacity,leak_rate=0.6|n_units=200|rho=1.3|state_noise=0.001,1,ipc,ipc_nonlinear,540.852473411842
4D_freerun_capacity,leak_rate=0.6|n_units=200|rho=1.3|state_noise=0.001,1,ipc,n_targets,601.0
4D_freerun_capacity,leak_rate=0.6|n_units=200|rho=1.3|state_noise=0.001,1,ipc,n_targets_kept,601.0
4D_freerun_capacity,leak_rate=0.6|n_units=200|rho=1.3|state_noise=0.001,1,ipc,saturation_ratio,3.0036055875836154
4D_freerun_capacity,leak_rate=0.6|n_units=200|rho=1.3|state_noise=0.001,1,ipc,ipc_threshold_degree1,0.03249164626933046
4D_freerun_capacity,leak_rate=0.6|n_units=200|rho=1.3|state_noise=0.001,1,ipc,ipc_threshold_degree2,0.5033807047208818
4D_freerun_capacity,leak_rate=0.6|n_units=200|rho=1.3|state_noise=0.001,1,ipc,ipc_threshold_degree3,0.032888206170013874
4D_freerun_capacity,leak_rate=0.6|n_units=200|rho=1.3|state_noise=0.001,1,ipc,ipc_threshold_degree4,0.3112459110878332
4D_freerun_capacity,leak_rate=0.6|n_units=200|rho=1.3|state_noise=0.001,2,memory_capacity,mc_total,116.56319232159103
4D_freerun_capacity,leak_rate=0.6|n_units=200|rho=1.3|state_noise=0.001,2,memory_capacity,mc_total_raw,116.56319232159103
4D_freerun_capacity,leak_rate=0.6|n_units=200|rho=1.3|state_noise=0.001,2,memory_capacity,mc_threshold,0.03335591771969067
4D_freerun_capacity,leak_rate=0.6|n_units=200|rho=1.3|state_noise=0.001,2,memory_capacity,mc_effective_delay,108.23982199663998
4D_freerun_capacity,leak_rate=0.6|n_units=200|rho=1.3|state_noise=0.001,2,memory_capacity,mc_ratio,0.5828159616079551
4D_freerun_capacity,leak_rate=0.6|n_units=200|rho=1.3|state_noise=0.001,2,memory_capacity,n_delays,400.0
4D_freerun_capacity,leak_rate=0.6|n_units=200|rho=1.3|state_noise=0.001,2,ipc,ipc_total,600.4031258461482
4D_freerun_capacity,leak_rate=0.6|n_units=200|rho=1.3|state_noise=0.001,2,ipc,ipc_total_raw,600.4031258461482
4D_freerun_capacity,leak_rate=0.6|n_units=200|rho=1.3|state_noise=0.001,2,ipc,ipc_linear,59.55096998795674
4D_freerun_capacity,leak_rate=0.6|n_units=200|rho=1.3|state_noise=0.001,2,ipc,ipc_nonlinear,540.8521558581915
4D_freerun_capacity,leak_rate=0.6|n_units=200|rho=1.3|state_noise=0.001,2,ipc,n_targets,601.0
4D_freerun_capacity,leak_rate=0.6|n_units=200|rho=1.3|state_noise=0.001,2,ipc,n_targets_kept,601.0
4D_freerun_capacity,leak_rate=0.6|n_units=200|rho=1.3|state_noise=0.001,2,ipc,saturation_ratio,3.002015629230741
4D_freerun_capacity,leak_rate=0.6|n_units=200|rho=1.3|state_noise=0.001,2,ipc,ipc_threshold_degree1,0.03176895782059591
4D_freerun_capacity,leak_rate=0.6|n_units=200|rho=1.3|state_noise=0.001,2,ipc,ipc_threshold_degree2,0.4978448353177533
4D_freerun_capacity,leak_rate=0.6|n_units=200|rho=1.3|state_noise=0.001,2,ipc,ipc_threshold_degree3,0.042503488570676345
4D_freerun_capacity,leak_rate=0.6|n_units=200|rho=1.3|state_noise=0.001,2,ipc,ipc_threshold_degree4,0.28735068944516096
4D_freerun_capacity,leak_rate=0.6|n_units=200|rho=1.3|state_noise=0.001,3,memory_capacity,mc_total,111.34822855917736
4D_freerun_capacity,leak_rate=0.6|n_units=200|rho=1.3|state_noise=0.001,3,memory_capacity,mc_total_raw,111.34822855917736
4D_freerun_capacity,leak_rate=0.6|n_units=200|rho=1.3|state_noise=0.001,3,memory_capacity,mc_threshold,0.034332495275249876
4D_freerun_capacity,leak_rate=0.6|n_units=200|rho=1.3|state_noise=0.001,3,memory_capacity,mc_effective_delay,110.08244203093055
4D_freerun_capacity,leak_rate=0.6|n_units=200|rho=1.3|state_noise=0.001,3,memory_capacity,mc_ratio,0.5567411427958868
4D_freerun_capacity,leak_rate=0.6|n_units=200|rho=1.3|state_noise=0.001,3,memory_capacity,n_delays,400.0
4D_freerun_capacity,leak_rate=0.6|n_units=200|rho=1.3|state_noise=0.001,3,ipc,ipc_total,598.3741104123527
4D_freerun_capacity,leak_rate=0.6|n_units=200|rho=1.3|state_noise=0.001,3,ipc,ipc_total_raw,598.3741104123527
4D_freerun_capacity,leak_rate=0.6|n_units=200|rho=1.3|state_noise=0.001,3,ipc,ipc_linear,57.709845183604884
4D_freerun_capacity,leak_rate=0.6|n_units=200|rho=1.3|state_noise=0.001,3,ipc,ipc_nonlinear,540.6642652287478
4D_freerun_capacity,leak_rate=0.6|n_units=200|rho=1.3|state_noise=0.001,3,ipc,n_targets,601.0
4D_freerun_capacity,leak_rate=0.6|n_units=200|rho=1.3|state_noise=0.001,3,ipc,n_targets_kept,601.0
4D_freerun_capacity,leak_rate=0.6|n_units=200|rho=1.3|state_noise=0.001,3,ipc,saturation_ratio,2.9918705520617634
4D_freerun_capacity,leak_rate=0.6|n_units=200|rho=1.3|state_noise=0.001,3,ipc,ipc_threshold_degree1,0.032185580972899856
4D_freerun_capacity,leak_rate=0.6|n_units=200|rho=1.3|state_noise=0.001,3,ipc,ipc_threshold_degree2,0.5163229531368816
4D_freerun_capacity,leak_rate=0.6|n_units=200|rho=1.3|state_noise=0.001,3,ipc,ipc_threshold_degree3,0.03534969965713439
4D_freerun_capacity,leak_rate=0.6|n_units=200|rho=1.3|state_noise=0.001,3,ipc,ipc_threshold_degree4,0.29093468686120344
4D_freerun_capacity,leak_rate=0.6|n_units=200|rho=1.3|state_noise=0.001,4,memory_capacity,mc_total,134.76992868169557
4D_freerun_capacity,leak_rate=0.6|n_units=200|rho=1.3|state_noise=0.001,4,memory_capacity,mc_total_raw,134.76992868169557
4D_freerun_capacity,leak_rate=0.6|n_units=200|rho=1.3|state_noise=0.001,4,memory_capacity,mc_threshold,0.032091057671967946
4D_freerun_capacity,leak_rate=0.6|n_units=200|rho=1.3|state_noise=0.001,4,memory_capacity,mc_effective_delay,121.39072677046705
4D_freerun_capacity,leak_rate=0.6|n_units=200|rho=1.3|state_noise=0.001,4,memory_capacity,mc_ratio,0.6738496434084779
4D_freerun_capacity,leak_rate=0.6|n_units=200|rho=1.3|state_noise=0.001,4,memory_capacity,n_delays,400.0
4D_freerun_capacity,leak_rate=0.6|n_units=200|rho=1.3|state_noise=0.001,4,ipc,ipc_total,600.8358363566854
4D_freerun_capacity,leak_rate=0.6|n_units=200|rho=1.3|state_noise=0.001,4,ipc,ipc_total_raw,600.8358363566854
4D_freerun_capacity,leak_rate=0.6|n_units=200|rho=1.3|state_noise=0.001,4,ipc,ipc_linear,59.89238983505525
4D_freerun_capacity,leak_rate=0.6|n_units=200|rho=1.3|state_noise=0.001,4,ipc,ipc_nonlinear,540.9434465216301
4D_freerun_capacity,leak_rate=0.6|n_units=200|rho=1.3|state_noise=0.001,4,ipc,n_targets,601.0
4D_freerun_capacity,leak_rate=0.6|n_units=200|rho=1.3|state_noise=0.001,4,ipc,n_targets_kept,601.0
4D_freerun_capacity,leak_rate=0.6|n_units=200|rho=1.3|state_noise=0.001,4,ipc,saturation_ratio,3.0041791817834267
4D_freerun_capacity,leak_rate=0.6|n_units=200|rho=1.3|state_noise=0.001,4,ipc,ipc_threshold_degree1,0.03178851774619635
4D_freerun_capacity,leak_rate=0.6|n_units=200|rho=1.3|state_noise=0.001,4,ipc,ipc_threshold_degree2,0.4718555189225222
4D_freerun_capacity,leak_rate=0.6|n_units=200|rho=1.3|state_noise=0.001,4,ipc,ipc_threshold_degree3,0.03928249309501325
4D_freerun_capacity,leak_rate=0.6|n_units=200|rho=1.3|state_noise=0.001,4,ipc,ipc_threshold_degree4,0.31231056328725426
4D_freerun_capacity,leak_rate=0.6|n_units=200|rho=1.3|state_noise=0.01,0,memory_capacity,mc_total,101.64416570829707
4D_freerun_capacity,leak_rate=0.6|n_units=200|rho=1.3|state_noise=0.01,0,memory_capacity,mc_total_raw,101.64416570829707
4D_freerun_capacity,leak_rate=0.6|n_units=200|rho=1.3|state_noise=0.01,0,memory_capacity,mc_threshold,0.03363806937296727
4D_freerun_capacity,leak_rate=0.6|n_units=200|rho=1.3|state_noise=0.01,0,memory_capacity,mc_effective_delay,100.45458013254634
4D_freerun_capacity,leak_rate=0.6|n_units=200|rho=1.3|state_noise=0.01,0,memory_capacity,mc_ratio,0.5082208285414853
4D_freerun_capacity,leak_rate=0.6|n_units=200|rho=1.3|state_noise=0.01,0,memory_capacity,n_delays,400.0
4D_freerun_capacity,leak_rate=0.6|n_units=200|rho=1.3|state_noise=0.01,0,ipc,ipc_total,598.9380329464203
4D_freerun_capacity,leak_rate=0.6|n_units=200|rho=1.3|state_noise=0.01,0,ipc,ipc_total_raw,598.9380329464203
4D_freerun_capacity,leak_rate=0.6|n_units=200|rho=1.3|state_noise=0.01,0,ipc,ipc_linear,58.50769055041892
4D_freerun_capacity,leak_rate=0.6|n_units=200|rho=1.3|state_noise=0.01,0,ipc,ipc_nonlinear,540.4303423960014
4D_freerun_capacity,leak_rate=0.6|n_units=200|rho=1.3|state_noise=0.01,0,ipc,n_targets,601.0
4D_freerun_capacity,leak_rate=0.6|n_units=200|rho=1.3|state_noise=0.01,0,ipc,n_targets_kept,601.0
4D_freerun_capacity,leak_rate=0.6|n_units=200|rho=1.3|state_noise=0.01,0,ipc,saturation_ratio,2.9946901647321016
4D_freerun_capacity,leak_rate=0.6|n_units=200|rho=1.3|state_noise=0.01,0,ipc,ipc_threshold_degree1,0.031954836230691425
4D_freerun_capacity,leak_rate=0.6|n_units=200|rho=1.3|state_noise=0.01,0,ipc,ipc_threshold_degree2,0.46627496090298043
4D_freerun_capacity,leak_rate=0.6|n_units=200|rho=1.3|state_noise=0.01,0,ipc,ipc_threshold_degree3,0.051425331585358766
4D_freerun_capacity,leak_rate=0.6|n_units=200|rho=1.3|state_noise=0.01,0,ipc,ipc_threshold_degree4,0.2822060970769169
4D_freerun_capacity,leak_rate=0.6|n_units=200|rho=1.3|state_noise=0.01,1,memory_capacity,mc_total,134.50514845481592
4D_freerun_capacity,leak_rate=0.6|n_units=200|rho=1.3|state_noise=0.01,1,memory_capacity,mc_total_raw,134.50514845481592
4D_freerun_capacity,leak_rate=0.6|n_units=200|rho=1.3|state_noise=0.01,1,memory_capacity,mc_threshold,0.03241477851272567
4D_freerun_capacity,leak_rate=0.6|n_units=200|rho=1.3|state_noise=0.01,1,memory_capacity,mc_effective_delay,119.14458444187373
4D_freerun_capacity,leak_rate=0.6|n_units=200|rho=1.3|state_noise=0.01,1,memory_capacity,mc_ratio,0.6725257422740796
4D_freerun_capacity,leak_rate=0.6|n_units=200|rho=1.3|state_noise=0.01,1,memory_capacity,n_delays,400.0
4D_freerun_capacity,leak_rate=0.6|n_units=200|rho=1.3|state_noise=0.01,1,ipc,ipc_total,599.8480747273326
4D_freerun_capacity,leak_rate=0.6|n_units=200|rho=1.3|state_noise=0.01,1,ipc,ipc_total_raw,599.8480747273326
4D_freerun_capacity,leak_rate=0.6|n_units=200|rho=1.3|state_noise=0.01,1,ipc,ipc_linear,59.63298106993832
4D_freerun_capacity,leak_rate=0.6|n_units=200|rho=1.3|state_noise=0.01,1,ipc,ipc_nonlinear,540.2150936573943
4D_freerun_capacity,leak_rate=0.6|n_units=200|rho=1.3|state_noise=0.01,1,ipc,n_targets,601.0
4D_freerun_capacity,leak_rate=0.6|n_units=200|rho=1.3|state_noise=0.01,1,ipc,n_targets_kept,601.0
4D_freerun_capacity,leak_rate=0.6|n_units=200|rho=1.3|state_noise=0.01,1,ipc,saturation_ratio,2.999240373636663
4D_freerun_capacity,leak_rate=0.6|n_units=200|rho=1.3|state_noise=0.01,1,ipc,ipc_threshold_degree1,0.03270197938559015
4D_freerun_capacity,leak_rate=0.6|n_units=200|rho=1.3|state_noise=0.01,1,ipc,ipc_threshold_degree2,0.5030436867888439
4D_freerun_capacity,leak_rate=0.6|n_units=200|rho=1.3|state_noise=0.01,1,ipc,ipc_threshold_degree3,0.03304171104890513
4D_freerun_capacity,leak_rate=0.6|n_units=200|rho=1.3|state_noise=0.01,1,ipc,ipc_threshold_degree4,0.31092921924654027
4D_freerun_capacity,leak_rate=0.6|n_units=200|rho=1.3|state_noise=0.01,2,memory_capacity,mc_total,107.4349887980708
4D_freerun_capacity,leak_rate=0.6|n_units=200|rho=1.3|state_noise=0.01,2,memory_capacity,mc_total_raw,107.4349887980708
4D_freerun_capacity,leak_rate=0.6|n_units=200|rho=1.3|state_noise=0.01,2,memory_capacity,mc_threshold,0.033216947223866124
4D_freerun_capacity,leak_rate=0.6|n_units=200|rho=1.3|state_noise=0.01,2,memory_capacity,mc_effective_delay,102.65968797776424
4D_freerun_capacity,leak_rate=0.6|n_units=200|rho=1.3|state_noise=0.01,2,memory_capacity,mc_ratio,0.537174943990354
4D_freerun_capacity,leak_rate=0.6|n_units=200|rho=1.3|state_noise=0.01,2,memory_capacity,n_delays,400.0
4D_freerun_capacity,leak_rate=0.6|n_units=200|rho=1.3|state_noise=0.01,2,ipc,ipc_total,599.2285581089143
4D_freerun_capacity,leak_rate=0.6|n_units=200|rho=1.3|state_noise=0.01,2,ipc,ipc_total_raw,599.2285581089143
4D_freerun_capacity,leak_rate=0.6|n_units=200|rho=1.3|state_noise=0.01,2,ipc,ipc_linear,58.907971191750256
4D_freerun_capacity,leak_rate=0.6|n_units=200|rho=1.3|state_noise=0.01,2,ipc,ipc_nonlinear,540.3205869171641
4D_freerun_capacity,leak_rate=0.6|n_units=200|rho=1.3|state_noise=0.01,2,ipc,n_targets,601.0
4D_freerun_capacity,leak_rate=0.6|n_units=200|rho=1.3|state_noise=0.01,2,ipc,n_targets_kept,601.0
4D_freerun_capacity,leak_rate=0.6|n_units=200|rho=1.3|state_noise=0.01,2,ipc,saturation_ratio,2.9961427905445714
4D_freerun_capacity,leak_rate=0.6|n_units=200|rho=1.3|state_noise=0.01,2,ipc,ipc_threshold_degree1,0.032429567264668856
4D_freerun_capacity,leak_rate=0.6|n_units=200|rho=1.3|state_noise=0.01,2,ipc,ipc_threshold_degree2,0.49774356977151024
4D_freerun_capacity,leak_rate=0.6|n_units=200|rho=1.3|state_noise=0.01,2,ipc,ipc_threshold_degree3,0.041426752206006834
4D_freerun_capacity,leak_rate=0.6|n_units=200|rho=1.3|state_noise=0.01,2,ipc,ipc_threshold_degree4,0.2871431584003655
4D_freerun_capacity,leak_rate=0.6|n_units=200|rho=1.3|state_noise=0.01,3,memory_capacity,mc_total,102.96310947990585
4D_freerun_capacity,leak_rate=0.6|n_units=200|rho=1.3|state_noise=0.01,3,memory_capacity,mc_total_raw,102.96310947990585
4D_freerun_capacity,leak_rate=0.6|n_units=200|rho=1.3|state_noise=0.01,3,memory_capacity,mc_threshold,0.03343779296578098
4D_freerun_capacity,leak_rate=0.6|n_units=200|rho=1.3|state_noise=0.01,3,memory_capacity,mc_effective_delay,107.80656619940022
4D_freerun_capacity,leak_rate=0.6|n_units=200|rho=1.3|state_noise=0.01,3,memory_capacity,mc_ratio,0.5148155473995293
4D_freerun_capacity,leak_rate=0.6|n_units=200|rho=1.3|state_noise=0.01,3,memory_capacity,n_delays,400.0
4D_freerun_capacity,leak_rate=0.6|n_units=200|rho=1.3|state_noise=0.01,3,ipc,ipc_total,596.1463331484041
4D_freerun_capacity,leak_rate=0.6|n_units=200|rho=1.3|state_noise=0.01,3,ipc,ipc_total_raw,596.1463331484041
4D_freerun_capacity,leak_rate=0.6|n_units=200|rho=1.3|state_noise=0.01,3,ipc,ipc_linear,56.151411585541375
4D_freerun_capacity,leak_rate=0.6|n_units=200|rho=1.3|state_noise=0.01,3,ipc,ipc_nonlinear,539.9949215628627
4D_freerun_capacity,leak_rate=0.6|n_units=200|rho=1.3|state_noise=0.01,3,ipc,n_targets,601.0
4D_freerun_capacity,leak_rate=0.6|n_units=200|rho=1.3|state_noise=0.01,3,ipc,n_targets_kept,601.0
4D_freerun_capacity,leak_rate=0.6|n_units=200|rho=1.3|state_noise=0.01,3,ipc,saturation_ratio,2.9807316657420206
4D_freerun_capacity,leak_rate=0.6|n_units=200|rho=1.3|state_noise=0.01,3,ipc,ipc_threshold_degree1,0.03253317883390606
4D_freerun_capacity,leak_rate=0.6|n_units=200|rho=1.3|state_noise=0.01,3,ipc,ipc_threshold_degree2,0.5160548879340763
4D_freerun_capacity,leak_rate=0.6|n_units=200|rho=1.3|state_noise=0.01,3,ipc,ipc_threshold_degree3,0.03476818602502942
4D_freerun_capacity,leak_rate=0.6|n_units=200|rho=1.3|state_noise=0.01,3,ipc,ipc_threshold_degree4,0.2918218153678579
4D_freerun_capacity,leak_rate=0.6|n_units=200|rho=1.3|state_noise=0.01,4,memory_capacity,mc_total,118.87882234826293
4D_freerun_capacity,leak_rate=0.6|n_units=200|rho=1.3|state_noise=0.01,4,memory_capacity,mc_total_raw,118.87882234826293
4D_freerun_capacity,leak_rate=0.6|n_units=200|rho=1.3|state_noise=0.01,4,memory_capacity,mc_threshold,0.03291419290954968
4D_freerun_capacity,leak_rate=0.6|n_units=200|rho=1.3|state_noise=0.01,4,memory_capacity,mc_effective_delay,115.23532792585799
4D_freerun_capacity,leak_rate=0.6|n_units=200|rho=1.3|state_noise=0.01,4,memory_capacity,mc_ratio,0.5943941117413146
4D_freerun_capacity,leak_rate=0.6|n_units=200|rho=1.3|state_noise=0.01,4,memory_capacity,n_delays,400.0
4D_freerun_capacity,leak_rate=0.6|n_units=200|rho=1.3|state_noise=0.01,4,ipc,ipc_total,600.1058852481583
4D_freerun_capacity,leak_rate=0.6|n_units=200|rho=1.3|state_noise=0.01,4,ipc,ipc_total_raw,600.1058852481583
4D_freerun_capacity,leak_rate=0.6|n_units=200|rho=1.3|state_noise=0.01,4,ipc,ipc_linear,59.5662162813054
4D_freerun_capacity,leak_rate=0.6|n_units=200|rho=1.3|state_noise=0.01,4,ipc,ipc_nonlinear,540.5396689668529
4D_freerun_capacity,leak_rate=0.6|n_units=200|rho=1.3|state_noise=0.01,4,ipc,n_targets,601.0
4D_freerun_capacity,leak_rate=0.6|n_units=200|rho=1.3|state_noise=0.01,4,ipc,n_targets_kept,601.0
4D_freerun_capacity,leak_rate=0.6|n_units=200|rho=1.3|state_noise=0.01,4,ipc,saturation_ratio,3.0005294262407913
4D_freerun_capacity,leak_rate=0.6|n_units=200|rho=1.3|state_noise=0.01,4,ipc,ipc_threshold_degree1,0.03153276944614999
4D_freerun_capacity,leak_rate=0.6|n_units=200|rho=1.3|state_noise=0.01,4,ipc,ipc_threshold_degree2,0.4715758669437457
4D_freerun_capacity,leak_rate=0.6|n_units=200|rho=1.3|state_noise=0.01,4,ipc,ipc_threshold_degree3,0.039109989138925244
4D_freerun_capacity,leak_rate=0.6|n_units=200|rho=1.3|state_noise=0.01,4,ipc,ipc_threshold_degree4,0.31249169308101776
4D_freerun_capacity,leak_rate=1|n_units=200|rho=1.3|state_noise=0,0,memory_capacity,mc_total,83.72752983566792
4D_freerun_capacity,leak_rate=1|n_units=200|rho=1.3|state_noise=0,0,memory_capacity,mc_total_raw,83.72752983566792
4D_freerun_capacity,leak_rate=1|n_units=200|rho=1.3|state_noise=0,0,memory_capacity,mc_threshold,0.0337522925940124
4D_freerun_capacity,leak_rate=1|n_units=200|rho=1.3|state_noise=0,0,memory_capacity,mc_effective_delay,92.8348361070979
4D_freerun_capacity,leak_rate=1|n_units=200|rho=1.3|state_noise=0,0,memory_capacity,mc_ratio,0.4186376491783396
4D_freerun_capacity,leak_rate=1|n_units=200|rho=1.3|state_noise=0,0,memory_capacity,n_delays,400.0
4D_freerun_capacity,leak_rate=1|n_units=200|rho=1.3|state_noise=0,0,ipc,ipc_total,594.2948555097605
4D_freerun_capacity,leak_rate=1|n_units=200|rho=1.3|state_noise=0,0,ipc,ipc_total_raw,594.2948555097605
4D_freerun_capacity,leak_rate=1|n_units=200|rho=1.3|state_noise=0,0,ipc,ipc_linear,53.85822868708607
4D_freerun_capacity,leak_rate=1|n_units=200|rho=1.3|state_noise=0,0,ipc,ipc_nonlinear,540.4366268226745
4D_freerun_capacity,leak_rate=1|n_units=200|rho=1.3|state_noise=0,0,ipc,n_targets,601.0
4D_freerun_capacity,leak_rate=1|n_units=200|rho=1.3|state_noise=0,0,ipc,n_targets_kept,601.0
4D_freerun_capacity,leak_rate=1|n_units=200|rho=1.3|state_noise=0,0,ipc,saturation_ratio,2.9714742775488023
4D_freerun_capacity,leak_rate=1|n_units=200|rho=1.3|state_noise=0,0,ipc,ipc_threshold_degree1,0.03273640333234594
4D_freerun_capacity,leak_rate=1|n_units=200|rho=1.3|state_noise=0,0,ipc,ipc_threshold_degree2,0.46646084985195785
4D_freerun_capacity,leak_rate=1|n_units=200|rho=1.3|state_noise=0,0,ipc,ipc_threshold_degree3,0.050907572537886886
4D_freerun_capacity,leak_rate=1|n_units=200|rho=1.3|state_noise=0,0,ipc,ipc_threshold_degree4,0.28281898735813343
4D_freerun_capacity,leak_rate=1|n_units=200|rho=1.3|state_noise=0,1,memory_capacity,mc_total,112.3490379228665
4D_freerun_capacity,leak_rate=1|n_units=200|rho=1.3|state_noise=0,1,memory_capacity,mc_total_raw,112.3490379228665
4D_freerun_capacity,leak_rate=1|n_units=200|rho=1.3|state_noise=0,1,memory_capacity,mc_threshold,0.034515395245279135
4D_freerun_capacity,leak_rate=1|n_units=200|rho=1.3|state_noise=0,1,memory_capacity,mc_effective_delay,115.02595946433006
4D_freerun_capacity,leak_rate=1|n_units=200|rho=1.3|state_noise=0,1,memory_capacity,mc_ratio,0.5617451896143325
4D_freerun_capacity,leak_rate=1|n_units=200|rho=1.3|state_noise=0,1,memory_capacity,n_delays,400.0
4D_freerun_capacity,leak_rate=1|n_units=200|rho=1.3|state_noise=0,1,ipc,ipc_total,598.4960255108215
4D_freerun_capacity,leak_rate=1|n_units=200|rho=1.3|state_noise=0,1,ipc,ipc_total_raw,598.4960255108215
4D_freerun_capacity,leak_rate=1|n_units=200|rho=1.3|state_noise=0,1,ipc,ipc_linear,57.933985369907134
4D_freerun_capacity,leak_rate=1|n_units=200|rho=1.3|state_noise=0,1,ipc,ipc_nonlinear,540.5620401409144
4D_freerun_capacity,leak_rate=1|n_units=200|rho=1.3|state_noise=0,1,ipc,n_targets,601.0
4D_freerun_capacity,leak_rate=1|n_units=200|rho=1.3|state_noise=0,1,ipc,n_targets_kept,601.0
4D_freerun_capacity,leak_rate=1|n_units=200|rho=1.3|state_noise=0,1,ipc,saturation_ratio,2.9924801275541073
4D_freerun_capacity,leak_rate=1|n_units=200|rho=1.3|state_noise=0,1,ipc,ipc_threshold_degree1,0.033045239849644734
4D_freerun_capacity,leak_rate=1|n_units=200|rho=1.3|state_noise=0,1,ipc,ipc_threshold_degree2,0.5029328328768724
4D_freerun_capacity,leak_rate=1|n_units=200|rho=1.3|state_noise=0,1,ipc,ipc_threshold_degree3,0.03247569353949289
4D_freerun_capacity,leak_rate=1|n_units=200|rho=1.3|state_noise=0,1,ipc,ipc_threshold_degree4,0.31182161005594905
4D_freerun_capacity,leak_rate=1|n_units=200|rho=1.3|state_noise=0,2,memory_capacity,mc_total,83.67222544857627
4D_freerun_capacity,leak_rate=1|n_units=200|rho=1.3|state_noise=0,2,memory_capacity,mc_total_raw,83.67222544857627
4D_freerun_capacity,leak_rate=1|n_units=200|rho=1.3|state_noise=0,2,memory_capacity,mc_threshold,0.03341442427363462
4D_freerun_capacity,leak_rate=1|n_units=200|rho=1.3|state_noise=0,2,memory_capacity,mc_effective_delay,88.64732296759266
4D_freerun_capacity,leak_rate=1|n_units=200|rho=1.3|state_noise=0,2,memory_capacity,mc_ratio,0.4183611272428813
4D_freerun_capacity,leak_rate=1|n_units=200|rho=1.3|state_noise=0,2,memory_capacity,n_delays,400.0
4D_freerun_capacity,leak_rate=1|n_units=200|rho=1.3|state_noise=0,2,ipc,ipc_total,592.868831896099
4D_freerun_capacity,leak_rate=1|n_units=200|rho=1.3|state_noise=0,2,ipc,ipc_total_raw,592.868831896099
4D_freerun_capacity,leak_rate=1|n_units=200|rho=1.3|state_noise=0,2,ipc,ipc_linear,53.49024979639032
4D_freerun_capacity,leak_rate=1|n_units=200|rho=1.3|state_noise=0,2,ipc,ipc_nonlinear,539.3785820997086
4D_freerun_capacity,leak_rate=1|n_units=200|rho=1.3|state_noise=0,2,ipc,n_targets,601.0
4D_freerun_capacity,leak_rate=1|n_units=200|rho=1.3|state_noise=0,2,ipc,n_targets_kept,601.0
4D_freerun_capacity,leak_rate=1|n_units=200|rho=1.3|state_noise=0,2,ipc,saturation_ratio,2.964344159480495
4D_freerun_capacity,leak_rate=1|n_units=200|rho=1.3|state_noise=0,2,ipc,ipc_threshold_degree1,0.03190355196631223
4D_freerun_capacity,leak_rate=1|n_units=200|rho=1.3|state_noise=0,2,ipc,ipc_threshold_degree2,0.4983498610526281
4D_freerun_capacity,leak_rate=1|n_units=200|rho=1.3|state_noise=0,2,ipc,ipc_threshold_degree3,0.042379532652456336
4D_freerun_capacity,leak_rate=1|n_units=200|rho=1.3|state_noise=0,2,ipc,ipc_threshold_degree4,0.28680957926000195
4D_freerun_capacity,leak_rate=1|n_units=200|rho=1.3|state_noise=0,3,memory_capacity,mc_total,74.98761994351835
4D_freerun_capacity,leak_rate=1|n_units=200|rho=1.3|state_noise=0,3,memory_capacity,mc_total_raw,74.98761994351835
4D_freerun_capacity,leak_rate=1|n_units=200|rho=1.3|state_noise=0,3,memory_capacity,mc_threshold,0.03400297940790115
4D_freerun_capacity,leak_rate=1|n_units=200|rho=1.3|state_noise=0,3,memory_capacity,mc_effective_delay,94.5236377200002
4D_freerun_capacity,leak_rate=1|n_units=200|rho=1.3|state_noise=0,3,memory_capacity,mc_ratio,0.3749380997175918
4D_freerun_capacity,leak_rate=1|n_units=200|rho=1.3|state_noise=0,3,memory_capacity,n_delays,400.0
4D_freerun_capacity,leak_rate=1|n_units=200|rho=1.3|state_noise=0,3,ipc,ipc_total,585.6182677627341
4D_freerun_capacity,leak_rate=1|n_units=200|rho=1.3|state_noise=0,3,ipc,ipc_total_raw,585.6182677627341
4D_freerun_capacity,leak_rate=1|n_units=200|rho=1.3|state_noise=0,3,ipc,ipc_linear,47.63752681739475
4D_freerun_capacity,leak_rate=1|n_units=200|rho=1.3|state_noise=0,3,ipc,ipc_nonlinear,537.9807409453394
4D_freerun_capacity,leak_rate=1|n_units=200|rho=1.3|state_noise=0,3,ipc,n_targets,601.0
4D_freerun_capacity,leak_rate=1|n_units=200|rho=1.3|state_noise=0,3,ipc,n_targets_kept,601.0
4D_freerun_capacity,leak_rate=1|n_units=200|rho=1.3|state_noise=0,3,ipc,saturation_ratio,2.9280913388136707
4D_freerun_capacity,leak_rate=1|n_units=200|rho=1.3|state_noise=0,3,ipc,ipc_threshold_degree1,0.03236241317630362
4D_freerun_capacity,leak_rate=1|n_units=200|rho=1.3|state_noise=0,3,ipc,ipc_threshold_degree2,0.5153359516703501
4D_freerun_capacity,leak_rate=1|n_units=200|rho=1.3|state_noise=0,3,ipc,ipc_threshold_degree3,0.035350102495118885
4D_freerun_capacity,leak_rate=1|n_units=200|rho=1.3|state_noise=0,3,ipc,ipc_threshold_degree4,0.2918806449888596
4D_freerun_capacity,leak_rate=1|n_units=200|rho=1.3|state_noise=0,4,memory_capacity,mc_total,104.65172937805667
4D_freerun_capacity,leak_rate=1|n_units=200|rho=1.3|state_noise=0,4,memory_capacity,mc_total_raw,104.65172937805667
4D_freerun_capacity,leak_rate=1|n_units=200|rho=1.3|state_noise=0,4,memory_capacity,mc_threshold,0.0336864059305239
4D_freerun_capacity,leak_rate=1|n_units=200|rho=1.3|state_noise=0,4,memory_capacity,mc_effective_delay,112.28977183028005
4D_freerun_capacity,leak_rate=1|n_units=200|rho=1.3|state_noise=0,4,memory_capacity,mc_ratio,0.5232586468902833
4D_freerun_capacity,leak_rate=1|n_units=200|rho=1.3|state_noise=0,4,memory_capacity,n_delays,400.0
4D_freerun_capacity,leak_rate=1|n_units=200|rho=1.3|state_noise=0,4,ipc,ipc_total,598.7787427086764
4D_freerun_capacity,leak_rate=1|n_units=200|rho=1.3|state_noise=0,4,ipc,ipc_total_raw,598.7787427086764
4D_freerun_capacity,leak_rate=1|n_units=200|rho=1.3|state_noise=0,4,ipc,ipc_linear,58.022212027602144
4D_freerun_capacity,leak_rate=1|n_units=200|rho=1.3|state_noise=0,4,ipc,ipc_nonlinear,540.7565306810743
4D_freerun_capacity,leak_rate=1|n_units=200|rho=1.3|state_noise=0,4,ipc,n_targets,601.0
4D_freerun_capacity,leak_rate=1|n_units=200|rho=1.3|state_noise=0,4,ipc,n_targets_kept,601.0
4D_freerun_capacity,leak_rate=1|n_units=200|rho=1.3|state_noise=0,4,ipc,saturation_ratio,2.993893713543382
4D_freerun_capacity,leak_rate=1|n_units=200|rho=1.3|state_noise=0,4,ipc,ipc_threshold_degree1,0.031325025894904775
4D_freerun_capacity,leak_rate=1|n_units=200|rho=1.3|state_noise=0,4,ipc,ipc_threshold_degree2,0.47192094312926075
4D_freerun_capacity,leak_rate=1|n_units=200|rho=1.3|state_noise=0,4,ipc,ipc_threshold_degree3,0.03819969061139377
4D_freerun_capacity,leak_rate=1|n_units=200|rho=1.3|state_noise=0,4,ipc,ipc_threshold_degree4,0.3124151038437266
4D_freerun_capacity,leak_rate=1|n_units=200|rho=1.3|state_noise=0.0001,0,memory_capacity,mc_total,83.71601945732249
4D_freerun_capacity,leak_rate=1|n_units=200|rho=1.3|state_noise=0.0001,0,memory_capacity,mc_total_raw,83.71601945732249
4D_freerun_capacity,leak_rate=1|n_units=200|rho=1.3|state_noise=0.0001,0,memory_capacity,mc_threshold,0.033688488458063194
4D_freerun_capacity,leak_rate=1|n_units=200|rho=1.3|state_noise=0.0001,0,memory_capacity,mc_effective_delay,92.82417148039805
4D_freerun_capacity,leak_rate=1|n_units=200|rho=1.3|state_noise=0.0001,0,memory_capacity,mc_ratio,0.41858009728661244
4D_freerun_capacity,leak_rate=1|n_units=200|rho=1.3|state_noise=0.0001,0,memory_capacity,n_delays,400.0
4D_freerun_capacity,leak_rate=1|n_units=200|rho=1.3|state_noise=0.0001,0,ipc,ipc_total,594.2905717011188
4D_freerun_capacity,leak_rate=1|n_units=200|rho=1.3|state_noise=0.0001,0,ipc,ipc_total_raw,594.2905717011188
4D_freerun_capacity,leak_rate=1|n_units=200|rho=1.3|state_noise=0.0001,0,ipc,ipc_linear,53.85518046356139
4D_freerun_capacity,leak_rate=1|n_units=200|rho=1.3|state_noise=0.0001,0,ipc,ipc_nonlinear,540.4353912375574
4D_freerun_capacity,leak_rate=1|n_units=200|rho=1.3|state_noise=0.0001,0,ipc,n_targets,601.0
4D_freerun_capacity,leak_rate=1|n_units=200|rho=1.3|state_noise=0.0001,0,ipc,n_targets_kept,601.0
4D_freerun_capacity,leak_rate=1|n_units=200|rho=1.3|state_noise=0.0001,0,ipc,saturation_ratio,2.971452858505594
4D_freerun_capacity,leak_rate=1|n_units=200|rho=1.3|state_noise=0.0001,0,ipc,ipc_threshold_degree1,0.03280857157857794
4D_freerun_capacity,leak_rate=1|n_units=200|rho=1.3|state_noise=0.0001,0,ipc,ipc_threshold_degree2,0.46648121538140574
4D_freerun_capacity,leak_rate=1|n_units=200|rho=1.3|state_noise=0.0001,0,ipc,ipc_threshold_degree3,0.0509621465139337
4D_freerun_capacity,leak_rate=1|n_units=200|rho=1.3|state_noise=0.0001,0,ipc,ipc_threshold_degree4,0.28282725213864024
4D_freerun_capacity,leak_rate=1|n_units=200|rho=1.3|state_noise=0.0001,1,memory_capacity,mc_total,112.29184667370436
4D_freerun_capacity,leak_rate=1|n_units=200|rho=1.3|state_noise=0.0001,1,memory_capacity,mc_total_raw,112.29184667370436
4D_freerun_capacity,leak_rate=1|n_units=200|rho=1.3|state_noise=0.0001,1,memory_capacity,mc_threshold,0.03487564213856832
4D_freerun_capacity,leak_rate=1|n_units=200|rho=1.3|state_noise=0.0001,1,memory_capacity,mc_effective_delay,114.97574480584701
4D_freerun_capacity,leak_rate=1|n_units=200|rho=1.3|state_noise=0.0001,1,memory_capacity,mc_ratio,0.5614592333685218
4D_freerun_capacity,leak_rate=1|n_units=200|rho=1.3|state_noise=0.0001,1,memory_capacity,n_delays,400.0
4D_freerun_capacity,leak_rate=1|n_units=200|rho=1.3|state_noise=0.0001,1,ipc,ipc_total,598.488007313792
4D_freerun_capacity,leak_rate=1|n_units=200|rho=1.3|state_noise=0.0001,1,ipc,ipc_total_raw,598.488007313792
4D_freerun_capacity,leak_rate=1|n_units=200|rho=1.3|state_noise=0.0001,1,ipc,ipc_linear,57.928582365594465
4D_freerun_capacity,leak_rate=1|n_units=200|rho=1.3|state_noise=0.0001,1,ipc,ipc_nonlinear,540.5594249481975
4D_freerun_capacity,leak_rate=1|n_units=200|rho=1.3|state_noise=0.0001,1,ipc,n_targets,601.0
4D_freerun_capacity,leak_rate=1|n_units=200|rho=1.3|state_noise=0.0001,1,ipc,n_targets_kept,601.0
4D_freerun_capacity,leak_rate=1|n_units=200|rho=1.3|state_noise=0.0001,1,ipc,saturation_ratio,2.9924400365689596
4D_freerun_capacity,leak_rate=1|n_units=200|rho=1.3|state_noise=0.0001,1,ipc,ipc_threshold_degree1,0.03311143531443634
4D_freerun_capacity,leak_rate=1|n_units=200|rho=1.3|state_noise=0.0001,1,ipc,ipc_threshold_degree2,0.5028920666780038
4D_freerun_capacity,leak_rate=1|n_units=200|rho=1.3|state_noise=0.0001,1,ipc,ipc_threshold_degree3,0.03283979355473617
4D_freerun_capacity,leak_rate=1|n_units=200|rho=1.3|state_noise=0.0001,1,ipc,ipc_threshold_degree4,0.31181544411547835
4D_freerun_capacity,leak_rate=1|n_units=200|rho=1.3|state_noise=0.0001,2,memory_capacity,mc_total,83.66008551005893
4D_freerun_capacity,leak_rate=1|n_units=200|rho=1.3|state_noise=0.0001,2,memory_capacity,mc_total_raw,83.66008551005893
4D_freerun_capacity,leak_rate=1|n_units=200|rho=1.3|state_noise=0.0001,2,memory_capacity,mc_threshold,0.03333967593358377
4D_freerun_capacity,leak_rate=1|n_units=200|rho=1.3|state_noise=0.0001,2,memory_capacity,mc_effective_delay,88.62511774606801
4D_freerun_capacity,leak_rate=1|n_units=200|rho=1.3|state_noise=0.0001,2,memory_capacity,mc_ratio,0.4183004275502947
4D_freerun_capacity,leak_rate=1|n_units=200|rho=1.3|state_noise=0.0001,2,memory_capacity,n_delays,400.0
4D_freerun_capacity,leak_rate=1|n_units=200|rho=1.3|state_noise=0.0001,2,ipc,ipc_total,592.8661730138118
4D_freerun_capacity,leak_rate=1|n_units=200|rho=1.3|state_noise=0.0001,2,ipc,ipc_total_raw,592.8661730138118
4D_freerun_capacity,leak_rate=1|n_units=200|rho=1.3|state_noise=0.0001,2,ipc,ipc_linear,53.49013491090316
4D_freerun_capacity,leak_rate=1|n_units=200|rho=1.3|state_noise=0.0001,2,ipc,ipc_nonlinear,539.3760381029086
4D_freerun_capacity,leak_rate=1|n_units=200|rho=1.3|state_noise=0.0001,2,ipc,n_targets,601.0
4D_freerun_capacity,leak_rate=1|n_units=200|rho=1.3|state_noise=0.0001,2,ipc,n_targets_kept,601.0
4D_freerun_capacity,leak_rate=1|n_units=200|rho=1.3|state_noise=0.0001,2,ipc,saturation_ratio,2.964330865069059
4D_freerun_capacity,leak_rate=1|n_units=200|rho=1.3|state_noise=0.0001,2,ipc,ipc_threshold_degree1,0.032004199966851325
4D_freerun_capacity,leak_rate=1|n_units=200|rho=1.3|state_noise=0.0001,2,ipc,ipc_threshold_degree2,0.4982901010473124
4D_freerun_capacity,leak_rate=1|n_units=200|rho=1.3|state_noise=0.0001,2,ipc,ipc_threshold_degree3,0.04240549638156594
4D_freerun_capacity,leak_rate=1|n_units=200|rho=1.3|state_noise=0.0001,2,ipc,ipc_threshold_degree4,0.2868932663593445
4D_freerun_capacity,leak_rate=1|n_units=200|rho=1.3|state_noise=0.0001,3,memory_capacity,mc_total,74.98670948384162
4D_freerun_capacity,leak_rate=1|n_units=200|rho=1.3|state_noise=0.0001,3,memory_capacity,mc_total_raw,74.98670948384162
4D_freerun_capacity,leak_rate=1|n_units=200|rho=1.3|state_noise=0.0001,3,memory_capacity,mc_threshold,0.03405367099762786
4D_freerun_capacity,leak_rate=1|n_units=200|rho=1.3|state_noise=0.0001,3,memory_capacity,mc_effective_delay,94.5272876679221
4D_freerun_capacity,leak_rate=1|n_units=200|rho=1.3|state_noise=0.0001,3,memory_capacity,mc_ratio,0.3749335474192081
4D_freerun_capacity,leak_rate=1|n_units=200|rho=1.3|state_noise=0.0001,3,memory_capacity,n_delays,400.0
4D_freerun_capacity,leak_rate=1|n_units=200|rho=1.3|state_noise=0.0001,3,ipc,ipc_total,585.617250642646
4D_freerun_capacity,leak_rate=1|n_units=200|rho=1.3|state_noise=0.0001,3,ipc,ipc_total_raw,585.617250642646
4D_freerun_capacity,leak_rate=1|n_units=200|rho=1.3|state_noise=0.0001,3,ipc,ipc_linear,47.636563847473404
4D_freerun_capacity,leak_rate=1|n_units=200|rho=1.3|state_noise=0.0001,3,ipc,ipc_nonlinear,537.9806867951726
4D_freerun_capacity,leak_rate=1|n_units=200|rho=1.3|state_noise=0.0001,3,ipc,n_targets,601.0
4D_freerun_capacity,leak_rate=1|n_units=200|rho=1.3|state_noise=0.0001,3,ipc,n_targets_kept,601.0
4D_freerun_capacity,leak_rate=1|n_units=200|rho=1.3|state_noise=0.0001,3,ipc,saturation_ratio,2.92808625321323
4D_freerun_capacity,leak_rate=1|n_units=200|rho=1.3|state_noise=0.0001,3,ipc,ipc_threshold_degree1,0.03227715227074622
4D_freerun_capacity,leak_rate=1|n_units=200|rho=1.3|state_noise=0.0001,3,ipc,ipc_threshold_degree2,0.5153669214563511
4D_freerun_capacity,leak_rate=1|n_units=200|rho=1.3|state_noise=0.0001,3,ipc,ipc_threshold_degree3,0.03539009950382104
4D_freerun_capacity,leak_rate=1|n_units=200|rho=1.3|state_noise=0.0001,3,ipc,ipc_threshold_degree4,0.29188080602147165
4D_freerun_capacity,leak_rate=1|n_units=200|rho=1.3|state_noise=0.0001,4,memory_capacity,mc_total,104.50671047415126
4D_freerun_capacity,leak_rate=1|n_units=200|rho=1.3|state_noise=0.0001,4,memory_capacity,mc_total_raw,104.50671047415126
4D_freerun_capacity,leak_rate=1|n_units=200|rho=1.3|state_noise=0.0001,4,memory_capacity,mc_threshold,0.03403468753156381
4D_freerun_capacity,leak_rate=1|n_units=200|rho=1.3|state_noise=0.0001,4,memory_capacity,mc_effective_delay,112.19900497414184
4D_freerun_capacity,leak_rate=1|n_units=200|rho=1.3|state_noise=0.0001,4,memory_capacity,mc_ratio,0.5225335523707563
4D_freerun_capacity,leak_rate=1|n_units=200|rho=1.3|state_noise=0.0001,4,memory_capacity,n_delays,400.0
4D_freerun_capacity,leak_rate=1|n_units=200|rho=1.3|state_noise=0.0001,4,ipc,ipc_total,598.760588513268
4D_freerun_capacity,leak_rate=1|n_units=200|rho=1.3|state_noise=0.0001,4,ipc,ipc_total_raw,598.760588513268
4D_freerun_capacity,leak_rate=1|n_units=200|rho=1.3|state_noise=0.0001,4,ipc,ipc_linear,58.00947994735366
4D_freerun_capacity,leak_rate=1|n_units=200|rho=1.3|state_noise=0.0001,4,ipc,ipc_nonlinear,540.7511085659144
4D_freerun_capacity,leak_rate=1|n_units=200|rho=1.3|state_noise=0.0001,4,ipc,n_targets,601.0
4D_freerun_capacity,leak_rate=1|n_units=200|rho=1.3|state_noise=0.0001,4,ipc,n_targets_kept,601.0
4D_freerun_capacity,leak_rate=1|n_units=200|rho=1.3|state_noise=0.0001,4,ipc,saturation_ratio,2.9938029425663397
4D_freerun_capacity,leak_rate=1|n_units=200|rho=1.3|state_noise=0.0001,4,ipc,ipc_threshold_degree1,0.031606091729339904
4D_freerun_capacity,leak_rate=1|n_units=200|rho=1.3|state_noise=0.0001,4,ipc,ipc_threshold_degree2,0.47173435753977894
4D_freerun_capacity,leak_rate=1|n_units=200|rho=1.3|state_noise=0.0001,4,ipc,ipc_threshold_degree3,0.0382284841089292
4D_freerun_capacity,leak_rate=1|n_units=200|rho=1.3|state_noise=0.0001,4,ipc,ipc_threshold_degree4,0.312535160242261
4D_freerun_capacity,leak_rate=1|n_units=200|rho=1.3|state_noise=0.001,0,memory_capacity,mc_total,83.05393910328179
4D_freerun_capacity,leak_rate=1|n_units=200|rho=1.3|state_noise=0.001,0,memory_capacity,mc_total_raw,83.05393910328179
4D_freerun_capacity,leak_rate=1|n_units=200|rho=1.3|state_noise=0.001,0,memory_capacity,mc_threshold,0.03418002599752334
4D_freerun_capacity,leak_rate=1|n_units=200|rho=1.3|state_noise=0.001,0,memory_capacity,mc_effective_delay,92.18084922211108
4D_freerun_capacity,leak_rate=1|n_units=200|rho=1.3|state_noise=0.001,0,memory_capacity,mc_ratio,0.41526969551640897
4D_freerun_capacity,leak_rate=1|n_units=200|rho=1.3|state_noise=0.001,0,memory_capacity,n_delays,400.0
4D_freerun_capacity,leak_rate=1|n_units=200|rho=1.3|state_noise=0.001,0,ipc,ipc_total,594.0184733688177
4D_freerun_capacity,leak_rate=1|n_units=200|rho=1.3|state_noise=0.001,0,ipc,ipc_total_raw,594.0184733688177
4D_freerun_capacity,leak_rate=1|n_units=200|rho=1.3|state_noise=0.001,0,ipc,ipc_linear,53.6892303575448
4D_freerun_capacity,leak_rate=1|n_units=200|rho=1.3|state_noise=0.001,0,ipc,ipc_nonlinear,540.3292430112729
4D_freerun_capacity,leak_rate=1|n_units=200|rho=1.3|state_noise=0.001,0,ipc,n_targets,601.0
4D_freerun_capacity,leak_rate=1|n_units=200|rho=1.3|state_noise=0.001,0,ipc,n_targets_kept,601.0
4D_freerun_capacity,leak_rate=1|n_units=200|rho=1.3|state_noise=0.001,0,ipc,saturation_ratio,2.9700923668440886
4D_freerun_capacity,leak_rate=1|n_units=200|rho=1.3|state_noise=0.001,0,ipc,ipc_threshold_degree1,0.0332473819497671
4D_freerun_capacity,leak_rate=1|n_units=200|rho=1.3|state_noise=0.001,0,ipc,ipc_threshold_degree2,0.46635355872941303
4D_freerun_capacity,leak_rate=1|n_units=200|rho=1.3|state_noise=0.001,0,ipc,ipc_threshold_degree3,0.05122897002399181
4D_freerun_capacity,leak_rate=1|n_units=200|rho=1.3|state_noise=0.001,0,ipc,ipc_threshold_degree4,0.28302355311592753
4D_freerun_capacity,leak_rate=1|n_units=200|rho=1.3|state_noise=0.001,1,memory_capacity,mc_total,109.92641762959639
4D_freerun_capacity,leak_rate=1|n_units=200|rho=1.3|state_noise=0.001,1,memory_capacity,mc_total_raw,109.92641762959639
4D_freerun_capacity,leak_rate=1|n_units=200|rho=1.3|state_noise=0.001,1,memory_capacity,mc_threshold,0.03605209891036336
4D_freerun_capacity,leak_rate=1|n_units=200|rho=1.3|state_noise=0.001,1,memory_capacity,mc_effective_delay,113.33151818248281
4D_freerun_capacity,leak_rate=1|n_units=200|rho=1.3|state_noise=0.001,1,memory_capacity,mc_ratio,0.5496320881479819
4D_freerun_capacity,leak_rate=1|n_units=200|rho=1.3|state_noise=0.001,1,memory_capacity,n_delays,400.0
4D_freerun_capacity,leak_rate=1|n_units=200|rho=1.3|state_noise=0.001,1,ipc,ipc_total,598.1062034199074
4D_freerun_capacity,leak_rate=1|n_units=200|rho=1.3|state_noise=0.001,1,ipc,ipc_total_raw,598.1062034199074
4D_freerun_capacity,leak_rate=1|n_units=200|rho=1.3|state_noise=0.001,1,ipc,ipc_linear,57.70661925929892
4D_freerun_capacity,leak_rate=1|n_units=200|rho=1.3|state_noise=0.001,1,ipc,ipc_nonlinear,540.3995841606085
4D_freerun_capacity,leak_rate=1|n_units=200|rho=1.3|state_noise=0.001,1,ipc,n_targets,601.0
4D_freerun_capacity,leak_rate=1|n_units=200|rho=1.3|state_noise=0.001,1,ipc,n_targets_kept,601.0
4D_freerun_capacity,leak_rate=1|n_units=200|rho=1.3|state_noise=0.001,1,ipc,saturation_ratio,2.9905310170995367
4D_freerun_capacity,leak_rate=1|n_units=200|rho=1.3|state_noise=0.001,1,ipc,ipc_threshold_degree1,0.033488379265440835
4D_freerun_capacity,leak_rate=1|n_units=200|rho=1.3|state_noise=0.001,1,ipc,ipc_threshold_degree2,0.5029094842720704
4D_freerun_capacity,leak_rate=1|n_units=200|rho=1.3|state_noise=0.001,1,ipc,ipc_threshold_degree3,0.03283199356404036
4D_freerun_capacity,leak_rate=1|n_units=200|rho=1.3|state_noise=0.001,1,ipc,ipc_threshold_degree4,0.31145404893421397
4D_freerun_capacity,leak_rate=1|n_units=200|rho=1.3|state_noise=0.001,2,memory_capacity,mc_total,82.96856636621268
4D_freerun_capacity,leak_rate=1|n_units=200|rho=1.3|state_noise=0.001,2,memory_capacity,mc_total_raw,82.96856636621268
4D_freerun_capacity,leak_rate=1|n_units=200|rho=1.3|state_noise=0.001,2,memory_capacity,mc_threshold,0.03311081606072435
4D_freerun_capacity,leak_rate=1|n_units=200|rho=1.3|state_noise=0.001,2,memory_capacity,mc_effective_delay,87.73509188191318
4D_freerun_capacity,leak_rate=1|n_units=200|rho=1.3|state_noise=0.001,2,memory_capacity,mc_ratio,0.4148428318310634
4D_freerun_capacity,leak_rate=1|n_units=200|rho=1.3|state_noise=0.001,2,memory_capacity,n_delays,400.0
4D_freerun_capacity,leak_rate=1|n_units=200|rho=1.3|state_noise=0.001,2,ipc,ipc_total,592.5716021156368
4D_freerun_capacity,leak_rate=1|n_units=200|rho=1.3|state_noise=0.001,2,ipc,ipc_total_raw,592.5716021156368
4D_freerun_capacity,leak_rate=1|n_units=200|rho=1.3|state_noise=0.001,2,ipc,ipc_linear,53.34007724311276
4D_freerun_capacity,leak_rate=1|n_units=200|rho=1.3|state_noise=0.001,2,ipc,ipc_nonlinear,539.231524872524
4D_freerun_capacity,leak_rate=1|n_units=200|rho=1.3|state_noise=0.001,2,ipc,n_targets,601.0
4D_freerun_capacity,leak_rate=1|n_units=200|rho=1.3|state_noise=0.001,2,ipc,n_targets_kept,601.0
4D_freerun_capacity,leak_rate=1|n_units=200|rho=1.3|state_noise=0.001,2,ipc,saturation_ratio,2.962858010578184
4D_freerun_capacity,leak_rate=1|n_units=200|rho=1.3|state_noise=0.001,2,ipc,ipc_threshold_degree1,0.0321826954299929
4D_freerun_capacity,leak_rate=1|n_units=200|rho=1.3|state_noise=0.001,2,ipc,ipc_threshold_degree2,0.49806608976877115
4D_freerun_capacity,leak_rate=1|n_units=200|rho=1.3|state_noise=0.001,2,ipc,ipc_threshold_degree3,0.042517162904371505
4D_freerun_capacity,leak_rate=1|n_units=200|rho=1.3|state_noise=0.001,2,ipc,ipc_threshold_degree4,0.28736530451090797
4D_freerun_capacity,leak_rate=1|n_units=200|rho=1.3|state_noise=0.001,3,memory_capacity,mc_total,74.83646423728715
4D_freerun_capacity,leak_rate=1|n_units=200|rho=1.3|state_noise=0.001,3,memory_capacity,mc_total_raw,74.83646423728715
4D_freerun_capacity,leak_rate=1|n_units=200|rho=1.3|state_noise=0.001,3,memory_capacity,mc_threshold,0.03424986817559297
4D_freerun_capacity,leak_rate=1|n_units=200|rho=1.3|state_noise=0.001,3,memory_capacity,mc_effective_delay,94.37845841820716
4D_freerun_capacity,leak_rate=1|n_units=200|rho=1.3|state_noise=0.001,3,memory_capacity,mc_ratio,0.37418232118643574
4D_freerun_capacity,leak_rate=1|n_units=200|rho=1.3|state_noise=0.001,3,memory_capacity,n_delays,400.0
4D_freerun_capacity,leak_rate=1|n_units=200|rho=1.3|state_noise=0.001,3,ipc,ipc_total,585.512173463682
4D_freerun_capacity,leak_rate=1|n_units=200|rho=1.3|state_noise=0.001,3,ipc,ipc_total_raw,585.512173463682
4D_freerun_capacity,leak_rate=1|n_units=200|rho=1.3|state_noise=0.001,3,ipc,ipc_linear,47.589880008984586
4D_freerun_capacity,leak_rate=1|n_units=200|rho=1.3|state_noise=0.001,3,ipc,ipc_nonlinear,537.9222934546974
4D_freerun_capacity,leak_rate=1|n_units=200|rho=1.3|state_noise=0.001,3,ipc,n_targets,601.0
4D_freerun_capacity,leak_rate=1|n_units=200|rho=1.3|state_noise=0.001,3,ipc,n_targets_kept,601.0
4D_freerun_capacity,leak_rate=1|n_units=200|rho=1.3|state_noise=0.001,3,ipc,saturation_ratio,2.9275608673184097
4D_freerun_capacity,leak_rate=1|n_units=200|rho=1.3|state_noise=0.001,3,ipc,ipc_threshold_degree1,0.03217011779060965
4D_freerun_capacity,leak_rate=1|n_units=200|rho=1.3|state_noise=0.001,3,ipc,ipc_threshold_degree2,0.515420890435974
4D_freerun_capacity,leak_rate=1|n_units=200|rho=1.3|state_noise=0.001,3,ipc,ipc_threshold_degree3,0.03534723841934737
4D_freerun_capacity,leak_rate=1|n_units=200|rho=1.3|state_noise=0.001,3,ipc,ipc_threshold_degree4,0.2917599628202381
4D_freerun_capacity,leak_rate=1|n_units=200|rho=1.3|state_noise=0.001,4,memory_capacity,mc_total,101.15613526874478
4D_freerun_capacity,leak_rate=1|n_units=200|rho=1.3|state_noise=0.001,4,memory_capacity,mc_total_raw,101.15613526874478
4D_freerun_capacity,leak_rate=1|n_units=200|rho=1.3|state_noise=0.001,4,memory_capacity,mc_threshold,0.033238850458726696
4D_freerun_capacity,leak_rate=1|n_units=200|rho=1.3|state_noise=0.001,4,memory_capacity,mc_effective_delay,109.52256575915976
4D_freerun_capacity,leak_rate=1|n_units=200|rho=1.3|state_noise=0.001,4,memory_capacity,mc_ratio,0.5057806763437239
4D_freerun_capacity,leak_rate=1|n_units=200|rho=1.3|state_noise=0.001,4,memory_capacity,n_delays,400.0
4D_freerun_capacity,leak_rate=1|n_units=200|rho=1.3|state_noise=0.001,4,ipc,ipc_total,598.318901617509
4D_freerun_capacity,leak_rate=1|n_units=200|rho=1.3|state_noise=0.001,4,ipc,ipc_total_raw,598.318901617509
4D_freerun_capacity,leak_rate=1|n_units=200|rho=1.3|state_noise=0.001,4,ipc,ipc_linear,57.71127840450157
4D_freerun_capacity,leak_rate=1|n_units=200|rho=1.3|state_noise=0.001,4,ipc,ipc_nonlinear,540.6076232130074
4D_freerun_capacity,leak_rate=1|n_units=200|rho=1.3|state_noise=0.001,4,ipc,n_targets,601.0
4D_freerun_capacity,leak_rate=1|n_units=200|rho=1.3|state_noise=0.001,4,ipc,n_targets_kept,601.0
4D_freerun_capacity,leak_rate=1|n_units=200|rho=1.3|state_noise=0.001,4,ipc,saturation_ratio,2.991594508087545
4D_freerun_capacity,leak_rate=1|n_units=200|rho=1.3|state_noise=0.001,4,ipc,ipc_threshold_degree1,0.03194955600959422
4D_freerun_capacity,leak_rate=1|n_units=200|rho=1.3|state_noise=0.001,4,ipc,ipc_threshold_degree2,0.4718057968361479
4D_freerun_capacity,leak_rate=1|n_units=200|rho=1.3|state_noise=0.001,4,ipc,ipc_threshold_degree3,0.03853307657469795
4D_freerun_capacity,leak_rate=1|n_units=200|rho=1.3|state_noise=0.001,4,ipc,ipc_threshold_degree4,0.31225904356127215
4D_freerun_capacity,leak_rate=1|n_units=200|rho=1.3|state_noise=0.01,0,memory_capacity,mc_total,76.67480951789061
4D_freerun_capacity,leak_rate=1|n_units=200|rho=1.3|state_noise=0.01,0,memory_capacity,mc_total_raw,76.67480951789061
4D_freerun_capacity,leak_rate=1|n_units=200|rho=1.3|state_noise=0.01,0,memory_capacity,mc_threshold,0.034218010871288757
4D_freerun_capacity,leak_rate=1|n_units=200|rho=1.3|state_noise=0.01,0,memory_capacity,mc_effective_delay,86.59800124388768
4D_freerun_capacity,leak_rate=1|n_units=200|rho=1.3|state_noise=0.01,0,memory_capacity,mc_ratio,0.38337404758945304
4D_freerun_capacity,leak_rate=1|n_units=200|rho=1.3|state_noise=0.01,0,memory_capacity,n_delays,400.0
4D_freerun_capacity,leak_rate=1|n_units=200|rho=1.3|state_noise=0.01,0,ipc,ipc_total,589.8932313158167
4D_freerun_capacity,leak_rate=1|n_units=200|rho=1.3|state_noise=0.01,0,ipc,ipc_total_raw,589.8932313158167
4D_freerun_capacity,leak_rate=1|n_units=200|rho=1.3|state_noise=0.01,0,ipc,ipc_linear,51.805362184278735
4D_freerun_capacity,leak_rate=1|n_units=200|rho=1.3|state_noise=0.01,0,ipc,ipc_nonlinear,538.087869131538
4D_freerun_capacity,leak_rate=1|n_units=200|rho=1.3|state_noise=0.01,0,ipc,n_targets,601.0
4D_freerun_capacity,leak_rate=1|n_units=200|rho=1.3|state_noise=0.01,0,ipc,n_targets_kept,601.0
4D_freerun_capacity,leak_rate=1|n_units=200|rho=1.3|state_noise=0.01,0,ipc,saturation_ratio,2.9494661565790836
4D_freerun_capacity,leak_rate=1|n_units=200|rho=1.3|state_noise=0.01,0,ipc,ipc_threshold_degree1,0.03241389334329382
4D_freerun_capacity,leak_rate=1|n_units=200|rho=1.3|state_noise=0.01,0,ipc,ipc_threshold_degree2,0.4666258982359213
4D_freerun_capacity,leak_rate=1|n_units=200|rho=1.3|state_noise=0.01,0,ipc,ipc_threshold_degree3,0.05099155413672464
4D_freerun_capacity,leak_rate=1|n_units=200|rho=1.3|state_noise=0.01,0,ipc,ipc_threshold_degree4,0.28290513284575813
4D_freerun_capacity,leak_rate=1|n_units=200|rho=1.3|state_noise=0.01,1,memory_capacity,mc_total,98.55172497723342
4D_freerun_capacity,leak_rate=1|n_units=200|rho=1.3|state_noise=0.01,1,memory_capacity,mc_total_raw,98.55172497723342
4D_freerun_capacity,leak_rate=1|n_units=200|rho=1.3|state_noise=0.01,1,memory_capacity,mc_threshold,0.03397939219103907
4D_freerun_capacity,leak_rate=1|n_units=200|rho=1.3|state_noise=0.01,1,memory_capacity,mc_effective_delay,105.41764892911957
4D_freerun_capacity,leak_rate=1|n_units=200|rho=1.3|state_noise=0.01,1,memory_capacity,mc_ratio,0.4927586248861671
4D_freerun_capacity,leak_rate=1|n_units=200|rho=1.3|state_noise=0.01,1,memory_capacity,n_delays,400.0
4D_freerun_capacity,leak_rate=1|n_units=200|rho=1.3|state_noise=0.01,1,ipc,ipc_total,594.2378977027263
4D_freerun_capacity,leak_rate=1|n_units=200|rho=1.3|state_noise=0.01,1,ipc,ipc_total_raw,594.2378977027263
4D_freerun_capacity,leak_rate=1|n_units=200|rho=1.3|state_noise=0.01,1,ipc,ipc_linear,56.28609734402692
4D_freerun_capacity,leak_rate=1|n_units=200|rho=1.3|state_noise=0.01,1,ipc,ipc_nonlinear,537.9518003586994
4D_freerun_capacity,leak_rate=1|n_units=200|rho=1.3|state_noise=0.01,1,ipc,n_targets,601.0
4D_freerun_capacity,leak_rate=1|n_units=200|rho=1.3|state_noise=0.01,1,ipc,n_targets_kept,601.0
4D_freerun_capacity,leak_rate=1|n_units=200|rho=1.3|state_noise=0.01,1,ipc,saturation_ratio,2.9711894885136316
4D_freerun_capacity,leak_rate=1|n_units=200|rho=1.3|state_noise=0.01,1,ipc,ipc_threshold_degree1,0.032660902286961474
4D_freerun_capacity,leak_rate=1|n_units=200|rho=1.3|state_noise=0.01,1,ipc,ipc_threshold_degree2,0.5024797061505062
4D_freerun_capacity,leak_rate=1|n_units=200|rho=1.3|state_noise=0.01,1,ipc,ipc_threshold_degree3,0.032930476682043464
4D_freerun_capacity,leak_rate=1|n_units=200|rho=1.3|state_noise=0.01,1,ipc,ipc_threshold_degree4,0.31156053693259295
4D_freerun_capacity,leak_rate=1|n_units=200|rho=1.3|state_noise=0.01,2,memory_capacity,mc_total,75.05629955609687
4D_freerun_capacity,leak_rate=1|n_units=200|rho=1.3|state_noise=0.01,2,memory_capacity,mc_total_raw,75.05629955609687
4D_freerun_capacity,leak_rate=1|n_units=200|rho=1.3|state_noise=0.01,2,memory_capacity,mc_threshold,0.03166840842971501
4D_freerun_capacity,leak_rate=1|n_units=200|rho=1.3|state_noise=0.01,2,memory_capacity,mc_effective_delay,80.5375245058562
4D_freerun_capacity,leak_rate=1|n_units=200|rho=1.3|state_noise=0.01,2,memory_capacity,mc_ratio,0.37528149778048436
4D_freerun_capacity,leak_rate=1|n_units=200|rho=1.3|state_noise=0.01,2,memory_capacity,n_delays,400.0
4D_freerun_capacity,leak_rate=1|n_units=200|rho=1.3|state_noise=0.01,2,ipc,ipc_total,587.3844852270943
4D_freerun_capacity,leak_rate=1|n_units=200|rho=1.3|state_noise=0.01,2,ipc,ipc_total_raw,587.3844852270943
4D_freerun_capacity,leak_rate=1|n_units=200|rho=1.3|state_noise=0.01,2,ipc,ipc_linear,50.605997235509406
4D_freerun_capacity,leak_rate=1|n_units=200|rho=1.3|state_noise=0.01,2,ipc,ipc_nonlinear,536.7784879915848
4D_freerun_capacity,leak_rate=1|n_units=200|rho=1.3|state_noise=0.01,2,ipc,n_targets,601.0
4D_freerun_capacity,leak_rate=1|n_units=200|rho=1.3|state_noise=0.01,2,ipc,n_targets_kept,601.0
4D_freerun_capacity,leak_rate=1|n_units=200|rho=1.3|state_noise=0.01,2,ipc,saturation_ratio,2.9369224261354714
4D_freerun_capacity,leak_rate=1|n_units=200|rho=1.3|state_noise=0.01,2,ipc,ipc_threshold_degree1,0.0320089891825203
4D_freerun_capacity,leak_rate=1|n_units=200|rho=1.3|state_noise=0.01,2,ipc,ipc_threshold_degree2,0.4980978511938317
4D_freerun_capacity,leak_rate=1|n_units=200|rho=1.3|state_noise=0.01,2,ipc,ipc_threshold_degree3,0.041492703141504536
4D_freerun_capacity,leak_rate=1|n_units=200|rho=1.3|state_noise=0.01,2,ipc,ipc_threshold_degree4,0.28780545384846024
4D_freerun_capacity,leak_rate=1|n_units=200|rho=1.3|state_noise=0.01,3,memory_capacity,mc_total,70.48926802678734
4D_freerun_capacity,leak_rate=1|n_units=200|rho=1.3|state_noise=0.01,3,memory_capacity,mc_total_raw,70.48926802678734
4D_freerun_capacity,leak_rate=1|n_units=200|rho=1.3|state_noise=0.01,3,memory_capacity,mc_threshold,0.03306087499223671
4D_freerun_capacity,leak_rate=1|n_units=200|rho=1.3|state_noise=0.01,3,memory_capacity,mc_effective_delay,89.17513178720856
4D_freerun_capacity,leak_rate=1|n_units=200|rho=1.3|state_noise=0.01,3,memory_capacity,mc_ratio,0.3524463401339367
4D_freerun_capacity,leak_rate=1|n_units=200|rho=1.3|state_noise=0.01,3,memory_capacity,n_delays,400.0
4D_freerun_capacity,leak_rate=1|n_units=200|rho=1.3|state_noise=0.01,3,ipc,ipc_total,581.5415955853462
4D_freerun_capacity,leak_rate=1|n_units=200|rho=1.3|state_noise=0.01,3,ipc,ipc_total_raw,581.5415955853462
4D_freerun_capacity,leak_rate=1|n_units=200|rho=1.3|state_noise=0.01,3,ipc,ipc_linear,46.25595577460127
4D_freerun_capacity,leak_rate=1|n_units=200|rho=1.3|state_noise=0.01,3,ipc,ipc_nonlinear,535.2856398107449
4D_freerun_capacity,leak_rate=1|n_units=200|rho=1.3|state_noise=0.01,3,ipc,n_targets,601.0
4D_freerun_capacity,leak_rate=1|n_units=200|rho=1.3|state_noise=0.01,3,ipc,n_targets_kept,601.0
4D_freerun_capacity,leak_rate=1|n_units=200|rho=1.3|state_noise=0.01,3,ipc,saturation_ratio,2.907707977926731
4D_freerun_capacity,leak_rate=1|n_units=200|rho=1.3|state_noise=0.01,3,ipc,ipc_threshold_degree1,0.03153833791368469
4D_freerun_capacity,leak_rate=1|n_units=200|rho=1.3|state_noise=0.01,3,ipc,ipc_threshold_degree2,0.5163163331689954
4D_freerun_capacity,leak_rate=1|n_units=200|rho=1.3|state_noise=0.01,3,ipc,ipc_threshold_degree3,0.03479293125814201
4D_freerun_capacity,leak_rate=1|n_units=200|rho=1.3|state_noise=0.01,3,ipc,ipc_threshold_degree4,0.29225193339428024
4D_freerun_capacity,leak_rate=1|n_units=200|rho=1.3|state_noise=0.01,4,memory_capacity,mc_total,87.3788405837503
4D_freerun_capacity,leak_rate=1|n_units=200|rho=1.3|state_noise=0.01,4,memory_capacity,mc_total_raw,87.3788405837503
4D_freerun_capacity,leak_rate=1|n_units=200|rho=1.3|state_noise=0.01,4,memory_capacity,mc_threshold,0.03180664119645078
4D_freerun_capacity,leak_rate=1|n_units=200|rho=1.3|state_noise=0.01,4,memory_capacity,mc_effective_delay,97.04336733177563
4D_freerun_capacity,leak_rate=1|n_units=200|rho=1.3|state_noise=0.01,4,memory_capacity,mc_ratio,0.43689420291875153
4D_freerun_capacity,leak_rate=1|n_units=200|rho=1.3|state_noise=0.01,4,memory_capacity,n_delays,400.0
4D_freerun_capacity,leak_rate=1|n_units=200|rho=1.3|state_noise=0.01,4,ipc,ipc_total,594.6984749092051
4D_freerun_capacity,leak_rate=1|n_units=200|rho=1.3|state_noise=0.01,4,ipc,ipc_total_raw,594.6984749092051
4D_freerun_capacity,leak_rate=1|n_units=200|rho=1.3|state_noise=0.01,4,ipc,ipc_linear,55.84813907823843
4D_freerun_capacity,leak_rate=1|n_units=200|rho=1.3|state_noise=0.01,4,ipc,ipc_nonlinear,538.8503358309666
4D_freerun_capacity,leak_rate=1|n_units=200|rho=1.3|state_noise=0.01,4,ipc,n_targets,601.0
4D_freerun_capacity,leak_rate=1|n_units=200|rho=1.3|state_noise=0.01,4,ipc,n_targets_kept,601.0
4D_freerun_capacity,leak_rate=1|n_units=200|rho=1.3|state_noise=0.01,4,ipc,saturation_ratio,2.973492374546025
4D_freerun_capacity,leak_rate=1|n_units=200|rho=1.3|state_noise=0.01,4,ipc,ipc_threshold_degree1,0.031834562520123885
4D_freerun_capacity,leak_rate=1|n_units=200|rho=1.3|state_noise=0.01,4,ipc,ipc_threshold_degree2,0.47189410224090683
4D_freerun_capacity,leak_rate=1|n_units=200|rho=1.3|state_noise=0.01,4,ipc,ipc_threshold_degree3,0.03873345778704962
4D_freerun_capacity,leak_rate=1|n_units=200|rho=1.3|state_noise=0.01,4,ipc,ipc_threshold_degree4,0.31307177671246456
